iso3,pais_wb,anio,pib_per_capita_ppa,poblacion_total,tasa_actividad_femenina,matricula_superior_femenina,esperanza_vida_femenina,gasto_sanitario_pc,poblacion_urbana_pct
AFE,Africa Eastern and Southern,2024,4099.88981217493,769280888,63.6432923969461,,68.1290763536502,,38.2414414289603
AFE,Africa Eastern and Southern,2023,4076.22489796629,750491370,63.5925984344771,,67.9146324839804,88.48558529145,37.7723012408349
AFE,Africa Eastern and Southern,2022,4098.12619221564,731821393,59.8313046841424,,67.2312026473308,92.0352883967091,37.3605781096471
AFE,Africa Eastern and Southern,2021,4049.96951303993,713090928,59.4544572511058,8.02046966552734,65.652968103453,92.3503331753643,36.9085426088518
AFE,Africa Eastern and Southern,2020,3978.13350151887,694446100,59.4336814464777,8.05679988861084,66.5366715848665,81.4461401594807,36.4883219609866
AFE,Africa Eastern and Southern,2019,4200.53104400094,675950189,60.6698092923716,7.97016000747681,66.4344358211937,87.0398773156759,36.0973307017698
AFE,Africa Eastern and Southern,2018,4229.83963374442,657801085,61.2618358874407,8.0177001953125,65.8727615555546,89.9693693736129,35.714718464725
AFE,Africa Eastern and Southern,2017,4223.1880503424,640058741,61.8408823637693,7.9309401512146,65.0825533065014,89.8672604899708,35.2829868326458
AFE,Africa Eastern and Southern,2016,4210.93569503277,623369401,62.5959844832547,7.71562004089355,64.6100394308735,85.6874598126392,34.8812106693274
AFE,Africa Eastern and Southern,2015,4207.36357863407,607123269,63.1971810737597,7.53871011734009,64.0634784185113,90.7980923306796,34.4906809355644
AFE,Africa Eastern and Southern,2014,4186.24851129339,590968990,63.6825944089328,7.40940999984741,63.5434767742746,98.492735401455,34.0775774023013
AFE,Africa Eastern and Southern,2013,4126.33539547848,575202699,64.5947566482245,7.3339900970459,63.066640010223,104.979280345368,33.6673142772775
AFE,Africa Eastern and Southern,2012,4051.44571135342,559609961,63.7624434638682,7.10451984405518,62.3102214918995,109.276549861823,33.2867060801392
AFE,Africa Eastern and Southern,2011,4033.18732362122,544737983,64.7402788186404,6.66951990127563,61.1630469737208,112.500235569633,32.9380985869792
AFE,Africa Eastern and Southern,2010,3978.12957148745,530308387,64.4753427246978,6.4226598739624,60.7189613115567,104.353723653982,32.5903609820214
AFE,Africa Eastern and Southern,2009,3870.96186560735,516003448,64.8655568113028,5.97102022171021,59.9178441893455,90.3051319842631,32.2400677597918
AFE,Africa Eastern and Southern,2008,3935.02291750962,502070763,65.2676704767413,5.50124979019165,59.0068224954487,86.606132950143,31.848999584948
AFE,Africa Eastern and Southern,2007,3867.50878828538,488580707,65.5044539660056,5.2108302116394,58.1281284149514,84.2036395657671,31.3629773942904
AFE,Africa Eastern and Southern,2006,3718.69348523405,475606210,65.7277734426918,5.08440017700195,57.2536366582669,75.1738953911871,30.9876495544836
AFE,Africa Eastern and Southern,2005,3578.21297897429,463076637,65.8609309804779,4.7675199508667,56.3577050139746,68.7259030701744,30.5372758629303
AFE,Africa Eastern and Southern,2004,3457.68872066042,450928044,65.7944490176141,4.51276016235352,55.7420191157552,61.8846071751485,30.0878370669042
AFE,Africa Eastern and Southern,2003,3357.78391588863,439173286,65.7344314959019,4.21983003616333,55.1849510514056,50.3085149981016,29.6390356014361
AFE,Africa Eastern and Southern,2002,3350.69383885552,427820358,65.6256205971947,3.99998998641968,54.741571542543,35.0264668200769,29.2210306166309
AFE,Africa Eastern and Southern,2001,3313.89288261021,416807868,65.5250734845258,3.73327994346619,54.3878364186547,37.8451836266013,28.8315061435738
AFE,Africa Eastern and Southern,2000,3282.34890610805,406156661,65.4878468564247,3.50468993186951,54.1112309496375,42.7649736223739,28.4686879776452
AFE,Africa Eastern and Southern,1999,3268.36525112817,395750933,65.4465096450673,3.33978009223938,53.7425408766332,,28.1370584222489
AFE,Africa Eastern and Southern,1998,3269.45779459289,385505757,65.4026110694787,3.33916997909546,53.2310627518121,,27.8207453137344
AFE,Africa Eastern and Southern,1997,3291.6166582364,375646235,65.4020606963699,3.26051998138428,53.3296755664062,,27.5210299379438
AFE,Africa Eastern and Southern,1996,3247.12512375102,366138524,65.4983072352562,3.21984004974365,53.186633320811,,27.2782744312251
AFE,Africa Eastern and Southern,1995,3155.04482771421,356580375,65.5210708140885,3.18582010269165,53.301350609291,,27.0426760218554
AFE,Africa Eastern and Southern,1994,3099.43016512431,347441809,65.3328026842696,3.16424989700317,52.8426706259964,,26.717769359466
AFE,Africa Eastern and Southern,1993,3127.87771409203,338324002,65.1138612341514,2.90673995018005,53.0397827522353,,26.3471822105264
AFE,Africa Eastern and Southern,1992,3252.31688807554,329082707,65.0160004156176,2.78540992736816,52.6597535633316,,26.0300551735773
AFE,Africa Eastern and Southern,1991,3425.13642950575,320442961,64.8552211193093,2.65001010894775,52.8970805139701,,25.7041334837666
AFE,Africa Eastern and Southern,1990,3520.01923283181,311748681,64.6935385805095,2.53165006637573,53.3076446206773,,25.3020442054102
AFW,Africa Western and Central,2024,6009.08466240495,520655398,67.3586115315107,,60.2091483799342,,52.8788239433226
AFW,Africa Western and Central,2023,5886.79663594125,508318102,67.3519644248569,,59.9923470291865,65.900206902325,52.3021093132307
AFW,Africa Western and Central,2022,5818.48322357838,496366058,65.693357334618,,59.1383212942482,74.4796108722856,51.7001028474527
AFW,Africa Western and Central,2021,5702.13488630478,484978794,65.0702467081987,8.47974014282227,58.4691576877522,72.6715310804023,51.0894191806819
AFW,Africa Western and Central,2020,5698.76670161724,473687685,64.3800871033665,8.16154003143311,58.5497529252576,64.6462871223599,50.4923214842153
AFW,Africa Western and Central,2019,6070.28476944465,462522286,65.6693646951071,7.9415397644043,58.2008331003346,59.2861168406291,49.9054685471984
AFW,Africa Western and Central,2018,6026.52757172836,451395343,65.8985133936101,7.66539001464844,58.026143658846,56.2928689276805,49.3326762524323
AFW,Africa Western and Central,2017,6009.51611369801,440150152,66.2015176899333,7.38944005966187,57.6129616434123,58.5214095205365,48.7610092648065
AFW,Africa Western and Central,2016,6034.82698886686,428797338,66.5694732590926,7.29552984237671,57.3301546772178,61.7168342971552,48.1862744131428
AFW,Africa Western and Central,2015,6194.43449404851,417536152,66.7337438625353,7.38692998886108,56.9928897590075,70.738706184874,47.6135647497926
AFW,Africa Western and Central,2014,6183.24116217304,406457241,66.9679111772791,7.21031999588013,56.6994636897807,78.7849895958275,47.0323463433828
AFW,Africa Western and Central,2013,6009.65186054619,395543613,67.3858172366311,6.99527978897095,56.51171638672,75.534904669735,46.4556737847896
AFW,Africa Western and Central,2012,5823.41894631103,384913331,67.7481205126291,6.53436994552612,56.2057363253019,67.9967996588326,45.8819111655464
AFW,Africa Western and Central,2011,5698.38949989214,374374251,67.9136120065668,6.21005010604858,55.8780119904294,65.3991364279652,45.306921990073
AFW,Africa Western and Central,2010,5582.43094395132,363951468,68.1821601714105,6.08655977249146,55.5378423218118,59.612243679929,44.7340356184081
AFW,Africa Western and Central,2009,5362.1536063345,353922925,68.3960843848801,5.89408016204834,54.8211589084803,55.5356742235589,44.1595723394052
AFW,Africa Western and Central,2008,5188.67101371784,344153435,68.6303480386831,5.72002983093262,54.7895695070636,60.5965909459332,43.5885609704807
AFW,Africa Western and Central,2007,5023.69882254656,334544275,68.8441862094057,5.55767011642456,54.37036671918,52.8176392390014,43.0212188517424
AFW,Africa Western and Central,2006,4899.65713639306,325222154,68.8734414429717,5.376540184021,53.8499787794437,48.6833922674256,42.4489363789709
AFW,Africa Western and Central,2005,4782.44213997441,316156999,68.9075003254424,5.32982015609741,53.4083677231745,41.8512729386852,41.8453135723565
AFW,Africa Western and Central,2004,4648.60628015945,307309912,69.041069580992,4.98808002471924,52.8698604844836,36.1369187537825,41.2483844799298
AFW,Africa Western and Central,2003,4423.57041270062,298744790,69.0909435886007,4.76814985275269,52.3751831118675,31.6447143435604,40.6531005844209
AFW,Africa Western and Central,2002,4299.84975097232,290455651,69.2105029873005,4.42965984344482,51.9330841368345,19.7262097336905,40.0574081818729
AFW,Africa Western and Central,2001,4010.5626021227,282407479,69.1805644430978,4.06348991394043,51.5810881841155,18.7198742639536,39.460746992679
AFW,Africa Western and Central,2000,3915.43484958221,274612131,69.2086852257947,3.72952008247375,51.3066441958452,18.1535242334617,38.8599330559094
AFW,Africa Western and Central,1999,3874.21131764426,267171783,69.1940018204464,3.24513006210327,50.9213463951109,,38.2663210641396
AFW,Africa Western and Central,1998,3922.4342238425,259988556,69.1113097912235,2.99839997291565,50.5965392245552,,37.6770000053917
AFW,Africa Western and Central,1997,3894.84261146833,252921348,69.1583671984865,2.7781400680542,50.5220273962458,,37.086983841365
AFW,Africa Western and Central,1996,3841.15001765706,246128722,69.1406986605929,2.52168011665344,50.437053041655,,36.5042201729237
AFW,Africa Western and Central,1995,3774.10449511756,239501493,69.2383481768034,2.2858099937439,50.4247543012783,,35.9510481961924
AFW,Africa Western and Central,1994,3812.2754133601,233041347,69.1792607928965,2.09049010276794,50.309575674087,,35.421243774841
AFW,Africa Western and Central,1993,3928.31233108379,226927299,68.8356492248797,1.88848996162415,50.3068029369486,,34.8905095320242
AFW,Africa Western and Central,1992,4090.01941740886,220890339,68.6215527435558,1.70717000961304,50.0982057164655,,34.3460832425771
AFW,Africa Western and Central,1991,4101.37888894377,214885785,68.2621011345217,1.54205000400543,49.9601446168977,,33.7878250317871
AFW,Africa Western and Central,1990,4165.72636252068,209281291,67.9277846493412,1.39961004257202,49.963865043308,,33.099075887341
ARB,Arab World,2024,16802.4292966747,492612632,19.0059757044768,36.6406402587891,74.6955217456985,,59.8198752449274
ARB,Arab World,2023,16830.7594854659,482105978,19.0969986727696,34.7579307556152,74.4189102394527,363.465124423147,59.569940800309
ARB,Arab World,2022,16933.1685957842,471352066,17.8193689715312,34.4974098205566,73.8783117926834,348.767262238545,59.3339325148117
ARB,Arab World,2021,16194.2304401674,460646603,17.8515695449822,34.0556983947754,72.3672117797234,336.587194733694,59.112484714184
ARB,Arab World,2020,15768.0410516828,453723239,17.617049774581,34.361141204834,72.9544176966871,327.069625588704,59.0899689866908
ARB,Arab World,2019,16808.651930358,444281315,18.3085417594598,33.8893508911133,73.8579252362595,326.670945661256,58.8962879377102
ARB,Arab World,2018,16749.8977688889,435998060,18.8985863264177,33.5179100036621,73.5098368993471,325.592164585057,58.7847025324078
ARB,Arab World,2017,16568.8021684707,428315886,19.8966688504065,32.0461616516113,73.2310349975724,307.126617877282,58.6808941601595
ARB,Arab World,2016,16632.4297723251,419808341,20.7174106547458,31.5670204162598,73.1246960262716,311.947978507094,58.5622937950483
ARB,Arab World,2015,16397.4908780979,410190679,20.681454301284,30.6191902160644,72.8191746104877,312.609883146077,58.351712270484
ARB,Arab World,2014,16172.6351171803,400231008,20.7314458784954,28.9061603546143,72.6039681426435,326.499751028553,58.0278238886845
ARB,Arab World,2013,16119.4564896044,390954281,20.6324832420814,27.5376396179199,72.2970748279592,303.590198616256,57.5747135596837
ARB,Arab World,2012,16186.2739403861,381030177,20.5134875836869,25.9803504943848,71.9186124523846,295.080643944446,56.7609778940107
ARB,Arab World,2011,15945.1823698333,372054934,20.7455287049814,24.71217918396,71.2622758423776,266.866553538312,56.052080900428
ARB,Arab World,2010,15618.615472912,363568534,20.7092368667965,25.1151504516602,71.6858988652796,234.640952020934,55.5920977319462
ARB,Arab World,2009,15212.2519061915,356386673,20.5346376918663,24.3333301544189,71.5973539011811,227.076111662128,55.3595981551546
ARB,Arab World,2008,15396.8318989782,347684619,20.226772428925,23.4479999542236,71.2693473052026,210.954303939832,55.012130650449
ARB,Arab World,2007,14935.5647106518,338947976,20.6082935540777,21.7241897583008,71.025285019887,179.238839261707,54.6554574046587
ARB,Arab World,2006,14630.4079863564,330526310,20.0274596078511,21.5399894714356,70.6918711003559,153.255519530645,54.3116023572253
ARB,Arab World,2005,14138.3873353854,322628451,19.7811140867527,20.6458606719971,70.2129793605623,133.719505210474,53.9820002905638
ARB,Arab World,2004,13743.6011136095,315060277,19.602895137609,19.3647308349609,69.9174908312166,120.208364769271,53.6638769892058
ARB,Arab World,2003,12908.1785746866,307815105,19.4422263101309,18.3915195465088,69.734587416204,109.519307494392,53.3521913954159
ARB,Arab World,2002,12809.5386646405,300691509,19.2577607919934,17.8973999023438,69.5247661307445,113.335666331259,53.0428526060555
ARB,Arab World,2001,12942.2801233206,293580252,19.9607885889207,16.8689403533936,69.1609934701881,114.541456078151,52.738168430817
ARB,Arab World,2000,12951.1488357919,286548096,20.0674891558361,16.152530670166,68.7902015139042,111.859374944682,52.4414305753963
ARB,Arab World,1999,12498.0448761006,279709634,20.0254209187825,15.7884397506714,68.442072363855,,52.1630246121578
ARB,Arab World,1998,12414.0808971918,273094199,19.5711533415357,14.4065399169922,68.1374443223452,,51.9040659178161
ARB,Arab World,1997,12060.4162710899,266565183,19.6775121233313,13.3372898101807,67.7969747810053,,51.6467557350173
ARB,Arab World,1996,11727.9176909663,260229121,19.8715078023366,12.4469203948975,67.491263909108,,51.3799445297912
ARB,Arab World,1995,11439.965235048,253952538,19.8809299614962,11.5552997589111,67.1879125558553,,51.1341913037906
ARB,Arab World,1994,11407.5799459782,247626514,20.0895605926033,10.7930297851562,66.8425192547477,,50.9111622395073
ARB,Arab World,1993,11373.8756110002,240926205,19.6763263998528,9.70905017852783,66.4981765708624,,50.6503278854775
ARB,Arab World,1992,11328.2831751529,234321565,19.7662377211586,8.85132026672363,65.3933360923377,,50.3473192930772
ARB,Arab World,1991,10925.4803164734,228402316,19.376020227626,8.27600955963135,64.768498506324,,49.9008738978685
ARB,Arab World,1990,11355.1718407217,223184294,19.2610402134535,8.3142204284668,64.9135256948661,,49.5413126255844
CSS,Caribbean small states,2024,33971.5525013977,4539060,51.3615000710727,,76.603351296682,,50.0999425738621
CSS,Caribbean small states,2023,29600.9530687074,4519904,51.7796158767382,,76.4569205704503,915.847407140298,50.1020889305245
CSS,Caribbean small states,2022,27023.5574621428,4497310,51.431664446526,,76.1351856474478,915.955448715908,50.1314448681558
CSS,Caribbean small states,2021,23495.1590735021,4479167,49.7816508942659,,73.2073548672037,851.953010679747,50.1235419064094
CSS,Caribbean small states,2020,22222.115107616,4459302,48.7025489018963,,75.4857957552559,796.157980008992,50.1148273041796
CSS,Caribbean small states,2019,24095.6268884397,4443134,52.7031573868595,,75.34883419315,820.239812214279,50.0613448862218
CSS,Caribbean small states,2018,24024.8178299696,4407658,53.0431264714438,,75.541722782931,790.748049253674,50.095481721741
CSS,Caribbean small states,2017,23920.5893237126,4366140,52.5489161160958,,75.4291116545964,788.582309385435,50.1782963503998
CSS,Caribbean small states,2016,24339.8256633701,4341333,52.5247938365044,28.6225299835205,75.3080718333088,747.226086126681,50.1731298812102
CSS,Caribbean small states,2015,25404.134970126,4314191,52.1720265690208,28.3844795227051,75.1124885418905,752.904794394727,50.1679113039414
CSS,Caribbean small states,2014,25633.4033879208,4286546,52.5059116583464,28.7726097106934,75.0191508319332,730.353108337739,50.1596535005104
CSS,Caribbean small states,2013,25141.1881792488,4257682,52.1238179727615,29.0064392089844,74.784779664209,712.607256838982,50.1507539138983
CSS,Caribbean small states,2012,24784.9475718502,4228445,51.8139763770593,28.9944095611572,74.5760524286151,680.879428773639,50.1446818440705
CSS,Caribbean small states,2011,23879.7224145257,4201107,50.8935663245026,27.8372592926025,74.4263591444251,650.723189462505,50.1249359664817
CSS,Caribbean small states,2010,23751.9862978379,4173335,51.0052847677153,27.9102001190186,74.1852291474939,627.807859298105,50.1513014486905
CSS,Caribbean small states,2009,23444.9921052209,4146899,51.0180414244333,25.9719104766846,73.9603290014181,604.643592048314,50.264922890817
CSS,Caribbean small states,2008,24276.688065702,4124966,51.3115940302207,24.9969997406006,73.6850938286735,590.420111478154,50.4201440786193
CSS,Caribbean small states,2007,23894.0318898216,4098855,50.7569425185884,23.0507106781006,73.4068005202416,539.439782531732,50.5917218872534
CSS,Caribbean small states,2006,23063.5796295601,4072929,50.9928789456386,21.4101905822754,73.0233352028917,485.729852678028,50.7701857397449
CSS,Caribbean small states,2005,21377.7180302595,4049468,50.5266119490094,21.1797504425049,72.7154865108951,442.34759752957,50.9493887735074
CSS,Caribbean small states,2004,20312.502453739,4080569,49.5475309680575,21.8874206542969,72.4744613194291,393.124619070154,51.1736246779686
CSS,Caribbean small states,2003,19401.6022436606,4050990,48.441597747887,20.6670398712158,72.1493335943768,351.51308948754,51.3001335734813
CSS,Caribbean small states,2002,18212.1604431284,4018796,47.3739659471277,19.3868293762207,71.9191040986748,325.198426009048,51.3780185932835
CSS,Caribbean small states,2001,17587.9901132672,3987087,47.1126941437475,17.7949199676514,71.6668631247024,291.123719989722,51.4143461829153
CSS,Caribbean small states,2000,17296.2228314479,3956229,46.8748990344172,16.2491703033447,71.3637358961814,290.570618755862,51.4260417104618
CSS,Caribbean small states,1999,16662.5372962138,3925229,46.8654020067258,12.9160499572754,71.1396758632639,,51.4259165681056
CSS,Caribbean small states,1998,16003.3172609187,3893594,46.9339148004575,12.6084699630737,70.9142293159742,,51.4171947048152
CSS,Caribbean small states,1997,15378.9315442969,3861673,46.876604195718,12.3386497497559,70.6318737592733,,51.3984988848215
CSS,Caribbean small states,1996,14758.1688733256,3829184,46.8711301163079,11.6691303253174,70.512891334924,,51.3673378016993
CSS,Caribbean small states,1995,14183.60600347,3795917,46.0152722935393,11.0121002197266,70.4131997103577,,51.3222014725692
CSS,Caribbean small states,1994,13896.1730369525,3763806,45.5617529151578,10.5321998596191,70.3551580496472,,51.2699368621113
CSS,Caribbean small states,1993,13531.1904323724,3735156,45.2021011926578,9.91821956634521,70.2683029186196,,51.21660598423
CSS,Caribbean small states,1992,13609.0960878126,3706523,44.967403664583,9.54736042022705,70.1387662899921,,51.1505881797527
CSS,Caribbean small states,1991,13229.3314985291,3677765,44.3894340256395,9.33532047271729,69.9529975074178,,51.059979484097
CSS,Caribbean small states,1990,13162.50817302,3654949,44.0357036202034,8.235520362854,69.7717411452771,,50.9262462544479
CEB,Central Europe and the Baltics,2024,43043.8945580142,100061963,50.7658634436614,80.9399871826172,81.536634092338,,61.7976712496974
CEB,Central Europe and the Baltics,2023,42113.8905270663,100183707,50.8777791701492,80.9399871826172,81.4855465935341,1626.96748530039,61.69707902806
CEB,Central Europe and the Baltics,2022,41833.7057765272,100071871,50.6275960473224,82.4941101074219,80.4083810304143,1374.1600690946,61.5935240282645
CEB,Central Europe and the Baltics,2021,40122.3609600588,100205732,49.8629579860181,79.0009002685547,78.5636783539103,1412.78214453503,61.5491099540844
CEB,Central Europe and the Baltics,2020,37280.0201037228,101215763,48.9935911493099,76.880500793457,79.9030695131993,1187.60462614471,61.6318247679717
CEB,Central Europe and the Baltics,2019,38302.005751171,101864274,49.300550105945,76.5125274658203,81.0158275787815,1095.4614214139,61.7449526458334
CEB,Central Europe and the Baltics,2018,36731.0962344349,102074201,49.3521319289648,75.7572326660156,80.7834058744221,1057.78591814118,61.8111043373164
CEB,Central Europe and the Baltics,2017,34898.5993254329,102337501,49.2838846147927,75.0880737304688,80.6954574290558,941.309979111415,61.871575661727
CEB,Central Europe and the Baltics,2016,33063.1299853908,102647939,48.771404289335,74.6324691772461,80.8226385256559,854.458742634355,61.9025261003991
CEB,Central Europe and the Baltics,2015,32053.9753560909,102973167,48.7086259720424,74.5523834228516,80.3754371805634,817.142104856243,61.9708877552038
CEB,Central Europe and the Baltics,2014,30740.9191021016,103280478,48.4112566649286,75.8191833496094,80.538017943985,932.81846871344,61.9632949711014
CEB,Central Europe and the Baltics,2013,29678.1064029263,103570062,47.9920727798298,77.9552383422852,80.2350971955024,911.420338086475,61.9617031095155
CEB,Central Europe and the Baltics,2012,29385.5792989282,103929494,47.9025923517534,79.5852432250977,79.9499744190634,863.755895369154,61.9739324654094
CEB,Central Europe and the Baltics,2011,29052.8767019353,104174038,47.5482078829092,82.8873977661133,79.9013520114775,920.709058276828,62.0062995511589
CEB,Central Europe and the Baltics,2010,27957.9006968917,104421447,47.6166043061157,84.6587905883789,79.2834061302534,869.171916475988,61.9831332825539
CEB,Central Europe and the Baltics,2009,27511.5233418382,104800475,46.6236440418309,82.777099609375,78.9536629581902,842.580508218217,61.9070756085004
CEB,Central Europe and the Baltics,2008,28468.3930919127,105001883,47.215927868191,79.1733703613281,78.6222449479309,927.677474022657,61.8748408884735
CEB,Central Europe and the Baltics,2007,27204.8188248231,105378748,46.8542909880362,73.5723266601562,78.3166323188602,729.697767570638,61.7629328161568
CEB,Central Europe and the Baltics,2006,25490.6865496896,105772481,46.8672172327802,70.027946472168,78.1945594857095,580.337701888503,61.7598296238782
CEB,Central Europe and the Baltics,2005,23837.2513202506,106041911,46.9349385698044,66.1166076660156,77.9540501458372,522.801258659789,61.6684376748335
CEB,Central Europe and the Baltics,2004,22665.9482679125,106331716,47.0853046487366,62.3800888061523,77.806369589068,446.960080489537,61.5745184206623
CEB,Central Europe and the Baltics,2003,21307.5126148723,106624167,47.2528337103187,59.0544891357422,77.4583004054232,373.191144319793,61.5712683744702
CEB,Central Europe and the Baltics,2002,20437.6181722064,106959751,47.4128755551488,55.3476982116699,77.3331692070386,298.231436034936,61.5839935887768
CEB,Central Europe and the Baltics,2001,19591.1192589268,107660041,47.7897673296719,50.1668586730957,77.131724114265,252.155496334545,61.5302776725809
CEB,Central Europe and the Baltics,2000,18866.992614198,108447824,47.3261830445695,44.5326881408691,76.7805047870376,221.752169441734,61.4406529042584
CEB,Central Europe and the Baltics,1999,18053.4112289508,109060951,47.5484459549141,40.368278503418,76.3480436396729,,61.4430439007385
CEB,Central Europe and the Baltics,1998,17726.7805117972,109238340,47.5737450554659,,76.0906450094036,,61.4568259405213
CEB,Central Europe and the Baltics,1997,17271.8184132785,109422013,47.6874801219039,,75.7420744309172,,61.4760150081343
CEB,Central Europe and the Baltics,1996,16972.3729220796,109626194,47.9894155625663,,75.5773485998969,,61.5131340429187
CEB,Central Europe and the Baltics,1995,16209.3016083363,109864246,48.2878738039619,,75.3841359333245,,61.5522600323767
CEB,Central Europe and the Baltics,1994,15310.9708907199,110021594,48.7773273899138,,75.2160790167124,,61.5674227222002
CEB,Central Europe and the Baltics,1993,14768.6885893304,110041924,49.1310082974983,,75.1317701004241,,61.5627107855609
CEB,Central Europe and the Baltics,1992,14722.7584656313,110111454,49.4921339575947,,75.0187695288639,,61.5415037790635
CEB,Central Europe and the Baltics,1991,15451.865184455,110469467,49.6930463749872,,74.7871295132971,,61.4821469402508
CEB,Central Europe and the Baltics,1990,17293.6474490926,110743128,49.7794150267694,,74.817385862465,,61.396699916962
EAR,Early-demographic dividend,2024,12032.0275625524,3552306404,37.2245238805946,38.3196487426758,74.1476902820547,,47.3447903059446
EAR,Early-demographic dividend,2023,11661.5918962624,3511607650,36.7409246203878,37.5095481872559,73.9138639017253,201.321276167908,47.0167430983708
EAR,Early-demographic dividend,2022,11282.8843924963,3470644834,35.8064016592473,35.8915100097656,73.570267749594,191.392926293627,46.6969243405166
EAR,Early-demographic dividend,2021,10742.1039496291,3432026092,34.6112771644715,35.1394805908203,70.3353222319971,186.693713270936,46.3752600779412
EAR,Early-demographic dividend,2020,10109.6737751343,3396051187,33.4757918212212,33.8892211914062,72.2128391946792,162.139748994011,46.0812452315672
EAR,Early-demographic dividend,2019,10646.4619363587,3355014793,34.694704017229,32.9575004577637,72.9419717954479,159.821297045575,45.7649596058874
EAR,Early-demographic dividend,2018,10473.9534525465,3314245247,34.5762697110517,31.7338104248047,72.6566281887762,159.6997596475,45.4349772935468
EAR,Early-demographic dividend,2017,10168.9948852815,3274060446,34.5212476306705,31.1855201721191,72.3911822940031,166.136635212773,45.1249360555588
EAR,Early-demographic dividend,2016,9809.61992015041,3233033717,34.4723760285488,30.4622402191162,72.0743315107001,161.00720510291,44.8097968515725
EAR,Early-demographic dividend,2015,9461.90923467549,3190318707,34.4715926647993,29.4818592071533,71.7546534524729,165.201062958564,44.4503233893376
EAR,Early-demographic dividend,2014,9135.22651387837,3146800078,34.3668429637537,28.0116100311279,71.4378136679706,165.927177497586,44.0073800418903
EAR,Early-demographic dividend,2013,8851.68203650431,3103677284,34.4801582791425,26.390510559082,71.0674398104679,166.635054311832,43.5232298113552
EAR,Early-demographic dividend,2012,8611.15721165569,3058869436,34.6280948938604,25.5165405273438,70.7100311815113,160.554302847423,43.0048413961797
EAR,Early-demographic dividend,2011,8395.01641616273,3013476947,34.8272719018549,23.2780208587646,70.3356488521668,153.440902871512,42.55386928757
EAR,Early-demographic dividend,2010,8103.6486900692,2967104472,35.1830871705062,20.8179607391357,69.8547688466467,137.399835168198,42.1325153327682
EAR,Early-demographic dividend,2009,7719.71496411512,2921563644,35.4648780566321,19.3104095458984,69.5152352662157,120.100938668571,41.7208534147391
EAR,Early-demographic dividend,2008,7695.4992635113,2875943965,35.7206497665141,18.2744693756104,68.9793787018187,119.562418602745,41.2894669444167
EAR,Early-demographic dividend,2007,7545.60161194471,2830531957,36.2529553153555,16.6582508087158,68.6976548867649,108.245042054146,40.8566741985846
EAR,Early-demographic dividend,2006,7235.7951660671,2784726644,36.3381412661564,15.4858703613281,68.2720510438434,93.7861122362258,40.4596760928047
EAR,Early-demographic dividend,2005,6923.1133842399,2738846905,36.8126185372696,14.5209398269653,67.8165712963956,85.0266018615647,40.0491199566483
EAR,Early-demographic dividend,2004,6636.18276752838,2693184997,36.7528104928747,13.9634799957275,67.2779776806077,74.322163372657,39.640743488933
EAR,Early-demographic dividend,2003,6349.71825063627,2647109296,36.7378609435329,13.6231498718262,67.0202473345464,65.8555382864186,39.2372244886496
EAR,Early-demographic dividend,2002,6127.9339354675,2601917557,36.6410595657314,13.2358102798462,66.6845332162942,58.7796426299947,38.8449997668426
EAR,Early-demographic dividend,2001,6085.68280987423,2556335424,36.8438953164466,12.5671997070312,66.2162816560811,63.9320367467369,38.4624516015098
EAR,Early-demographic dividend,2000,6087.28134364184,2509431470,36.955313005409,12.3729496002197,65.8530846773377,63.4025062509756,38.0803817655307
EAR,Early-demographic dividend,1999,5943.9253223166,2462704115,36.7851907904397,12.041130065918,65.3839721514065,,37.6983008536369
EAR,Early-demographic dividend,1998,5882.7706675039,2416119734,36.4649056529376,11.3435802459717,65.0142794530275,,37.3162722456829
EAR,Early-demographic dividend,1997,5864.23089997442,2369042441,36.0193194823302,9.53299045562744,64.6594819844271,,36.9411850173533
EAR,Early-demographic dividend,1996,5715.41959390182,2321284245,35.6694332290015,9.13671016693115,64.2895223988975,,36.5752810175117
EAR,Early-demographic dividend,1995,5504.46043289625,2273692181,35.313921765068,8.26556968688965,63.9425881363664,,36.2285479412161
EAR,Early-demographic dividend,1994,5435.79578706418,2228719169,35.092713756166,9.4698600769043,63.5154182457429,,35.8561375130889
EAR,Early-demographic dividend,1993,5350.58319117121,2184656122,34.6407457612206,9.02976036071777,63.2994432396679,,35.4875138913659
EAR,Early-demographic dividend,1992,5275.31844008233,2138854231,34.7406706303493,9.09259033203125,62.9486667705738,,35.1376739768077
EAR,Early-demographic dividend,1991,5176.4691535485,2092102478,34.5254470317508,7.07150983810425,62.4473280837702,,34.7755888695964
EAR,Early-demographic dividend,1990,5094.58000282578,2044241467,34.357567308671,6.73042011260986,62.1669771759344,,34.4154758059632
EAS,East Asia & Pacific,2024,24094.1594209983,2388319468,58.2579031199396,67.8856430053711,79.7010988361958,,64.3743990279048
EAS,East Asia & Pacific,2023,23181.8602930067,2384441485,58.6880975430552,66.5351333618164,79.6316355150428,881.290897960564,64.0244370902805
EAS,East Asia & Pacific,2022,22275.3875573423,2379617118,58.4578606544759,63.6897506713867,79.6218382840782,905.114818668488,63.6828244393002
EAS,East Asia & Pacific,2021,21598.5847592384,2375117716,58.6332731427544,60.4939117431641,79.008827309637,899.287259231387,63.2351929830371
EAS,East Asia & Pacific,2020,20334.2253803516,2369420882,57.8451867787979,57.0703086853027,79.5533224505895,799.468053130348,62.3741418144863
EAS,East Asia & Pacific,2019,20432.9804270249,2359762190,59.2434950535024,54.0149383544922,79.4683240281238,754.673740778479,61.7435560127223
EAS,East Asia & Pacific,2018,19664.4172118015,2347576325,59.3268263969,51.6399803161621,79.3002101784609,723.925473826868,60.8515259788814
EAS,East Asia & Pacific,2017,18809.5074896107,2333475520,59.2748334813587,50.6279106140137,79.1057702757572,669.232674974526,59.8037083838459
EAS,East Asia & Pacific,2016,17975.4681423015,2317076058,59.5083991310146,49.9144515991211,78.883443672905,637.056055933574,58.7921942331022
EAS,East Asia & Pacific,2015,17242.0281854081,2300844269,59.6916484323044,47.6613807678223,78.6628110241074,604.254750654018,57.7233143419672
EAS,East Asia & Pacific,2014,16527.9651914163,2284385542,59.826641321105,44.8091697692871,78.4265862922923,617.395012835319,56.6126794721138
EAS,East Asia & Pacific,2013,15817.3941720124,2267072102,59.8671652042796,37.0369415283203,78.1767642765935,603.347478303646,55.6959158950493
EAS,East Asia & Pacific,2012,15098.1782758143,2249081393,60.1667583358281,34.1336288452148,77.9557698403125,627.13244385485,54.6999640125725
EAS,East Asia & Pacific,2011,14400.6590412877,2230826576,60.353585033116,31.519889831543,77.6630544816523,588.755207712256,53.7652047882868
EAS,East Asia & Pacific,2010,13696.2947762482,2214613815,60.2640233686652,29.7747993469238,77.4098305540615,479.387975872585,52.0187036677998
EAS,East Asia & Pacific,2009,12758.3950797594,2199148703,60.4867687277767,27.8694000244141,77.1818019957869,421.18852506788,51.2691603606568
EAS,East Asia & Pacific,2008,12431.1482309746,2183472438,60.7194326885555,26.3920707702637,76.5919563121001,375.872971179041,50.2178679776185
EAS,East Asia & Pacific,2007,11921.896725096,2167046538,60.9535659839993,25.4850807189941,76.6700699288952,323.51641028565,49.3049109425273
EAS,East Asia & Pacific,2006,11097.9739919682,2150688938,60.80399608214,24.130350112915,76.3747904040969,299.85595449761,48.1178518187495
EAS,East Asia & Pacific,2005,10431.1095006537,2134573057,61.0615334172942,22.5040702819824,76.1223602869446,293.864687950824,47.0408499812646
EAS,East Asia & Pacific,2004,9862.16262997671,2118747885,61.3584485519859,21.2422294616699,75.5737928050142,279.713123154029,46.0139133803762
EAS,East Asia & Pacific,2003,9336.59013882495,2102761941,61.6718870014973,19.4840202331543,75.5315528728497,253.020416156328,44.9513109057327
EAS,East Asia & Pacific,2002,8914.78213693978,2086144389,62.0081105162907,17.7628498077393,75.1402669016569,224.536842708809,43.7684853220953
EAS,East Asia & Pacific,2001,8556.30560152029,2068682053,62.5113408943781,15.9441404342651,74.8076036958579,222.890506272818,42.615489470344
EAS,East Asia & Pacific,2000,8325.62081782919,2050149617,62.8777300404234,15.1963996887207,74.4631415388748,239.832676205173,41.6343413119014
EAS,East Asia & Pacific,1999,7934.29251535724,2030912462,63.1802050070052,13.6947498321533,74.1079688662414,,40.412768429923
EAS,East Asia & Pacific,1998,7692.32586829206,2010443502,63.5947578790314,12.6606397628784,73.8639423784101,,39.3190214254934
EAS,East Asia & Pacific,1997,7796.61482535403,1988067577,63.9457007738522,12.2913398742676,73.552549156993,,38.2184501469737
EAS,East Asia & Pacific,1996,7538.4595892928,1964830092,64.3297941108903,10.7928400039673,73.1961564937195,,37.1228624451425
EAS,East Asia & Pacific,1995,7182.17200720928,1941185229,64.6031500269676,9.28026962280273,72.7692917794855,,36.0021326170646
EAS,East Asia & Pacific,1994,6836.72715110799,1917389243,64.8877565243024,8.866379737854,72.4658944036217,,35.4516888896544
EAS,East Asia & Pacific,1993,6524.51465914088,1893258583,65.0722973373964,8.11211967468262,72.1377650563757,,34.9186386434568
EAS,East Asia & Pacific,1992,6279.9291302151,1869074614,65.5348033026522,6.99695014953613,71.6619516588065,,34.3931752770217
EAS,East Asia & Pacific,1991,6046.55264045727,1844189975,65.7885372760872,6.72774982452393,71.2823458655363,,33.8845188514209
EAS,East Asia & Pacific,1990,5815.80021369785,1817735909,66.1584895044532,5.92233991622925,70.8746065273255,,33.2474297181422
EAP,East Asia & Pacific (excluding high income),2024,20453.9723473779,2141122258,58.482642324428,66.4921798706055,78.9024694309274,,61.6125537930801
EAP,East Asia & Pacific (excluding high income),2023,19523.6746417972,2137527754,59.0423926545231,65.0686187744141,78.8358178408631,570.046154107498,61.2276463501262
EAP,East Asia & Pacific (excluding high income),2022,18600.2319795149,2133560408,58.8626535061629,62.0693397521973,78.8557055830999,566.030286298373,60.8593968560328
EAP,East Asia & Pacific (excluding high income),2021,17966.100209993,2128553744,59.1581022772559,58.6394081115723,78.0935932680503,515.527340657811,60.3526131684329
EAP,East Asia & Pacific (excluding high income),2020,16816.4721820442,2121866294,58.3387327461085,55.0608100891113,78.6850460209711,446.453873085913,59.3705245555409
EAP,East Asia & Pacific (excluding high income),2019,16754.1433686202,2112289891,59.8804331153185,51.8279113769531,78.6154262285222,414.609681820139,58.6555692756585
EAP,East Asia & Pacific (excluding high income),2018,15925.0623768718,2100698838,60.0630901986516,49.3994789123535,78.4540320912186,388.610220413854,57.6502705350874
EAP,East Asia & Pacific (excluding high income),2017,15060.2232906328,2087238522,60.1188046304336,48.2547798156738,78.243744430375,342.752366201755,56.4654638258327
EAP,East Asia & Pacific (excluding high income),2016,14243.7964258558,2071486140,60.4690152945379,47.4083786010742,78.0106220514879,312.578961695984,55.3186115241997
EAP,East Asia & Pacific (excluding high income),2015,13493.524313755,2056050896,60.7490886000682,45.072078704834,77.7726289288201,307.270504529694,54.1114656751357
EAP,East Asia & Pacific (excluding high income),2014,12769.1981633624,2040383789,60.9511901207622,42.0842208862305,77.5277893577439,287.327126516732,52.8565756064242
EAP,East Asia & Pacific (excluding high income),2013,12057.8749648364,2023850158,61.0699559544243,33.894401550293,77.2676794507672,263.817161904896,51.8122190695644
EAP,East Asia & Pacific (excluding high income),2012,11359.2197969153,2006566431,61.4886130172609,30.9237499237061,77.0459178094278,233.503638439295,50.6757055422017
EAP,East Asia & Pacific (excluding high income),2011,10666.0705659069,1989106668,61.7181076849289,28.2406902313232,76.7540911302709,200.301228138972,49.6140488674566
EAP,East Asia & Pacific (excluding high income),2010,9942.07092081734,1973602166,61.6233220876394,26.5051593780518,76.4548453488641,160.364281320042,47.6560812444264
EAP,East Asia & Pacific (excluding high income),2009,9145.84848053611,1959017463,61.8803752354711,24.5678691864014,76.1954656845767,138.512114070546,46.8344355218795
EAP,East Asia & Pacific (excluding high income),2008,8584.68636024927,1944305887,62.1387575883033,22.9637298583984,75.5748424093896,116.588275270623,45.6933496616839
EAP,East Asia & Pacific (excluding high income),2007,8000.20286461305,1929185103,62.417878044318,21.994270324707,75.6810287182896,89.2576304285462,44.7353095541115
EAP,East Asia & Pacific (excluding high income),2006,7224.84831620106,1914002124,62.2675058910895,20.5230007171631,75.3741118813316,74.6125422958051,43.4769730591545
EAP,East Asia & Pacific (excluding high income),2005,6602.09453263948,1898853723,62.6077233325823,18.7249507904053,75.1329340281194,65.0217836701955,42.3396914809038
EAP,East Asia & Pacific (excluding high income),2004,6083.62646258877,1883675167,63.0021683744347,17.3139095306396,74.5197445601791,56.6396873563519,41.2783334979221
EAP,East Asia & Pacific (excluding high income),2003,5642.12208266042,1868409996,63.4187857367806,15.3802604675293,74.5060116853295,50.3355953685125,40.212083972774
EAP,East Asia & Pacific (excluding high income),2002,5242.15464773335,1852659155,63.7889627855474,13.4913301467896,74.0855811018784,44.0812093473831,38.996284226454
EAP,East Asia & Pacific (excluding high income),2001,4911.18611043866,1836260943,64.3585058348575,11.513970375061,73.7387563436332,39.5186247465139,37.7841855057617
EAP,East Asia & Pacific (excluding high income),2000,4657.55912991458,1819011507,64.8189801223194,10.5925102233887,73.3914452161768,38.3870416172518,36.7098568881928
EAP,East Asia & Pacific (excluding high income),1999,4381.37967627433,1800932833,65.2163054752178,9.77344036102295,73.0568571840769,,35.3304458531331
EAP,East Asia & Pacific (excluding high income),1998,4182.86610637194,1781546477,65.6909775102086,8.73641014099121,72.7826802639039,,34.0883136174159
EAP,East Asia & Pacific (excluding high income),1997,4193.60794358361,1760512371,66.0188611201287,7.85570001602173,72.4520138492133,,32.82683909351
EAP,East Asia & Pacific (excluding high income),1996,3982.14753018414,1738632397,66.5366457626066,6.84649991989136,72.0822764873862,,31.5647615317975
EAP,East Asia & Pacific (excluding high income),1995,3708.17880793941,1716602413,66.9009893742343,6.17085981369019,71.6702580897979,,30.2923585268799
EAP,East Asia & Pacific (excluding high income),1994,3429.01430264914,1694244506,67.2617081709177,6.00116014480591,71.3118737990857,,29.66177773201
EAP,East Asia & Pacific (excluding high income),1993,3154.22243254223,1671604370,67.5213377235808,4.72431993484497,70.9844863963324,,29.0482432109065
EAP,East Asia & Pacific (excluding high income),1992,2897.38054762255,1648872786,68.0293620674553,5.04504013061523,70.4817958325259,,28.4426258887253
EAP,East Asia & Pacific (excluding high income),1991,2666.15847561936,1625498444,68.3402445792675,4.94332981109619,70.0629389521692,,27.8658554806451
EAP,East Asia & Pacific (excluding high income),1990,2513.1487677609,1600739173,68.8326722218008,4.17727994918823,69.6301088377252,,27.153451655707
TEA,East Asia & Pacific (IDA & IBRD countries),2024,20684.2265655327,2114653077,58.2367247541072,67.1416015625,78.9410686742634,,61.5847679018686
TEA,East Asia & Pacific (IDA & IBRD countries),2023,19743.1112151119,2111139152,58.802254080471,65.7133865356445,78.8753061624035,570.065194520576,61.1991011324118
TEA,East Asia & Pacific (IDA & IBRD countries),2022,18808.9383411671,2107261123,58.6193724805824,62.6871109008789,78.8957515114369,566.052535523033,60.8301827838521
TEA,East Asia & Pacific (IDA & IBRD countries),2021,18167.4009161466,2102350702,58.9332051812537,59.2177581787109,78.1268680843019,515.545559248001,60.3208754851698
TEA,East Asia & Pacific (IDA & IBRD countries),2020,17004.8072538713,2095759417,58.1044101873648,55.5938301086426,78.7233137211864,446.471116609362,59.3301997601025
TEA,East Asia & Pacific (IDA & IBRD countries),2019,16941.9471937892,2086281644,59.6459196652863,52.3174095153809,78.6506549271536,414.62703931563,58.6098141698239
TEA,East Asia & Pacific (IDA & IBRD countries),2018,16103.8618914204,2074796982,59.830264932121,49.8563003540039,78.490139030021,388.627016996157,57.595296727158
TEA,East Asia & Pacific (IDA & IBRD countries),2017,15229.7169213936,2061449949,59.8883930271885,48.6827812194824,78.2795646454919,342.769055060083,56.3988367330046
TEA,East Asia & Pacific (IDA & IBRD countries),2016,14404.656964798,2045816761,60.2445805152793,47.8098182678223,78.046981518068,312.594700652347,55.240567924451
TEA,East Asia & Pacific (IDA & IBRD countries),2015,13646.3812355606,2030504270,60.5262891007353,45.4259796142578,77.8087173401797,307.285016378459,54.0210877061728
TEA,East Asia & Pacific (IDA & IBRD countries),2014,12914.302342174,2014960984,60.7314047971756,42.386661529541,77.5648506911509,287.340016035223,52.7530227342422
TEA,East Asia & Pacific (IDA & IBRD countries),2013,12195.4108634433,1998548872,60.8511442161656,34.0734214782715,77.3064806942875,263.830052894653,51.6977521381035
TEA,East Asia & Pacific (IDA & IBRD countries),2012,11489.3717999709,1981382735,61.2746918586671,31.0566291809082,77.0870486150552,233.515980515811,50.5489604205707
TEA,East Asia & Pacific (IDA & IBRD countries),2011,10788.8596740347,1964036970,61.506417082503,28.3350105285644,76.7961997170156,200.311683520693,49.4756973637545
TEA,East Asia & Pacific (IDA & IBRD countries),2010,10056.9644387466,1948643347,61.4099091140494,26.5766792297363,76.4973069071878,160.37548959536,47.4944410556877
TEA,East Asia & Pacific (IDA & IBRD countries),2009,9251.92190189246,1934167856,61.6705822265312,24.6169891357422,76.2386169205597,138.522198087683,46.6637045085209
TEA,East Asia & Pacific (IDA & IBRD countries),2008,8684.60617683457,1919570287,61.9327725733045,22.9953708648682,75.612073110733,116.59945723182,45.5089965028553
TEA,East Asia & Pacific (IDA & IBRD countries),2007,8093.65313760912,1904568042,62.2140080632768,22.0153293609619,75.7217621454872,89.2684378120494,44.5393583519821
TEA,East Asia & Pacific (IDA & IBRD countries),2006,7309.54901669439,1889507244,62.0618834948917,20.5276794433594,75.4095086139485,74.6221373015156,43.2653326652269
TEA,East Asia & Pacific (IDA & IBRD countries),2005,6679.74546218337,1874487158,62.4064071475605,18.7091693878174,75.1641934613905,65.0310762225143,42.1137697479925
TEA,East Asia & Pacific (IDA & IBRD countries),2004,6155.36986088902,1859450104,62.8033406876656,17.2817001342773,74.5416320395602,56.6481018498908,41.0390521054045
TEA,East Asia & Pacific (IDA & IBRD countries),2003,5708.77107382473,1844349334,63.2236856131019,15.3253602981567,74.5270223042508,50.3430802439361,39.9594527891421
TEA,East Asia & Pacific (IDA & IBRD countries),2002,5304.26396994863,1828744767,63.5967481529893,13.4145803451538,74.2237235691661,44.0886428620882,38.727969853251
TEA,East Asia & Pacific (IDA & IBRD countries),2001,4969.61452922338,1812475067,64.1719832682202,11.4143600463867,73.8728075217758,39.5267758432329,37.4998031396625
TEA,East Asia & Pacific (IDA & IBRD countries),2000,4713.16955867766,1795374943,64.635648766609,10.4808597564697,73.5213212046087,38.3962606653257,36.4112152794795
TEA,East Asia & Pacific (IDA & IBRD countries),1999,4433.88241548544,1777464322,65.037139883208,9.65295028686523,73.1829902180929,,35.013539776688
TEA,East Asia & Pacific (IDA & IBRD countries),1998,4233.17759157153,1758263635,65.5142840588883,8.60492038726807,72.9062304714801,,33.7548841665652
TEA,East Asia & Pacific (IDA & IBRD countries),1997,4244.23739057317,1737429846,65.8460540985657,7.71589994430542,72.5721655923242,,32.4764653595425
TEA,East Asia & Pacific (IDA & IBRD countries),1996,4030.41199316881,1715764488,66.3736083186646,6.69737005233765,72.1987983649666,,31.1974314110468
TEA,East Asia & Pacific (IDA & IBRD countries),1995,3753.27792428099,1693960469,66.7440489217231,6.01523017883301,71.7827517639425,,29.9080611872406
TEA,East Asia & Pacific (IDA & IBRD countries),1994,3470.77308717757,1671877438,67.1118269703618,5.84110021591187,71.2786366606952,,29.2699114217917
TEA,East Asia & Pacific (IDA & IBRD countries),1993,3192.61002178197,1649557492,67.3762708491519,4.54140996932983,70.9453662406013,,28.6499699778843
TEA,East Asia & Pacific (IDA & IBRD countries),1992,2932.66503207124,1627147885,67.894159656155,4.85790014266968,70.4356234834702,,28.0383560180056
TEA,East Asia & Pacific (IDA & IBRD countries),1991,2698.66598317944,1604095270,68.2133005577666,4.7476601600647,70.0180791612064,,27.4561314200807
TEA,East Asia & Pacific (IDA & IBRD countries),1990,2543.85696379398,1579651917,68.715461394598,3.96050000190735,69.5829809546624,,26.7362173791342
EMU,Euro area,2024,56054.0977302368,357603357,51.8583026655497,91.519157409668,84.7529078333063,5420.84357436742,77.3400724518483
EMU,Euro area,2023,55706.2816060906,356209318,51.9761997785203,91.519157409668,84.6940788800847,4603.63899965368,77.211826995621
EMU,Euro area,2022,55638.6407909597,354666175,51.5634415099479,90.9378967285156,84.0400576853044,4379.2743765017,77.0874793664882
EMU,Euro area,2021,53780.959568799,353715415,51.0011892446658,88.6162567138672,84.1189768584805,4740.46066145846,76.96550965754
EMU,Euro area,2020,50532.2927661621,353536838,50.3398192048101,84.8504791259766,84.021512350945,4205.68480148807,76.856499971289
EMU,Euro area,2019,53928.4684797856,353113327,51.0948370045242,83.1466522216797,84.7791394932704,3929.67795036463,76.7497988367106
EMU,Euro area,2018,53176.6368877298,352303991,50.8830093676577,81.6565475463867,84.5278671456029,3995.7906805039,76.5823371318115
EMU,Euro area,2017,52337.9135018369,351613647,50.7874943749652,80.0915069580078,84.4026633573544,3707.80093980814,76.4140813562854
EMU,Euro area,2016,51089.957079337,351027116,50.589694589227,78.3246002197266,84.5253713278678,3513.74727284047,76.2867357539682
EMU,Euro area,2015,50293.9078769481,350164707,50.4250282421278,77.1696090698242,84.1209155746091,3450.16293853121,76.0229382546648
EMU,Euro area,2014,49365.1435330313,349302135,50.4282776348894,75.4836730957031,84.577319158542,4011.66637569218,75.8133540817088
EMU,Euro area,2013,48741.8654499657,348799535,50.3494852806793,73.4071197509766,84.1896330959337,3909.07891161441,75.627532415858
EMU,Euro area,2012,48904.1161236867,348406547,50.201992339692,72.6981735229492,83.9412146987138,3733.82559658973,75.4120805085951
EMU,Euro area,2011,49493.9221375454,347715695,49.7715021660498,72.0798263549805,84.0185061870185,3996.67104481579,75.2498062636401
EMU,Euro area,2010,48591.055785738,348398403,49.506828034918,70.5543899536133,83.5207727927249,3741.2298138997,75.1170270025016
EMU,Euro area,2009,47740.2973322669,347581287,49.4165092342341,69.1178512573242,83.3042619648113,3852.6539008054,74.9583774003797
EMU,Euro area,2008,50163.9012074228,346471036,49.1265949889229,68.4482269287109,83.1135837689853,3913.20155147938,74.8278828155237
EMU,Euro area,2007,50167.5925974003,344828323,48.7691687169501,68.3647613525391,82.9890466389063,3461.94941912262,74.7231648890742
EMU,Euro area,2006,48915.1525453044,343100724,48.4147805408424,68.1565475463867,82.7969303827347,3050.36252274121,74.5932608545581
EMU,Euro area,2005,47524.4605129111,341556724,47.8192361570921,67.1065826416016,82.3706523616424,2885.88507181355,74.4354754280854
EMU,Euro area,2004,46891.9654959632,339856977,47.3001774273942,65.612907409668,82.2605351200756,2769.86457339632,74.2754760697791
EMU,Euro area,2003,46049.3477888474,338061667,46.9326293689323,63.5321311950684,81.6637278927591,2421.17561708339,74.1236631286792
EMU,Euro area,2002,45891.2509030803,336306839,46.2991013473683,61.4836502075195,81.730865270402,1930.96437061601,73.9572989412582
EMU,Euro area,2001,45611.9621128616,334870337,45.7199141593204,59.4964599609375,81.6910083329474,1732.89285129305,73.7626825673801
EMU,Euro area,2000,44733.6547581208,333959803,45.692683147933,57.5968284606934,81.4013852502155,1690.76065300032,73.4895196048799
EMU,Euro area,1999,43176.6145816034,332992575,45.3825842593063,56.2530403137207,81.1796891302129,,73.268215081843
EMU,Euro area,1998,42064.6142178215,332233144,44.8267225833128,,80.9829495922176,,73.1181811675438
EMU,Euro area,1997,40911.6060494674,331618343,44.4488584989745,,80.8029523453613,,72.9311226214357
EMU,Euro area,1996,39943.8747124253,330931209,44.1954420391885,,80.5359160191432,,72.6591788106746
EMU,Euro area,1995,39321.7879542568,330214252,43.8737396478727,,80.3384721567576,,72.454023448905
EMU,Euro area,1994,38450.1413555838,329467622,43.7696000015321,,80.206578784234,,72.3154774000006
EMU,Euro area,1993,37627.58900601,328525489,43.4732823131499,,79.90172794132,,72.1636776718477
EMU,Euro area,1992,38062.3856274222,327283137,43.5163937533258,,79.8379543204988,,72.0188653359602
EMU,Euro area,1991,37879.5743504232,326040277,43.6516459743867,,79.4795466042283,,71.8865876721315
EMU,Euro area,1990,37247.3911756829,324805296,42.8289051549662,,79.294637020438,,71.7517586074163
ECS,Europe & Central Asia,2024,44981.3192926243,928566925,51.4048131909824,92.1586990356445,81.7871493624649,,73.9693471857728
ECS,Europe & Central Asia,2023,44220.8251180735,924805070,51.3617156568813,88.7174682617188,81.6882137230962,2968.53722113162,73.843585823465
ECS,Europe & Central Asia,2022,43537.4882557812,924267385,51.0952397666189,88.3119125366211,81.1664225224512,2811.99788990336,73.729597001213
ECS,Europe & Central Asia,2021,42434.0454804633,924375980,50.3583409467182,85.9490432739258,79.9180835885066,2865.34293291689,73.6225305947295
ECS,Europe & Central Asia,2020,39782.3728089927,923660463,49.8191673360167,81.7511596679688,80.5103176089772,2527.44146299898,73.4955944360825
ECS,Europe & Central Asia,2019,41861.0781841263,921929161,50.5703699375876,79.2811431884766,81.5643801691363,2329.09882257234,73.3626410452614
ECS,Europe & Central Asia,2018,41177.7339574417,918415818,50.5936414594477,77.1048889160156,81.3135301068287,2346.37056498712,73.1814390087833
ECS,Europe & Central Asia,2017,40335.4288573608,915063823,50.5150480754101,75.3218307495117,81.1716424006605,2194.38357892709,73.0395942866041
ECS,Europe & Central Asia,2016,39278.9171415545,911578015,50.4270060903961,73.5627975463867,81.0401602846841,2095.79240619186,72.930310614191
ECS,Europe & Central Asia,2015,38753.9033161838,907526485,50.2465424224686,72.1490936279297,80.7103300161951,2105.26090028047,72.6866596702429
ECS,Europe & Central Asia,2014,38307.7252927013,903560070,50.1997802797012,71.1748733520508,80.8222183142003,2431.97384185177,72.2373791056216
ECS,Europe & Central Asia,2013,37826.0934997704,899906171,50.1933012343329,70.0210723876953,80.516243280119,2379.23679870257,71.6786349261689
ECS,Europe & Central Asia,2012,37554.903030647,896514509,50.1371418018735,69.2602005004883,80.2122963663317,2273.38230892746,71.1504938153916
ECS,Europe & Central Asia,2011,37429.4390620427,893009594,49.9509910394606,69.1707077026367,80.1022786488395,2365.26568894297,70.8155293928508
ECS,Europe & Central Asia,2010,36489.0686918933,890990370,49.7172291583343,68.2985610961914,79.631296532356,2182.78948070826,70.5831396534732
ECS,Europe & Central Asia,2009,35593.628989975,887741127,49.578125322598,66.7697601318359,79.3826953972052,2194.57126520554,70.352331842697
ECS,Europe & Central Asia,2008,37541.0289513637,884224673,49.4314362020823,65.518180847168,79.076142869218,2290.63725590395,70.1642887567137
ECS,Europe & Central Asia,2007,37062.8036849749,880656346,49.2418728833842,64.4557113647461,78.8588097227197,2046.68784039878,69.9675738648992
ECS,Europe & Central Asia,2006,35577.2638014529,878166933,49.0790395052849,63.2125396728516,78.5472305840756,1775.73548635854,69.7661315979996
ECS,Europe & Central Asia,2005,34097.2420817179,875563919,48.7952831025793,61.4848594665527,78.1142926845217,1657.54062500021,69.5656545250357
ECS,Europe & Central Asia,2004,33095.6532013292,873069464,48.5604767691501,59.5210418701172,77.9597373136621,1565.29037109494,69.4043166751762
ECS,Europe & Central Asia,2003,31923.9529324761,870529446,48.6198753733723,57.754581451416,77.5171814953777,1348.82361413621,69.2484024834728
ECS,Europe & Central Asia,2002,31205.0666750463,868234843,48.5654794004145,55.0972709655762,77.4460459718288,1088.03899143488,69.0578481309501
ECS,Europe & Central Asia,2001,30618.862698665,866590696,48.1724688338823,51.7429389953613,77.3900020508683,963.897798657633,68.8662870889579
ECS,Europe & Central Asia,2000,29894.2044586737,865392479,48.3512806473989,48.9057807922363,77.1830591866362,934.427788457795,68.6569733328698
ECS,Europe & Central Asia,1999,28544.0723106015,864306932,48.4648923941491,46.3859901428223,76.8929242400018,,68.4405226275719
ECS,Europe & Central Asia,1998,27765.4601072202,863317613,47.5689622486892,,76.9462611779775,,68.3273355923022
ECS,Europe & Central Asia,1997,27276.214482002,862335057,47.5650947028417,,76.7323091984919,,68.1707916316653
ECS,Europe & Central Asia,1996,26569.1426430265,861073426,47.8227449022697,,76.4479002356655,,67.9865914194383
ECS,Europe & Central Asia,1995,26271.0760840145,859504754,47.9042259662613,,76.1345461570552,,67.8309725111582
ECS,Europe & Central Asia,1994,25912.8528023106,857724587,48.0348483843386,,76.0804987823951,,67.7206412625084
ECS,Europe & Central Asia,1993,26210.3492165114,855554222,48.0206336455794,,75.7765995088282,,67.6137464587566
ECS,Europe & Central Asia,1992,26853.5572948704,852664501,48.7451494102673,,75.902017592908,,67.5440400769328
ECS,Europe & Central Asia,1991,27767.2881602329,849169385,49.0855684756316,,76.1300033575579,,67.4806485088998
ECS,Europe & Central Asia,1990,28257.1525033219,845290252,48.8501485819317,,76.1516523382701,,67.3527369223314
ECA,Europe & Central Asia (excluding high income),2024,24430.2175202769,250394482,44.1810688243632,87.2845764160156,78.520621524819,,68.2699431236416
ECA,Europe & Central Asia (excluding high income),2023,23625.9236116503,248718948,43.6480027790685,81.4175720214844,78.4206317201308,455.307563958052,68.1622524490527
ECA,Europe & Central Asia (excluding high income),2022,22334.4443361062,250514347,43.3115733807368,81.2994766235352,78.4461828242563,366.115150801706,68.1628939259503
ECA,Europe & Central Asia (excluding high income),2021,22179.1768626,251867727,43.087070587688,79.7854919433594,76.3539646760149,373.799664319144,68.150425455559
ECA,Europe & Central Asia (excluding high income),2020,20592.416057405,250351240,42.5272725421191,75.4511337280273,77.2593636503747,313.492738787445,67.9547177892126
ECA,Europe & Central Asia (excluding high income),2019,20830.979013781,248576676,44.107786535706,72.3912582397461,78.3991325468605,296.599975653494,67.7517086172661
ECA,Europe & Central Asia (excluding high income),2018,20447.4402502475,246400484,44.1969735256302,68.7076797485352,78.1774842030661,282.063525018229,67.4464992918229
ECA,Europe & Central Asia (excluding high income),2017,19877.8402506784,244308649,44.1860218481217,65.7902069091797,77.9467556590561,288.640304992191,67.2908425220823
ECA,Europe & Central Asia (excluding high income),2016,19031.7409328875,242224182,44.0817049741493,62.2052192687988,77.6024631506942,289.020041283304,67.2028741800351
ECA,Europe & Central Asia (excluding high income),2015,18721.7381996886,240083379,43.8770259708606,59.040901184082,77.3605279914515,294.269916283956,66.8135844921441
ECA,Europe & Central Asia (excluding high income),2014,18576.9583888343,237999321,43.6257007787854,57.3336486816406,77.0700310087014,345.933133984597,65.5655995922325
ECA,Europe & Central Asia (excluding high income),2013,18466.622777594,235905150,43.8297942590948,54.7408485412598,76.8072285580759,367.587637360575,63.8500039555659
ECA,Europe & Central Asia (excluding high income),2012,17669.0165699365,233875199,43.7368629565577,51.800479888916,76.4012260833916,346.093293024212,62.2669531526226
ECA,Europe & Central Asia (excluding high income),2011,17230.7820985073,231988438,43.7852570372911,49.37548828125,75.937385329191,330.417824093321,61.3214773416833
ECA,Europe & Central Asia (excluding high income),2010,16161.7210700137,230106440,43.5588713181867,47.6187400817871,75.7223423971983,310.360441881054,60.7251070375303
ECA,Europe & Central Asia (excluding high income),2009,15297.0834587453,228250911,43.2375070621253,45.2476005554199,75.3663701323366,284.384244898929,60.2228045773549
ECA,Europe & Central Asia (excluding high income),2008,16210.0504480826,226524480,42.9394567919826,43.5613098144531,75.0271404781953,322.581042016962,59.762630366817
ECA,Europe & Central Asia (excluding high income),2007,15787.6955451826,225016072,42.9306887684724,42.6772117614746,74.6893548134374,276.621234814896,59.3245654612929
ECA,Europe & Central Asia (excluding high income),2006,14697.18588924,224417513,43.1480136106159,41.4026184082031,74.360551316044,226.209177830607,58.9220241693206
ECA,Europe & Central Asia (excluding high income),2005,13619.1025396081,223360135,43.3167249815347,38.6902198791504,74.0835329269681,193.191160635613,58.520684503589
ECA,Europe & Central Asia (excluding high income),2004,12698.5310733665,222413290,43.6285507469215,36.7317085266113,73.89406669726,156.938955353583,58.1443868660183
ECA,Europe & Central Asia (excluding high income),2003,11606.5555262176,221399692,44.9532277360746,35.2405281066895,73.6749000062544,123.735909721197,57.7592991522649
ECA,Europe & Central Asia (excluding high income),2002,10877.3148937274,220400259,45.5447574029645,32.5763702392578,73.4192769318926,95.8969788503221,57.3793057352578
ECA,Europe & Central Asia (excluding high income),2001,10283.066909886,219435056,45.4972636727137,30.658109664917,73.2013417035259,79.9049065499798,57.0403250825841
ECA,Europe & Central Asia (excluding high income),2000,10114.3121953416,218486598,45.6154127441738,29.3779697418213,72.9812956102422,87.4739690994496,56.7337504152734
ECA,Europe & Central Asia (excluding high income),1999,9523.09025713947,217579952,46.7670522519556,27.4982490539551,72.3612297165151,,56.3944600600128
ECA,Europe & Central Asia (excluding high income),1998,9612.48741097623,217104725,46.7639956798149,,72.5168639785396,,56.0931349176516
ECA,Europe & Central Asia (excluding high income),1997,9480.64494445158,216672059,46.908817933711,,72.2833156008944,,55.8888786639234
ECA,Europe & Central Asia (excluding high income),1996,9138.666641631,216002100,47.6461528574484,,72.0279482909295,,55.6777290718747
ECA,Europe & Central Asia (excluding high income),1995,9084.0513672276,215114964,48.1021438244499,,71.7800628103226,,55.5149835642082
ECA,Europe & Central Asia (excluding high income),1994,9361.8463599444,214329901,48.2947546377593,,71.7156220794835,,55.3413208046074
ECA,Europe & Central Asia (excluding high income),1993,10874.0362896797,213395945,46.9980989723241,,71.5937889701355,,55.1368075976274
ECA,Europe & Central Asia (excluding high income),1992,11661.1909652458,212032319,48.3784948126164,,71.6686187480979,,54.8928554245342
ECA,Europe & Central Asia (excluding high income),1991,12680.1183648226,210169114,48.5518709041655,,72.0526128049917,,54.6262078554192
ECA,Europe & Central Asia (excluding high income),1990,13647.5218632343,208212866,48.3719356661113,,72.0734046532989,,54.3204776679957
TEC,Europe & Central Asia (IDA & IBRD countries),2024,32713.0152698707,459982788,49.0002256570096,92.9179992675781,79.0417046295595,,69.069522725284
TEC,Europe & Central Asia (IDA & IBRD countries),2023,31509.9061055568,458599775,48.8725972520941,86.3136367797852,78.9397952204243,791.091170293933,68.9599808529652
TEC,Europe & Central Asia (IDA & IBRD countries),2022,30179.7870902442,460942269,48.7064271200428,85.7545394897461,78.4805131704263,732.6197329168,68.9112783282391
TEC,Europe & Central Asia (IDA & IBRD countries),2021,29918.4650718143,463104389,47.8884648573847,83.5042266845703,76.0260265430474,641.692030073061,68.8680370709709
TEC,Europe & Central Asia (IDA & IBRD countries),2020,27962.5237763209,462842288,47.3108079941856,79.7738723754883,77.3319344174334,565.47187430609,68.7550754784278
TEC,Europe & Central Asia (IDA & IBRD countries),2019,28540.7387047996,461933206,48.237366823499,77.1103515625,78.6867716632594,499.118925005059,68.6393881359924
TEC,Europe & Central Asia (IDA & IBRD countries),2018,27881.0262510333,459946883,48.5124646499709,74.896842956543,78.4250420353894,472.92294572173,68.4656324149256
TEC,Europe & Central Asia (IDA & IBRD countries),2017,27008.5506544179,458010325,48.5063188275407,72.9934921264648,78.2391606607161,454.56238580521,68.3671996828986
TEC,Europe & Central Asia (IDA & IBRD countries),2016,26118.7773736522,455913002,48.4962815144151,71.2711334228516,77.892726605635,406.363821785837,68.2998664724156
TEC,Europe & Central Asia (IDA & IBRD countries),2015,25834.8173197386,453662073,48.4093987015069,69.7724304199219,77.5922183397251,416.867867300176,68.0719889181919
TEC,Europe & Central Asia (IDA & IBRD countries),2014,25858.1655880354,451432428,48.3804172710014,69.1318817138672,77.3793314292517,535.508147836818,67.3911891022885
TEC,Europe & Central Asia (IDA & IBRD countries),2013,25612.5772709157,449128604,48.4886145343103,68.2115936279297,77.1579706827518,565.457650339422,66.4664633633165
TEC,Europe & Central Asia (IDA & IBRD countries),2012,25017.564733224,446941101,48.5679954403695,66.8209609985352,76.7575392121564,530.644479316858,65.6154048918302
TEC,Europe & Central Asia (IDA & IBRD countries),2011,24330.2540578139,444846366,48.5934786599155,67.057861328125,76.4357985214207,505.50595242259,65.0953458128978
TEC,Europe & Central Asia (IDA & IBRD countries),2010,23167.2207575598,442936599,48.4140208105844,66.3613662719727,75.9915931569809,454.110808341596,64.7258667419875
TEC,Europe & Central Asia (IDA & IBRD countries),2009,22249.6950356121,441304973,48.1720016259006,64.6688079833984,75.7298559317313,419.846879774389,64.4354379403662
TEC,Europe & Central Asia (IDA & IBRD countries),2008,23653.990951491,439732746,48.1188301881316,63.1362380981445,75.325150915911,485.869336269842,64.1945242729774
TEC,Europe & Central Asia (IDA & IBRD countries),2007,22657.1349385733,438680283,48.0515656502367,61.2135009765625,75.0345455788463,385.736828421967,63.9485687111677
TEC,Europe & Central Asia (IDA & IBRD countries),2006,20994.707627893,438714358,47.9506286120065,59.2384796142578,74.6196799696599,303.267905456239,63.7021713607275
TEC,Europe & Central Asia (IDA & IBRD countries),2005,19454.1336352698,438333196,47.9162770149788,56.8721885681152,74.1566236105827,251.971561712724,63.4858767579757
TEC,Europe & Central Asia (IDA & IBRD countries),2004,18285.8767112422,438136036,47.9479091610763,54.4833488464355,73.9930363315731,202.023457617143,63.3623553468548
TEC,Europe & Central Asia (IDA & IBRD countries),2003,16935.5538252528,437905932,48.3933752163227,52.8755493164062,73.6562162712009,161.900709185972,63.2222679423004
TEC,Europe & Central Asia (IDA & IBRD countries),2002,15899.5974213638,437806951,48.815701559333,49.9395790100098,73.5196564238962,133.79392524598,63.0133663929276
TEC,Europe & Central Asia (IDA & IBRD countries),2001,15131.0651900248,438100368,48.6034980990733,46.0542182922363,73.4686835803133,114.159734123018,62.8394581402795
TEC,Europe & Central Asia (IDA & IBRD countries),2000,14595.0711135375,438423541,48.9573970810384,42.4160995483398,73.3406446015102,105.567122744409,62.6684950236389
TEC,Europe & Central Asia (IDA & IBRD countries),1999,13555.5871695726,438650260,49.4881483413916,38.9013710021973,73.0092068029291,,62.4634060948517
TEC,Europe & Central Asia (IDA & IBRD countries),1998,13174.6486446478,438735255,48.2471812714781,,73.2847534617694,,62.4113085959409
TEC,Europe & Central Asia (IDA & IBRD countries),1997,13361.2809065093,438638046,48.578684200128,,72.9994013758851,,62.300796980514
TEC,Europe & Central Asia (IDA & IBRD countries),1996,13085.5515653239,438325526,49.3657335979986,,72.7062772300101,,62.201670741285
TEC,Europe & Central Asia (IDA & IBRD countries),1995,13158.8269742658,437796116,49.9512771240442,,72.3087845261906,,62.1041880774685
TEC,Europe & Central Asia (IDA & IBRD countries),1994,13410.4698920037,437106291,50.3181752359211,,72.2996777877125,,62.0389171987597
TEC,Europe & Central Asia (IDA & IBRD countries),1993,14987.6975720188,436152186,50.4826883860593,,72.0403175645023,,61.985907305965
TEC,Europe & Central Asia (IDA & IBRD countries),1992,16059.6839331539,434844449,51.924315216072,,72.3188116046282,,61.9928089840242
TEC,Europe & Central Asia (IDA & IBRD countries),1991,18058.6477571728,433132067,52.4929332518814,,73.0850647173102,,61.9885514020002
TEC,Europe & Central Asia (IDA & IBRD countries),1990,19345.0251873987,430990546,52.6510124997388,,73.307911036003,,61.8439018335284
EUU,European Union,2024,54341.6257163912,450228188,51.8737033852374,89.9082870483398,84.2185287218725,5005.49753794043,75.0300099964199
EUU,European Union,2023,53861.7951609765,448897545,51.9690117680907,89.9082870483398,84.1427832267212,4153.58435864806,74.8943502719612
EUU,European Union,2022,53777.3333629812,447203596,51.5700692630048,89.8954620361328,83.4398926392784,3922.6915573189,74.7659682006806
EUU,European Union,2021,51968.4388292725,446228281,50.9889237972271,87.4528121948242,83.1872538642367,4245.25531256131,74.6469430900615
EUU,European Union,2020,48769.5135471727,446870959,50.2947202876465,83.8961181640625,83.3021408381401,3749.13990498742,74.5499802167242
EUU,European Union,2019,51662.076917369,446910453,50.9563983949262,82.3010101318359,84.1126372113558,3498.76733094227,74.4596491524844
EUU,European Union,2018,50737.2331625802,446058453,50.8086800267743,80.8901062011719,83.855754276601,3553.26077514172,74.3280995844319
EUU,European Union,2017,49704.2541206968,445321060,50.7052712896773,79.4047164916992,83.7457016779428,3295.21181360212,74.1940799110393
EUU,European Union,2016,48336.5082885839,444676652,50.4648030294592,77.8732681274414,83.8648974935365,3117.18625390947,74.089077283109
EUU,European Union,2015,47490.9137112119,443793218,50.2881483598504,76.8882293701172,83.4620337197235,3056.00162327666,73.8743742665848
EUU,European Union,2014,46455.5685991692,442920819,50.2327670599766,75.8124237060547,83.8542248792416,3550.25487120767,73.6983165180291
EUU,European Union,2013,45724.832051248,442425741,50.1041149468768,74.7333831787109,83.4663900104677,3463.64750492935,73.5376776618371
EUU,European Union,2012,45788.921010839,442069839,49.9701063040754,74.6586227416992,83.2130721174631,3301.71038108101,73.3526656193263
EUU,European Union,2011,46206.0702456512,441414078,49.5712083837618,75.0537567138672,83.2749591150035,3523.01951869602,73.2162096061221
EUU,European Union,2010,45251.0407991375,442088310,49.3325907280392,74.3509674072266,82.7565571605721,3268.03690840667,73.1092331195545
EUU,European Union,2009,44430.4810088447,441388573,49.0292814294314,72.827278137207,82.5058570341959,3340.25278572443,72.9468469621213
EUU,European Union,2008,46521.2455019681,440270719,48.9475112884645,71.5001678466797,82.2887670538743,3413.63651740455,72.821398818322
EUU,European Union,2007,46274.9825825459,438796003,48.623496157399,70.1552505493164,82.134064888159,3004.23168365245,72.6886302974583
EUU,European Union,2006,44947.0641658876,437263803,48.3623875132712,69.1958770751953,81.9470873107915,2633.24060077167,72.5614920699129
EUU,European Union,2005,43477.091531045,435789139,47.9398421599187,67.5275421142578,81.5506795709488,2484.4519124792,72.4002351707177
EUU,European Union,2004,42726.6206274142,434193248,47.5187390447948,65.5562973022461,81.4184179521523,2372.48318460176,72.230887310077
EUU,European Union,2003,41730.1192122343,432512916,47.278082987194,63.1297988891602,80.8777487280726,2069.93055868748,72.0888509718286
EUU,European Union,2002,41423.9551021717,430924112,46.8207850408989,60.5620918273926,80.8926843806129,1649.76352599715,71.9446161852977
EUU,European Union,2001,41009.6231907529,429909307,46.4377665314194,57.6084289550781,80.8176512803756,1473.75202926334,71.7569992027077
EUU,European Union,2000,40161.0962541705,429339162,46.333590653606,54.6741714477539,80.5189822163953,1431.54643719374,71.5199736472839
EUU,European Union,1999,38687.8592366032,428825949,46.1520832262991,52.5807991027832,80.2441390515457,,71.3330925045521
EUU,European Union,1998,37661.3103302901,428120105,45.7015982066909,,80.0434714957671,,71.2137042295307
EUU,European Union,1997,36637.8290089743,427547651,45.4286139818551,,79.8173924680033,,71.0672589719252
EUU,European Union,1996,35774.041660238,426905134,45.3122301757255,,79.5556842149798,,70.8540696314829
EUU,European Union,1995,35113.9235748767,426210050,45.1226718199133,,79.3704529395902,,70.6909210079313
EUU,European Union,1994,34198.7012748602,425404352,45.1378425391223,,79.2294240322503,,70.5767970988969
EUU,European Union,1993,33381.2785333714,424344744,44.9874739028276,,78.9449933470451,,70.4484424140157
EUU,European Union,1992,33682.8036907064,422968989,45.0997801265927,,78.8608462739259,,70.3202279016993
EUU,European Union,1991,33583.8536499109,421741276,45.2377342790569,,78.5290337004926,,70.1905178084607
EUU,European Union,1990,33422.6167234009,420525030,44.6073587686844,,78.3745376127888,,70.054084566223
HPC,Heavily indebted poor countries (HIPC),2024,3180.19389105204,940304348,59.5101491520304,,67.3571080403911,,37.8610562629747
HPC,Heavily indebted poor countries (HIPC),2023,3113.88147842518,916223767,59.4738470280456,,67.1429635170909,51.3398975815569,37.3827611102379
HPC,Heavily indebted poor countries (HIPC),2022,3095.04042281375,892885172,56.7818598632427,,66.2535184176032,50.1963992943632,36.9406309816039
HPC,Heavily indebted poor countries (HIPC),2021,3038.71814072197,869987833,57.0025714897923,7.81043004989624,65.035998833654,51.3384020378492,36.4661763671202
HPC,Heavily indebted poor countries (HIPC),2020,3004.89506305001,846861642,57.1155865589764,7.60302019119263,65.6420793085278,47.7665220825739,36.0239709463492
HPC,Heavily indebted poor countries (HIPC),2019,3094.41035211512,823805910,57.9501857251458,7.41820001602173,65.4457572682325,44.6417534405441,35.60787726524
HPC,Heavily indebted poor countries (HIPC),2018,3053.40944915716,801220102,58.5718693025214,7.25293016433716,65.0949449265404,43.3482242293526,35.1902982941101
HPC,Heavily indebted poor countries (HIPC),2017,3016.38373115986,778657210,59.0037741156386,7.0429801940918,64.5490198618701,44.2091460931805,34.7436136608517
HPC,Heavily indebted poor countries (HIPC),2016,2956.59086263144,756237630,59.7332806397612,6.87104988098145,64.1185060121429,45.419823988255,34.3061574682177
HPC,Heavily indebted poor countries (HIPC),2015,2914.03384890302,734837721,60.3332248941871,6.85063982009888,63.6152504305559,46.1258914898662,33.876402244952
HPC,Heavily indebted poor countries (HIPC),2014,2862.12644300329,714234635,60.9828623419084,6.72228002548218,63.0558041507624,48.5070559316375,33.4500793922766
HPC,Heavily indebted poor countries (HIPC),2013,2791.50708497729,694136340,61.9286078408668,6.5326099395752,62.5628235486266,47.8110218826926,33.0085325284937
HPC,Heavily indebted poor countries (HIPC),2012,2705.2877016826,674950539,61.4215279198217,6.24815988540649,61.9283629091621,44.5567791707364,32.5803279178654
HPC,Heavily indebted poor countries (HIPC),2011,2673.5791083865,656367599,62.4301720494253,5.81902980804443,60.9973310345865,43.820504872476,32.1726769221166
HPC,Heavily indebted poor countries (HIPC),2010,2639.80319569525,638389596,62.3448622765525,5.61608982086182,60.4431112354348,40.562930964945,31.7646366285593
HPC,Heavily indebted poor countries (HIPC),2009,2550.8684428025,620916734,62.5914586556476,5.15602016448975,59.962409903792,38.8444759688306,31.3639376101069
HPC,Heavily indebted poor countries (HIPC),2008,2530.01937834394,603575028,62.8605890120167,4.69169998168945,59.5189950658092,38.0812159099423,30.9723129432456
HPC,Heavily indebted poor countries (HIPC),2007,2461.47803585618,586992483,63.1526953852217,4.34246015548706,58.8320510075947,33.8492018157739,30.5364840577191
HPC,Heavily indebted poor countries (HIPC),2006,2397.1939417711,571013586,63.3816897135963,4.10196018218994,58.1015560187967,29.1379689492275,30.2208756483016
HPC,Heavily indebted poor countries (HIPC),2005,2331.37399166119,554927452,63.6147788339654,3.7476499080658,57.2923107049958,24.9170614647834,29.8714355908867
HPC,Heavily indebted poor countries (HIPC),2004,2270.11907323143,539388313,63.6338005846587,3.47406005859375,56.6352648223346,21.6311080917604,29.5421314416791
HPC,Heavily indebted poor countries (HIPC),2003,2208.5608106601,524375932,63.6266123407517,3.18948006629944,56.0362600676543,18.7813227064062,29.2192481398389
HPC,Heavily indebted poor countries (HIPC),2002,2182.06409883944,509293837,63.6510018437737,3.03870010375977,55.4474058688616,16.0230602836898,28.9116693755986
HPC,Heavily indebted poor countries (HIPC),2001,2156.32812750581,494824112,63.6360625260164,2.7410900592804,54.8846538726964,15.120419568702,28.593177931967
HPC,Heavily indebted poor countries (HIPC),2000,2138.94626992117,481628012,63.5797022960751,2.52150988578796,54.3410758451105,15.8796374606839,28.2533687315917
HPC,Heavily indebted poor countries (HIPC),1999,2134.25318452401,468742376,63.5528108907961,2.29656004905701,53.8037507444393,,27.9228080218387
HPC,Heavily indebted poor countries (HIPC),1998,2122.71276081406,455629985,63.5532091149772,2.2166600227356,53.2911000690944,,27.6067567723373
HPC,Heavily indebted poor countries (HIPC),1997,2105.06910780661,442909917,63.6260080008651,2.13826990127564,53.0895892425491,,27.2926973714885
HPC,Heavily indebted poor countries (HIPC),1996,2045.40358405021,430720216,63.7484070480288,2.04760003089905,52.7584300289073,,27.0052822875328
HPC,Heavily indebted poor countries (HIPC),1995,1995.76475593863,418529718,63.7980454852057,1.9924099445343,52.5950242351565,,26.7245130638536
HPC,Heavily indebted poor countries (HIPC),1994,1954.66051802449,406616961,63.6609963786939,1.97971999645233,51.7813671933253,,26.3689262121073
HPC,Heavily indebted poor countries (HIPC),1993,2007.61677310256,394532014,63.5979149464976,1.94967997074127,52.0086901138899,,25.9950197069466
HPC,Heavily indebted poor countries (HIPC),1992,2063.51832231083,382206581,63.697006884628,1.92107999324799,51.4125186396636,,25.6826388564973
HPC,Heavily indebted poor countries (HIPC),1991,2150.14603492307,371118724,63.66845631649,1.89990997314453,51.2335475158765,,25.3453304000469
HPC,Heavily indebted poor countries (HIPC),1990,2187.52118955495,361373197,63.5374808654771,1.8782399892807,51.4699518453753,,24.8931531116761
IBD,IBRD only,2024,18338.0743917536,4979670326,46.9101257036144,57.006420135498,77.2925491158849,,58.3264723309511
IBD,IBRD only,2023,17639.8861068054,4952209753,46.73723445762,56.4007987976074,77.1537306770917,465.617090196061,58.0307469598053
IBD,IBRD only,2022,16933.9928182913,4928196300,46.1270299234155,54.1909484863281,76.8892819531567,447.260654903885,57.7552337954716
IBD,IBRD only,2021,16390.9943192501,4905212516,45.6959224899519,52.2117805480957,74.5666336304196,409.708232311971,57.4187341409059
IBD,IBRD only,2020,15351.793172746,4878296727,44.4548232886122,49.814281463623,76.0694123568993,356.808048107177,56.8651715048446
IBD,IBRD only,2019,15754.9861909747,4845075024,46.1449611546806,47.833869934082,76.6127007538138,348.259188407069,56.4284852445038
IBD,IBRD only,2018,15291.0398093318,4806981820,46.2878645286598,46.3502197265625,76.4046883845135,336.657577777028,55.8598392575292
IBD,IBRD only,2017,14720.5064051308,4765773411,46.4333029895679,45.3373718261719,76.1668373484523,323.348313106482,55.2222227935355
IBD,IBRD only,2016,14147.4607960246,4721566970,46.6145413470794,44.3935890197754,75.9074563806133,295.17943343273,54.6015207244718
IBD,IBRD only,2015,13669.8723851709,4676773551,46.7361978430806,43.0587196350098,75.6604042094282,297.690339285266,53.9332868281978
IBD,IBRD only,2014,13271.2499046005,4630607878,46.8178155901273,41.1090888977051,75.392697950033,312.124093742608,53.1837216780098
IBD,IBRD only,2013,12836.6202127518,4581958556,47.0113032922487,36.6942901611328,75.1033515200752,305.301586834021,52.4999014352869
IBD,IBRD only,2012,12375.6300146684,4532100585,47.3220380988655,35.0058403015137,74.8189671869369,284.914827647415,51.7855203403866
IBD,IBRD only,2011,11906.6328014983,4483152627,47.6261612835203,32.7142791748047,74.4912362885319,267.529859798835,51.1470854803375
IBD,IBRD only,2010,11358.6063797168,4436714947,47.925420568625,30.3736991882324,74.1286579173953,230.125570534571,50.1080208606821
IBD,IBRD only,2009,10692.0618809217,4391389527,48.4876133915201,28.5310401916504,73.8078124522766,199.519304236268,49.5693483292079
IBD,IBRD only,2008,10594.5033452448,4346234014,48.9022369570624,27.3377799987793,73.4115083227224,195.420467832049,48.8903466913443
IBD,IBRD only,2007,10148.6867255691,4302067550,49.441389065011,25.6902503967285,73.1607660750522,161.900229434482,48.2961047629039
IBD,IBRD only,2006,9452.10929844277,4258827055,49.6828388848504,24.8465309143066,72.8062426456462,134.078231895779,47.5769747009825
IBD,IBRD only,2005,8847.83067056732,4214082145,50.1400031631423,22.5635395050049,72.4786688439568,116.236753420594,46.9145693724127
IBD,IBRD only,2004,8369.88369086676,4168676771,50.2070298883887,21.3766498565674,72.0036997951809,98.3778597773573,46.2937905593518
IBD,IBRD only,2003,7867.92433928093,4122775918,50.3378919312152,20.1031703948975,71.7799234826275,84.6631943198898,45.6701134027848
IBD,IBRD only,2002,7513.60301860085,4077229003,50.4678950977235,18.6364803314209,71.4988001464509,75.9585740018375,44.9754758078454
IBD,IBRD only,2001,7274.65163572105,4031080605,50.6807325098358,16.9157295227051,71.1617277504348,76.6680894327063,44.2905845807242
IBD,IBRD only,2000,7099.69521817635,3983328255,50.880077840166,15.8770904541016,70.8492078263315,76.0538342062542,43.6667023896647
IBD,IBRD only,1999,6787.76376116896,3934521819,50.9982812726233,14.9171304702759,70.4955609332269,,42.8937295342446
IBD,IBRD only,1998,6617.18640579533,3884078902,50.9021059127571,13.8272399902344,70.2502935682211,,42.1951529813287
IBD,IBRD only,1997,6579.50842367165,3832391543,50.9351534349672,13.7917203903198,69.9221827000145,,41.4827084638523
IBD,IBRD only,1996,6370.48500773132,3780446473,51.0505011186577,11.1486797332764,69.575120336091,,40.7752739022944
IBD,IBRD only,1995,6163.32466106537,3728290191,51.2310250183125,11.7447004318237,69.2034795440326,,40.0779128631084
IBD,IBRD only,1994,6046.78733927862,3675872938,51.2799088668671,10.6361398696899,68.840831381234,,39.6796897431969
IBD,IBRD only,1993,6031.65511499714,3622924380,51.3370037160955,9.72152996063232,68.5122600055712,,39.2919260181123
IBD,IBRD only,1992,6005.37538745985,3568890021,51.7189920318522,9.90750026702881,68.1757998945189,,38.9120525758869
IBD,IBRD only,1991,6116.49695550779,3513390696,51.8765345806383,8.68739986419678,67.9291477980412,,38.5345905483247
IBD,IBRD only,1990,6226.55848816473,3455533853,52.1434998260319,8.27460956573486,67.5459501334747,,38.0817077339643
IBT,IDA & IBRD total,2024,14612.9957116519,6925362193,47.8399575291287,41.4359283447266,74.6112628170787,,53.3694237912271
IBT,IDA & IBRD total,2023,14120.5364644683,6857438587,47.786063211994,40.9103012084961,74.48512015371,351.469684570639,53.0823484348401
IBT,IDA & IBRD total,2022,13635.9169175484,6793703268,47.0319980335949,39.5079193115234,74.1710596171686,340.419197270122,52.8163796983223
IBT,IDA & IBRD total,2021,13248.8138127169,6731708832,46.6243610321825,38.421070098877,72.1406013542352,315.387354788525,52.5081681188004
IBT,IDA & IBRD total,2020,12504.9017541415,6665588686,45.5929488456639,36.925048828125,73.3848964879056,275.754500893646,52.0454778410909
IBT,IDA & IBRD total,2019,12882.9121398515,6593373309,47.0131612397831,35.7570686340332,73.8393503771381,269.799873822321,51.6653910881874
IBT,IDA & IBRD total,2018,12547.6065169327,6517257782,47.111975973222,34.6811218261719,73.6204388700139,262.14387443513,51.1832192304679
IBT,IDA & IBRD total,2017,12123.4403274652,6439279067,47.2516045922323,34.140998840332,73.3441694925594,252.521826412286,50.6447335432842
IBT,IDA & IBRD total,2016,11696.9848339604,6359496256,47.4054809265624,33.660530090332,73.0915928733435,232.806411330013,50.1171733804251
IBT,IDA & IBRD total,2015,11346.1010341675,6280370137,47.5580724494234,32.9042510986328,72.8323413803688,235.742542286724,49.5550964553733
IBT,IDA & IBRD total,2014,11042.0933017783,6201072972,47.6186642291444,31.6940803527832,72.5817587961463,247.377460159091,48.934439191868
IBT,IDA & IBRD total,2013,10698.1935593125,6119970296,47.824705778117,28.7034492492676,72.3140625671041,242.128990272552,48.3523840418748
IBT,IDA & IBRD total,2012,10337.9564275594,6038511525,48.016835993521,27.5993309020996,72.0171388848608,226.686869033802,47.7248227220067
IBT,IDA & IBRD total,2011,9988.65008164631,5956303101,48.355282832338,25.9897804260254,71.6646304652862,213.468699052341,47.1596578727806
IBT,IDA & IBRD total,2010,9568.3350709632,5876238780,48.5847226521116,24.3076801300049,71.3166859267481,184.845752267164,46.3037304771863
IBT,IDA & IBRD total,2009,9045.73280749433,5797573486,48.9687708723047,22.9240493774414,70.9959053464068,161.487634978118,45.8297491959586
IBT,IDA & IBRD total,2008,8962.67822410779,5719633233,49.2385786304199,21.9295597076416,70.5673976735629,158.822462037938,45.2440244123133
IBT,IDA & IBRD total,2007,8616.07323944986,5643066022,49.6593581062775,20.6604499816894,70.3484175707896,132.426976063104,44.709662759241
IBT,IDA & IBRD total,2006,8069.48276915284,5567795358,49.845985014867,19.9905605316162,69.9776857982871,110.416587295162,44.0855839099272
IBT,IDA & IBRD total,2005,7590.28556742349,5492049553,50.2319966275167,18.2348804473877,69.5850247632324,95.8013909302806,43.4956847988649
IBT,IDA & IBRD total,2004,7205.64090749456,5416713041,50.2912876397634,17.2480392456055,69.1344896596101,81.3353187152867,42.9371005044193
IBT,IDA & IBRD total,2003,6797.92048003117,5341441991,50.3946663798652,16.2602596282959,68.895684363694,70.2678533984006,42.3768546604705
IBT,IDA & IBRD total,2002,6517.50123745662,5266759631,50.4984354775751,15.144419670105,68.5923648368602,62.7164908174632,41.7671509236574
IBT,IDA & IBRD total,2001,6320.01629864257,5191975532,50.6780878500491,13.8238201141357,68.2469817754642,63.4016504418087,41.1684094357595
IBT,IDA & IBRD total,2000,6181.73646411766,5116367192,50.8515555298961,12.9499702453613,67.9303374432914,63.1658957366583,40.6179140854658
IBT,IDA & IBRD total,1999,5937.18425113739,5040311234,50.9464310091623,12.1968202590942,67.5653799317684,,39.954786055162
IBT,IDA & IBRD total,1998,5808.923873925,4962944802,50.8618229367052,11.3713998794556,67.2728335379463,,39.3519700492772
IBT,IDA & IBRD total,1997,5780.91318876713,4884445385,50.8588816545552,11.3626499176025,67.0033230631965,,38.7388454032476
IBT,IDA & IBRD total,1996,5616.38672275835,4805912319,50.9301272827766,9.33677959442139,66.6901095079969,,38.1326385759104
IBT,IDA & IBRD total,1995,5446.49004341279,4727266098,51.0564651947869,9.82958984375,66.3833930362158,,37.5354070965147
IBT,IDA & IBRD total,1994,5355.78243124537,4648924378,51.1235104173214,8.99604034423828,66.0419998951896,,37.1677584070326
IBT,IDA & IBRD total,1993,5359.32382140701,4570457550,51.1242833225835,8.30969047546387,65.7900175740863,,36.8070881086774
IBT,IDA & IBRD total,1992,5355.4237024899,4491023184,51.410231360686,8.47947025299072,65.478061801261,,36.458593378092
IBT,IDA & IBRD total,1991,5452.2495312981,4411294822,51.5267800777661,7.52818012237549,65.2128718683865,,36.1066823572326
IBT,IDA & IBRD total,1990,5548.66273196844,4330405013,51.6747231670757,7.20937013626099,65.0077389155889,,35.6798710681183
IDB,IDA blend,2024,6743.39623530811,676957651,51.9687724154558,11.8021202087402,64.353343970572,,48.6958359099619
IDB,IDA blend,2023,6605.73413006609,664395892,51.8784848291345,10.3061199188232,64.1775186393697,64.9669025090336,48.1773673159897
IDB,IDA blend,2022,6554.67363673278,651895919,50.5062126854949,9.99676036834717,63.8533526080336,74.7290098121786,47.6330129185198
IDB,IDA blend,2021,6382.99566586346,639196319,50.0770691221338,10.6889295578003,62.5764459171529,73.1611514380078,47.0949322895637
IDB,IDA blend,2020,6248.18008980538,626440308,49.1972397457984,10.2306499481201,62.6793953412343,62.2351683824119,46.5685904859548
IDB,IDA blend,2019,6597.29007423325,614017319,49.8872275929028,9.81085968017578,62.9813046919334,59.8472026609195,46.0543233703288
IDB,IDA blend,2018,6540.02977425504,601951913,49.4043268218828,8.34360027313232,62.7183670145085,59.3786192623958,45.5767065281075
IDB,IDA blend,2017,6424.09547786649,590024074,49.856462589568,8.36297988891602,62.446899008748,61.2120673777082,45.1144259487283
IDB,IDA blend,2016,6379.73619945793,578463670,50.249362050414,8.17263984680176,62.1836091705397,63.531177139193,44.6500251183283
IDB,IDA blend,2015,6369.42234682599,567234056,50.469711393102,8.14173030853271,61.9039487587177,68.2794383868766,44.1901706504123
IDB,IDA blend,2014,6263.27766334353,555868551,50.0036439468414,8.41501998901367,61.7190337389677,72.3016792525535,43.7524751266553
IDB,IDA blend,2013,6049.35770247292,544442648,49.9117451003076,8.0817699432373,61.4524536316819,68.3300188974294,43.3275756317313
IDB,IDA blend,2012,5846.37428459277,532980174,49.8098431265514,7.64395999908447,61.1877192336249,62.8204238854453,42.9159323176066
IDB,IDA blend,2011,5723.39316723438,520984443,49.6081814076397,7.02695989608765,60.9067339537174,57.9393574920277,42.5084884969366
IDB,IDA blend,2010,5622.53923702245,508422508,49.6291740268241,6.69280004501343,60.5795274628026,53.9348799073605,42.1151997510905
IDB,IDA blend,2009,5444.50751527268,495610570,49.315669399378,6.2918701171875,60.2363278356018,48.5203308634708,41.7469202004975
IDB,IDA blend,2008,5272.70195837866,482975881,48.9810385346404,5.84712982177734,59.8361446913718,52.125404825236,41.3446440311986
IDB,IDA blend,2007,5195.80808887477,470476526,48.9401387319112,5.85994005203247,59.4176137093454,47.2054749701501,40.8889051590091
IDB,IDA blend,2006,5061.17002152738,458394453,48.870757463062,5.61939001083374,58.9450201236741,43.2617749225958,40.3888250207305
IDB,IDA blend,2005,4907.66392963546,447132945,48.6776390011668,5.55927991867065,58.1086277796658,36.0423086939208,39.8348778202094
IDB,IDA blend,2004,4746.79902014186,436147454,48.577578611154,5.08827018737793,58.0264168388871,30.4450181117763,39.2712038089643
IDB,IDA blend,2003,4529.62135630622,425311302,48.3529037008804,4.75447988510132,57.5900342202869,27.3807599846087,38.7046042253944
IDB,IDA blend,2002,4439.21008957396,414935066,48.1524420301393,4.50159978866577,57.2320578778368,19.4867345036995,38.1449950358966
IDB,IDA blend,2001,4267.87486448223,404662385,48.1440076643757,4.21369981765747,56.8601026184786,19.0649704976059,37.6077426188299
IDB,IDA blend,2000,4209.1548816606,394129957,48.2154336297338,3.9608199596405,56.6397353340021,20.0116363787541,37.1026016090268
IDB,IDA blend,1999,4168.20857171203,384018319,48.1080636570863,3.66887998580933,56.2714874993625,,36.6305795115605
IDB,IDA blend,1998,4194.86576836131,374262946,47.9031279117641,3.52884006500244,55.9716038236727,,36.1733262179814
IDB,IDA blend,1997,4188.90516811605,364489851,47.840738736925,3.37684011459351,55.8754531286914,,35.7189121945745
IDB,IDA blend,1996,4199.257021962,354861820,47.3754401246726,3.20489001274109,55.834684482076,,35.2677660291527
IDB,IDA blend,1995,4118.57022841448,345327214,47.0356015184553,3.01607990264893,55.9027495507089,,34.819745913618
IDB,IDA blend,1994,4135.19963095432,336096421,47.6988768889163,2.86595010757446,55.9556756942791,,34.3746372243563
IDB,IDA blend,1993,4209.84706453351,327140314,47.2863197297105,2.71257996559143,56.105148307653,,33.9338518725267
IDB,IDA blend,1992,4344.30591538365,318337815,46.923316936997,2.67348003387451,56.1577615519162,,33.4995155748258
IDB,IDA blend,1991,4338.34143209451,309491517,46.5780984508361,2.73082995414734,56.2864399719478,,33.0707305416841
IDB,IDA blend,1990,4385.82960137348,300366368,45.3210029489683,2.78779006004333,56.4211710951927,,32.6450774654059
IDX,IDA only,2024,4231.54619614221,1268734216,50.2711820298005,11.7817697525024,69.6411295815266,,36.4071269030645
IDX,IDA only,2023,4137.43602506399,1240832942,50.8926057987086,11.7512998580933,69.4359408296025,52.3747915542405,35.9594486372929
IDX,IDA only,2022,4086.6200282723,1213611049,49.7072869901211,11.2925901412964,68.7616030321915,52.4713106089102,35.5450909648779
IDX,IDA only,2021,4002.20344573931,1187299997,49.5515514859416,11.0301704406738,67.3429232387721,55.7245648986845,35.1349266899544
IDX,IDA only,2020,3958.34543039405,1160851651,49.6016742156351,10.7474603652954,67.9697433266928,50.0148506151922,34.7470118346024
IDX,IDA only,2019,4056.85050579817,1134280966,50.0772605974864,10.6625900268555,67.9712413419567,47.9646002895583,34.3572845737014
IDX,IDA only,2018,3948.52787213757,1108324049,50.3131401966151,10.0803003311157,67.5721107461998,48.7454738900374,33.9449607807614
IDX,IDA only,2017,3838.75766461121,1083481582,50.3230218085377,9.63253021240234,66.977006446896,46.8245624920488,33.5219118462806
IDX,IDA only,2016,3711.89606197188,1059465616,50.2635727132542,9.44921016693115,66.6158293143625,46.8596192372033,33.1174714726553
IDX,IDA only,2015,3613.78023092134,1036362530,50.610574206701,9.31925010681152,66.1723121725032,47.332842565969,32.7341136354124
IDX,IDA only,2014,3514.87967351075,1014596543,50.8857802715679,8.9579496383667,65.824950896067,47.1492488551438,32.3798094567338
IDX,IDA only,2013,3411.44081665014,993569092,51.3722211641448,8.67827987670898,65.5225616892353,45.3677963630269,31.9790558643189
IDX,IDA only,2012,3337.81840982522,973430766,51.0828094076684,8.33815956115723,65.0238346044352,42.3391364725113,31.452020011677
IDX,IDA only,2011,3321.06989522982,952166031,51.9588532779114,7.92137002944946,64.3676622147366,41.2666025809263,30.9302827805092
IDX,IDA only,2010,3220.42982449368,931101325,51.9412649776468,7.52868986129761,63.904936164802,38.2545491903365,30.4633398402301
IDX,IDA only,2009,3093.44360386607,910573389,51.6762757831844,6.88851976394653,63.4143568651464,35.9727763868289,30.0171376731367
IDX,IDA only,2008,3025.02503325556,890423338,51.4207311592123,6.20576000213623,62.6313085594708,34.57454233789,29.5610760390448
IDX,IDA only,2007,2914.48488026821,870521946,51.38033272477,5.67223978042603,62.4784641734608,30.0018087787112,29.0506215781357
IDX,IDA only,2006,2791.29991947711,850573850,51.375212415532,5.35290002822876,61.8810019248783,25.8461075977378,28.5964458513824
IDX,IDA only,2005,2678.38937870739,830834463,51.6271424424579,4.91679000854492,61.2039432150634,22.3141536719347,28.1248815877796
IDX,IDA only,2004,2570.49137459422,811888816,51.7238646037718,4.47406005859375,60.4886803538858,19.4856154616046,27.6713595496945
IDX,IDA only,2003,2475.42243019989,793354771,51.8248678246616,4.31111001968384,60.0849032789695,17.0206541389255,27.2316527155715
IDX,IDA only,2002,2409.06339482221,774595562,51.9198715441298,4.19936990737915,59.4947216062353,15.2358865725171,26.8198463630514
IDX,IDA only,2001,2350.56945975774,756232542,51.9811625829863,4.07196998596191,58.9166471817355,14.0992364259106,26.4310487338827
IDX,IDA only,2000,2305.71777037295,738908980,52.0329218086307,3.63488006591797,58.3323550006313,14.4051407978313,26.0574811611718
IDX,IDA only,1999,2262.73573212869,721771096,52.0730800846817,3.32704997062683,57.7173490538072,,25.702648374138
IDX,IDA only,1998,2231.01436074422,704602954,52.1217520574447,3.08106994628906,56.9804192841533,,25.3675009516326
IDX,IDA only,1997,2191.20412952559,687563991,51.9014539624927,2.89205002784729,56.7457346913133,,25.0458325250437
IDX,IDA only,1996,2130.92645303633,670604026,51.9411264098292,2.72933006286621,56.2821038760069,,24.7511091410674
IDX,IDA only,1995,2074.10174330687,653648693,51.9253723148515,2.5781900882721,55.9462227129066,,24.4681315230062
IDX,IDA only,1994,2024.45093507867,636955019,51.7991359497818,2.51642990112305,55.3277146386443,,24.1452024331018
IDX,IDA only,1993,2051.94467107569,620392856,51.6091771614506,2.51160001754761,55.1128174168487,,23.8114058406188
IDX,IDA only,1992,2058.25807564261,603795348,51.5397380132096,2.36600995063782,54.5553690467223,,23.51689100904
IDX,IDA only,1991,2082.99544524376,588412609,51.5810218571671,2.36512994766235,53.8007475720881,,23.2065700885777
IDX,IDA only,1990,2088.47149305233,574504792,51.5676175489167,2.34231996536255,54.332194267106,,22.8199644511323
IDA,IDA total,2024,5093.91764711448,1945691867,50.8679727593783,11.7985496520996,67.8208092697252,,40.6826937203111
IDA,IDA total,2023,4987.31104092255,1905228834,51.2373199342797,11.260009765625,67.6221709533321,56.7698238047863,40.2201100518451
IDA,IDA total,2022,4938.94976493355,1865506968,49.9797219054251,10.8593196868897,67.0658099824072,60.2565768256145,39.7691797117658
IDA,IDA total,2021,4825.30169071054,1826496316,49.7307949330981,10.9274997711182,65.6943279977906,61.8326042497348,39.3204218850565
IDA,IDA total,2020,4750.57582514097,1787291959,49.4636745079122,10.5879001617432,66.1377736419501,54.3023285620949,38.8904386172881
IDA,IDA total,2019,4940.15164754183,1748298285,50.0123253226384,10.3897695541382,66.2402982119185,52.1421464716009,38.4653846981284
IDA,IDA total,2018,4853.06226610071,1710275962,50.0019713253213,9.50026988983154,65.885169864574,52.4918720972449,38.0388916782972
IDA,IDA total,2017,4743.55675240066,1673505656,50.1629780585962,9.21560955047607,65.4001138829054,51.9025668711728,37.609058115614
IDA,IDA total,2016,4649.06174910145,1637929286,50.2586851155613,9.03466033935547,65.0705022262607,52.7931467764091,37.1903965759359
IDA,IDA total,2015,4584.99902568175,1603596586,50.5619671960687,8.9448299407959,64.6817409564206,54.8022691689404,36.7864206452414
IDA,IDA total,2014,4484.83927106283,1570465094,50.5806759143723,8.81826972961426,64.3901852714523,56.1265766661405,36.4051820747557
IDA,IDA total,2013,4342.25857072893,1538011740,50.8662524046651,8.5165901184082,64.1000153222816,53.5654285388603,35.996332190864
IDA,IDA total,2012,4221.81968545851,1506410940,50.6414342533628,8.16038036346436,63.6835644048167,49.7079904230576,35.5080433803967
IDA,IDA total,2011,4166.33730689033,1473150474,51.1429324453615,7.69077014923096,63.1587980965931,47.2624033024569,35.024952783726
IDA,IDA total,2010,4065.12933937447,1439523833,51.1387665326979,7.27861976623535,62.7446724373949,43.8857414498149,34.5786366508417
IDA,IDA total,2009,3918.73517951819,1406183959,50.8578964995391,6.70481014251709,62.3074498734031,40.3914671579165,34.151308147173
IDA,IDA total,2008,3811.61684663031,1373399219,50.5764828276404,6.09100008010864,61.6596047771998,40.739132815932,33.7049397121855
IDA,IDA total,2007,3712.03702353228,1340998472,50.5378479034634,5.74561023712158,61.4166705896886,36.0275142066591,33.203970481379
IDA,IDA total,2006,3584.11990284593,1308968303,50.5120930432988,5.45497989654541,60.8642361295772,31.932165554825,32.7260807604272
IDA,IDA total,2005,3456.76664335691,1277967408,50.6116332173007,5.15213012695312,60.1327542185017,27.1052137082905,32.2219540706682
IDA,IDA total,2004,3329.75784325758,1248036270,50.6421955666227,4.69709014892578,59.6373426583854,23.3039699615021,31.7251219779908
IDA,IDA total,2003,3190.64251168148,1218666073,50.6332109529643,4.4748101234436,59.2231970100018,20.6235837941042,31.2356830668994
IDA,IDA total,2002,3115.82523706753,1189530628,50.6278741204508,4.31558990478516,58.7134761821359,16.7107047826559,30.7703132122554
IDA,IDA total,2001,3016.92684889007,1160894927,50.6667840214541,4.13351011276245,58.2069416721261,15.8515676683523,30.3269978837214
IDA,IDA total,2000,2965.97750506692,1133038937,50.7286113643251,3.75871992111206,57.7492900598774,16.3789703801006,29.8995493417227
IDA,IDA total,1999,2922.98316074681,1105789415,50.7209934494418,3.45568990707398,57.219991187232,,29.4976980360492
IDA,IDA total,1998,2911.79072965262,1078865900,50.6851249722638,3.24276995658875,56.6336935718737,,29.1160854588869
IDA,IDA total,1997,2883.58952063308,1052053842,50.5214895619989,3.06268000602722,56.4469356759696,,28.7435797915361
IDA,IDA total,1996,2848.40139306913,1025465846,50.3934950190233,2.901859998703,56.1286262434636,,28.3903917346113
IDA,IDA total,1995,2782.82658467221,998975907,50.2716076375933,2.74220991134644,55.931322719865,,28.0464902530454
IDA,IDA total,1994,2756.82232823884,973051440,50.4136207956176,2.64973998069763,55.5427785699,,27.6784960297831
IDA,IDA total,1993,2800.5199208388,947533170,50.148956219195,2.5985701084137,55.4525082834722,,27.3062282681296
IDA,IDA total,1992,2852.5005024677,922133163,49.9802084888103,2.49044990539551,55.1036426605174,,26.9630818844435
IDA,IDA total,1991,2864.64546122221,897904126,49.8922975964462,2.50939011573792,54.6495582950839,,26.6065700375292
IDA,IDA total,1990,2881.63737646334,874871160,49.4666514574517,2.51311993598938,55.0427355325144,,26.1931851563238
LTE,Late-demographic dividend,2024,24850.1716606625,2328876323,57.3948017809887,75.8434600830078,80.4230964186913,,67.2581719439057
LTE,Late-demographic dividend,2023,23803.1520192179,2326294294,57.7811035745341,74.7156600952148,80.3397496542984,785.276694974898,66.9097159245761
LTE,Late-demographic dividend,2022,22842.7930520757,2323799602,57.7638222918777,71.8567733764648,80.1518654009565,757.7803277233,66.577578734994
LTE,Late-demographic dividend,2021,22189.7622837471,2320127658,58.1622537944431,68.3301620483398,79.3997320105234,685.250208787111,66.1284355869503
LTE,Late-demographic dividend,2020,20730.0029982162,2316152452,56.9949747694025,64.3666915893555,79.9522729442323,599.999591287701,65.2628534044695
LTE,Late-demographic dividend,2019,20852.8824490568,2308878047,58.7099540739722,60.7678184509277,80.1235772072837,578.29718987738,64.6307387465605
LTE,Late-demographic dividend,2018,20046.5223675086,2298394042,58.9227607491681,58.3579902648926,79.9502913569721,552.925978121776,63.7579414927705
LTE,Late-demographic dividend,2017,19161.6836683691,2285870134,59.1368404834431,56.4573783874512,79.6944441895651,508.245446456403,62.7392997946222
LTE,Late-demographic dividend,2016,18377.0584236764,2270841806,59.3306608494078,55.1219787597656,79.4670785711365,453.387708419732,61.7622468361698
LTE,Late-demographic dividend,2015,17784.0628531228,2256126712,59.5375468208775,53.2650299072266,79.2315158165263,449.515822465306,60.7294578905785
LTE,Late-demographic dividend,2014,17214.8266070851,2241122152,59.6275862790844,50.6604804992676,78.9918918195221,477.348940512601,59.6576878869777
LTE,Late-demographic dividend,2013,16550.7608765012,2225005187,59.7396071306405,42.4882698059082,78.7360999333359,454.990353521171,58.7788304798318
LTE,Late-demographic dividend,2012,15849.9797393159,2209319631,60.01363731877,39.6437606811523,78.4781331694738,415.551293402972,57.8070692828074
LTE,Late-demographic dividend,2011,15116.23443797,2193171336,60.2587278130061,37.6632804870605,78.1843823367991,387.551093885873,56.9188763539629
LTE,Late-demographic dividend,2010,14254.5060505905,2179525352,60.2626629832196,35.7537117004395,77.8395598707278,327.100889944449,55.2002774149779
LTE,Late-demographic dividend,2009,13334.5473252508,2167303374,60.6447183313058,33.5636787414551,77.5275815088064,286.830138175873,54.5225313726798
LTE,Late-demographic dividend,2008,13098.0960309932,2153941306,60.8120804251952,32.2405090332031,77.101099291013,275.276270748682,53.5584495858467
LTE,Late-demographic dividend,2007,12361.2116354473,2139958608,61.0354149221862,31.0888690948486,76.9455465559389,217.760278278715,52.7380161745815
LTE,Late-demographic dividend,2006,11333.0924408752,2126122277,61.250680653179,31.0125694274902,76.6016143979719,176.636192540343,51.6357355450764
LTE,Late-demographic dividend,2005,10466.0431607711,2112603351,61.5212717049582,27.6081504821777,76.2391203704645,149.245755301258,50.6585131865521
LTE,Late-demographic dividend,2004,9802.55079794057,2099412663,61.6324132830911,25.8070793151856,75.8208295424778,124.445885360333,49.7719954411966
LTE,Late-demographic dividend,2003,9138.18820940943,2086139068,61.8118540779718,23.6075096130371,75.5602916116476,105.930580947632,48.8810754232342
LTE,Late-demographic dividend,2002,8615.35404402717,2072599555,62.0538950731844,21.1046390533447,75.1413049910444,94.9356882498863,47.8457015259866
LTE,Late-demographic dividend,2001,8198.53171138037,2058600486,62.1837614884813,18.5015201568604,74.8404578908129,89.2896771260257,46.824121624004
LTE,Late-demographic dividend,2000,7865.40223869989,2043581322,62.3876604607,16.5014495849609,74.4965548433725,88.51988529003,45.9301030414284
LTE,Late-demographic dividend,1999,7403.98453534758,2027628907,62.68098443485,14.9146404266357,74.1774369682819,,44.7570655931593
LTE,Late-demographic dividend,1998,7146.05395183814,2010169496,62.7194099206999,13.5628204345703,73.9520904309959,,43.7381667125328
LTE,Late-demographic dividend,1997,7097.32228174139,1991505992,63.0454891129349,15.7378396987915,73.5991265830319,,42.6951652446523
LTE,Late-demographic dividend,1996,6837.45613660664,1972254664,63.4136919013761,10.9699296951294,73.2225923360034,,41.6647598813731
LTE,Late-demographic dividend,1995,6631.61742034211,1952702058,63.8841281319625,13.1485595703125,72.7743296743327,,40.6367066362096
LTE,Late-demographic dividend,1994,6414.78626141477,1932650915,64.1513314922953,9.59955978393555,72.4410713447268,,40.1888040462805
LTE,Late-demographic dividend,1993,6354.66147168961,1912010271,64.5277823409406,8.26807022094727,72.0804798006863,,39.7613121958892
LTE,Late-demographic dividend,1992,6288.47965404527,1890820460,64.9272815039757,8.59311008453369,71.7428872972784,,39.351868105284
LTE,Late-demographic dividend,1991,6502.05149318433,1868272190,65.2899050037504,8.48853015899658,71.5474099615389,,38.9489225625353
LTE,Late-demographic dividend,1990,6637.56041137622,1844718134,65.6503480521778,8.10820007324219,71.217503730483,,38.4112256777608
LCN,Latin America & Caribbean,2024,19954.1496595019,662185614,51.4208134654431,69.1448211669922,78.6901670808698,,81.2716849224706
LCN,Latin America & Caribbean,2023,19651.7333890663,657616519,51.2405561157355,71.2024765014648,78.5278424712148,816.199426229249,81.0435031875464
LCN,Latin America & Caribbean,2022,19355.0766860444,653108131,51.1771610783708,68.1069488525391,77.6477505906217,732.077211521163,80.8277330006255
LCN,Latin America & Caribbean,2021,18696.3210341683,649236092,50.3522028340306,66.2070007324219,75.1946359184726,673.508345214622,80.6341875645003
LCN,Latin America & Caribbean,2020,17508.6173350597,645498187,47.9649197766993,63.2403602600098,76.5741438950871,590.885593157634,80.4373918656823
LCN,Latin America & Caribbean,2019,18883.1868618303,640962372,52.0805413223399,60.8130187988281,78.1712167613133,661.879991697161,80.2273019080141
LCN,Latin America & Caribbean,2018,18893.7989523752,635778081,51.5981868332282,59.5662803649902,78.0639488923239,678.196454377282,80.019051151549
LCN,Latin America & Caribbean,2017,18744.6242855123,630414986,51.2452858693284,58.6132698059082,77.8502242580295,739.436479369295,79.8285331741903
LCN,Latin America & Caribbean,2016,18550.8729173978,624737786,50.9594393418127,56.9438400268555,77.7423085651911,655.698700817697,79.6161243552428
LCN,Latin America & Caribbean,2015,18762.9039878165,618868462,50.8003879699869,54.5983505249023,77.7506200092505,682.328296273033,79.4004597252698
LCN,Latin America & Caribbean,2014,18852.4281125219,612849401,50.4513507218182,53.226261138916,77.5847791205089,764.606149531184,79.185365448744
LCN,Latin America & Caribbean,2013,18766.917591694,606683307,50.7308557262385,51.3348808288574,77.4120854644502,759.778531553803,78.9755056336712
LCN,Latin America & Caribbean,2012,18433.7387345819,600420316,50.9045620701882,50.1114196777344,77.2435444285447,725.93494406431,78.7697906096959
LCN,Latin America & Caribbean,2011,18150.5882548775,594086829,50.5783665175557,48.682430267334,77.0537653284811,726.823051423349,78.5717207273562
LCN,Latin America & Caribbean,2010,17550.7377870024,587752505,50.94873319087,46.9485702514648,76.4730384624768,638.268486621135,78.37135488215
LCN,Latin America & Caribbean,2009,16665.1020164418,581388129,51.4353873796754,45.2948799133301,76.5419899621829,537.954762172632,78.1635374830328
LCN,Latin America & Caribbean,2008,17242.6454978629,574908733,50.8603348771581,43.8180084228516,76.3651854574886,542.190518399797,77.950737593591
LCN,Latin America & Caribbean,2007,16820.2801252913,568345245,50.8690136732244,40.501091003418,76.135541970418,471.865542425534,77.7312607437126
LCN,Latin America & Caribbean,2006,16172.0518023451,561751999,50.8199398997431,42.713680267334,75.8993448849456,395.877355864769,77.5042941356727
LCN,Latin America & Caribbean,2005,15565.1750239356,555120780,50.4830471381835,34.7931289672852,75.6381822242983,340.033715210499,77.266868551194
LCN,Latin America & Caribbean,2004,15159.8546462837,548455563,49.8122231239195,32.8613395690918,75.2808680519765,280.635231020958,76.9954336361577
LCN,Latin America & Caribbean,2003,14567.691251088,541643365,49.1089723313449,31.1989707946777,74.9764816217521,247.559167878752,76.6914735334426
LCN,Latin America & Caribbean,2002,14398.1472983889,534691591,48.5925922332787,29.3838195800781,74.6884519344373,236.419682552944,76.3512501777298
LCN,Latin America & Caribbean,2001,14517.4981001165,527572583,48.1404914798661,27.2950191497803,74.2793313722256,273.756343439891,75.976045174242
LCN,Latin America & Caribbean,2000,14662.98009358,520272118,47.6273355975045,25.7670402526856,73.9663704040795,282.193679838271,75.5652938767543
LCN,Latin America & Caribbean,1999,14363.687175835,512730984,47.505682002416,24.2853908538818,73.6216736149299,,75.0958154393426
LCN,Latin America & Caribbean,1998,14501.2773704622,504952583,47.2313977777697,,73.2142648197132,,74.5682610771802
LCN,Latin America & Caribbean,1997,14298.0230325412,497097004,46.7500560420316,,73.0203452449824,,74.020546839668
LCN,Latin America & Caribbean,1996,13773.1725950955,489235073,45.6860494733737,,72.6230377535677,,73.5008520297039
LCN,Latin America & Caribbean,1995,13463.6944120733,481309028,45.8356542034202,,72.2692593444436,,73.023563308086
LCN,Latin America & Caribbean,1994,13570.0746408401,473328616,44.9930024657977,,71.8998335283338,,72.5730135794419
LCN,Latin America & Caribbean,1993,13103.0483830762,465325731,44.271786378589,,71.5707174998384,,72.1364154101887
LCN,Latin America & Caribbean,1992,12734.9200437577,457245250,43.4818143643331,,71.2197139210468,,71.6945218171849
LCN,Latin America & Caribbean,1991,12603.5714249853,449128999,42.7755663023042,,70.8809439518549,,71.2311970322501
LCN,Latin America & Caribbean,1990,12425.5780914071,440958144,42.5245273766161,,70.4674119768333,,70.7505182769898
LAC,Latin America & Caribbean (excluding high income),2024,19114.9636573284,622564181,51.4480100759585,66.2140274047852,78.4321927726368,,81.1587710342698
LAC,Latin America & Caribbean (excluding high income),2023,18872.9989096637,618190397,51.3186581316498,68.5136566162109,78.2680700680155,769.182757433836,80.9255861415046
LAC,Latin America & Caribbean (excluding high income),2022,18604.9631264863,613861839,51.2771555905815,65.3075790405273,77.4090063626432,689.108261314266,80.7043500381091
LAC,Latin America & Caribbean (excluding high income),2021,17991.1283749974,610122057,50.549872566997,63.3224296569824,74.8436236433625,628.903455537878,80.5058130551037
LAC,Latin America & Caribbean (excluding high income),2020,16883.6083104718,606535582,48.0317324807415,60.434928894043,76.2569340348838,553.91125089194,80.3040110850269
LAC,Latin America & Caribbean (excluding high income),2019,18195.6679220187,602249777,52.1232073820698,57.6823501586914,77.9238884060927,625.54860894948,80.0895983954183
LAC,Latin America & Caribbean (excluding high income),2018,18213.6232664927,597518751,51.6614215584383,56.2083702087402,77.804822176399,641.218783295966,79.8777853019987
LAC,Latin America & Caribbean (excluding high income),2017,18078.2959124229,592522502,51.353154658895,55.1335983276367,77.5994910150708,708.202232748272,79.6816524224664
LAC,Latin America & Caribbean (excluding high income),2016,17879.6160960042,587206002,51.0841800877237,53.3245391845703,77.4837221734781,627.547817762521,79.4649263007294
LAC,Latin America & Caribbean (excluding high income),2015,18116.8775494236,581649117,50.9038924502021,50.8181610107422,77.4962916213557,658.199565034184,79.2439673946642
LAC,Latin America & Caribbean (excluding high income),2014,18231.5556349808,575915671,50.5234542555468,49.3772888183594,77.3357552179958,745.450301691212,79.0227573337338
LAC,Latin America & Caribbean (excluding high income),2013,18162.1070321562,570030910,50.8557077035996,47.3746109008789,77.1630667291113,740.074327074727,78.8064966818605
LAC,Latin America & Caribbean (excluding high income),2012,17843.9103583108,564057086,51.0585373908221,46.1567611694336,77.0025631662061,709.664865838534,78.5940283945465
LAC,Latin America & Caribbean (excluding high income),2011,17612.8529378709,558007918,50.7797010220716,44.7460708618164,76.8049823982389,714.959753619363,78.3888872646348
LAC,Latin America & Caribbean (excluding high income),2010,17037.1271662537,551960581,51.2571499354376,42.9734916687012,76.1915216933675,627.712492654115,78.1876870618433
LAC,Latin America & Caribbean (excluding high income),2009,16146.6158745104,545898245,51.8454157077064,41.386848449707,76.2761775679444,528.666795970581,77.9792598810571
LAC,Latin America & Caribbean (excluding high income),2008,16733.096469667,539713061,51.2320804339549,39.911018371582,76.0984711590656,534.147320268985,77.7652858794026
LAC,Latin America & Caribbean (excluding high income),2007,16321.8321811757,533442703,51.3191735449391,37.2084007263184,75.8601754419298,464.927590532076,77.5435954919696
LAC,Latin America & Caribbean (excluding high income),2006,15689.2144065463,527135313,51.3165075703927,40.6704711914062,75.6176002025944,389.006188275715,77.3134268945943
LAC,Latin America & Caribbean (excluding high income),2005,15100.9407755949,520792375,51.0044286309093,32.6487998962402,75.3494434661635,333.449206730627,77.0716845184147
LAC,Latin America & Caribbean (excluding high income),2004,14714.1889558771,514373324,50.3798517917787,31.3449993133545,74.980834921618,273.652512568084,76.7954618472755
LAC,Latin America & Caribbean (excluding high income),2003,14161.0919133732,507870430,49.6669950369857,29.7565593719482,74.6736288003785,241.630770636812,76.4817960478969
LAC,Latin America & Caribbean (excluding high income),2002,14013.3139307931,501234679,49.1789303393923,27.9552898406982,74.3662822355502,230.584472924668,76.1296531171983
LAC,Latin America & Caribbean (excluding high income),2001,14150.3174722497,494443065,48.6826715575565,25.8667907714844,73.9489651507025,268.820547254515,75.741687308366
LAC,Latin America & Caribbean (excluding high income),2000,14331.7839148575,487480396,48.1548591089127,24.4446392059326,73.6405343894172,276.718444956662,75.3186541658514
LAC,Latin America & Caribbean (excluding high income),1999,14044.8795352472,480290143,47.9958998100716,22.8930206298828,73.2930958830113,,74.8366696263766
LAC,Latin America & Caribbean (excluding high income),1998,14203.2697588857,472884494,47.7233485835717,,72.8770915617665,,74.2980782628212
LAC,Latin America & Caribbean (excluding high income),1997,14033.9004995701,465414409,47.2589338321158,,72.6922023176416,,73.7422132507215
LAC,Latin America & Caribbean (excluding high income),1996,13535.3863903502,457961655,46.1887758361728,,72.2849538938262,,73.219936639156
LAC,Latin America & Caribbean (excluding high income),1995,13245.8298079587,450462160,46.3882574162665,,71.9185420021964,,72.7452544086427
LAC,Latin America & Caribbean (excluding high income),1994,13406.2896778261,442904735,45.5477205925451,,71.5393433594519,,72.299580209222
LAC,Latin America & Caribbean (excluding high income),1993,12942.1253667728,435329971,44.827055598657,,71.2002451342357,,71.8683411887273
LAC,Latin America & Caribbean (excluding high income),1992,12586.8045095486,427679842,44.0377955729954,,70.8370964491766,,71.4296235628738
LAC,Latin America & Caribbean (excluding high income),1991,12513.826042173,419987984,43.3497845718337,,70.4845116414196,,70.9660912262246
LAC,Latin America & Caribbean (excluding high income),1990,12355.3054990239,412240357,43.166274712863,,70.0767410227611,,70.4834058496492
TLA,Latin America & the Caribbean (IDA & IBRD countries),2024,19845.1254630959,647003746,51.6986261209599,69.2237701416016,78.6196732593341,,81.2720096738405
TLA,Latin America & the Caribbean (IDA & IBRD countries),2023,19551.7411981811,642397939,51.5049005114493,71.2273330688477,78.4565461239632,815.300226297436,81.0398075940594
TLA,Latin America & the Caribbean (IDA & IBRD countries),2022,19259.412041102,637837815,51.4313365004695,68.0386428833008,77.5706567627934,731.083036553733,80.8195255101746
TLA,Latin America & the Caribbean (IDA & IBRD countries),2021,18609.1190317645,633862610,50.5840329987644,66.0611724853516,75.1310094600796,672.712481297088,80.621099914497
TLA,Latin America & the Caribbean (IDA & IBRD countries),2020,17418.680012511,630051021,48.1513843569585,63.107738494873,76.470564922146,579.294045090621,80.4192977316043
TLA,Latin America & the Caribbean (IDA & IBRD countries),2019,18791.1714822657,625467307,52.331706135581,60.6788597106934,78.1019526424818,654.635269750467,80.2043693016899
TLA,Latin America & the Caribbean (IDA & IBRD countries),2018,18808.0604001973,620274430,51.8380702465177,59.4458694458008,77.9924168111689,671.941089009649,79.992282192881
TLA,Latin America & the Caribbean (IDA & IBRD countries),2017,18653.3433106036,614776664,51.4873411609278,58.4714012145996,77.7873103074233,733.765560892935,79.7952284112037
TLA,Latin America & the Caribbean (IDA & IBRD countries),2016,18455.8801433133,609017063,51.2039985042131,56.9252281188965,77.6630322460488,648.459181358459,79.5767193908271
TLA,Latin America & the Caribbean (IDA & IBRD countries),2015,18670.717514529,603091701,51.0509770433769,54.5019912719727,77.6684473054998,675.637724305284,79.3548258170168
TLA,Latin America & the Caribbean (IDA & IBRD countries),2014,18762.6257531749,597023419,50.7077467269552,53.0253791809082,77.4999910763127,761.976801878057,79.1330503121854
TLA,Latin America & the Caribbean (IDA & IBRD countries),2013,18676.7799220997,590809938,51.0035913174152,50.9379806518555,77.318773937239,760.195365496209,78.9165836181544
TLA,Latin America & the Caribbean (IDA & IBRD countries),2012,18340.3089340631,584524334,51.195532130806,49.4501800537109,77.1486864810038,727.927931463268,78.7047750052812
TLA,Latin America & the Caribbean (IDA & IBRD countries),2011,18055.3042757769,578171855,50.8732202573454,47.6015510559082,76.9576240294939,726.976954542189,78.5011436720577
TLA,Latin America & the Caribbean (IDA & IBRD countries),2010,17448.2598325074,571822092,51.264174878158,45.504810333252,76.3646448980124,638.340784983717,78.2956488991946
TLA,Latin America & the Caribbean (IDA & IBRD countries),2009,16550.9833188907,565454932,51.7506316452833,43.4007301330566,76.4417727896307,534.467313644727,78.0831498466914
TLA,Latin America & the Caribbean (IDA & IBRD countries),2008,17128.9043164926,558968822,51.1798198572244,41.8422584533691,76.260984347994,540.165436739077,77.8652582829749
TLA,Latin America & the Caribbean (IDA & IBRD countries),2007,16696.6218868769,552399650,51.1999141560246,38.6761207580566,76.0244940701139,469.174815545155,77.640229259954
TLA,Latin America & the Caribbean (IDA & IBRD countries),2006,16038.2861869901,545805913,51.1643010292695,41.4487190246582,75.7824041287695,395.495292411491,77.4071292343337
TLA,Latin America & the Caribbean (IDA & IBRD countries),2005,15420.2917523643,539188798,50.8478080829509,33.811408996582,75.5148056766805,339.675448509304,77.1629019596436
TLA,Latin America & the Caribbean (IDA & IBRD countries),2004,15003.8237166523,532556401,50.192956786501,31.9897899627686,75.1494770602642,281.174540891774,76.8832936904596
TLA,Latin America & the Caribbean (IDA & IBRD countries),2003,14430.216561199,525787222,49.4806764014149,30.7224006652832,74.8339399564674,247.462050804773,76.5695191433335
TLA,Latin America & the Caribbean (IDA & IBRD countries),2002,14257.7222031593,518881965,48.9687771395155,28.9547290802002,74.5510826266701,236.404421460454,76.2174147776475
TLA,Latin America & the Caribbean (IDA & IBRD countries),2001,14382.1387890536,511809816,48.5201771310159,26.847620010376,74.1393741852489,274.992905550895,75.8280638419443
TLA,Latin America & the Caribbean (IDA & IBRD countries),2000,14549.3372608149,504556065,48.0120986955371,25.3151798248291,73.8301239298509,284.08364673607,75.4082129013231
TLA,Latin America & the Caribbean (IDA & IBRD countries),1999,14256.9607203277,497065139,47.8933442267384,23.832950592041,73.4774981728485,,74.9284998402689
TLA,Latin America & the Caribbean (IDA & IBRD countries),1998,14413.6490756706,489346270,47.6465385248667,,73.0648304786362,,74.3870089422667
TLA,Latin America & the Caribbean (IDA & IBRD countries),1997,14223.7229627084,481555614,47.1598754732632,,72.8748860687446,,73.8305337178038
TLA,Latin America & the Caribbean (IDA & IBRD countries),1996,13704.1157785271,473775482,46.0822939404126,,72.4773775413139,,73.3062879840329
TLA,Latin America & the Caribbean (IDA & IBRD countries),1995,13396.4986932028,465939463,46.2662362414099,,72.1183650671824,,72.8257755071835
TLA,Latin America & the Caribbean (IDA & IBRD countries),1994,13517.3711604967,458042874,45.4031213293918,,71.7411040787438,,72.3709700889016
TLA,Latin America & the Caribbean (IDA & IBRD countries),1993,13054.0314577269,450131381,44.6606021008528,,71.4063989763738,,71.930246214289
TLA,Latin America & the Caribbean (IDA & IBRD countries),1992,12691.1338514121,442150885,43.8318001083221,,71.0454667561795,,71.4865473717798
TLA,Latin America & the Caribbean (IDA & IBRD countries),1991,12567.6202754437,434138780,43.0826351796579,,70.6931050699025,,71.02604618495
TLA,Latin America & the Caribbean (IDA & IBRD countries),1990,12390.7892115963,426091608,42.8051499585933,,70.2784286298254,,70.5522852549576
LDC,Least developed countries: UN classification,2024,3956.39663716034,1186668913,52.6590253592678,9.76963043212891,69.0780212174755,,36.1583212100394
LDC,Least developed countries: UN classification,2023,3891.73641004671,1159744187,53.3432748285886,9.76751041412354,68.8709631931539,47.1167386189336,35.6888977222996
LDC,Least developed countries: UN classification,2022,3851.7539627313,1133564482,51.8829832636338,9.36460971832275,68.1360876141382,47.759406094258,35.2521934518586
LDC,Least developed countries: UN classification,2021,3753.1278014194,1108233065,51.6576828111393,9.13545036315918,66.7114636992433,48.1824454570162,34.8106741074615
LDC,Least developed countries: UN classification,2020,3741.39972817227,1082754466,51.5871138637737,8.91592979431152,67.3583805066531,43.5824295346523,34.3799933582931
LDC,Least developed countries: UN classification,2019,3830.88853350413,1057170371,52.0093571168643,8.9495096206665,67.3177885319202,42.6402286239909,33.9542997559168
LDC,Least developed countries: UN classification,2018,3726.77808267188,1032309742,52.1701046683528,8.47437953948975,66.9285227685258,44.606592137406,33.5099096116646
LDC,Least developed countries: UN classification,2017,3628.8467447362,1008260714,52.1019566282907,8.02999019622803,66.3007819204031,43.7602227355742,33.0338857488887
LDC,Least developed countries: UN classification,2016,3530.49118814527,984757534,52.0138043316412,7.91112995147705,65.911606534225,42.9537467618986,32.5615637568186
LDC,Least developed countries: UN classification,2015,3444.48573373338,961916563,52.3697420245482,7.66230010986328,65.4571476307937,43.3198978854134,32.1000663267792
LDC,Least developed countries: UN classification,2014,3352.66131202589,939749332,52.770831298174,7.38334989547729,65.060144513568,43.6680456926318,31.6474007044254
LDC,Least developed countries: UN classification,2013,3241.36780220136,917783039,53.3969088064761,7.26621007919312,64.7326038101454,41.3174516198532,31.1964735168481
LDC,Least developed countries: UN classification,2012,3129.10024240458,896237933,53.2406934003789,6.97966003417969,64.154708420798,38.0589446484464,30.7678755749609
LDC,Least developed countries: UN classification,2011,3051.43683302234,875269186,54.1394769347565,6.64685010910034,63.3513772170969,36.3832955931103,30.3566815515875
LDC,Least developed countries: UN classification,2010,2980.94840851133,854941316,54.1760903401274,6.15480995178223,62.8210521085352,32.9625009502665,29.9273951664358
LDC,Least developed countries: UN classification,2009,2867.15245697277,835266189,53.8879376106578,5.46717977523804,62.3412010474045,32.0393199303347,29.4686997453348
LDC,Least developed countries: UN classification,2008,2806.96555455219,815835455,53.5942511564592,4.7536997795105,61.4167909249365,31.2165805808575,28.9877215658902
LDC,Least developed countries: UN classification,2007,2691.00800844867,797076099,53.4974422360266,4.29583978652954,61.2495666487291,26.6540030804229,28.4552997421588
LDC,Least developed countries: UN classification,2006,2556.63271986189,778789026,53.3574114460674,4.02852010726929,60.6039274099002,22.6033827041661,27.9983947849888
LDC,Least developed countries: UN classification,2005,2440.11770369825,760310134,53.5165115098943,3.67182993888855,59.8747121873254,19.2157003669988,27.5088909962302
LDC,Least developed countries: UN classification,2004,2321.65342191161,742302769,53.5579229703338,3.34641003608704,59.2455383699429,16.9925716814447,27.028124416625
LDC,Least developed countries: UN classification,2003,2227.39805845854,724713713,53.5911748522176,3.28115010261536,58.6576669790437,14.4611974881022,26.5603771715792
LDC,Least developed countries: UN classification,2002,2164.86433866971,706880665,53.6618019816851,3.19180011749268,57.9920856237558,12.6051901393184,26.1192955266477
LDC,Least developed countries: UN classification,2001,2101.00285697336,689505567,53.7028625089652,3.15340995788574,57.3872916843383,11.5684129102104,25.7000042420153
LDC,Least developed countries: UN classification,2000,2048.71959919672,673273787,53.7183218019794,2.75809001922607,56.7550259722068,11.6057609128975,25.2928484467998
LDC,Least developed countries: UN classification,1999,2009.58049558818,657282408,53.7487625951474,2.51041007041931,56.1190871622251,,24.8999321067343
LDC,Least developed countries: UN classification,1998,1976.74633745167,641091745,53.710202732741,2.27692008018494,55.3896879060574,,24.5211917191596
LDC,Least developed countries: UN classification,1997,1950.68947966068,624981579,53.6558405615441,2.14593005180359,55.0821453141885,,24.1544462380056
LDC,Least developed countries: UN classification,1996,1900.50440579373,609120975,53.6351909424556,2.04165005683899,54.5910938919728,,23.8167625433268
LDC,Least developed countries: UN classification,1995,1846.55167883725,593309261,53.5568404520017,1.92712998390198,54.2237158038798,,23.4898811137205
LDC,Least developed countries: UN classification,1994,1793.32284426074,577710180,53.3503152290179,1.86963999271393,53.5400328097159,,23.118473275543
LDC,Least developed countries: UN classification,1993,1832.89513349639,562170402,53.1935058359029,1.84651005268097,53.2707740921237,,22.7326161596903
LDC,Least developed countries: UN classification,1992,1891.5115404983,546604195,53.1770609140731,1.68464004993439,52.6372432367818,,22.3865356838702
LDC,Least developed countries: UN classification,1991,1936.47394486678,532302593,53.1024048157233,1.67496001720428,51.8437183086274,,22.0249658888834
LDC,Least developed countries: UN classification,1990,1952.07525314564,519409097,52.9441038555512,1.63887000083923,52.4230053016032,,21.5833900508364
LMY,Low & middle income,2024,13612.7879900807,6722971301,47.7265384442573,40.6683197021484,74.4159097292483,,52.8061674651841
LMY,Low & middle income,2023,13155.1620681372,6654784822,47.6697378202199,40.1506500244141,74.285170600512,319.998423368315,52.5071871488085
LMY,Low & middle income,2022,12688.9670294297,6590522389,46.8725703854769,38.7465896606445,74.0048991397688,310.053897751789,52.2288701723598
LMY,Low & middle income,2021,12294.6891013589,6527758150,46.4704511757797,37.670711517334,71.9977928938694,288.500970764422,51.9053998647644
LMY,Low & middle income,2020,11605.6207814452,6460393883,45.4210561497117,36.1845703125,73.2239308698021,252.960696498692,51.4188594538107
LMY,Low & middle income,2019,11942.5710199999,6387395177,46.869218259356,34.9742393493652,73.6333381534481,250.110629856494,51.0178827228954
LMY,Low & middle income,2018,11619.79598111,6311329885,46.9567532128527,33.8543395996094,73.4138155598684,243.177825281173,50.513558376457
LMY,Low & middle income,2017,11215.7885981508,6233470764,47.1063999283808,33.2974815368652,73.1302214307713,234.982527022959,49.9511508416674
LMY,Low & middle income,2016,10798.4518286632,6153938165,47.2638962897965,32.794319152832,72.8791323128389,218.707618046406,49.4002817533326
LMY,Low & middle income,2015,10435.5053265179,6075072158,47.419582071663,32.0386199951172,72.6214856545053,221.29285957191,48.8131137351494
LMY,Low & middle income,2014,10105.0781953344,5996036961,47.4698543856549,30.8090496063232,72.3635872654861,226.131529774297,48.164746904256
LMY,Low & middle income,2013,9755.16890460974,5915255859,47.6859375223832,27.7896900177002,72.0906174267681,218.766817749199,47.5558053161274
LMY,Low & middle income,2012,9388.20025846692,5834053766,47.8752169305785,26.689640045166,71.7949110643996,204.550015215053,46.898793612362
LMY,Low & middle income,2011,9057.29727616674,5752146479,48.2338140463242,25.072639465332,71.4314114926904,192.520289878571,46.3060209061561
LMY,Low & middle income,2010,8663.85763037059,5672202320,48.4867787472683,23.3844699859619,71.0930479021484,166.161294932361,45.4142988752394
LMY,Low & middle income,2009,8152.22412560338,5593414145,48.9063375338995,22.0478706359863,70.7620006866834,144.090619735682,44.9146397964738
LMY,Low & middle income,2008,7977.46088036183,5515409827,49.1785547961946,21.0682907104492,70.3332294258824,137.330277239075,44.296632656456
LMY,Low & middle income,2007,7671.7507012782,5438471388,49.6345072129257,19.884069442749,70.1124786688423,116.18225292646,43.7313443578033
LMY,Low & middle income,2006,7185.63014243261,5362644527,49.8538545431734,19.260139465332,69.7457857397926,97.7385691552569,43.0721632114442
LMY,Low & middle income,2005,6762.59683515012,5286284172,50.273636405876,17.5257091522217,69.3627892436405,85.428487381047,42.4448632923241
LMY,Low & middle income,2004,6413.33308387559,5210186432,50.3558583273297,16.6049003601074,68.8969599069222,72.93364825848,41.841609047877
LMY,Low & middle income,2003,6049.20754417552,5134151809,50.488034895423,15.5921096801758,68.666647122141,63.5208404762119,41.2362776973907
LMY,Low & middle income,2002,5806.43177431994,5058611691,50.5877034324925,14.490909576416,68.3011191790036,56.7765564912927,40.5840748665473
LMY,Low & middle income,2001,5631.10697990246,4982645927,50.7972906533001,13.2077798843384,67.9306955698657,58.2655819326632,39.9394437986361
LMY,Low & middle income,2000,5516.65071098444,4905832166,50.9521942680369,12.4054298400879,67.5970491280404,58.9298884823493,39.3441966399783
LMY,Low & middle income,1999,5320.55870168961,4828702462,51.0514891700655,11.7023696899414,67.2135262140829,,38.632397416452
LMY,Low & middle income,1998,5215.30941351259,4750833060,51.1032487484101,10.935079574585,66.8829605784441,,37.9724008848814
LMY,Low & middle income,1997,5155.3722704368,4672049917,51.0769445020995,10.9356899261475,66.6120844609798,,37.3104086645529
LMY,Low & middle income,1996,4987.6535921003,4593154555,51.1066128864115,8.94536972045898,66.2939840704795,,36.6523950074319
LMY,Low & middle income,1995,4792.63014171768,4514148949,51.1989347634801,9.5264196395874,65.9935864679831,,36.0045792667334
LMY,Low & middle income,1994,4678.32670210015,4435669010,51.242461501445,8.73950004577637,65.6803800650882,,35.5933345346271
LMY,Low & middle income,1993,4587.73474985262,4357137200,51.1558869352104,8.10177993774414,65.4312200410877,,35.1856666266002
LMY,Low & middle income,1992,4502.70450087412,4277557740,51.3644361851235,8.32701015472412,65.0711642280467,,34.7802916369441
LMY,Low & middle income,1991,4439.30867556387,4197582653,51.4321824156478,7.38492012023926,64.7191048938804,,34.3685041952259
LMY,Low & middle income,1990,4440.58679169367,4116772079,51.5660066155274,7.04365015029907,64.4710103391272,,33.8897253463067
MEA,"Middle East, North Africa, Afghanistan & Pakistan",2024,14391.405949633,813173936,19.7405604786147,30.5883903503418,74.3443826124432,,55.6954503331851
MEA,"Middle East, North Africa, Afghanistan & Pakistan",2023,14315.2058223182,797801454,19.7801593904483,29.4885005950928,74.1164334662742,310.969724717209,55.4304551226559
MEA,"Middle East, North Africa, Afghanistan & Pakistan",2022,14260.8818255762,782349366,19.2038883925233,29.0203094482422,73.7909718520495,304.783955176052,55.12536380356
MEA,"Middle East, North Africa, Afghanistan & Pakistan",2021,13667.9618940942,767578451,19.5883594650344,29.0271797180176,71.888396493753,294.888636725992,54.8188568175474
MEA,"Middle East, North Africa, Afghanistan & Pakistan",2020,13261.5451067803,756405281,19.2557433194363,29.1186408996582,72.2976246443229,277.315342121299,54.6812240122644
MEA,"Middle East, North Africa, Afghanistan & Pakistan",2019,13875.4354818805,742714463,20.0458350911069,28.7565402984619,73.4196229728458,276.604898950364,54.4404080887212
MEA,"Middle East, North Africa, Afghanistan & Pakistan",2018,13857.6977166328,730362334,19.9759665959993,27.5954303741455,73.1639393673421,277.246934086199,54.2444653262483
MEA,"Middle East, North Africa, Afghanistan & Pakistan",2017,13738.7112789254,718887744,20.784490192352,27.428840637207,72.9394908356558,287.67052775355,54.0927613956461
MEA,"Middle East, North Africa, Afghanistan & Pakistan",2016,13660.6647261647,707023525,21.2291491100509,27.3845596313477,72.64742666564,280.363793333504,53.9026375690062
MEA,"Middle East, North Africa, Afghanistan & Pakistan",2015,13274.4834148132,694232973,21.0850188228097,27.3423900604248,72.3305833469531,275.945184678584,53.6392632351358
MEA,"Middle East, North Africa, Afghanistan & Pakistan",2014,13125.9569108265,680716578,20.5223107693239,26.5790405273438,72.1063014389486,281.936310466207,53.3224917392575
MEA,"Middle East, North Africa, Afghanistan & Pakistan",2013,12974.7088043422,667464006,20.3406954892715,25.056209564209,71.8240125916211,266.514616894441,52.9394246896376
MEA,"Middle East, North Africa, Afghanistan & Pakistan",2012,12998.8237760191,653273442,20.3108734459906,24.2461700439453,71.5784804464945,263.576317132359,52.3441905145837
MEA,"Middle East, North Africa, Afghanistan & Pakistan",2011,12878.6633569426,639053870,20.064185586662,22.6371307373047,71.4398204329674,248.633930530043,51.8428269722488
MEA,"Middle East, North Africa, Afghanistan & Pakistan",2010,12644.5287639675,624828664,20.2490366235469,21.9949893951416,71.2278028727517,218.14772021924,51.496551443161
MEA,"Middle East, North Africa, Afghanistan & Pakistan",2009,12328.590525863,612128501,19.9446783362503,20.8137607574463,71.0018730345229,202.48528568994,51.2777903563857
MEA,"Middle East, North Africa, Afghanistan & Pakistan",2008,12410.3548378055,597799097,19.3164932927168,20.3561496734619,70.7601657353596,186.748752329642,50.9861350256982
MEA,"Middle East, North Africa, Afghanistan & Pakistan",2007,12172.6860848971,583743828,19.6894553730983,18.5128192901611,70.4509255604142,158.676155464358,50.6801329870905
MEA,"Middle East, North Africa, Afghanistan & Pakistan",2006,11838.3024594452,569898499,19.3763891253489,17.4537601470947,70.1107674155541,136.608882469712,50.3795976913063
MEA,"Middle East, North Africa, Afghanistan & Pakistan",2005,11466.1867676249,556210211,19.1377315938037,16.6329402923584,69.4227450593976,121.683320292599,50.1043079184128
MEA,"Middle East, North Africa, Afghanistan & Pakistan",2004,11163.9098849067,543086512,18.6754814294737,15.3806295394897,69.4021242509994,108.427592145805,49.8079884517661
MEA,"Middle East, North Africa, Afghanistan & Pakistan",2003,10590.2776590084,530338988,18.1803311220953,14.4425601959228,68.8669812043544,98.5574446724188,49.5183573887709
MEA,"Middle East, North Africa, Afghanistan & Pakistan",2002,10405.750570078,518193093,17.681395096538,13.8648300170898,68.6909575655873,98.7719924380713,49.2729068924265
MEA,"Middle East, North Africa, Afghanistan & Pakistan",2001,10387.1843453909,506478256,17.9360351009801,13.3735504150391,68.3249158589157,103.214306160753,49.0163705355735
MEA,"Middle East, North Africa, Afghanistan & Pakistan",2000,10396.7937182114,494850317,17.845779614534,12.7742900848389,67.9342810859198,100.067455641548,48.6994220205845
MEA,"Middle East, North Africa, Afghanistan & Pakistan",1999,10034.8137620933,483430509,17.5518300167543,12.4764604568481,67.5270175484025,,48.3917446505547
MEA,"Middle East, North Africa, Afghanistan & Pakistan",1998,9976.80086991378,472047033,17.0255806389883,11.4905395507812,67.0885300271757,,48.1136367616329
MEA,"Middle East, North Africa, Afghanistan & Pakistan",1997,9771.66464455899,460864078,16.8957161189127,10.7698402404785,66.7167380387488,,47.8381775323514
MEA,"Middle East, North Africa, Afghanistan & Pakistan",1996,9635.95562657862,449859387,16.5497669430617,9.96273994445801,66.4378789468865,,47.5291870524621
MEA,"Middle East, North Africa, Afghanistan & Pakistan",1995,9383.03781172441,438968860,16.2542397243506,9.19427967071533,66.1255957129939,,47.2943658540411
MEA,"Middle East, North Africa, Afghanistan & Pakistan",1994,9333.41089422049,428117445,16.9474691683356,8.82040977478027,65.8787457052387,,47.040615480922
MEA,"Middle East, North Africa, Afghanistan & Pakistan",1993,9335.05184735193,417150344,16.5983232679281,7.83796977996826,65.639641739836,,46.8080573109682
MEA,"Middle East, North Africa, Afghanistan & Pakistan",1992,9384.77241913592,405847278,16.5232430541113,7.46752023696899,65.3429197798451,,46.586614887069
MEA,"Middle East, North Africa, Afghanistan & Pakistan",1991,9109.86983671017,394251647,16.2768636143761,6.84116983413696,64.9602886298409,,46.2484226318818
MEA,"Middle East, North Africa, Afghanistan & Pakistan",1990,9219.82166050209,383279026,15.4493773856632,6.89602994918823,64.1919909714962,,45.9961417079418
MNA,"Middle East, North Africa, Afghanistan & Pakistan (excluding high income)",2024,9972.93614849708,741690916,17.7216987287405,,73.6788964274326,,52.6418305162983
MNA,"Middle East, North Africa, Afghanistan & Pakistan (excluding high income)",2023,9902.17620602616,729077445,17.7826678754986,,73.4627860931851,140.204332765848,52.4233912654293
MNA,"Middle East, North Africa, Afghanistan & Pakistan (excluding high income)",2022,9789.57382056453,716508657,17.2068372743102,,73.2232090207324,137.178960567695,52.1693289932022
MNA,"Middle East, North Africa, Afghanistan & Pakistan (excluding high income)",2021,9516.64668717139,704458802,17.7364285995514,,71.2416726795287,132.824474109095,51.9157887433595
MNA,"Middle East, North Africa, Afghanistan & Pakistan (excluding high income)",2020,9308.58068497712,692532027,17.4525668795672,,71.6112593778119,125.750005425982,51.6896857274925
MNA,"Middle East, North Africa, Afghanistan & Pakistan (excluding high income)",2019,9622.70742842857,680490997,18.4953207554151,,72.7830182850152,135.944696475486,51.461592912125
MNA,"Middle East, North Africa, Afghanistan & Pakistan (excluding high income)",2018,9610.53590554892,668447432,18.5420905376257,,72.5102309625214,139.902719650037,51.2278326304516
MNA,"Middle East, North Africa, Afghanistan & Pakistan (excluding high income)",2017,9558.34316749669,656767614,19.5012053950759,,72.2742156149164,159.087335046839,51.0212891329828
MNA,"Middle East, North Africa, Afghanistan & Pakistan (excluding high income)",2016,9412.5084550993,645837915,19.9015710635288,,71.984650054145,158.319363742984,50.8273618824722
MNA,"Middle East, North Africa, Afghanistan & Pakistan (excluding high income)",2015,9038.56259409523,635352686,19.832171788223,,71.6781896472253,159.772759933662,50.6192148296493
MNA,"Middle East, North Africa, Afghanistan & Pakistan (excluding high income)",2014,8991.33075661477,624564062,19.3140787898556,,71.4730452783777,161.57789085985,50.3756426552581
MNA,"Middle East, North Africa, Afghanistan & Pakistan (excluding high income)",2013,8907.44506975348,613151287,19.188501970048,,71.1992384920263,158.090976950287,50.0190261281607
MNA,"Middle East, North Africa, Afghanistan & Pakistan (excluding high income)",2012,8984.93510074166,601566988,19.1930276875326,,70.9691812336736,167.647661012941,49.4690950778976
MNA,"Middle East, North Africa, Afghanistan & Pakistan (excluding high income)",2011,8988.59983471501,589646039,19.0271325783323,,70.8436889977394,158.778757989943,49.0044547569398
MNA,"Middle East, North Africa, Afghanistan & Pakistan (excluding high income)",2010,9052.10818995059,577396038,19.2926786115311,,70.6335817576988,140.539041915876,48.6902296244778
MNA,"Middle East, North Africa, Afghanistan & Pakistan (excluding high income)",2009,8831.71489382729,565038251,19.0444395751903,,70.4019009310927,127.401517091482,48.4373440390892
MNA,"Middle East, North Africa, Afghanistan & Pakistan (excluding high income)",2008,8753.13707659614,552681993,18.4109132907897,,70.1701173825613,115.762752686957,48.2030779120363
MNA,"Middle East, North Africa, Afghanistan & Pakistan (excluding high income)",2007,8627.73711127116,540838105,18.8375957171312,,69.8774550162502,96.7627295637141,47.9731071044676
MNA,"Middle East, North Africa, Afghanistan & Pakistan (excluding high income)",2006,8323.68223524681,529158464,18.5293508879687,,69.5431181173713,81.046497753379,47.7512660052196
MNA,"Middle East, North Africa, Afghanistan & Pakistan (excluding high income)",2005,8068.28257623881,517240777,18.3126427545505,,68.841842277984,71.8909347897181,47.5319300484683
MNA,"Middle East, North Africa, Afghanistan & Pakistan (excluding high income)",2004,7872.21759398132,505618583,17.851430196945,,68.8411974537064,63.553445589671,47.2746226620702
MNA,"Middle East, North Africa, Afghanistan & Pakistan (excluding high income)",2003,7478.85875079651,494288606,17.3436480240947,,68.3042602702994,55.5453882427863,47.0179434083517
MNA,"Middle East, North Africa, Afghanistan & Pakistan (excluding high income)",2002,7465.73272422958,483540516,16.8445309043941,,68.1436179982896,56.1663704367494,46.8109363292773
MNA,"Middle East, North Africa, Afghanistan & Pakistan (excluding high income)",2001,7371.3767408889,473223662,17.1127562630029,,67.7818417745462,57.0200978953891,46.5949768183905
MNA,"Middle East, North Africa, Afghanistan & Pakistan (excluding high income)",2000,7317.26035832222,462980522,17.0141287909588,,67.3949774193014,55.0209389217475,46.3147883353373
MNA,"Middle East, North Africa, Afghanistan & Pakistan (excluding high income)",1999,7073.21431976136,452793419,16.710991910292,,66.9929647414742,,46.0361872413199
MNA,"Middle East, North Africa, Afghanistan & Pakistan (excluding high income)",1998,6940.76365209991,442475967,16.1875032438276,,66.5509758284215,,45.7779826960693
MNA,"Middle East, North Africa, Afghanistan & Pakistan (excluding high income)",1997,6724.19615178702,432334916,16.061867633774,,66.1805070813444,,45.522367050748
MNA,"Middle East, North Africa, Afghanistan & Pakistan (excluding high income)",1996,6651.3884649242,422368926,15.7061962844688,,65.9072387237236,,45.2328933548873
MNA,"Middle East, North Africa, Afghanistan & Pakistan (excluding high income)",1995,6422.97697967729,412447289,15.4051011092545,,65.6025149900363,,45.0182072926502
MNA,"Middle East, North Africa, Afghanistan & Pakistan (excluding high income)",1994,6374.46813239502,402475400,16.1672720459389,,65.3603124379496,,44.7764052412726
MNA,"Middle East, North Africa, Afghanistan & Pakistan (excluding high income)",1993,6394.88694570012,392371485,15.8350741496157,,65.1275188792614,,44.5552855492408
MNA,"Middle East, North Africa, Afghanistan & Pakistan (excluding high income)",1992,6457.88712751725,381995940,15.7905599148448,,64.8413495387548,,44.3544397090982
MNA,"Middle East, North Africa, Afghanistan & Pakistan (excluding high income)",1991,6308.17792595976,371610655,15.5773132803932,,64.4648837826117,,44.0731693787532
MNA,"Middle East, North Africa, Afghanistan & Pakistan (excluding high income)",1990,6460.15430040162,361322200,14.7064085341409,,63.6732233918841,,43.8152532717867
TMN,"Middle East, North Africa, Afghanistan & Pakistan (IDA & IBRD)",2024,10015.7953971077,736401764,17.7216987287405,,73.6747006710979,,52.3941964396274
TMN,"Middle East, North Africa, Afghanistan & Pakistan (IDA & IBRD)",2023,9934.12763020633,723911670,17.7826678754986,,73.4770417283655,138.738077507188,52.1776709218643
TMN,"Middle East, North Africa, Afghanistan & Pakistan (IDA & IBRD)",2022,9819.10765239761,711465045,17.1951837122223,,73.180426710938,135.665737678531,51.925275557204
TMN,"Middle East, North Africa, Afghanistan & Pakistan (IDA & IBRD)",2021,9544.65393425022,699536053,17.7377104892209,,71.2043460678062,131.194717308625,51.6735754616086
TMN,"Middle East, North Africa, Afghanistan & Pakistan (IDA & IBRD)",2020,9336.60440871316,687728758,17.4593515315983,,71.5685230446706,124.429475733351,51.4495362826798
TMN,"Middle East, North Africa, Afghanistan & Pakistan (IDA & IBRD)",2019,9646.79140996012,675805691,18.4960609602807,,72.7453994561589,134.686334431318,51.2234331146053
TMN,"Middle East, North Africa, Afghanistan & Pakistan (IDA & IBRD)",2018,9633.85835874122,663878345,18.5478328076139,,72.4743341977644,138.635536441969,50.9917156514723
TMN,"Middle East, North Africa, Afghanistan & Pakistan (IDA & IBRD)",2017,9580.54922221665,652312809,19.5131426340615,,72.2387732439968,158.055271163238,50.7866571436082
TMN,"Middle East, North Africa, Afghanistan & Pakistan (IDA & IBRD)",2016,9433.37331636818,641470827,19.9175331429971,,71.9493057110552,157.358811613511,50.5924176765155
TMN,"Middle East, North Africa, Afghanistan & Pakistan (IDA & IBRD)",2015,9059.41391427741,631082594,19.8439233193227,,71.6431586927265,158.912484998384,50.385107716384
TMN,"Middle East, North Africa, Afghanistan & Pakistan (IDA & IBRD)",2014,9012.30780450401,620390664,19.3315044477734,,71.4445616330814,160.550691705319,50.1424314222312
TMN,"Middle East, North Africa, Afghanistan & Pakistan (IDA & IBRD)",2013,8926.7135503703,609074579,19.2095255494993,,71.1652354637119,156.958699881176,49.7861078087819
TMN,"Middle East, North Africa, Afghanistan & Pakistan (IDA & IBRD)",2012,9005.54949728912,597586990,19.2117275237815,,70.9364756619895,166.77722955891,49.2354754411305
TMN,"Middle East, North Africa, Afghanistan & Pakistan (IDA & IBRD)",2011,9010.52759049832,585763053,19.0479346657826,,70.8124309797294,157.78716341065,48.7709197134048
TMN,"Middle East, North Africa, Afghanistan & Pakistan (IDA & IBRD)",2010,9076.89041241803,573609877,19.3245012311235,,70.6034420424487,140.018203256574,48.4579212313616
TMN,"Middle East, North Africa, Afghanistan & Pakistan (IDA & IBRD)",2009,8855.99168481009,561349152,19.0711497787007,,70.3755862034508,126.780026071251,48.2068846515889
TMN,"Middle East, North Africa, Afghanistan & Pakistan (IDA & IBRD)",2008,8778.68857917021,549090016,18.4328302650604,,70.1432764509429,115.205391260363,47.9748067174573
TMN,"Middle East, North Africa, Afghanistan & Pakistan (IDA & IBRD)",2007,8653.73763157619,537343609,18.8598958402592,,69.8479314634551,96.4215660809456,47.7479439125995
TMN,"Middle East, North Africa, Afghanistan & Pakistan (IDA & IBRD)",2006,8347.93200878985,525752130,18.5584941084924,,69.5131373166383,80.5732025348774,47.5309166902311
TMN,"Middle East, North Africa, Afghanistan & Pakistan (IDA & IBRD)",2005,8089.64903827668,513920381,18.3444081080548,,68.8087815564908,71.331811402318,47.3188148610601
TMN,"Middle East, North Africa, Afghanistan & Pakistan (IDA & IBRD)",2004,7894.73920422743,502381957,17.8798531853104,,68.8104600125885,62.991830485538,47.0702774116332
TMN,"Middle East, North Africa, Afghanistan & Pakistan (IDA & IBRD)",2003,7503.40085813174,491133637,17.3710496106741,,68.2719226371209,55.1851594392889,46.8235027124864
TMN,"Middle East, North Africa, Afghanistan & Pakistan (IDA & IBRD)",2002,7492.5839251724,480465143,16.8826883214469,,68.1129242647684,55.7463851142089,46.6273162735715
TMN,"Middle East, North Africa, Afghanistan & Pakistan (IDA & IBRD)",2001,7393.68924291584,470225878,17.1523878837007,,67.7509060561973,56.5235121099821,46.4220122140797
TMN,"Middle East, North Africa, Afghanistan & Pakistan (IDA & IBRD)",2000,7335.74567056542,460058369,17.0399410007306,,67.363049321054,54.4968243727188,46.1512025453053
TMN,"Middle East, North Africa, Afghanistan & Pakistan (IDA & IBRD)",1999,7086.45389810569,449944988,16.7329852631926,,66.9595070648659,,45.8805073396344
TMN,"Middle East, North Africa, Afghanistan & Pakistan (IDA & IBRD)",1998,6954.84271034817,439699399,16.2079954839735,,66.5162625971955,,45.6281861762213
TMN,"Middle East, North Africa, Afghanistan & Pakistan (IDA & IBRD)",1997,6740.03688747731,429628398,16.0842558116064,,66.1450734994462,,45.37613392504
TMN,"Middle East, North Africa, Afghanistan & Pakistan (IDA & IBRD)",1996,6668.86543267253,419780929,15.7284187509526,,65.8726318449766,,45.0918482320674
TMN,"Middle East, North Africa, Afghanistan & Pakistan (IDA & IBRD)",1995,6437.87751082351,409972623,15.4247356229678,,65.5685460787683,,44.8822863766536
TMN,"Middle East, North Africa, Afghanistan & Pakistan (IDA & IBRD)",1994,6389.38430101237,400109102,16.1913859378575,,65.3274769880077,,44.6448919171548
TMN,"Middle East, North Africa, Afghanistan & Pakistan (IDA & IBRD)",1993,6409.12436035239,390108809,15.8572914929724,,65.0961900608834,,44.4277831002169
TMN,"Middle East, North Africa, Afghanistan & Pakistan (IDA & IBRD)",1992,6471.5959466368,379832349,15.8124651762828,,64.8112258102689,,44.2305515477944
TMN,"Middle East, North Africa, Afghanistan & Pakistan (IDA & IBRD)",1991,6320.9543964451,369541810,15.5989314736703,,64.434953506873,,43.952064218506
TMN,"Middle East, North Africa, Afghanistan & Pakistan (IDA & IBRD)",1990,6472.6383761248,359343952,14.723562765685,,63.641333823863,,43.6967738647809
MIC,Middle income,2024,15025.1337351136,5975818672,47.0799681602452,45.849048614502,75.2669559410535,,55.0660835467752
MIC,Middle income,2023,14488.6453367075,5927622764,46.9885808585078,45.2288513183594,75.1310331461572,353.652823157167,54.7420083291234
MIC,Middle income,2022,13938.71550771,5882746344,46.3603657788674,43.5099105834961,74.9162050690027,341.902784730703,54.4326887515123
MIC,Middle income,2021,13477.1480288886,5838421323,45.9156789577271,42.1696281433105,72.7776305600826,317.147776777465,54.0812947662006
MIC,Middle income,2020,12685.0950213792,5789502859,44.7391317707977,40.3652191162109,74.0678075823724,277.112303362011,53.543730448338
MIC,Middle income,2019,13034.1513333008,5735139879,46.2436631206402,38.8922309875488,74.5308161489108,273.594359283376,53.1016369485035
MIC,Middle income,2018,12658.3244996246,5677402468,46.2934452342604,37.5371398925781,74.3206176569453,265.175174620183,52.5468329848241
MIC,Middle income,2017,12195.0632181132,5616970904,46.4152658905403,36.8061408996582,74.0766432175588,255.992022217377,51.9320485360666
MIC,Middle income,2016,11720.8222579728,5553928978,46.5316509645902,36.1310195922852,73.8232359175949,237.224613493272,51.3297823323889
MIC,Middle income,2015,11307.9180137805,5490559951,46.650946129959,35.1647186279297,73.5749939789258,239.56122992208,50.6857478753473
MIC,Middle income,2014,10935.2532861253,5425923034,46.6627077139039,33.6848106384277,73.3165129197494,244.488141087329,49.9726953069028
MIC,Middle income,2013,10542.026674052,5359014668,46.8330518498669,30.2436904907227,73.023825759766,236.389242842547,49.3147227686173
MIC,Middle income,2012,10125.510949148,5291702846,47.1116486576927,28.9237995147705,72.7455114840437,220.347721213285,48.6253515790537
MIC,Middle income,2011,9737.81435931152,5224254229,47.4122335005539,27.0884208679199,72.4132014685461,206.992484988271,48.0047713767066
MIC,Middle income,2010,9296.31778418793,5158880800,47.7171336019342,25.1767501831055,72.0380921730932,178.0796210473,47.0403033483919
MIC,Middle income,2009,8733.86163528882,5094380988,48.1595840777996,23.6839504241943,71.7366475240731,153.919620001281,46.4975357084807
MIC,Middle income,2008,8535.84090946808,5030372259,48.4407286043387,22.6201000213623,71.2873000555314,146.469915555814,45.8225269106267
MIC,Middle income,2007,8197.99268490885,4967108168,48.9096208579167,21.3201808929443,71.0954478884902,123.682970678785,45.2126380147461
MIC,Middle income,2006,7665.31771724037,4904910704,49.1173511850563,20.6190700531006,70.7472486205182,103.969709376121,44.4880456129603
MIC,Middle income,2005,7201.40053186685,4841973136,49.5379150422418,18.7371292114258,70.3871889530255,90.8328517614538,43.8019695175297
MIC,Middle income,2004,6820.50538313605,4778500089,49.6132230643297,17.7459907531738,69.9166865075951,77.4493119948345,43.1430073060853
MIC,Middle income,2003,6424.20602384843,4714626871,49.7441382172527,16.6544704437256,69.7022663065229,67.4031774189229,42.4841464500605
MIC,Middle income,2002,6156.3157470722,4651354120,49.8396595246803,15.4491596221924,69.3884300721516,60.2168191730392,41.772629183484
MIC,Middle income,2001,5965.0670590156,4587166020,50.053043945323,14.0644598007202,69.0165398666942,61.6356047370937,41.0729743134168
MIC,Middle income,2000,5839.15688660076,4520892472,50.211900228757,13.2096395492554,68.6870936142834,62.1988075388928,40.4343019229201
MIC,Middle income,1999,5622.72676657745,4454002200,50.3198381215957,12.4493198394775,68.3053806741316,,39.6708437113871
MIC,Middle income,1998,5503.3384952339,4386612062,50.3801061224916,11.6069202423096,67.9996937978687,,38.9632132361296
MIC,Middle income,1997,5436.38229390239,4317953411,50.3435108792516,11.5958404541016,67.7022547572652,,38.2551988285219
MIC,Middle income,1996,5255.64118230755,4248932284,50.3613927318823,9.43146991729736,67.3784161130256,,37.5495519858972
MIC,Middle income,1995,5045.74981253275,4179853300,50.4529391698394,10.0397396087647,67.056365565526,,36.8541940910132
MIC,Middle income,1994,4921.83961052995,4110771898,50.5125974094851,9.16520023345947,66.7131139522394,,36.4237303067416
MIC,Middle income,1993,4819.0321408954,4041747514,50.4248988671236,8.45808982849121,66.4376975412706,,35.9991623930295
MIC,Middle income,1992,4722.09677497986,3972120504,50.6405690388864,8.68519020080566,66.0946802682278,,35.5699743786244
MIC,Middle income,1991,4648.01430999731,3901045292,50.7201037991139,7.66303014755249,65.716366127907,,35.1387092148602
MIC,Middle income,1990,4646.25957151285,3827822600,50.8734690092811,7.29275989532471,65.423317013388,,34.6493909290445
NAC,North America,2024,73737.55979381,381330762,56.9928558511121,93.4133529663086,81.7167688151669,,80.4068310718763
NAC,North America,2023,72628.1971323768,376868838,57.1012024397245,97.1925277709961,81.3993586899537,12698.7344525575,80.3357102611225
NAC,North America,2022,71345.564015877,373011185,56.5727040709734,94.605712890625,80.5397336373834,11924.6950605155,80.2779687115812
NAC,North America,2021,69953.4846892959,370404678,56.1680348764287,100.868522644043,79.7821337214409,11505.0810084106,80.2350390902744
NAC,North America,2020,66040.8731205658,369671124,56.0969850719424,101.383178710938,80.3107143623225,11030.9216326206,80.2018987822716
NAC,North America,2019,67946.3411183071,367908829,57.3346190905226,100.672393798828,81.7025150233,9992.72741968316,80.2981427760977
NAC,North America,2018,66679.8386372116,365666028,56.945456268338,100.249130249023,81.4835096478484,9660.53793736176,80.4126136678733
NAC,North America,2017,65208.2856615564,363217262,56.8852455392197,100.083770751953,81.395525221152,9326.7061287435,80.5059159293977
NAC,North America,2016,64087.4542421837,360527592,56.5943264847355,100.247413635254,81.3980738886152,9045.88220949926,80.5816899364942
NAC,North America,2015,63503.57678579,357583083,56.461722458007,100.443840026855,81.4717070569013,8747.32526885579,80.6417223720746
NAC,North America,2014,62302.7654278932,354755155,56.7186003662731,100.259368896484,81.563497512581,8438.05301814995,80.6863203799841
NAC,North America,2013,61249.6479379237,351870848,56.9292022571024,100.530166625977,81.4668449928633,8117.86686961012,80.7164808734964
NAC,North America,2012,60442.1261871716,349116140,57.2915889539626,100.043838500977,81.4629586518083,7989.42877217773,80.7337652170105
NAC,North America,2011,59609.0873919323,346242415,57.4782081290617,99.7432708740234,81.3581006629755,7756.30697689534,80.739712124815
NAC,North America,2010,59088.9185210479,343447854,57.9646789522129,99.6065216064453,81.2535309102578,7561.25568309711,80.7342788376108
NAC,North America,2009,58023.6383008921,340465163,58.4481635061753,99.9669570922852,81.1419248006835,7292.85104928575,80.7058455421621
NAC,North America,2008,60117.4818737471,337404564,58.6623801959501,97.4585494995117,80.8432996656234,7078.0569544403,80.6296365766882
NAC,North America,2007,60581.9753282087,334183103,58.4621187972776,96.7256011962891,80.8290538387286,6861.78912618278,80.5118307958947
NAC,North America,2006,59957.8206045602,331013939,58.4776774086978,95.8585510253906,80.5586245852551,6502.88258605572,80.3600524141266
NAC,North America,2005,58908.2584676373,327822042,58.3402302099645,92.936653137207,80.3396773417809,6117.72962294646,80.178299105658
NAC,North America,2004,57467.3638694953,324806660,58.2838759830355,92.8610534667969,80.329651382079,5759.51678118708,79.9700743363795
NAC,North America,2003,55889.0635834998,321812780,58.5229421096571,90.4060592651367,79.9502715083049,5417.79823368656,79.7433061273244
NAC,North America,2002,54887.4019899778,319046534,58.533833492237,87.907356262207,79.8392872613834,5014.02615656326,79.5061441625505
NAC,North America,2001,54420.5866049262,316051677,58.5670668477628,82.1066284179688,79.7467772307104,4620.92748521486,79.2668217631087
NAC,North America,2000,54402.3453045356,312909691,58.6806935932721,76.4307632446289,79.548439240833,4297.41815364329,79.0345872598543
NAC,North America,1999,52798.9751017311,309502410,58.5158631699452,79.3320007324219,79.6180481977874,,78.7803174393787
NAC,North America,1998,50936.8171803254,306069812,58.3144978799426,,79.6887799003975,,78.462193644419
NAC,North America,1997,49330.7151815117,302623125,58.2679386362632,,79.5831855924356,,78.0904084714985
NAC,North America,1996,47799.0041600258,299064031,57.7468426494078,,79.3031764017059,,77.6805841694125
NAC,North America,1995,46677.7284439811,295639837,57.4988749637096,,79.1110476440903,,77.2457031249949
NAC,North America,1994,45994.6361911594,292185857,57.2959329764565,,79.1931099132936,,76.8025041667075
NAC,North America,1993,44735.8394519389,288662580,56.4637301648831,,79.0039031399788,,76.3738779810651
NAC,North America,1992,44109.5160995159,284943671,56.3894312200052,,79.2949739997302,,75.9830047124475
NAC,North America,1991,43294.678029107,281076404,56.0719919235663,,79.0891254468429,,75.6530359543402
NAC,North America,1990,44001.2866962696,277371697,56.1862867537897,,78.9910377781057,,75.4022585454572
OED,OECD members,2024,53798.0599443819,1396826761,53.3916911473839,87.4412078857422,82.9914759182159,,81.1863178943609
OED,OECD members,2023,53203.8203533137,1387846131,53.245552945382,88.4843215942383,82.8178107574242,5915.54267586571,81.0543158861621
OED,OECD members,2022,52633.5158572918,1378591781,52.6616946928747,87.3351821899414,82.2572250197568,5630.09565413039,80.949627748444
OED,OECD members,2021,51208.8336430486,1371780402,51.9818987132535,87.5278167724609,81.5402001557155,5716.25755236816,80.8557784895293
OED,OECD members,2020,48279.8578743016,1369306579,51.272101730968,84.8570404052734,81.8919912206108,5299.92923102032,80.7381377175693
OED,OECD members,2019,50499.1828634038,1364143219,52.5649984561221,83.3124237060547,82.9543616190159,4885.84558449251,80.6506763352269
OED,OECD members,2018,49885.2296815603,1356197538,52.1711421611228,81.8384780883789,82.7333542497641,4804.8720315435,80.5397753365218
OED,OECD members,2017,49000.2450341257,1348125258,51.897155721065,80.8792419433594,82.6306256922153,4593.86479128032,80.4525335528694
OED,OECD members,2016,47990.2203158456,1340141055,51.6219045432148,79.737419128418,82.6148732487789,4448.93897113615,80.3858291802831
OED,OECD members,2015,47398.5562028596,1331674197,51.3684447229093,77.7360916137695,82.4645275976843,4326.51774770484,80.2234048818443
OED,OECD members,2014,46491.7899829914,1323458714,51.2710104917525,76.5237197875977,82.6047134045527,4493.43503373231,79.9154420386729
OED,OECD members,2013,45741.9859886325,1315426979,51.2967451813912,75.5748901367188,82.3739269887616,4372.73206738339,79.5300893668637
OED,OECD members,2012,45281.102496489,1307733583,51.1988080389388,74.593132019043,82.2208890742933,4350.45469523628,79.1610424174922
OED,OECD members,2011,44960.672133865,1299644689,50.9160417127815,73.4595184326172,82.1064301477087,4341.01371046285,78.9249730148856
OED,OECD members,2010,44296.3842287079,1292701737,50.8159043947169,72.2191467285156,81.8956981646645,4047.09086608608,78.7569427727752
OED,OECD members,2009,43274.1924719738,1283973216,50.8028014912121,70.5608215332031,81.7421686127232,3918.85041658081,78.5473387767398
OED,OECD members,2008,45165.4822304847,1274711058,50.5463963904041,68.7090377807617,81.5134405342577,3878.71907113635,78.3181788893633
OED,OECD members,2007,45303.2152816216,1264728255,50.3177641498912,68.0050964355469,81.4098282081595,3626.28485957125,78.0642096289465
OED,OECD members,2006,44393.8812932118,1255746646,50.2146764243636,67.0416030883789,81.2055839241005,3337.2848700885,77.7888469764318
OED,OECD members,2005,43314.4668519001,1246656490,49.8874424082201,65.2981414794922,80.9239643097453,3166.51671804892,77.4936924595116
OED,OECD members,2004,42397.8667348579,1237896576,49.6147230679924,64.0339508056641,80.8191584839406,3002.68490622968,77.134919561599
OED,OECD members,2003,41333.2324314448,1229012217,49.6357078545297,62.2798881530762,80.4405189608957,2730.40249695169,76.724197088238
OED,OECD members,2002,40811.3471480594,1220101353,49.4857743775918,60.1331901550293,80.3403494683033,2407.63339586563,76.3049705223407
OED,OECD members,2001,40475.8813871568,1211109104,49.363948780277,57.1391181945801,80.2105907109047,2225.0142650724,75.9157928265237
OED,OECD members,2000,40219.7068164739,1202226474,49.381655817563,54.4045181274414,79.9472870440898,2149.39705600623,75.6030538705326
OED,OECD members,1999,38877.180707839,1193682861,49.3569748735848,52.6306304931641,79.6817814001028,,75.3329310710483
OED,OECD members,1998,37920.9012868331,1184928348,49.1899318140606,,79.6313985627579,,75.0780069909978
OED,OECD members,1997,37129.6562248437,1176191803,49.1992969916701,,79.4630780534562,,74.8029405924655
OED,OECD members,1996,36072.5872423758,1167149370,48.8747034421276,,79.1805254811895,,74.492445147224
OED,OECD members,1995,35240.9990035223,1158068699,48.6653416504076,,78.8972931058209,,74.1907075708973
OED,OECD members,1994,34580.6901712668,1148779736,48.5210013422311,,78.8365994073622,,73.9014128736818
OED,OECD members,1993,33779.8396070497,1139203498,47.9888129939627,,78.552017171875,,73.6070691009739
OED,OECD members,1992,33616.3121971947,1129039882,48.2523847957765,,78.5050722550445,,73.3200135856536
OED,OECD members,1991,33242.6352659394,1118410105,48.2399671570548,,78.250390439202,,73.0479404028669
OED,OECD members,1990,33168.2298311981,1107695519,47.9595183196997,,78.0642635524226,,72.7873021734631
OSS,Other small states,2024,25138.8563350085,12931878,51.4910398601972,27.8033199310303,76.3855703344643,,54.9615544244478
OSS,Other small states,2023,24612.8870286862,12822134,51.5329567666623,27.4822101593018,76.1568785561525,1203.88225536395,54.7413384725346
OSS,Other small states,2022,24168.7876712146,12699005,50.1309929885938,27.3390808105469,75.484525686682,1117.93956877042,54.4367375147272
OSS,Other small states,2021,23632.4052569572,12541889,49.3857960198844,26.9887790679932,74.4225664670521,1150.97538567959,54.2199717949652
OSS,Other small states,2020,22204.358146968,12417333,49.1818850081748,26.5848293304443,75.2477708734966,989.041056411903,54.0599291555754
OSS,Other small states,2019,23776.9773929696,12281907,50.1267476289484,25.8584804534912,75.2180397347426,930.960863900857,53.8727328667505
OSS,Other small states,2018,23016.1225593731,12135267,49.4388064038304,24.8972301483154,75.0229509548802,915.684368930563,53.6519140670653
OSS,Other small states,2017,22394.7899889508,11989367,49.2448093744498,24.4489707946777,74.7320121629158,833.968543908001,53.4441254377598
OSS,Other small states,2016,21627.6861621069,11851918,48.8576442890041,23.266149520874,74.3752736330908,761.486513338512,53.2560302540443
OSS,Other small states,2015,21083.6921175309,11722398,48.8277737174907,23.0772094726562,74.0349525463917,717.47568606246,53.0938477646158
OSS,Other small states,2014,20672.6945499764,11591200,48.195512529116,22.3184394836426,73.7105457886126,784.248841413371,52.9439535683465
OSS,Other small states,2013,20455.8345932464,11466589,48.1044108713912,21.7045593261719,73.3720570208932,747.145098275729,52.8229475994541
OSS,Other small states,2012,20484.2211190429,11346082,48.0201264708804,20.8219699859619,73.0255282112894,703.78445212039,52.7289447956897
OSS,Other small states,2011,20400.5925129711,11226214,47.7638324238647,19.4449501037598,72.5737085078759,733.855152737728,52.6428502012722
OSS,Other small states,2010,19867.3807612748,11112466,47.8373223211462,18.4758605957031,72.1875826660172,693.761529237095,52.5708962840155
OSS,Other small states,2009,19493.3000281391,10989567,47.4397892740433,18.0101203918457,71.6886747781445,691.330782751149,52.4747905219688
OSS,Other small states,2008,20642.7124569961,10862640,47.3280221878897,16.1377601623535,71.253080035119,750.965363519624,52.3216948638063
OSS,Other small states,2007,20725.0165004664,10730365,46.9925225894421,14.6981496810913,70.8819052905164,673.620423278128,52.1433573807164
OSS,Other small states,2006,19972.170220709,10601352,46.9686727479546,13.6645097732544,70.5284864191926,573.130311793115,51.9795232738831
OSS,Other small states,2005,19025.7152123296,10479844,46.5423349529559,13.525239944458,70.2214440217285,542.800898012148,51.8462582464214
OSS,Other small states,2004,18438.7138473718,10371059,46.1618818069205,13.1293802261353,69.9289919532097,488.808744539987,51.7171153727948
OSS,Other small states,2003,17897.0165687635,10269557,46.2737759897232,12.5368499755859,69.7127067204443,419.440350347494,51.5855834027652
OSS,Other small states,2002,17362.7308684968,10136134,45.3961089539321,11.6556100845337,69.6477729220732,359.742568985926,51.517528369826
OSS,Other small states,2001,17039.3162165268,9961679,45.1287557190011,11.3563995361328,69.4360098823176,313.739274872019,51.5216368911635
OSS,Other small states,2000,16811.3428576562,9788238,45.2003492433775,10.2037496566772,69.201966844073,319.910678357728,51.5353428587807
OSS,Other small states,1999,15713.3051451393,9758520,45.2324194751663,9.80947017669678,68.1404669621278,,51.1009868607931
OSS,Other small states,1998,15436.1925254732,9746302,45.2103319496711,10.0380802154541,67.9901600238982,,50.6308449016616
OSS,Other small states,1997,15253.3468311571,9618823,45.2924531574601,8.91767978668213,68.2389335004645,,50.5767002560793
OSS,Other small states,1996,14515.944591082,9493131,45.0394524482429,8.71982002258301,68.2125412298158,,50.5495647225914
OSS,Other small states,1995,14229.3530959369,9389918,45.0005016583116,7.6806001663208,67.9717274087363,,50.5499560352562
OSS,Other small states,1994,13728.8105704333,9328189,45.0068456448026,7.24440002441406,67.8418256986539,,50.5001017351715
OSS,Other small states,1993,13497.7360767486,9249106,44.9255726905305,6.88909006118774,68.0474849560178,,50.4551055178647
OSS,Other small states,1992,13520.1132843319,9201490,45.0085099655351,7.32040977478027,68.1657819973457,,50.4977561431469
OSS,Other small states,1991,14091.5376279518,9131087,45.4298029359378,6.18835020065308,68.1274448322837,,50.5099253063484
OSS,Other small states,1990,14423.3468603592,8949306,45.8514878914631,6.12101984024048,68.0694439521297,,50.3546897234971
PSS,Pacific island small states,2024,7314.41647178348,2722467,53.792523589903,27.4796695709229,71.4962009126733,,40.5632799632706
PSS,Pacific island small states,2023,7145.20419623831,2689224,53.5905746382427,27.5376396179199,71.310095009647,234.298336830729,40.2526358335376
PSS,Pacific island small states,2022,6703.99054222771,2656049,53.3098636591013,27.3597297668457,71.1310357217328,228.226159867358,39.9427900823495
PSS,Pacific island small states,2021,6133.27337662878,2625493,52.6959029087015,27.1326904296875,69.4887722437995,265.263233002078,39.6583318985728
PSS,Pacific island small states,2020,6398.88980378789,2595522,52.1253967670527,26.3406391143799,70.6907316226206,227.820353598018,39.4509108653665
PSS,Pacific island small states,2019,7345.58196205993,2568656,53.4991348089838,25.5657196044922,70.6340150829173,226.264029255156,39.2708800377762
PSS,Pacific island small states,2018,7370.26163890891,2542009,53.4872020772252,24.9279003143311,70.6150544766737,217.726443231222,39.0330726122061
PSS,Pacific island small states,2017,7249.20252559116,2509999,53.4464745127394,24.0401706695557,70.6418854866438,189.672446994708,38.8043513180851
PSS,Pacific island small states,2016,7044.71064474168,2477794,53.2376363399564,23.1144695281982,70.3269175977483,185.426164810969,38.5106153371305
PSS,Pacific island small states,2015,6896.50177083272,2445989,53.7542561061035,22.1812801361084,70.4096688942436,177.995108423985,38.2258875864973
PSS,Pacific island small states,2014,6710.09392298631,2414338,54.2577274025102,21.1269702911377,70.3708475765781,185.365653231477,37.9658622454185
PSS,Pacific island small states,2013,6531.90012102663,2382931,54.7026860643139,20.0052795410156,70.2073598125371,177.072067466154,37.7261145063194
PSS,Pacific island small states,2012,6386.94052753522,2351924,55.2139280525601,18.8361797332764,70.0457830877356,176.404466568278,37.5021404218298
PSS,Pacific island small states,2011,6402.09924410503,2320899,55.7291814946895,17.6935806274414,70.3679734508101,163.359225207776,37.2915597502513
PSS,Pacific island small states,2010,6266.69938542944,2289399,54.7130043398999,16.4887599945068,70.2532852819189,151.415096684753,37.0835259513667
PSS,Pacific island small states,2009,6128.78865472213,2262456,54.197088224969,15.1652297973633,69.8232675517243,146.721591434268,36.7882107583247
PSS,Pacific island small states,2008,6237.22081249056,2240739,53.6294446948372,13.8479204177856,69.9565904415659,150.050372396979,36.4580807336993
PSS,Pacific island small states,2007,6191.93685021462,2218230,53.0729424418451,12.508279800415,69.7984781020492,145.971920203499,36.1307516644457
PSS,Pacific island small states,2006,6270.20561026621,2194265,52.4575568673532,11.1715097427368,69.8048311187774,139.540128866858,35.8286942547922
PSS,Pacific island small states,2005,6203.63940608642,2170029,51.4861468507068,9.82830047607422,69.6999750883303,138.541264199658,35.5766876832043
PSS,Pacific island small states,2004,6151.76388674443,2145505,52.0426254531083,9.73622035980225,69.5535272488036,116.518901463803,35.3445584610991
PSS,Pacific island small states,2003,5969.03144612377,2120592,52.1769282592158,9.65295028686523,69.4795772026322,94.9725034187979,35.1147126058522
PSS,Pacific island small states,2002,5941.54718486772,2095273,52.3088771868623,9.32981967926025,69.3396907622434,88.3824422971553,34.8877089235958
PSS,Pacific island small states,2001,5877.75118308161,2069097,52.3094874101084,8.88702964782715,69.6585169873365,79.4335892004223,34.6619604187205
PSS,Pacific island small states,2000,5881.81676747283,2042274,52.2747273351442,8.73042011260986,69.5778399825357,82.6006911322602,34.4384447632436
PSS,Pacific island small states,1999,6050.7249525707,2014289,52.2054335484392,8.74849987030029,69.7099759070941,,34.1974856474306
PSS,Pacific island small states,1998,5826.61645152408,1984859,52.2498776139937,8.36081027984619,69.5976354815514,,33.9523197386815
PSS,Pacific island small states,1997,5835.05607310425,1954642,52.3160345116101,8.04135990142822,69.4199815383361,,33.7032414288025
PSS,Pacific island small states,1996,6010.66699919422,1926342,52.3535988229565,7.65884017944336,69.3320444597655,,33.4636365909517
PSS,Pacific island small states,1995,5884.83214446907,1901782,52.2225750835448,7.42337989807129,69.1924514661817,,33.2163720038968
PSS,Pacific island small states,1994,5736.46620206534,1878007,52.1454984734908,7.2248101234436,69.0330442424691,,32.9062099198703
PSS,Pacific island small states,1993,5549.63856144096,1853148,51.9138332125955,7.05389976501465,68.7815074009282,,32.5402661681108
PSS,Pacific island small states,1992,5520.87344527551,1827395,51.6398498552144,6.8888897895813,68.6226420308044,,32.1397547628134
PSS,Pacific island small states,1991,5330.58675721246,1801531,51.4353211757422,6.68126010894775,68.4162575774787,,31.7126402175536
PSS,Pacific island small states,1990,5472.29610727272,1775607,51.0794425281327,5.52772998809815,68.1916297722994,,31.2734378732107
PST,Post-demographic dividend,2024,59533.8945611197,1128299339,55.1548579416885,90.230339050293,83.7286304602393,,81.155010735299
PST,Post-demographic dividend,2023,58864.5073143586,1121263972,55.0748442664375,91.6308212280273,83.6109025955666,7413.23852188777,81.0611822262698
PST,Post-demographic dividend,2022,58044.4953903551,1117420833,54.6161208681798,90.4329528808594,83.007246645386,7086.1736773892,80.9329132113806
PST,Post-demographic dividend,2021,56629.4428654399,1116578102,53.8639566022122,91.6433868408203,82.6585612574203,6913.70050761654,80.8170398426815
PST,Post-demographic dividend,2020,53484.386473395,1117003860,53.5465500748996,89.6505432128906,82.9171734541714,6358.76046290451,80.7390351837835
PST,Post-demographic dividend,2019,55954.6056964726,1114895817,54.3248454880719,88.3454284667969,83.6910739160117,5831.50920900274,80.7012981435582
PST,Post-demographic dividend,2018,55143.3332401636,1111104033,53.9646156819669,86.9322814941406,83.457372502678,5719.28052644392,80.6405983623246
PST,Post-demographic dividend,2017,54108.2407867178,1107159559,53.7080558547606,86.4562911987305,83.3744339974956,5452.60851500304,80.5730252146896
PST,Post-demographic dividend,2016,52980.6671692557,1102965925,53.4011289046917,85.9167404174805,83.3590340660733,5275.02298467372,80.5121378696177
PST,Post-demographic dividend,2015,52274.7981957443,1097889139,53.1520428184724,85.4179916381836,83.1773146905308,5112.93998162001,80.4010549473574
PST,Post-demographic dividend,2014,51441.7405935107,1093024476,53.1273749719365,85.0870895385742,83.3202621342879,5284.81764224541,80.2993772705531
PST,Post-demographic dividend,2013,50706.4050971727,1088423167,53.0267385650957,84.6839370727539,83.0640402948243,5127.10763074032,80.1971413336001
PST,Post-demographic dividend,2012,50202.3862277536,1084193277,52.9358806516141,84.6116485595703,82.9047278890397,5103.12543291364,80.0815323364536
PST,Post-demographic dividend,2011,49888.7882058408,1079468050,52.8074605837274,84.5195388793945,82.813311023784,5082.95126159156,79.979849594125
PST,Post-demographic dividend,2010,49202.4977605287,1076208648,52.8330939236033,83.9062194824219,82.5656942798942,4725.59187383918,79.8703220718842
PST,Post-demographic dividend,2009,48022.2819554498,1071118156,52.9783192348047,83.5955429077148,82.4028970413417,4573.81851627166,79.7055116871316
PST,Post-demographic dividend,2008,50097.1139120419,1065603711,52.9430624614817,81.951301574707,82.124181842986,4500.1603493697,79.4966883073498
PST,Post-demographic dividend,2007,50178.5292615153,1059147302,52.7386328892374,81.0064315795898,82.0156596606095,4209.53153380327,79.2470932362782
PST,Post-demographic dividend,2006,49124.6017545878,1052866351,52.6174325145235,79.5431289672852,81.7931117875389,3878.69184430608,78.9744871154544
PST,Post-demographic dividend,2005,47910.7270616016,1047140108,52.2750591412389,77.1156692504883,81.4872448344047,3677.64494703088,78.6633587101345
PST,Post-demographic dividend,2004,46849.0191927991,1041890752,51.9822518002808,75.7602233886719,81.4062283782179,3488.0996185494,78.2915978306842
PST,Post-demographic dividend,2003,45591.7759389496,1036498631,51.8367513282567,73.1944580078125,81.0016095168323,3170.04298248973,77.8755246866235
PST,Post-demographic dividend,2002,44901.6600902881,1031302538,51.6843386139395,70.7113876342773,80.9138338723599,2787.47909876318,77.466320311897
PST,Post-demographic dividend,2001,44417.508802848,1026105872,51.4916011758442,67.0673904418945,80.8133111673241,2569.36477721755,77.103624844729
PST,Post-demographic dividend,2000,43905.492095485,1021150563,51.4632065487362,63.9485092163086,80.5585979700087,2477.35256407878,76.8279969572159
PST,Post-demographic dividend,1999,42376.7168957967,1015990094,51.2287616840711,62.3733406066895,80.3618074379469,,76.6112361480068
PST,Post-demographic dividend,1998,41168.2559180044,1011086034,50.9508971555777,,80.2882801884986,,76.4047891409902
PST,Post-demographic dividend,1997,40326.9427257722,1006102041,50.9299827823332,,80.1292991834564,,76.1686488760154
PST,Post-demographic dividend,1996,39231.8438928608,1000836719,50.5742490124126,,79.8472191817734,,75.8943168842411
PST,Post-demographic dividend,1995,38400.0230487946,995338472,50.2894009983273,,79.5663284337394,,75.6266486742284
PST,Post-demographic dividend,1994,37634.8163211918,990028770,50.1602315825495,,79.5696054635893,,75.3678449345985
PST,Post-demographic dividend,1993,36865.5991971415,984398082,49.7850389342354,,79.2580811615416,,75.0936237655065
PST,Post-demographic dividend,1992,36849.6200126583,978087877,49.8387500453727,,79.2859711976162,,74.8243375592485
PST,Post-demographic dividend,1991,36552.2289298025,971291914,49.7976866379342,,79.1304515683848,,74.571943120216
PST,Post-demographic dividend,1990,36519.9455134056,964371624,49.4981575567945,,78.9864418426981,,74.3350467055042
PRE,Pre-demographic dividend,2024,4654.29644706482,1104843110,63.044698665993,,64.2136985268529,,45.4428830887567
PRE,Pre-demographic dividend,2023,4616.90450089091,1077143557,63.1153646920957,,64.0049028174021,65.286827901308,44.944973511523
PRE,Pre-demographic dividend,2022,4622.84662154362,1050180429,59.9190293967139,,63.2143973524725,68.6305046490946,44.4496171500869
PRE,Pre-demographic dividend,2021,4534.67817255594,1024018110,59.881710916034,7.15902996063232,62.1719544251488,64.8410367574783,43.966697242761
PRE,Pre-demographic dividend,2020,4560.44774666763,997742595,59.4272751426469,7.01564979553223,62.5103611687895,58.8363731657314,43.4980819386669
PRE,Pre-demographic dividend,2019,4894.86910665179,971459360,60.3093547502644,6.91685009002685,62.3525205129956,57.5741584522018,43.0478017904088
PRE,Pre-demographic dividend,2018,4877.52526198822,945516605,60.5905315206705,6.84702014923096,61.9684018719333,56.1506000130814,42.6168705959194
PRE,Pre-demographic dividend,2017,4883.51888202169,919835947,60.9022698248124,6.69693994522095,61.3014009277225,57.5102082656623,42.1481736818509
PRE,Pre-demographic dividend,2016,4937.98687866513,894582467,61.5634499568527,6.59387016296387,60.9399882746009,59.5406046088633,41.6692983719903
PRE,Pre-demographic dividend,2015,4955.04368705216,869996107,61.7675750826901,6.45798015594482,60.5517127589261,61.8741806481895,41.1934386147893
PRE,Pre-demographic dividend,2014,4943.93909593226,845885930,62.0414335218367,6.34208011627197,60.218086940202,68.7256206455684,40.696367549657
PRE,Pre-demographic dividend,2013,4836.16367046518,821651825,62.6362189536587,6.22005987167358,59.9813825899888,67.1908704287985,40.1809529696697
PRE,Pre-demographic dividend,2012,4699.8157799984,797555707,62.3268754326027,5.91001987457275,59.4756579479964,61.6702470644718,39.6620389744185
PRE,Pre-demographic dividend,2011,4601.80263323492,774151525,63.2363577994507,5.48620986938477,58.7221279952349,58.8589056369694,39.1548370511869
PRE,Pre-demographic dividend,2010,4542.96699291196,751639870,63.2764820139803,5.31108999252319,58.5245245613204,53.8941162383128,38.6630102635042
PRE,Pre-demographic dividend,2009,4380.77455783827,729873044,63.5609342186186,5.04247999191284,57.9011975103506,52.3424228222144,38.1761069796309
PRE,Pre-demographic dividend,2008,4296.51657824143,708363596,63.8861586161297,4.8703498840332,57.5229416458791,55.279979358177,37.6700291238882
PRE,Pre-demographic dividend,2007,4156.31275431464,688282695,64.1902437869238,4.65030002593994,56.9838125777965,46.970525164413,37.1555611474693
PRE,Pre-demographic dividend,2006,4024.27616541647,669788208,64.3019422464631,4.55853986740112,56.3946569098574,40.330435423869,36.6576263996931
PRE,Pre-demographic dividend,2005,3897.99424559981,650889143,64.4221398529243,4.34191989898682,55.7536752783177,33.8796086868975,36.1336393443403
PRE,Pre-demographic dividend,2004,3785.58312127129,632030219,64.4969074214925,4.06207990646362,55.1382749669381,29.4908726690144,35.58240275822
PRE,Pre-demographic dividend,2003,3488.33290730793,613871091,64.52426108213,3.78667998313904,54.6110239605194,24.55262943658,35.0343111630443
PRE,Pre-demographic dividend,2002,3596.88399002625,595728391,64.6071349901173,3.52185010910034,54.0236688310165,17.1707053641135,34.5187705127511
PRE,Pre-demographic dividend,2001,3480.90890614231,578214152,64.6036876960495,3.22974991798401,53.5696890124234,16.3868806918109,34.0198965795573
PRE,Pre-demographic dividend,2000,3431.99058523226,562071710,64.5886947661168,2.96919989585877,53.0902433156119,16.36503280441,33.5256016821526
PRE,Pre-demographic dividend,1999,3345.85404324636,546555560,64.5636447626731,2.6657600402832,52.5897059900791,,33.072293405103
PRE,Pre-demographic dividend,1998,3308.60839607551,531140936,64.5325252800244,2.56022000312805,51.919075901562,,32.6544382493849
PRE,Pre-demographic dividend,1997,3188.36652614713,516443569,64.5868584324109,2.46443009376526,51.9436210858576,,32.2388326153585
PRE,Pre-demographic dividend,1996,3085.46952197498,503086910,64.6572918290477,2.34956002235413,51.7453386613339,,31.8231500862602
PRE,Pre-demographic dividend,1995,3002.29249935504,489818238,64.7236655976897,2.24866008758545,51.7416313834503,,31.4175489267357
PRE,Pre-demographic dividend,1994,3007.41310613781,474703936,64.6169760518308,2.18897008895874,51.7322689496034,,31.0455044041027
PRE,Pre-demographic dividend,1993,3110.53977591151,459209732,64.4656748022726,2.10181999206543,51.3167616037192,,30.6555492234219
PRE,Pre-demographic dividend,1992,3233.3324028651,445110952,64.4893167441763,2.01486992835998,50.7492618294723,,30.2429699805215
PRE,Pre-demographic dividend,1991,3248.59839417835,432818968,64.2814166544369,1.93942999839783,50.6460203716346,,29.817158460339
PRE,Pre-demographic dividend,1990,3606.54398991268,422186377,63.9721059639394,1.87627995014191,50.8662482947427,,29.307343146123
SST,Small states,2024,24725.3895821776,20193405,51.714026132595,27.7855892181396,75.7751995974733,,51.9275948240725
SST,Small states,2023,23393.3466796632,20031262,51.8144816145897,27.5055694580078,75.5739845491409,1008.72140097749,51.7493987022104
SST,Small states,2022,22478.8845331697,19852364,50.7777878782061,27.4231796264648,75.0512096764456,953.147727709784,51.5222800598785
SST,Small states,2021,21262.5948218682,19646549,49.8367135542283,27.2032699584961,73.4793797401833,964.438696145427,51.340072776001
SST,Small states,2020,20101.6503085454,19472157,49.3873225613268,26.9022693634033,74.695261192581,843.402903978223,51.2091700462085
SST,Small states,2019,21662.7739795661,19293697,51.0945323476456,26.3020191192627,74.6383638237909,811.643543754382,51.0510007537325
SST,Small states,2018,21165.1370912777,19084934,50.7218655713212,25.5584392547607,74.5587062327793,793.866190378651,50.8834075568435
SST,Small states,2017,20732.8384950461,18865506,50.4736490269545,25.2153701782227,74.3540432952322,737.742913227614,50.740519957361
SST,Small states,2016,20323.0292175365,18671045,50.1916377306901,24.2634792327881,74.0611683021793,681.723000451672,50.5823717773529
SST,Small states,2015,20214.6306771707,18482578,50.1428725096958,24.0306205749512,73.8134688802553,654.350530128462,50.4432480596759
SST,Small states,2014,19992.2837971004,18292084,49.859479599863,23.4895095825195,73.5838639062929,692.573503719694,50.3145535848893
SST,Small states,2013,19725.1292380478,18107202,49.7544299917475,23.0183601379394,73.2954343334135,664.001615191806,50.2078520957445
SST,Small states,2012,19647.9643191463,17926451,49.6767334219857,22.2943096160889,73.0081547056179,629.190196035618,50.1216411856977
SST,Small states,2011,19390.3808189536,17748220,49.3407620754247,20.9804592132568,72.731211763284,639.574729092561,50.0393878949867
SST,Small states,2010,19016.7659318866,17575200,49.3076100059995,20.2158393859863,72.4172409923513,604.299714141107,49.9789172474027
SST,Small states,2009,18696.6740492489,17398922,48.9955886496722,19.4195308685303,71.9951667891739,596.481093157385,49.9082927598953
SST,Small states,2008,19636.9550115867,17228345,48.9361478702532,17.7864608764648,71.6734001444057,630.039959000115,49.8031679131066
SST,Small states,2007,19592.5639538724,17047450,48.5274625077113,16.2823600769043,71.3540401563145,568.917573478167,49.6867101238797
SST,Small states,2006,18934.0339750992,16868546,48.5066125618892,15.1344900131226,71.0414744089213,492.69311745954,49.5866232129558
SST,Small states,2005,17926.7361863699,16699341,48.0159299094936,14.921480178833,70.7623235007591,462.973035502228,49.514592333948
SST,Small states,2004,17308.1619537788,16597133,47.5956172776066,14.815239906311,70.5094859160741,414.408609155649,49.467018684534
SST,Small states,2003,16725.5980095054,16441139,47.4100078937251,14.1416101455688,70.2854750912438,358.587209648316,49.3908235841846
SST,Small states,2002,16095.2953198447,16250203,46.5891061250375,13.2306900024414,70.1722109499603,311.81972778189,49.3388064786292
SST,Small states,2001,15729.0854144625,16017863,46.353025921415,12.6435298919678,70.020914524144,274.352885350345,49.3170929143434
SST,Small states,2000,15514.5363818178,15786741,46.3394225038784,11.4806604385376,69.7926427155798,278.299514679322,49.2961871752943
SST,Small states,1999,14708.7703636254,15698038,46.3445845829231,10.4447898864746,69.0893447800053,,49.0132665325929
SST,Small states,1998,14352.9783783546,15624755,46.3438922058493,10.5169496536255,68.9207874479887,,48.7080759429798
SST,Small states,1997,14087.3048454144,15435138,46.3879838900747,9.65139961242676,68.9859344017555,,48.6455187057093
SST,Small states,1996,13504.6264827435,15248657,46.2238531223099,9.34016036987305,68.9306162303935,,48.5964787964795
SST,Small states,1995,13164.0125114313,15087617,45.9699896976853,8.45853042602539,68.73881126027,,48.5593621248555
SST,Small states,1994,12769.542925409,14970002,45.8482043250385,8.03884983062744,68.622391816241,,48.4864786296708
SST,Small states,1993,12511.8296627357,14837410,45.6785185791529,7.64440011978149,68.6985080392902,,48.4092952534472
SST,Small states,1992,12548.4784954924,14735408,45.64310927289,7.84074020385742,68.7196543964406,,48.3853217284637
SST,Small states,1991,12772.7070111196,14610383,45.7539064251685,7.01462984085083,68.6239427125632,,48.3305901171016
SST,Small states,1990,12972.8696136279,14379862,45.9069354125681,6.61918020248413,68.518802535669,,48.1438344049349
SAS,South Asia,2024,9307.06752508413,1677384532,32.9751751800702,33.2730102539062,74.2248058465562,,35.462858724308
SAS,South Asia,2023,8796.72942063676,1662580579,32.0489509421954,32.8421783447266,73.9637279101968,82.4869859574525,35.137165500664
SAS,South Asia,2022,8308.38014181846,1648009565,30.8503437167079,30.917760848999,73.6410941912448,79.9919658936364,34.8137520955194
SAS,South Asia,2021,7815.21278442871,1634785356,29.2936701917322,30.2610607147217,69.4422159635494,75.4653344021482,34.5086968655354
SAS,South Asia,2020,7215.20736191888,1621073417,27.6197298280335,28.9023704528809,72.1945134353036,63.7995398712069,34.2000653894608
SAS,South Asia,2019,7660.41899011306,1605412986,28.0294677656731,28.1575508117676,72.5953541063795,60.4097547940249,33.8860664509609
SAS,South Asia,2018,7430.46384287571,1589164714,27.9107474591322,26.9306297302246,72.2636397195214,57.6271937496546,33.5735795082406
SAS,South Asia,2017,7055.83469512198,1572520427,27.8235308429986,25.8752498626709,71.9227090877332,56.5030929296534,33.2643876230047
SAS,South Asia,2016,6681.44601575684,1555111864,27.4711295642255,24.9898300170898,71.5800297066357,58.8470714953936,32.9532139923473
SAS,South Asia,2015,6259.31717310526,1537370078,27.4756377114581,24.7449493408203,71.1987636807667,56.7417052203767,32.6380348100917
SAS,South Asia,2014,5878.67479791218,1519839246,27.4599401227785,23.3754005432129,70.832755325255,54.5770272304796,32.3195810824512
SAS,South Asia,2013,5548.16105526486,1501661991,27.522545031389,21.5296096801758,70.4087644441132,53.3691511888425,32.0003773282425
SAS,South Asia,2012,5285.90684170559,1483553073,27.6560373998138,21.2051601409912,69.9848048457689,46.6152634556105,31.6728581018008
SAS,South Asia,2011,5069.45396503048,1464372623,28.4455398331414,18.8380107879639,69.5197085386451,46.3723319841827,31.3499145522495
SAS,South Asia,2010,4872.71064899734,1444967010,29.2342610765716,14.6814298629761,69.0418049363919,42.9875789328061,30.9636904041139
SAS,South Asia,2009,4566.50695762565,1425370200,30.0971109730211,12.9097204208374,68.5178403080799,36.6066043494591,30.540665970275
SAS,South Asia,2008,4309.94806835076,1406047164,30.9921741564104,11.946310043335,68.0744690893647,35.8991784899837,30.1090398673123
SAS,South Asia,2007,4222.24103901725,1386949456,31.9222066677018,10.4211397171021,67.5729766916877,33.6163714653392,29.674497317065
SAS,South Asia,2006,3983.25023893144,1367187349,32.8848724681128,9.31194972991943,67.1007444971861,27.8197395950161,29.2427297254624
SAS,South Asia,2005,3748.35844477212,1346886384,34.0358691281729,8.50257015228271,66.5977085957212,25.9963521416384,28.8194352543063
SAS,South Asia,2004,3536.63492979436,1325950587,33.9412344188754,8.3007698059082,65.9673745193455,23.6062832132497,28.410648569229
SAS,South Asia,2003,3343.17936577198,1304347790,33.8527400465169,8.12996006011963,65.5694142196942,20.7401925548585,28.0227929273744
SAS,South Asia,2002,3164.42111189042,1282584796,33.7671605392341,7.88865995407104,65.0301983536011,19.1463941065192,27.6624110938664
SAS,South Asia,2001,3103.92321367445,1260149056,33.6813652713437,7.48057985305786,64.4271961187195,18.6610216987411,27.3367176958249
SAS,South Asia,2000,3021.63279439044,1237185482,33.5859456199624,7.15493011474609,63.8972057408185,17.5952509504928,27.0411850503621
SAS,South Asia,1999,2957.79775686178,1214263809,33.0405338426587,7.07273006439209,63.3072854411946,,26.7673728216575
SAS,South Asia,1998,2786.01550520478,1191405930,32.5372409429016,,62.7736089078401,,26.5109397007103
SAS,South Asia,1997,2679.99154602438,1168625898,31.8515975344412,,62.2661617146232,,26.2685002057824
SAS,South Asia,1996,2622.89612404834,1145998648,31.2812863185543,,61.7731374097776,,26.0369490850968
SAS,South Asia,1995,2498.68327723447,1123515559,30.709604423782,,61.3077760353584,,25.8133346237754
SAS,South Asia,1994,2378.29855614022,1101305517,30.1873346073784,,60.8680044546506,,25.5945992808098
SAS,South Asia,1993,2281.98365680147,1079256381,30.0117571544634,,60.4088288381771,,25.3776107282218
SAS,South Asia,1992,2223.06499275144,1057074570,29.8487043254475,,59.9966331463543,,25.1598277406279
SAS,South Asia,1991,2153.67851336539,1035058149,29.7812400941786,,59.2339516672682,,24.9369783254067
SAS,South Asia,1990,2167.05307825032,1013297018,29.7323009498369,,59.1038502857765,,24.712827250679
TSA,South Asia (IDA & IBRD),2024,9307.06752508413,1677384532,32.9751751800702,33.2730102539062,74.2248058465562,,35.462858724308
TSA,South Asia (IDA & IBRD),2023,8796.72942063676,1662580579,32.0489509421954,32.8421783447266,73.9637279101968,82.4869859574525,35.137165500664
TSA,South Asia (IDA & IBRD),2022,8308.38014181846,1648009565,30.8503437167079,30.917760848999,73.6410941912448,79.9919658936364,34.8137520955194
TSA,South Asia (IDA & IBRD),2021,7815.21278442871,1634785356,29.2936701917322,30.2610607147217,69.4422159635494,75.4653344021482,34.5086968655354
TSA,South Asia (IDA & IBRD),2020,7215.20736191888,1621073417,27.6197298280335,28.9023704528809,72.1945134353036,63.7995398712069,34.2000653894608
TSA,South Asia (IDA & IBRD),2019,7660.41899011306,1605412986,28.0294677656731,28.1575508117676,72.5953541063795,60.4097547940249,33.8860664509609
TSA,South Asia (IDA & IBRD),2018,7430.46384287571,1589164714,27.9107474591322,26.9306297302246,72.2636397195214,57.6271937496546,33.5735795082406
TSA,South Asia (IDA & IBRD),2017,7055.83469512198,1572520427,27.8235308429986,25.8752498626709,71.9227090877332,56.5030929296534,33.2643876230047
TSA,South Asia (IDA & IBRD),2016,6681.44601575684,1555111864,27.4711295642255,24.9898300170898,71.5800297066357,58.8470714953936,32.9532139923473
TSA,South Asia (IDA & IBRD),2015,6259.31717310526,1537370078,27.4756377114581,24.7449493408203,71.1987636807667,56.7417052203768,32.6380348100917
TSA,South Asia (IDA & IBRD),2014,5878.67479791218,1519839246,27.4599401227785,23.3754005432129,70.832755325255,54.5770272304796,32.3195810824512
TSA,South Asia (IDA & IBRD),2013,5548.16105526486,1501661991,27.522545031389,21.5296096801758,70.4087644441131,53.3691511888425,32.0003773282425
TSA,South Asia (IDA & IBRD),2012,5285.90684170559,1483553073,27.6560373998138,21.2051601409912,69.9848048457689,46.6152634556105,31.6728581018008
TSA,South Asia (IDA & IBRD),2011,5069.45396503048,1464372623,28.4455398331414,18.8380107879639,69.5197085386451,46.3723319841827,31.3499145522495
TSA,South Asia (IDA & IBRD),2010,4872.71064899734,1444967010,29.2342610765716,14.6814298629761,69.0418049363919,42.9875789328061,30.9636904041139
TSA,South Asia (IDA & IBRD),2009,4566.50695762565,1425370200,30.0971109730211,12.9097204208374,68.5178403080799,36.6066043494592,30.540665970275
TSA,South Asia (IDA & IBRD),2008,4309.94806835076,1406047164,30.9921741564104,11.946310043335,68.0744690893647,35.8991784899837,30.1090398673123
TSA,South Asia (IDA & IBRD),2007,4222.24103901725,1386949456,31.9222066677018,10.4211397171021,67.5729766916877,33.6163714653392,29.674497317065
TSA,South Asia (IDA & IBRD),2006,3983.25023893144,1367187349,32.8848724681129,9.31194972991943,67.1007444971861,27.8197395950161,29.2427297254624
TSA,South Asia (IDA & IBRD),2005,3748.35844477212,1346886384,34.0358691281729,8.50257015228271,66.5977085957212,25.9963521416384,28.8194352543063
TSA,South Asia (IDA & IBRD),2004,3536.63492979436,1325950587,33.9412344188754,8.3007698059082,65.9673745193455,23.6062832132497,28.410648569229
TSA,South Asia (IDA & IBRD),2003,3343.17936577198,1304347790,33.8527400465169,8.12996006011963,65.5694142196942,20.7401925548585,28.0227929273744
TSA,South Asia (IDA & IBRD),2002,3164.42111189042,1282584796,33.7671605392341,7.88865995407104,65.0301983536011,19.1463941065192,27.6624110938664
TSA,South Asia (IDA & IBRD),2001,3103.92321367445,1260149056,33.6813652713437,7.48057985305786,64.4271961187195,18.6610216987411,27.3367176958249
TSA,South Asia (IDA & IBRD),2000,3021.63279439044,1237185482,33.5859456199624,7.15493011474609,63.8972057408185,17.5952509504928,27.0411850503621
TSA,South Asia (IDA & IBRD),1999,2957.79775686178,1214263809,33.0405338426587,7.07273006439209,63.3072854411946,,26.7673728216575
TSA,South Asia (IDA & IBRD),1998,2786.01550520478,1191405930,32.5372409429016,,62.7736089078401,,26.5109397007103
TSA,South Asia (IDA & IBRD),1997,2679.99154602438,1168625898,31.8515975344412,,62.2661617146232,,26.2685002057824
TSA,South Asia (IDA & IBRD),1996,2622.89612404834,1145998648,31.2812863185543,,61.7731374097776,,26.0369490850968
TSA,South Asia (IDA & IBRD),1995,2498.68327723447,1123515559,30.709604423782,,61.3077760353584,,25.8133346237754
TSA,South Asia (IDA & IBRD),1994,2378.29855614022,1101305517,30.1873346073784,,60.8680044546506,,25.5945992808098
TSA,South Asia (IDA & IBRD),1993,2281.98365680147,1079256381,30.0117571544634,,60.4088288381771,,25.3776107282218
TSA,South Asia (IDA & IBRD),1992,2223.06499275144,1057074570,29.8487043254475,,59.9966331463543,,25.1598277406279
TSA,South Asia (IDA & IBRD),1991,2153.67851336538,1035058149,29.7812400941786,,59.2339516672682,,24.9369783254067
TSA,South Asia (IDA & IBRD),1990,2167.05307825032,1013297018,29.7323009498369,,59.1038502857765,,24.712827250679
SSF,Sub-Saharan Africa,2024,4872.91556737875,1289936286,65.1826426464525,,64.9639367794567,,44.1495101463121
SSF,Sub-Saharan Africa,2023,4809.48422824725,1258809472,65.1338633879669,,64.7471527491954,79.3654150583237,43.639562828921
SSF,Sub-Saharan Africa,2022,4795.24715624599,1228187451,62.1359579412566,,63.9930253736317,84.9402456642482,43.1558281440802
SSF,Sub-Saharan Africa,2021,4720.48407808675,1198069722,61.663172375759,8.20186996459961,62.7739196912735,84.384351286224,42.6489634636483
SSF,Sub-Saharan Africa,2020,4677.92219768928,1168133785,61.3809535938493,8.0980396270752,63.3300136392722,74.6336640581291,42.1670568799491
SSF,Sub-Saharan Africa,2019,4962.55290682237,1138472475,62.6410146900082,7.95893001556396,63.1224263093326,75.7644771440423,41.7071031134135
SSF,Sub-Saharan Africa,2018,4963.20882492551,1109196428,63.093404592204,7.87963008880615,62.710875349147,76.2644789808074,41.2566428447246
SSF,Sub-Saharan Africa,2017,4953.2648572016,1080208893,63.566543059036,7.71869993209839,62.0686865838447,77.094841045757,40.7748446210958
SSF,Sub-Saharan Africa,2016,4956.58486807326,1052166739,64.1698075983083,7.55111980438232,61.6717631468952,75.8169337540862,40.3035222705197
SSF,Sub-Saharan Africa,2015,5019.95019038994,1024659421,64.599106134625,7.47914981842041,61.2098642532459,82.5345596656596,39.8380952067264
SSF,Sub-Saharan Africa,2014,5002.96695140382,997426231,64.986767124181,7.33116006851196,60.7815308857287,90.3702168395063,39.3567243486427
SSF,Sub-Saharan Africa,2013,4896.32543067071,970746312,65.7043608774754,7.20077991485596,60.4215066561655,92.8421638066783,38.8781029884112
SSF,Sub-Saharan Africa,2012,4775.8739329678,944523292,65.3499480588177,6.87937021255493,59.8460875070005,92.0302408004662,38.4195200457817
SSF,Sub-Saharan Africa,2011,4713.42233131106,919112234,66.005801848466,6.48812007904053,59.0303785151784,92.8304925094644,37.9761873273848
SSF,Sub-Saharan Africa,2010,4632.84408191438,894259855,65.9547349488516,6.29003000259399,58.6296551461947,85.6851226173168,37.5326696254384
SSF,Sub-Saharan Africa,2009,4479.1406301998,869926373,66.2756864936217,5.9407000541687,57.8631510446373,75.5779658469389,37.0894274944778
SSF,Sub-Saharan Africa,2008,4445.5273501557,846224198,66.6113523941924,5.58747005462646,57.3071384408059,75.5930351020549,36.6233967078065
SSF,Sub-Saharan Africa,2007,4337.79844704611,823124982,66.8394730416126,5.34794998168945,56.6145263754033,70.9227391878954,36.1012589693212
SSF,Sub-Saharan Africa,2006,4198.85922825456,800828364,66.9856626105357,5.20031976699829,55.8838220701368,63.974140168855,35.6421605036882
SSF,Sub-Saharan Africa,2005,4067.54686495063,779233636,67.0792837496485,4.99179983139038,55.1718913992499,57.3746369552643,35.1252647556364
SSF,Sub-Saharan Africa,2004,3941.14291024738,758237956,67.0925913374062,4.70325994491577,54.5884420521056,51.0211037402445,34.6111490644491
SSF,Sub-Saharan Africa,2003,3789.70221048341,737918076,67.076280403941,4.44037008285522,54.0575874361482,42.4429177498249,34.098059763338
SSF,Sub-Saharan Africa,2002,3734.54815647759,718276009,67.0585146532961,4.1730899810791,53.6159125661565,28.5862074788386,33.6030328842218
SSF,Sub-Saharan Africa,2001,3594.49268935584,699215347,66.9860168965162,3.86659002304077,53.264121659892,29.8046351322342,33.1245713984468
SSF,Sub-Saharan Africa,2000,3536.74164552249,680768792,66.9745205386649,3.59546995162964,52.989698039763,32.4308099069193,32.6603636070495
SSF,Sub-Saharan Africa,1999,3511.45394031025,662922716,66.943519997832,3.30155992507935,52.615210462418,,32.2193640895497
SSF,Sub-Saharan Africa,1998,3531.51838340967,645494313,66.8838547586031,3.20186996459961,52.1787551637204,,31.7905919463757
SSF,Sub-Saharan Africa,1997,3533.19594417372,628567583,66.9003397495093,3.06734991073608,52.2092404520095,,31.3701529624112
SSF,Sub-Saharan Africa,1996,3484.76695002218,612267246,66.949760860356,2.94240999221802,52.0891732744019,,30.9870637703263
SSF,Sub-Saharan Africa,1995,3402.78267461483,596081868,67.0022911099929,2.83109998703003,52.151712208773,,30.6219971696568
SSF,Sub-Saharan Africa,1994,3384.95251744949,580483156,66.8680526673946,2.73816990852356,51.828839970953,,30.2118748823815
SSF,Sub-Saharan Africa,1993,3448.82105754797,565251301,66.6001703756414,2.5081799030304,51.9453067653642,,29.7770092451755
SSF,Sub-Saharan Africa,1992,3588.38052775321,549973046,66.453740659447,2.36563992500305,51.6339757699479,,29.3700920583938
SSF,Sub-Saharan Africa,1991,3695.49669475325,535328746,66.2132645259774,2.22098994255066,51.7207058147254,,28.9490001511625
SSF,Sub-Saharan Africa,1990,3778.06278298322,521029972,65.9837877714384,2.09390997886658,51.9671673145066,,28.4338656822031
SSA,Sub-Saharan Africa (excluding high income),2024,4870.62629918304,1289814932,65.1826426464525,,64.9626134122042,,44.1494028547268
SSA,Sub-Saharan Africa (excluding high income),2023,4807.21723713092,1258689699,65.1338633879669,,64.7459581164086,79.3000496608214,43.6394241334397
SSA,Sub-Saharan Africa (excluding high income),2022,4793.06085560333,1228067573,62.1359579412566,,63.9917751796084,84.8794895814932,43.15565683019
SSA,Sub-Saharan Africa (excluding high income),2021,4718.40031939935,1197970464,61.663172375759,8.20090007781982,62.7729654718691,84.3391558512111,42.6488015882409
SSA,Sub-Saharan Africa (excluding high income),2020,4675.79132727431,1168035323,61.3809535938493,8.09739971160889,63.3285955057607,74.5834016395752,42.1668776172731
SSA,Sub-Saharan Africa (excluding high income),2019,4960.03991221743,1138374850,62.6410146900082,7.95792007446289,63.1212413739013,75.7130467464987,41.7069060558369
SSA,Sub-Saharan Africa (excluding high income),2018,4960.78415927401,1109099666,63.093404592204,7.87877988815308,62.7097116299431,76.2113611724364,41.2564263036696
SSA,Sub-Saharan Africa (excluding high income),2017,4950.9087329327,1080113050,63.566543059036,7.71750020980835,62.0673570448635,77.0424878221974,40.7746030847625
SSA,Sub-Saharan Africa (excluding high income),2016,4954.34861846369,1052072062,64.1698075983083,7.5500898361206,61.6702358942603,75.7626158514115,40.3032542736816
SSA,Sub-Saharan Africa (excluding high income),2015,5017.95424219798,1024566002,64.599106134625,7.47834014892578,61.2083966630915,82.489905443893,39.8377982630079
SSA,Sub-Saharan Africa (excluding high income),2014,5001.112536621,997334872,64.986767124181,7.33105993270874,60.7800470734047,90.3240961089984,39.3563962352604
SSA,Sub-Saharan Africa (excluding high income),2013,4894.49542314043,970656363,65.7043608774754,7.20102977752685,60.4201220611886,92.7997521990177,38.8777381567093
SSA,Sub-Saharan Africa (excluding high income),2012,4774.00118699953,944434989,65.3499480588177,6.87975978851318,59.8443707007776,91.9850962765647,38.4191173810863
SSA,Sub-Saharan Africa (excluding high income),2011,4711.55900120705,919024793,66.0058018484661,6.48831987380981,59.0286827882899,92.794952404546,37.9757403535007
SSA,Sub-Saharan Africa (excluding high income),2010,4631.14077014951,894170085,65.9547349488516,6.29055023193359,58.6278663582841,85.6476733622525,37.5321548374391
SSA,Sub-Saharan Africa (excluding high income),2009,4477.4566945111,869839075,66.2756864936217,5.94120979309082,57.8612358775267,75.5533711609083,37.0888673329909
SSA,Sub-Saharan Africa (excluding high income),2008,4443.73351543474,846137242,66.6113523941924,5.58796977996826,57.3050295363921,75.561816439401,36.62277257183
SSA,Sub-Saharan Africa (excluding high income),2007,4335.8656884027,823039949,66.8394730416126,5.34845018386841,56.6124601382376,70.884263647712,36.1005734822503
SSA,Sub-Saharan Africa (excluding high income),2006,4197.05577656382,800743764,66.9856626105357,5.20080995559692,55.8818206391143,63.927591475461,35.6414055285036
SSA,Sub-Saharan Africa (excluding high income),2005,4065.86938644099,779150778,67.0792837496486,4.99228000640869,55.1696548326919,57.3303096239246,35.1244431664379
SSA,Sub-Saharan Africa (excluding high income),2004,3939.58298141437,758155481,67.0925913374062,4.70373010635376,54.5861589101764,50.9765719971032,34.610244785712
SSA,Sub-Saharan Africa (excluding high income),2003,3788.02167205614,737835295,67.076280403941,4.44082021713257,54.0552000755449,42.401847447924,34.0970604619123
SSA,Sub-Saharan Africa (excluding high income),2002,3732.68238996596,718192286,67.0585146532961,4.17353010177612,53.6134097341323,28.5483190788951,33.6019263795673
SSA,Sub-Saharan Africa (excluding high income),2001,3592.57344712939,699134145,66.9860168965162,3.86701989173889,53.261179267675,29.7678000611969,33.1233991632771
SSA,Sub-Saharan Africa (excluding high income),2000,3534.70587189064,680687661,66.9745205386649,3.59588003158569,52.9868165260659,32.3926210615205,32.6590838594923
SSA,Sub-Saharan Africa (excluding high income),1999,3509.45956428651,662842306,66.943519997832,3.30193996429443,52.6121939975505,,32.2179785682813
SSA,Sub-Saharan Africa (excluding high income),1998,3529.50972450317,645415467,66.8838547586031,3.2022500038147,52.175910920744,,31.7891060925984
SSA,Sub-Saharan Africa (excluding high income),1997,3531.18512078905,628490264,66.9003397495093,3.06771993637085,52.2062730286214,,31.3685527333132
SSA,Sub-Saharan Africa (excluding high income),1996,3482.9657524372,612190829,66.949760860356,2.94278001785278,52.0861053505808,,30.9852588081184
SSA,Sub-Saharan Africa (excluding high income),1995,3401.12538852783,596006564,67.0022911099929,2.83145999908447,52.1483657174762,,30.6199465932191
SSA,Sub-Saharan Africa (excluding high income),1994,3383.2517472887,580408951,66.8680526673947,2.73853993415833,51.8258738793072,,30.2096405320878
SSA,Sub-Saharan Africa (excluding high income),1993,3447.01550750533,565179048,66.6001703756414,2.50851988792419,51.9424538063217,,29.77467196869
SSA,Sub-Saharan Africa (excluding high income),1992,3586.692337476,549902283,66.453740659447,2.36596989631653,51.63082900237,,29.3676437946988
SSA,Sub-Saharan Africa (excluding high income),1991,3693.92365132483,535258307,66.2132645259774,2.22130990028381,51.7175467698755,,28.9464036928847
SSA,Sub-Saharan Africa (excluding high income),1990,3776.50845984511,520960465,65.9837877714385,2.09421992301941,51.9643057513447,,28.4311338869893
TSS,Sub-Saharan Africa (IDA & IBRD countries),2024,4872.91556737875,1289936286,65.1826426464525,,64.9639367794566,,44.1495101463121
TSS,Sub-Saharan Africa (IDA & IBRD countries),2023,4809.48422824725,1258809472,65.1338633879669,,64.7471527491954,79.3654150583237,43.6395628289209
TSS,Sub-Saharan Africa (IDA & IBRD countries),2022,4795.24715624599,1228187451,62.1359579412566,,63.9930253736317,84.9402456642481,43.1558281440802
TSS,Sub-Saharan Africa (IDA & IBRD countries),2021,4720.48407808675,1198069722,61.663172375759,8.20186996459961,62.7739196912735,84.384351286224,42.6489634636483
TSS,Sub-Saharan Africa (IDA & IBRD countries),2020,4677.92219768928,1168133785,61.3809535938493,8.0980396270752,63.3300136392722,74.6336640581291,42.1670568799491
TSS,Sub-Saharan Africa (IDA & IBRD countries),2019,4962.55290682237,1138472475,62.6410146900082,7.95893001556396,63.1224263093326,75.7644771440424,41.7071031134135
TSS,Sub-Saharan Africa (IDA & IBRD countries),2018,4963.20882492551,1109196428,63.093404592204,7.87963008880615,62.710875349147,76.2644789808074,41.2566428447246
TSS,Sub-Saharan Africa (IDA & IBRD countries),2017,4953.2648572016,1080208893,63.566543059036,7.71869993209839,62.0686865838447,77.094841045757,40.7748446210958
TSS,Sub-Saharan Africa (IDA & IBRD countries),2016,4956.58486807326,1052166739,64.1698075983083,7.55111980438232,61.6717631468952,75.8169337540862,40.3035222705197
TSS,Sub-Saharan Africa (IDA & IBRD countries),2015,5019.95019038994,1024659421,64.599106134625,7.47914981842041,61.2098642532459,82.5345596656596,39.8380952067264
TSS,Sub-Saharan Africa (IDA & IBRD countries),2014,5002.96695140382,997426231,64.986767124181,7.33116006851196,60.7815308857287,90.3702168395063,39.3567243486427
TSS,Sub-Saharan Africa (IDA & IBRD countries),2013,4896.32543067071,970746312,65.7043608774754,7.20077991485596,60.4215066561655,92.8421638066783,38.8781029884112
TSS,Sub-Saharan Africa (IDA & IBRD countries),2012,4775.8739329678,944523292,65.3499480588177,6.87937021255493,59.8460875070005,92.0302408004662,38.4195200457817
TSS,Sub-Saharan Africa (IDA & IBRD countries),2011,4713.42233131106,919112234,66.005801848466,6.48812007904053,59.0303785151784,92.8304925094644,37.9761873273848
TSS,Sub-Saharan Africa (IDA & IBRD countries),2010,4632.84408191438,894259855,65.9547349488516,6.29003000259399,58.6296551461947,85.6851226173169,37.5326696254384
TSS,Sub-Saharan Africa (IDA & IBRD countries),2009,4479.1406301998,869926373,66.2756864936217,5.9407000541687,57.8631510446373,75.5779658469388,37.0894274944778
TSS,Sub-Saharan Africa (IDA & IBRD countries),2008,4445.5273501557,846224198,66.6113523941924,5.58747005462646,57.3071384408059,75.5930351020549,36.6233967078065
TSS,Sub-Saharan Africa (IDA & IBRD countries),2007,4337.79844704611,823124982,66.8394730416126,5.34794998168945,56.6145263754033,70.9227391878954,36.1012589693212
TSS,Sub-Saharan Africa (IDA & IBRD countries),2006,4198.85922825456,800828364,66.9856626105357,5.20031976699829,55.8838220701368,63.974140168855,35.6421605036882
TSS,Sub-Saharan Africa (IDA & IBRD countries),2005,4067.54686495063,779233636,67.0792837496485,4.99179983139038,55.1718913992499,57.3746369552643,35.1252647556364
TSS,Sub-Saharan Africa (IDA & IBRD countries),2004,3941.14291024738,758237956,67.0925913374062,4.70325994491577,54.5884420521056,51.0211037402445,34.6111490644491
TSS,Sub-Saharan Africa (IDA & IBRD countries),2003,3789.70221048341,737918076,67.076280403941,4.44037008285522,54.0575874361482,42.4429177498249,34.098059763338
TSS,Sub-Saharan Africa (IDA & IBRD countries),2002,3734.54815647759,718276009,67.0585146532961,4.1730899810791,53.6159125661565,28.5862074788386,33.6030328842218
TSS,Sub-Saharan Africa (IDA & IBRD countries),2001,3594.49268935584,699215347,66.9860168965162,3.86659002304077,53.264121659892,29.8046351322342,33.1245713984468
TSS,Sub-Saharan Africa (IDA & IBRD countries),2000,3536.74164552249,680768792,66.9745205386649,3.59546995162964,52.989698039763,32.4308099069193,32.6603636070495
TSS,Sub-Saharan Africa (IDA & IBRD countries),1999,3511.45394031025,662922716,66.943519997832,3.30155992507935,52.615210462418,,32.2193640895497
TSS,Sub-Saharan Africa (IDA & IBRD countries),1998,3531.51838340967,645494313,66.8838547586031,3.20186996459961,52.1787551637204,,31.7905919463757
TSS,Sub-Saharan Africa (IDA & IBRD countries),1997,3533.19594417371,628567583,66.9003397495093,3.06734991073608,52.2092404520095,,31.3701529624112
TSS,Sub-Saharan Africa (IDA & IBRD countries),1996,3484.76695002218,612267246,66.949760860356,2.94240999221802,52.0891732744019,,30.9870637703263
TSS,Sub-Saharan Africa (IDA & IBRD countries),1995,3402.78267461483,596081868,67.0022911099929,2.83109998703003,52.151712208773,,30.6219971696568
TSS,Sub-Saharan Africa (IDA & IBRD countries),1994,3384.95251744949,580483156,66.8680526673946,2.73816990852356,51.828839970953,,30.2118748823815
TSS,Sub-Saharan Africa (IDA & IBRD countries),1993,3448.82105754797,565251301,66.6001703756414,2.5081799030304,51.9453067653642,,29.7770092451755
TSS,Sub-Saharan Africa (IDA & IBRD countries),1992,3588.38052775321,549973046,66.453740659447,2.36563992500305,51.6339757699479,,29.3700920583938
TSS,Sub-Saharan Africa (IDA & IBRD countries),1991,3695.49669475325,535328746,66.2132645259774,2.22098994255066,51.7207058147254,,28.9490001511625
TSS,Sub-Saharan Africa (IDA & IBRD countries),1990,3778.06278298322,521029972,65.9837877714384,2.09390997886658,51.9671673145066,,28.4338656822031
WLD,World,2024,21393.1843594226,8140897523,49.0778769528255,46.5416793823242,75.972582912013,,57.565600293551
WLD,World,2023,20894.8663747649,8062923417,49.0290602452396,46.1808700561523,75.8420050106962,1317.2564716259,57.3116916082902
WLD,World,2022,20421.733679962,7988550201,48.3157139467719,44.8964004516602,75.4914138399762,1266.20700430915,57.0722541398634
WLD,World,2021,19875.5669160609,7919567995,47.8917097257495,44.0157585144043,73.7448798616573,1257.61590669893,56.80922270108
WLD,World,2020,18812.4921846351,7853863139,46.9797627383159,42.5671310424805,74.8464827691878,1159.69675152588,56.4441759386598
WLD,World,2019,19551.0853720052,7777162476,48.2840608894245,41.417350769043,75.3497943224266,1084.6050485617,56.1409825640469
WLD,World,2018,19189.4922263446,7696159728,48.3049155334208,40.3366508483887,75.1399358932133,1067.41927020965,55.7520777819135
WLD,World,2017,18714.5736777743,7613788655,48.3734912622971,39.8309898376465,74.9011023275788,1028.42157826006,55.319833918472
WLD,World,2016,18234.0187668301,7528221579,48.4629870388548,39.3732490539551,74.696843844735,991.779310632074,54.894926437495
WLD,World,2015,17870.9797405245,7441084771,48.5460664753852,38.6663017272949,74.4629134778926,974.714283707483,54.4258474649377
WLD,World,2014,17502.7804590175,7353532223,48.5943945075467,37.5523986816406,74.2840589879612,1016.28242446794,53.9090710066533
WLD,World,2013,17121.7231789375,7265404737,48.7491087157365,34.8252487182617,74.0313944756841,992.544064432825,53.4334012321388
WLD,World,2012,16785.0538810187,7176482165,48.8984293311038,33.8117294311523,73.7683781017693,982.124707347714,52.9178673657727
WLD,World,2011,16478.6508721961,7086704141,49.1547033263921,32.325309753418,73.4722370317646,973.884436496644,52.4582964061998
WLD,World,2010,16050.8528459331,7000860073,49.3500919407061,30.7454795837402,73.1573256284584,899.870938625946,51.7598125029111
WLD,World,2009,15456.5925081159,6916168196,49.687206657949,29.4342708587646,72.8771179390114,863.261218165917,51.373746374335
WLD,World,2008,15756.1973918277,6830080867,49.9079198544949,28.4158096313477,72.4866612921353,853.654200676634,50.8801432860982
WLD,World,2007,15519.537511648,6744049498,50.218889615067,27.2599792480469,72.2960015292889,788.525890688642,50.4154664586044
WLD,World,2006,14934.6932991325,6659536021,50.3542187487747,26.6233196258545,71.9618478030898,720.36392283676,49.872262926861
WLD,World,2005,14377.2053638343,6575410029,50.6070355520092,24.9528503417969,71.5939302473663,679.51552648078,49.35871452652
WLD,World,2004,13921.3400955101,6492354627,50.6003526562485,24.0899906158447,71.2183508188234,640.48919365945,48.8658931738129
WLD,World,2003,13410.5978266564,6409352386,50.6608027487372,23.0677700042725,70.9638127822602,582.872849613217,48.3638691712542
WLD,World,2002,13104.3468043873,6327171255,50.7119818449558,21.9138298034668,70.6755251572431,518.875511335795,47.8262479750919
WLD,World,2001,12915.0553238791,6244739668,50.8209764147714,20.4217891693115,70.3831436939506,487.964671408194,47.3049897203957
WLD,World,2000,12780.6381391491,6161528496,50.9626112346097,19.4301891326904,70.0899345587796,475.64703113457,46.8398553166724
WLD,World,1999,12360.7433274205,6078069822,50.995165144081,18.6465892791748,69.7675361443889,,46.2927733696434
WLD,World,1998,12098.403188088,5993730786,50.870893994044,17.7348308563232,69.5305103438679,,45.8016975826898
WLD,World,1997,11979.7237951368,5908180322,50.8653947589048,17.7056198120117,69.3009975245529,,45.3028639009936
WLD,World,1996,11691.7078594973,5822327903,50.8481355674232,15.9683198928833,69.0128508569105,,44.8041325932383
WLD,World,1995,11442.8041494803,5736205135,50.8826507138638,16.0318508148193,68.7282830212479,,44.3128003590653
WLD,World,1994,11264.7778299107,5650534421,50.9051157696399,15.1287899017334,68.5076004599051,,44.0163147432581
WLD,World,1993,11138.3321858645,5564459142,50.8228364295022,14.5025396347046,68.2680028403808,,43.7269610559117
WLD,World,1992,11147.557598,5476822930,51.0544868606029,14.0518703460693,68.031168496352,,43.4493316374507
WLD,World,1991,11183.4106923389,5388203305,51.1330401555155,12.8646898269653,67.7885220058341,,43.1665674974718
WLD,World,1990,11275.1339775825,5298962018,51.1762104662095,12.5330200195312,67.6077454100392,,42.8321272176977
AFG,Afghanistan,2024,1964.45228895456,42647492,5.123,,67.812,,25.7007352636188
AFG,Afghanistan,2023,1983.81261992909,41454761,5.145,,67.536,59.06770706,25.4730529631167
AFG,Afghanistan,2022,1981.71016810561,40578842,5.159,,67.236,80.6516037,25.3939250580909
AFG,Afghanistan,2021,2144.16657002819,40000412,14.616,,64.079,81.52112579,25.3478620272481
AFG,Afghanistan,2020,2769.68574507111,39068979,16.474,5.93654012680054,64.656,80.0892334,25.2622103446137
AFG,Afghanistan,2019,2927.2451435353,37856121,18.298,,66.144,74.0642395,25.1437258839803
AFG,Afghanistan,2018,2902.39211285546,36743039,19.805,5.02065992355347,65.942,71.22509003,24.9991645191406
AFG,Afghanistan,2017,2952.99891598909,35688935,21.24,,65.606,66.82388306,24.8352821238871
AFG,Afghanistan,2016,2958.7853992308,34700612,20.156,,64.64,61.37234497,24.6588345720126
AFG,Afghanistan,2015,2967.692067153,33831764,19.113,,64.178,59.91960526,24.4649118421568
AFG,Afghanistan,2014,3017.94254424696,32792523,18.107,3.49629998207092,64.009,60.04951096,24.1910166387726
AFG,Afghanistan,2013,3046.57993117128,31622704,17.138,,63.814,56.16043472,23.8077136743646
AFG,Afghanistan,2012,2985.31914452845,30560034,16.208,,63.344,52.45247269,23.3434391310979
AFG,Afghanistan,2011,2757.05258747725,29347708,15.893,1.8252899646759,62.852,52.18721771,22.8205691572485
AFG,Afghanistan,2010,2848.58606111495,28284089,15.572,,62.283,46.42438889,22.2614799010924
AFG,Afghanistan,2009,2565.02208584099,27466101,15.248,1.4480299949646,61.791,43.13351822,21.6885475109053
AFG,Afghanistan,2008,2191.50435559062,26482622,14.944,,61.428,39.88624954,21.1241481349633
AFG,Afghanistan,2007,2155.35306784413,25909852,14.67,,60.804,32.70893097,20.5906579215423
AFG,Afghanistan,2006,1929.72389709372,25424094,14.452,,60.123,28.9412632,20.1104530189181
AFG,Afghanistan,2005,1908.11478234587,24404567,14.302,,59.588,25.11388779,19.7059095753667
AFG,Afghanistan,2004,1776.91820712187,23560654,14.205,0.578159987926483,59.073,21.42300415,19.3993593959593
AFG,Afghanistan,2003,1815.92819979586,22733049,14.154,0.571370005607605,58.472,17.74602509,19.1600346409089
AFG,Afghanistan,2002,1774.30874287341,21378117,14.152,,57.442,16.70697403,18.9412480133309
AFG,Afghanistan,2001,1454.11078195559,20284307,14.196,,57.089,,18.7412381251552
AFG,Afghanistan,2000,1617.82647494969,20130327,14.294,,56.555,,18.5581995230666
AFG,Afghanistan,1999,,19887785,14.443,,55.966,,18.3903267537499
AFG,Afghanistan,1998,,19159996,14.625,,54.392,,18.2358143638901
AFG,Afghanistan,1997,,18452091,14.819,,54.72,,18.0928569001719
AFG,Afghanistan,1996,,17763266,15.015,,54.426,,17.9596489092802
AFG,Afghanistan,1995,,17065836,15.194,,53.694,,17.8343849378999
AFG,Afghanistan,1994,,16250794,15.358,,53.135,,17.7152595327158
AFG,Afghanistan,1993,,14943172,15.506,,52.296,,17.6004672404128
AFG,Afghanistan,1992,,13278974,15.618,,49.607,,17.4882026076758
AFG,Afghanistan,1991,,12238879,15.695,,48.282,,17.3766601811896
AFG,Afghanistan,1990,,12045660,15.739,1.35643994808197,47.703,,17.264034507639
ALB,Albania,2024,21640.9835773271,2377128,58.154,95.3502197265625,81.593,,58.5463634043555
ALB,Albania,2023,20501.6470726741,2411658,57.963,77.0315270509882,81.446,590.62799072,58.2106086137857
ALB,Albania,2022,19388.7927279351,2451636,56.407,74.8408843267243,80.781,506.86920166,57.8643477747383
ALB,Albania,2021,18212.794718288,2489762,52.523,72.8731019839685,79.002,465.57043457,57.5077187031778
ALB,Albania,2020,16457.7189744991,2528480,52.252,74.0293151569234,80.345,396.17477417,57.1408592155544
ALB,Albania,2019,16761.1230178682,2567801,52.931,73.0472843844399,81.06,366.34014893,56.7639071287255
ALB,Albania,2018,16170.9234325287,2607733,51.406,67.0805071747503,81.001,349.21127319,56.377000259892
ALB,Albania,2017,15359.3974577025,2648285,49.736,69.6489676008613,80.795,295.52346802,55.980276426546
ALB,Albania,2016,14643.4285614716,2689469,49.888,69.4634217500182,80.625,275.43676758,55.5738734464276
ALB,Albania,2015,13876.7616296598,2731293,47.117,71.7403206883066,80.451,253.93347168,55.1579291374894
ALB,Albania,2014,13366.5040948145,2773767,43.958,75.6627224362502,80.267,293.1267395,54.7325813178673
ALB,Albania,2013,12873.4298184073,2816902,43.783,73.0355050914662,80.387,276.0765686,54.2979678058548
ALB,Albania,2012,12463.518369846,2860708,48.936,66.9087611209798,80.589,260.68319702,53.8637553661449
ALB,Albania,2011,12153.0636591785,2905195,52.561,56.2686387324156,80.916,273.75292969,53.2917382892465
ALB,Albania,2010,11829.0042369631,2913021,46.835,49.6336517333984,81.108,253.98246765,51.8815774292716
ALB,Albania,2009,11430.5746310655,2927519,45.955,38.1325798034668,81.282,236.94244385,50.6132439427449
ALB,Albania,2008,11056.3059173381,2947314,45.514,36.394588470459,81.076,237.10340881,49.3850699230207
ALB,Albania,2007,10262.9242359026,2970017,46.076,35.5193481445312,80.584,209.31910706,48.2022815728384
ALB,Albania,2006,9563.98954154527,2992547,46.652,30.5197200775146,79.943,164.22090149,47.0701050949378
ALB,Albania,2005,8964.28082219496,3011487,47.242,26.6828994750977,79.303,149.97515869,45.9937666920583
ALB,Albania,2004,8483.25881549279,3026939,47.845,23.2279891967773,78.753,136.50724792,44.9784925669394
ALB,Albania,2003,8025.2480324802,3039616,48.461,19.7989501953125,78.329,105.43667603,44.0295089223208
ALB,Albania,2002,7590.45852377781,3051010,49.088,19.5883502960205,78.142,78.72909546,43.1520419609419
ALB,Albania,2001,7232.96055449664,3060173,49.68,17.9192295074463,78.031,73.92171478,42.354513990929
ALB,Albania,2000,6581.98909242849,3089027,50.831,17.5028095245361,77.926,65.47674561,41.6135829609314
ALB,Albania,1999,6085.98339706701,3108778,51.824,16.9277000427246,77.822,,40.8972844798541
ALB,Albania,1998,5387.54588745977,3128530,53.714,14.933349609375,77.725,,40.2038749364394
ALB,Albania,1997,4942.98350018006,3148281,55.15,14.0885601043701,77.052,,39.5368247261567
ALB,Albania,1996,5563.77007788975,3168033,53.351,11.5983200073242,77.533,,38.8996042444751
ALB,Albania,1995,5151.37596211047,3187784,54.819,10.4641199111938,77.407,,38.2956838868638
ALB,Albania,1994,4517.78007862677,3207536,57.037,11.0404996871948,77.206,,37.728534048792
ALB,Albania,1993,4145.90250530525,3227287,58.56,11.1502599716187,77.0,,37.201625125729
ALB,Albania,1992,3761.13980833495,3247039,60.357,9.5284595489502,76.72,,36.7184275131439
ALB,Albania,1991,4027.88880714791,3266790,59.052,8.97181034088135,76.452,,36.282411606506
ALB,Albania,1990,5560.8339349099,3286542,53.47,8.34232044219971,76.195,,35.8970478012844
DZA,Algeria,2024,15501.9197003966,46814308,14.306,66.0945315618712,77.912,,75.2792907190618
DZA,Algeria,2023,15159.3242373415,46164219,14.338,67.2588432657415,77.696,233.37947083,74.732808364138
DZA,Algeria,2022,14782.2002970247,45477389,14.331,67.8072989517915,77.592,180.33454895,74.1795862354514
DZA,Algeria,2021,14496.8654697299,44761099,13.433,67.7607753417413,76.65,208.93911743,73.6199218261573
DZA,Algeria,2020,14194.1557479619,44042091,13.206,67.5418502703756,74.943,211.07240295,73.0541126293395
DZA,Algeria,2019,15199.1989965639,43294546,14.677,67.9847769058202,77.091,242.07049561,72.4824561380175
DZA,Algeria,2018,15343.4261222434,42505035,14.801,66.9846814731454,76.928,271.53808594,71.905249845153
DZA,Algeria,2017,15427.6641894713,41689299,14.919,59.9877981449491,76.75,270.93231201,71.3227912436551
DZA,Algeria,2016,15511.6858768094,40850721,15.031,56.3362808633269,76.57,265.53491211,70.7353778263851
DZA,Algeria,2015,15239.5171456469,40019529,15.258,47.8722518603574,76.377,296.76834106,70.1433070861612
DZA,Algeria,2014,15073.7629403565,39205031,15.256,44.7541330817422,76.183,366.58615112,69.5468765157615
DZA,Algeria,2013,14778.1914257233,38414171,15.036,43.7420884959084,75.986,337.57348633,68.9463836079277
DZA,Algeria,2012,14697.5396133853,37646166,14.821,41.1136395460803,75.769,340.09176636,68.3421258553675
DZA,Algeria,2011,14641.9640935685,36903376,14.614,39.314054497609,75.547,285.5020752,67.7344007507578
DZA,Algeria,2010,14496.4211312996,36188236,14.418,37.1623326598786,75.319,227.95396423,67.1235057867459
DZA,Algeria,2009,14104.42817214,35490445,14.234,36.6927299499512,75.074,207.20181274,66.5097384559521
DZA,Algeria,2008,14206.7767147039,34816961,13.865,,74.827,206.37207031,65.901485871159
DZA,Algeria,2007,14114.6745192683,34189416,13.528,28.0010509490967,74.556,150.86651611,65.1690763324461
DZA,Algeria,2006,13920.6940553701,33623506,13.225,24.1994800567627,74.283,116.7750473,64.4154348614309
DZA,Algeria,2005,13738.495644436,33109249,12.954,23.7013092041016,73.962,100.83694458,63.6598541890144
DZA,Algeria,2004,13226.7650481165,32628286,12.713,19.9779891967773,73.642,92.6876297,62.9023132048725
DZA,Algeria,2003,12835.1814413331,32175818,12.503,,73.027,75.9513092,62.1427907986812
DZA,Algeria,2002,12213.1263531246,31750835,12.318,,72.842,66.681633,61.3812658601162
DZA,Algeria,2001,11742.5946761225,31331221,12.16,,72.295,67.05859375,60.6177172788536
DZA,Algeria,2000,11558.220469383,30903893,12.026,,71.944,61.85785294,59.8521239445692
DZA,Algeria,1999,11292.0372997165,30474354,11.914,,71.51,,59.0844647469391
DZA,Algeria,1998,11094.8875368585,30054133,11.823,,71.031,,58.3146995318038
DZA,Algeria,1997,10725.9673493368,29579301,11.763,,70.517,,57.5455892957581
DZA,Algeria,1996,10808.8788666941,29033044,11.737,,69.918,,56.7789140999889
DZA,Algeria,1995,10588.4433695754,28470191,11.624,,69.535,,56.0131170977738
DZA,Algeria,1994,10414.0348241407,27887279,11.539,,69.219,,55.2466217950637
DZA,Algeria,1993,10743.7063534104,27277048,11.574,,69.139,,54.4778516978094
DZA,Algeria,1992,11241.4154173757,26628568,11.663,,68.727,,53.7052303119619
DZA,Algeria,1991,11314.8647351204,25987928,11.674,,68.512,,52.9271811434719
DZA,Algeria,1990,11728.5457286791,25375810,11.705,,68.242,,52.1421276982904
ASM,American Samoa,2024,,46765,,,75.994,,80.9446986961818
ASM,American Samoa,2023,,47521,,,75.838,,81.3721542708222
ASM,American Samoa,2022,,48342,,,75.794,,81.794797704649
ASM,American Samoa,2021,,49225,,,75.73,,82.2127091544092
ASM,American Samoa,2020,,49761,,,75.682,,82.6240780620716
ASM,American Samoa,2019,,50209,,,75.723,,83.0542171797274
ASM,American Samoa,2018,,50908,,,75.687,,83.4779973316097
ASM,American Samoa,2017,,51586,,,75.588,,83.8890385422071
ASM,American Samoa,2016,,52245,,,75.305,,84.2862824389061
ASM,American Samoa,2015,,52878,,,75.268,,84.668670649093
ASM,American Samoa,2014,,53466,,,75.296,,85.0351448001542
ASM,American Samoa,2013,,54006,,,75.418,,85.3846465194761
ASM,American Samoa,2012,,54489,,,75.372,,85.7161174344451
ASM,American Samoa,2011,,54895,,,75.286,,86.0284991724475
ASM,American Samoa,2010,,55228,,,75.199,,86.3190673549669
ASM,American Samoa,2009,,55528,,,73.123,,86.6035980447517
ASM,American Samoa,2008,,55828,,,75.03,,86.9001769674517
ASM,American Samoa,2007,,56113,,,74.947,,87.2017863350389
ASM,American Samoa,2006,,56374,,,75.043,,87.4983609900321
ASM,American Samoa,2005,,56617,,,75.125,,87.7798357749499
ASM,American Samoa,2004,,56818,,,75.125,,88.0361455323111
ASM,American Samoa,2003,,56971,,,74.59,,88.2572251046343
ASM,American Samoa,2002,,57062,,,74.657,,88.4330093344384
ASM,American Samoa,2001,,57053,,,74.483,,88.553433064242
ASM,American Samoa,2000,,56855,,,74.351,,88.6075809307222
ASM,American Samoa,1999,,56248,,,74.591,,88.4635561411951
ASM,American Samoa,1998,,55334,,,74.89,,87.855646160744
ASM,American Samoa,1997,,54362,,,75.246,,86.8531955481476
ASM,American Samoa,1996,,53353,,,75.322,,85.5389811700152
ASM,American Samoa,1995,,52316,,,75.422,,83.9957798929559
ASM,American Samoa,1994,,51251,,,75.554,,82.3063685835789
ASM,American Samoa,1993,,50159,,,75.662,,80.5535241084936
ASM,American Samoa,1992,,49038,,,75.784,,78.8200233343089
ASM,American Samoa,1991,,47882,,,75.551,,77.1886431276343
ASM,American Samoa,1990,,46640,,,75.242,,75.75476136421
AND,Andorra,2024,66232.7444195598,81938,,70.9377901578459,86.24,,88.8850044816278
AND,Andorra,2023,64631.2963909271,80856,,68.0038204393505,86.107,3605.19799805,88.8201609217082
AND,Andorra,2022,63913.3835079105,79705,,35.3111432706223,86.075,3190.11328125,88.7548766267286
AND,Andorra,2021,59332.2029100127,78364,,16.7230546157564,84.678,3668.44750977,88.6627318165299
AND,Andorra,2020,55488.4902991095,77380,,15.7946692991116,83.84,3282.02587891,88.5907780427517
AND,Andorra,2019,63215.899791913,76474,,16.7792207792208,86.101,3021.078125,88.5391793666245
AND,Andorra,2018,63048.5985572834,75162,,16.9500531349628,86.196,3159.16162109,88.5080998493791
AND,Andorra,2017,63239.6577711911,73763,,17.5621028307337,86.322,2876.24194336,88.4977035522461
AND,Andorra,2016,64402.8092369468,72181,,18.0109157064888,86.468,2785.64599609,88.5027454634853
AND,Andorra,2015,62105.1542389675,72174,,17.2023809523809,86.584,2672.49731445,88.5180850122057
AND,Andorra,2014,59929.2444670501,73737,,16.4359861591695,86.626,3005.21557617,88.544042920911
AND,Andorra,2013,57332.1585611366,75194,,17.9807146908678,86.652,2886.97241211,88.5809399121053
AND,Andorra,2012,58172.1323929474,76834,,16.2323561346363,86.669,2788.69238281,88.6290967082924
AND,Andorra,2011,60470.4662377044,77783,,,86.692,3555.52319336,88.6888340319763
AND,Andorra,2010,58285.0577756981,80706,,,86.684,3286.52954102,88.7604726056609
AND,Andorra,2009,57203.9708883731,83888,,,86.611,2679.67358398,88.84433315185
AND,Andorra,2008,60691.6051530637,83495,,13.0952396392822,86.292,2790.11254883,88.9407363930477
AND,Andorra,2007,65534.1168555171,81877,,,85.976,2388.17407227,89.0500030517578
AND,Andorra,2006,66390.293726491,79585,,11.0305500030518,85.593,2151.95092773,89.3789218918348
AND,Andorra,2005,65114.8053663021,77421,,8.79675960540771,85.272,2279.53051758,89.9563631945418
AND,Andorra,2004,64353.4858113531,74325,,8.60501956939697,84.979,2060.26928711,90.5157699584961
AND,Andorra,2003,63656.1958332184,69486,,8.75440979003906,85.116,1888.13574219,90.9887515425879
AND,Andorra,2002,61188.6370851474,66506,,7.48873996734619,85.13,1590.68554688,91.4605308311615
AND,Andorra,2001,59109.0136806378,65852,,,85.167,1378.70837402,91.8949711110146
AND,Andorra,2000,54809.1441679423,65685,,,85.098,1294.09118652,92.2559356689453
AND,Andorra,1999,52921.0452609846,65710,,,85.068,,92.5402819766179
AND,Andorra,1998,51092.2222352218,65382,,,84.864,,92.7782340488214
AND,Andorra,1997,50032.3529125128,64700,,,84.713,,92.9837049870406
AND,Andorra,1996,46386.0912022485,63984,,,84.51,,93.1706078927605
AND,Andorra,1995,44375.0247238159,63912,,,84.294,,93.3528558674658
AND,Andorra,1994,42716.3656354,64612,,,84.085,,93.5443620126415
AND,Andorra,1993,42605.6595832451,63272,,,83.823,,93.7590394297725
AND,Andorra,1992,45246.53307101,60200,,,83.609,,94.0108012203437
AND,Andorra,1991,47624.9668573542,56667,,,83.471,,94.3135604858398
AND,Andorra,1990,50036.3007757561,52597,,,83.387,,94.7658920288086
AGO,Angola,2024,8752.7974709833,37885849,72.359,9.89837613864088,67.344,,70.6551379036435
AGO,Angola,2023,8597.53878787554,36749906,72.318,9.93361649716081,67.144,76.07118225,69.8515032220457
AGO,Angola,2022,8750.99363032299,35635029,74.018,,66.753,103.94506073,69.0506188977513
AGO,Angola,2021,8720.18768742123,34532429,74.695,,65.441,66.94487,68.2524163556969
AGO,Angola,2020,8904.94900580168,33451132,71.342,,65.774,56.01641846,67.4568270208187
AGO,Angola,2019,9712.97944927269,32375632,72.985,,65.506,64.4466095,66.6637823180533
AGO,Angola,2018,10154.8389228005,31297155,73.224,,65.057,83.87555695,65.8732136723372
AGO,Angola,2017,10565.1676483607,30234839,73.461,,64.527,112.75364685,65.0850525086068
AGO,Angola,2016,10963.9967887173,29183070,73.697,8.91518937968949,64.009,94.01481628,64.2992302517989
AGO,Angola,2015,11389.7609549481,28157798,73.933,7.78538127997885,63.412,107.52857208,63.51567832685
AGO,Angola,2014,11718.4286832376,27160769,74.167,,62.728,130.5861969,62.723115793241
AGO,Angola,2013,11622.978345524,26165620,74.4,8.24013760158027,62.009,142.78450012,62.1333075212361
AGO,Angola,2012,11516.8133246588,25177394,74.633,,61.157,121.84848022,61.5114223949332
AGO,Angola,2011,11034.5919687814,24218352,74.865,3.51201096975863,60.21,122.11888123,60.8431610396073
AGO,Angola,2010,11074.0723813984,23294825,75.621,,59.221,96.95197296,60.1310289535053
AGO,Angola,2009,10930.2531201205,22414773,75.627,,58.129,120.5289917,59.3775316348744
AGO,Angola,2008,11131.6310145389,21578655,75.633,,57.162,136.34094238,58.5851745819614
AGO,Angola,2007,10434.7087224445,20778561,75.633,,56.041,93.42698669,57.7564632930133
AGO,Angola,2006,9586.17542123825,20015279,75.626,,54.811,70.28185272,56.8939032662772
AGO,Angola,2005,8892.92106099154,19291161,75.615,,54.051,54.66142273,56.0
AGO,Angola,2004,8079.52613328266,18600423,75.597,,53.074,50.23310852,55.0445280863936
AGO,Angola,2003,7516.81391491319,17943712,75.574,,52.181,35.2206955,54.0043545370761
AGO,Angola,2002,7521.73598754911,17327699,75.548,0.620840013027191,50.367,29.37077141,52.8926234794038
AGO,Angola,2001,6846.79269543978,16747208,75.522,,50.047,29.26095772,51.7224790407329
AGO,Angola,2000,6794.53021072097,16194869,75.495,,49.132,13.15998554,50.5070653484197
AGO,Angola,1999,6815.17530603212,15667235,75.471,0.429980009794235,49.003,,49.2595265298203
AGO,Angola,1998,6893.12265289502,15159370,75.451,0.500859975814819,48.047,,47.993006712291
AGO,Angola,1997,6808.33628106109,14660413,75.434,,48.684,,46.7206500231881
AGO,Angola,1996,6565.86479361918,14170973,75.425,,48.402,,45.4556005898678
AGO,Angola,1995,5981.53257569901,13699778,75.426,,48.16,,44.2110025396864
AGO,Angola,1994,5377.99034967929,13249764,75.442,,47.745,,43.0
AGO,Angola,1993,5481.76386792194,12827135,75.473,,46.723,,41.7840948723822
AGO,Angola,1992,7445.43836708148,12423712,75.511,,45.563,,40.5205765835195
AGO,Angola,1991,8170.24939362119,12023529,75.555,,46.844,,39.2162705484376
AGO,Angola,1990,8366.41271626349,11626360,75.604,0.192969992756844,45.43,,37.878002182162
ATG,Antigua and Barbuda,2024,29298.6474164727,93772,,,80.446,,24.3906919254799
ATG,Antigua and Barbuda,2023,28712.3970492192,93316,,,80.294,841.24884033,24.4500156687422
ATG,Antigua and Barbuda,2022,27785.5572316838,92840,,,80.154,891.00323486,24.5114484000414
ATG,Antigua and Barbuda,2021,25745.4958067746,92349,,,79.757,835.06512451,24.574983819566
ATG,Antigua and Barbuda,2020,23930.6714995115,91846,,,79.813,873.5246582,24.6406156275043
ATG,Antigua and Barbuda,2019,29651.8641526705,91364,,,79.844,808.14996338,24.708337524045
ATG,Antigua and Barbuda,2018,28878.6067675471,90926,,,79.887,856.37127686,24.7781432093764
ATG,Antigua and Barbuda,2017,27199.1952402262,90468,,,79.88,791.12322998,24.8500263836871
ATG,Antigua and Barbuda,2016,26627.71453894,89969,,,79.923,817.88891602,24.9239807471655
ATG,Antigua and Barbuda,2015,25734.1516444171,89409,,,79.973,789.30975342,25.0
ATG,Antigua and Barbuda,2014,25557.5249124716,88765,,,80.138,826.75598145,25.0899726107741
ATG,Antigua and Barbuda,2013,25206.8458285339,88064,,,80.325,739.10491943,25.2475667667937
ATG,Antigua and Barbuda,2012,25592.9066121735,87260,,34.2794158170295,80.379,753.50183105,25.4555618588267
ATG,Antigua and Barbuda,2011,25023.9174488179,86332,,20.1834862385321,80.234,717.28186035,25.694689859722
ATG,Antigua and Barbuda,2010,25826.6086383235,85320,,24.1311659192825,79.879,724.08880615,26.0170447850587
ATG,Antigua and Barbuda,2009,28405.6900929523,84173,,20.5444793701172,79.509,609.50390625,26.4808350768849
ATG,Antigua and Barbuda,2008,32756.3067839753,82912,,,79.165,694.03344727,27.0585906639822
ATG,Antigua and Barbuda,2007,33245.2678606765,81704,,,78.817,714.27496338,27.7201265838981
ATG,Antigua and Barbuda,2006,30827.3416754916,80604,,,78.575,665.11560059,28.43525787418
ATG,Antigua and Barbuda,2005,27692.634871178,79611,,,78.298,641.3157959,29.1737995723752
ATG,Antigua and Barbuda,2004,26303.6179046605,78719,,,78.179,597.74902344,29.905566716031
ATG,Antigua and Barbuda,2003,25136.001691807,77884,,,78.276,613.65112305,30.6003743426951
ATG,Antigua and Barbuda,2002,23958.1638142071,77032,,,78.519,559.08331299,31.2280374899146
ATG,Antigua and Barbuda,2001,24014.7754593511,76069,,,78.592,572.20776367,31.7554348168059
ATG,Antigua and Barbuda,2000,25547.6120273679,74912,,,78.295,520.12213135,32.2326072041227
ATG,Antigua and Barbuda,1999,24462.2034022412,73666,,,77.864,,32.7288426074498
ATG,Antigua and Barbuda,1998,23996.1144041367,72412,,,77.517,,33.2309527532477
ATG,Antigua and Barbuda,1997,23350.3093865169,71053,,,77.304,,33.7221431953478
ATG,Antigua and Barbuda,1996,22597.314506816,69612,,,76.949,,34.1856194875816
ATG,Antigua and Barbuda,1995,21639.6020640854,68189,,,76.526,,34.6045871837806
ATG,Antigua and Barbuda,1994,23081.6639123529,66843,,,76.347,,34.9622518377762
ATG,Antigua and Barbuda,1993,22051.4373204261,65587,,,76.168,,35.2418190034
ATG,Antigua and Barbuda,1992,21330.2731918527,64404,,,76.128,,35.4264942344835
ATG,Antigua and Barbuda,1991,21424.2911871461,63387,,,76.22,,35.4992668871244
ATG,Antigua and Barbuda,1990,21074.57643609,63066,,,76.338,,35.4900882982909
ARG,Argentina,2024,26771.9657650571,45696159,52.281,,80.02,,92.2742315972952
ARG,Argentina,2023,27230.3968496682,45538401,52.958,140.19173357234,79.875,1456.98596191,92.1945132257907
ARG,Argentina,2022,27825.0273492567,45407904,51.868,140.067861599573,78.318,1415.79577637,92.112838186126
ARG,Argentina,2021,26300.274261175,45312281,50.26,140.306539721812,76.86,1182.15930176,92.0292776175651
ARG,Argentina,2020,23877.0931404855,45191965,46.486,127.155375687645,78.783,910.9586792,91.9439026594897
ARG,Argentina,2019,26629.5529419501,44973465,50.0,120.836338094672,79.439,1007.45629883,91.8567844513802
ARG,Argentina,2018,27367.115094108,44654882,49.146,114.838632080209,79.505,1195.59973145,91.7679941327998
ARG,Argentina,2017,28334.904184742,44288894,47.666,112.844351996315,79.204,1491.11877441,91.6776028433824
ARG,Argentina,2016,27802.1057201498,43900313,47.582,109.302620368398,79.131,1276.79785156,91.5856817228217
ARG,Argentina,2015,28669.2061336796,43477012,47.498,105.026185084511,79.795,1523.90979004,91.4923019108628
ARG,Argentina,2014,28200.8152571318,43024071,47.417,101.271162698543,79.15,1291.32458496,91.3975345472954
ARG,Argentina,2013,29227.6601818437,42582455,47.642,97.9183133411097,78.623,1428.91125488,91.3014507719473
ARG,Argentina,2012,28825.9666865361,42161721,48.055,96.5571722257775,78.672,1363.21618652,91.2041217246797
ARG,Argentina,2011,29425.7593876084,41730660,47.947,94.9294127326397,79.402,1208.23120117,91.1072286738406
ARG,Argentina,2010,28056.2570212342,41288694,47.689,89.7175971152741,78.732,979.7689209,90.9930051940977
ARG,Argentina,2009,25747.1976809995,40854831,48.789,85.9998397827148,78.593,787.78051758,90.8209023233265
ARG,Argentina,2008,27658.4853446831,40424148,48.064,83.6746520996094,78.577,745.40356445,90.6521912139817
ARG,Argentina,2007,26850.6645932771,40016763,48.901,81.2809906005859,77.925,569.27264404,90.4796632279031
ARG,Argentina,2006,24877.2493922296,39622115,49.738,81.5669479370117,78.437,456.06246948,90.3033726521064
ARG,Argentina,2005,23262.4075792816,39216789,49.098,75.888542175293,78.632,395.64596558,90.1233737736072
ARG,Argentina,2004,21591.449396517,38815916,49.963,76.4355621337891,78.177,303.31906128,89.9397208794212
ARG,Argentina,2003,20005.1385113465,38424282,48.936,77.6982116699219,77.808,261.2038269,89.752468256564
ARG,Argentina,2002,18571.7020471274,38029349,47.938,74.473518371582,77.911,219.96408081,89.5616701920513
ARG,Argentina,2001,21066.4581290433,37624825,49.755,70.4857711791992,77.642,660.63378906,89.3682951289372
ARG,Argentina,2000,22281.3814299958,37213984,50.537,66.4794921875,77.288,702.23309326,89.1760271133454
ARG,Argentina,1999,22714.5111302701,36794682,50.751,62.1912689208984,77.075,,88.9851757922053
ARG,Argentina,1998,23783.1017185449,36372860,51.287,,76.876,,88.793030675725
ARG,Argentina,1997,23172.1583398342,35947791,50.698,,76.838,,88.5972452835983
ARG,Argentina,1996,21695.5949515372,35513793,49.453,,76.433,,88.3954731355194
ARG,Argentina,1995,20819.4999479903,35070020,48.503,,76.17,,88.1853677511823
ARG,Argentina,1994,21711.842788091,34613491,48.662,,75.909,,87.964582650281
ARG,Argentina,1993,20791.3451479504,34152717,47.546,,75.707,,87.7307713525095
ARG,Argentina,1992,19476.2840606477,33693527,46.08,,75.496,,87.4815873775619
ARG,Argentina,1991,18295.6091996812,33230294,44.64,,75.344,,87.2150276705697
ARG,Argentina,1990,17007.2844317191,32755901,43.117,,74.878,,86.9197327116719
ARM,Armenia,2024,20078.7848984844,3033500,51.586,61.2979414360648,81.7,,65.8113671449901
ARM,Armenia,2023,19402.7510915578,2964300,51.517,63.8260087137715,81.0,766.95874023,65.6956882008852
ARM,Armenia,2022,17886.1783877168,2969200,50.24,64.0635593742681,78.3,674.78619385,65.5624462874485
ARM,Armenia,2021,15921.705281964,2962300,55.118,63.5877617542473,77.4,595.83544922,65.3572875314441
ARM,Armenia,2020,15052.9359791136,2961500,54.317,59.5712079237049,78.6,535.2723999,65.174217253699
ARM,Armenia,2019,16215.3607965094,2962500,50.799,59.9717740488692,79.5,533.69952393,65.0047033570428
ARM,Armenia,2018,15037.0452420712,2969000,53.631,65.0200757141218,79.0,428.34579468,64.8502833795679
ARM,Armenia,2017,14243.8749003795,2979400,53.766,62.0346194758727,78.7,409.80145264,64.7124948593667
ARM,Armenia,2016,13192.9940731731,2992300,53.881,60.9481935381187,78.3,359.58227539,64.5928753345316
ARM,Armenia,2015,13112.7600902915,3004600,53.826,53.1382998072096,78.2,365.51950073,64.4929623431549
ARM,Armenia,2014,12667.3757330249,3013800,53.835,50.7360867668963,78.1,404.33874512,64.4142934233291
ARM,Armenia,2013,12194.0189523843,3022000,53.878,47.2975713824265,77.9,392.85253906,64.3584061131466
ARM,Armenia,2012,11796.2741177994,3024100,53.928,47.6724416529669,77.5,331.91378784,64.3268379506998
ARM,Armenia,2011,10990.177099035,3027900,54.222,54.928687049735,77.3,325.29086304,64.3207449145194
ARM,Armenia,2010,10438.5641904169,3044800,54.4,54.9448066404822,76.4,291.77758789,64.3304164043132
ARM,Armenia,2009,10143.2350796867,3066000,54.373,53.7788314819336,76.3,247.90641785,64.3519530388516
ARM,Armenia,2008,11727.4821272949,3087100,52.96,51.9514617919922,76.3,261.59963989,64.3840928379746
ARM,Armenia,2007,10898.8483795634,3107400,53.273,49.5892791748047,76.1,170.15332031,64.4257647857723
ARM,Armenia,2006,9525.23146779778,3127100,53.243,46.5598487854004,76.0,124.8989563,64.4758978663344
ARM,Armenia,2005,8362.90084037119,3146400,53.338,43.0884094238281,76.2,95.55093384,64.5334210637509
ARM,Armenia,2004,7299.40001858866,3164900,53.518,41.1221504211426,76.1,71.65074158,64.5972633621116
ARM,Armenia,2003,6569.26023440631,3182500,53.753,38.8413581848145,75.9,66.31577301,64.6663537455064
ARM,Armenia,2002,5731.35346609213,3199800,54.029,38.3072319030762,75.9,59.20983887,64.7396211980252
ARM,Armenia,2001,5044.11647826468,3211800,54.317,35.4469299316406,76.1,31.90725899,64.8228123790872
ARM,Armenia,2000,4589.00825039977,3221100,54.459,36.458179473877,75.8,25.6606369,64.959237917436
ARM,Armenia,1999,4406.96706718618,3167286,54.477,,73.687,,65.1678732605826
ARM,Armenia,1998,4211.51276778797,3208401,54.56,,73.397,,65.4304988457517
ARM,Armenia,1997,3879.17938009678,3246289,54.822,,73.118,,65.7324526103198
ARM,Armenia,1996,3717.33576522762,3278735,55.239,,72.865,,66.0590724916631
ARM,Armenia,1995,3480.7559365251,3307581,55.715,,72.619,,66.3956964271579
ARM,Armenia,1994,3200.89649468569,3364610,56.26,,72.375,,66.7276623541806
ARM,Armenia,1993,2958.88037185647,3453332,56.808,,72.144,,67.0403082101074
ARM,Armenia,1992,3136.72428260526,3571861,57.275,,71.896,,67.3189719323147
ARM,Armenia,1991,5326.75285558236,3613977,57.536,,71.699,,67.5489914581788
ARM,Armenia,1990,6137.60045786761,3552128,57.601,,71.461,,67.715704725076
ABW,Aruba,2024,45428.0027283518,107995,,19.9932111337407,78.918,,61.7909396819594
ABW,Aruba,2023,42783.2489072067,107359,,,78.779,,61.8351492675589
ABW,Aruba,2022,39083.4616398507,107310,,,78.691,,61.8811657924257
ABW,Aruba,2021,35207.1709088639,107700,,,76.417,,61.9275339886843
ABW,Aruba,2020,30408.8270901983,108587,,,78.333,,62.0028837566365
ABW,Aruba,2019,39754.5600722149,109203,,,78.814,,62.288276286885
ABW,Aruba,2018,39378.2284109047,108908,,,78.708,,62.5367636985996
ABW,Aruba,2017,38213.2892388309,108735,,,78.25,,62.7768488886109
ABW,Aruba,2016,36926.1130685729,108727,,23.7760105133057,78.203,,63.0077880571142
ABW,Aruba,2015,36753.4041726178,107906,,23.7626705169678,78.139,,63.2288374043053
ABW,Aruba,2014,35837.3240929711,106807,,25.044620513916,78.124,,63.4392531303795
ABW,Aruba,2013,35711.9290506967,105675,,24.33424949646,77.961,,63.6382914355326
ABW,Aruba,2012,34058.3102329903,104110,,45.4898414611816,77.899,,63.8252085199599
ABW,Aruba,2011,34926.1008924322,102591,,43.2311782836914,77.709,,63.9992605838571
ABW,Aruba,2010,34037.5423205595,101838,,41.526481628418,77.57,,64.1612965549477
ABW,Aruba,2009,35074.6841221014,101604,,40.4867286682129,76.64,,64.3229852842726
ABW,Aruba,2008,39982.5119922148,100917,,40.9248199462891,76.404,,64.4888814129295
ABW,Aruba,2007,39562.4488484876,100150,,41.0708694458008,76.252,,64.6532664765254
ABW,Aruba,2006,38664.3995098654,99405,,40.1334609985352,76.109,,64.811270283981
ABW,Aruba,2005,38926.4750002706,97635,,40.5605697631836,75.992,,64.9580226442175
ABW,Aruba,2004,40101.7876131851,95138,,34.0411415100098,75.872,,65.0886533661558
ABW,Aruba,2003,38182.3925262649,93128,,34.5283699035645,75.898,,65.1982922587168
ABW,Aruba,2002,38195.3176084346,92074,,34.1376914978027,75.825,,65.2820691308217
ABW,Aruba,2001,38827.4672740448,91439,,35.0141983032227,75.758,,65.3351137913914
ABW,Aruba,2000,37618.9926155094,90588,,34.7242393493652,75.651,,65.3545497799987
ABW,Aruba,1999,35316.6229395578,89659,,27.8074893951416,75.573,,65.3614858587949
ABW,Aruba,1998,35361.1658888898,88451,,,75.823,,65.3668247036146
ABW,Aruba,1997,35534.2745034868,86301,,,75.787,,65.3707211004889
ABW,Aruba,1996,34506.5330803752,83021,,,75.768,,65.3738042700838
ABW,Aruba,1995,35476.4099870864,79805,,,75.753,,65.376703433065
ABW,Aruba,1994,35580.5339781279,77595,,,75.731,,65.3800478100985
ABW,Aruba,1993,34627.74347531,73685,,,75.714,,65.3844666218501
ABW,Aruba,1992,34458.142297503,69005,,,75.7,,65.3905890889858
ABW,Aruba,1991,34079.2304630075,65896,,,75.697,,65.4009220636969
ABW,Aruba,1990,33146.6705478771,62753,,,75.701,,65.4328161744708
AUS,Australia,2024,60309.5831772339,27194286,62.647,129.228897094727,85.1,,87.6021469990446
AUS,Australia,2023,60684.9596204883,26659922,62.576,125.171501159668,85.1,6980.38525391,87.4866955653765
AUS,Australia,2022,60029.1329190733,26018721,62.524,128.283416748047,85.3,6723.98242188,87.3343268253813
AUS,Australia,2021,58327.4146842325,25685412,61.516,135.733032226562,85.4,7092.13476563,87.2353407632761
AUS,Australia,2020,57260.4650530108,25649248,60.136,130.225402832031,85.3,5968.00341797,87.2713470458985
AUS,Australia,2019,58048.6188420831,25334826,61.031,128.240249633789,85.0,5543.37841797,87.3019647888406
AUS,Australia,2018,57647.8455068105,24963258,60.628,119.994178771973,84.9,5843.64794922,87.2267680845925
AUS,Australia,2017,56881.8569859104,24592588,59.877,129.974945068359,84.6,5770.69042969,87.12809266445
AUS,Australia,2016,56529.951824687,24190907,59.381,141.215682983398,84.6,5418.43652344,87.0166295249235
AUS,Australia,2015,55879.9958817103,23815995,59.151,141.459671020508,84.5,5271.93310547,86.8778642539361
AUS,Australia,2014,55489.068844146,23475686,58.704,,84.4,6098.25439453,86.7221289343356
AUS,Australia,2013,54895.0052588984,23128129,58.739,,84.3,5811.86865234,86.5740515760243
AUS,Australia,2012,54403.8836902433,22733465,58.833,,84.3,6038.87158203,86.4451259136625
AUS,Australia,2011,53257.0473237603,22340024,58.931,,84.2,5876.88525391,86.3268946146423
AUS,Australia,2010,52739.2681556133,22031750,58.676,,84.0,4947.96337891,86.2198600512143
AUS,Australia,2009,52407.9115378584,21691653,58.792,,83.9,3989.44116211,86.1278139101818
AUS,Australia,2008,52473.3819160773,21249199,58.603,,83.7,4083.42944336,86.0253816967666
AUS,Australia,2007,51663.2403953881,20827622,58.135,,83.7,3792.80981445,85.8968519574969
AUS,Australia,2006,50693.7248649798,20450966,57.582,,83.5,3174.86865234,85.7492544263523
AUS,Australia,2005,49997.0664953941,20176844,57.048,,83.3,2995.87255859,85.6190871221958
AUS,Australia,2004,49061.2761503925,19932722,55.774,,83.0,2744.08105469,85.518767609412
AUS,Australia,2003,47581.2285345879,19720737,56.013,,82.8,2227.12768555,85.4097077818668
AUS,Australia,2002,46688.3947760633,19495210,55.355,,82.6,1752.93896484,85.2842102783464
AUS,Australia,2001,45428.2000837579,19274701,55.158,,82.4,1550.37390137,85.1481094164726
AUS,Australia,2000,45099.0752097084,19028802,54.618,,82.0,1626.73388672,85.1071608578257
AUS,Australia,1999,43899.073794405,18812264,53.727,,81.8,,85.1245230581889
AUS,Australia,1998,42257.1718122395,18607584,53.721,,81.5,,85.1552971935996
AUS,Australia,1997,40773.5660516518,18423037,53.66,,81.4,,85.1953612480762
AUS,Australia,1996,39663.1617728168,18224767,53.859,,81.1,,85.2405932056372
AUS,Australia,1995,38653.3366778657,18004882,53.675,,80.8,,85.2868710503009
AUS,Australia,1994,37622.6524772939,17805468,52.67,,80.9,,85.3300727660859
AUS,Australia,1993,36533.1468283451,17634808,51.77,,80.9,,85.3660763370105
AUS,Australia,1992,35426.2848289008,17478635,51.996,,80.4,,85.3907597470933
AUS,Australia,1991,35670.6678637309,17284036,52.038,,80.4,,85.4000007462027
AUS,Australia,1990,36267.7410592234,17065128,52.307,,80.16,,85.3951926476336
AUT,Austria,2024,63787.9891749462,9177982,55.408,105.376388549805,84.3,6739.30908203,69.4658181096788
AUT,Austria,2023,64536.2076307547,9131761,55.812,103.992767333984,84.2,6267.93164063,69.2265358276021
AUT,Austria,2022,65694.4591501468,9041851,55.688,106.697883605957,83.6,5897.97607422,68.998085127906
AUT,Austria,2021,62968.8538770186,8955797,55.35,105.239669799805,83.7,6554.14257813,68.773601700253
AUT,Austria,2020,60276.3307697326,8916864,55.224,98.3636474609375,83.6,5569.84130859,68.5410177924001
AUT,Austria,2019,64609.2836396895,8879920,55.514,95.4495697021484,84.2,5313.19287109,68.3176044750522
AUT,Austria,2018,63777.9362157476,8840521,55.426,94.4988479614258,84.1,5394.55908203,68.1046787227623
AUT,Austria,2017,62535.8105711345,8797566,55.351,92.1069183349609,84.0,4999.86962891,67.9051196052802
AUT,Austria,2016,61572.6257402404,8736668,55.349,90.9407424926758,84.1,4758.89892578,67.7218061923556
AUT,Austria,2015,60951.6037273662,8642699,54.827,89.9054870605469,83.7,4649.59667969,67.5576175537383
AUT,Austria,2014,60845.5743980711,8546356,54.763,88.4313507080078,84.0,5418.47558594,67.4154327591781
AUT,Austria,2013,60862.9693673785,8479823,54.711,88.642448425293,83.8,5251.96826172,67.2981308784247
AUT,Austria,2012,61376.6345930428,8429991,54.446,,83.6,4983.67724609,67.2085909812279
AUT,Austria,2011,61272.1724662899,8391643,53.942,,83.8,5191.92333984,67.1484255415056
AUT,Austria,2010,59730.4673903053,8363404,53.648,,83.5,4815.26953125,67.1047429254747
AUT,Austria,2009,58810.3596828696,8343323,53.539,,83.2,4939.75878906,67.0705895694924
AUT,Austria,2008,61157.9014974191,8321496,52.872,,83.3,5080.83740234,67.0435560819078
AUT,Austria,2007,60470.825141587,8295487,52.379,,83.1,4484.81640625,67.0211044863084
AUT,Austria,2006,58460.1550504163,8268641,51.541,,82.8,3899.90722656,67.0006968062814
AUT,Austria,2005,56890.1996184204,8227829,50.866,,82.2,3720.02441406,66.9797950654143
AUT,Austria,2004,55980.1531665622,8171966,50.059,,82.1,3606.77856445,66.9558612872944
AUT,Austria,2003,54919.7101911513,8121423,50.232,,81.5,3122.31201172,66.9263574955092
AUT,Austria,2002,54565.0004227482,8081957,50.127,,81.7,2531.61938477,66.8887457136458
AUT,Austria,2001,54032.075746659,8042293,48.861,,81.7,2315.42285156,66.8408161285718
AUT,Austria,2000,53534.2669894259,8011566,48.991,,81.2,2301.89208984,66.7690238969566
AUT,Austria,1999,52004.459782806,7992324,48.998,,81.0,,66.6585047330725
AUT,Austria,1998,50216.6282284105,7976789,48.82,,81.0,,66.5106754931446
AUT,Austria,1997,48575.090714407,7968041,48.253,,80.7,,66.3274969714236
AUT,Austria,1996,47608.5642962955,7959017,48.267,,80.2,,66.1109299621598
AUT,Austria,1995,46639.4667421613,7948278,48.714,,80.1,,65.8629352596037
AUT,Austria,1994,45497.074754296,7936118,48.112,,79.8,,65.585473658006
AUT,Austria,1993,44601.1442274518,7905633,45.647,,79.5,,65.280505951617
AUT,Austria,1992,44734.7911157679,7840709,45.051,,79.3,,64.9499929346872
AUT,Austria,1991,44302.3593080223,7754891,43.647,,79.1,,64.6009589145985
AUT,Austria,1990,43258.1144095785,7677850,43.096,,79.0,,64.110852115312
AZE,Azerbaijan,2024,22090.5298026929,10202830,61.35,46.8513752985592,77.285,,58.573795837717
AZE,Azerbaijan,2023,21310.7386915022,10153958,61.748,46.1470602336471,77.134,299.81060791,58.5075350483702
AZE,Azerbaijan,2022,21051.2442291612,10141756,62.165,44.8693099737731,76.674,261.44659424,58.4382815854684
AZE,Azerbaijan,2021,20111.3756952109,10137750,61.174,42.5577584033335,73.744,250.9887085,58.3659969744818
AZE,Azerbaijan,2020,19126.096851126,10093121,64.382,39.2257883250787,73.799,245.21949768,58.2934691761937
AZE,Azerbaijan,2019,20101.491875147,10024283,62.441,35.7022256823301,76.235,199.25746155,58.1308191977779
AZE,Azerbaijan,2018,19781.8509058437,9939771,62.63,31.1815621748774,75.946,180.03610229,57.1841534654123
AZE,Azerbaijan,2017,19659.0048562768,9854033,62.213,30.6803624184079,75.622,167.01565552,56.4331887124691
AZE,Azerbaijan,2016,19822.4105943941,9757812,62.043,29.6923732190209,75.342,169.69596863,55.7574797205266
AZE,Azerbaijan,2015,20678.7539572375,9649341,61.096,27.4807769396159,75.344,236.25979614,55.1570486328276
AZE,Azerbaijan,2014,20709.201611232,9535079,60.244,24.7532298312252,74.818,280.22314453,54.6319175926151
AZE,Azerbaijan,2013,20398.6462250349,9416801,59.364,22.6238191680712,74.52,251.67863464,54.1821087431318
AZE,Azerbaijan,2012,19523.3737161356,9295784,59.237,20.9255282801565,73.888,234.60324097,53.8076442276208
AZE,Azerbaijan,2011,19358.0778100345,9173082,59.434,19.8081753121935,73.517,184.93493652,53.5085461893249
AZE,Azerbaijan,2010,19925.3900662137,9054332,59.793,19.156384960805,73.101,153.0665741,53.2848367714869
AZE,Azerbaijan,2009,19242.3900077231,8947243,58.092,18.9310798645019,72.61,135.40127563,53.1358125434574
AZE,Azerbaijan,2008,17963.0208126838,8763400,56.428,18.8704299926758,72.318,111.88427734,53.063304901123
AZE,Azerbaijan,2007,16587.3657240228,8581300,56.405,19.5503005981445,71.789,74.65649414,52.8281555175781
AZE,Azerbaijan,2006,13371.6585214534,8484550,61.162,20.2459392547607,71.603,49.87102127,52.6540145874023
AZE,Azerbaijan,2005,10054.1003389401,8391850,62.978,,70.712,34.35204697,52.5028533935547
AZE,Azerbaijan,2004,7937.8594791002,8306500,64.222,,70.371,27.1906395,52.2831993103027
AZE,Azerbaijan,2003,7329.40601818943,8234100,66.626,,69.939,23.62244987,51.7257995605469
AZE,Azerbaijan,2002,6701.08174444207,8171950,68.823,,69.618,20.45606041,51.2144165039062
AZE,Azerbaijan,2001,6168.98512059749,8111200,70.283,,68.906,19.19010162,51.1584815979004
AZE,Azerbaijan,2000,5656.92989378687,8048600,72.205,,68.595,19.01968193,51.1320838928223
AZE,Azerbaijan,1999,5133.74812032569,7982750,73.434,,67.877,,50.998251151426
AZE,Azerbaijan,1998,4822.1601856452,7913000,74.02,,67.341,,51.4672050476074
AZE,Azerbaijan,1997,4425.5882352872,7838250,74.902,,66.653,,51.9270782470703
AZE,Azerbaijan,1996,4223.5229711304,7763000,75.293,,66.477,,52.1216049194336
AZE,Azerbaijan,1995,4211.72114349636,7684850,75.155,,65.756,,52.3116760253906
AZE,Azerbaijan,1994,4830.69940287626,7596550,73.087,,65.981,,52.5011177062988
AZE,Azerbaijan,1993,6097.48622316834,7494800,69.968,,65.788,,52.6992034912109
AZE,Azerbaijan,1992,8050.21624195194,7382050,66.843,,65.484,,52.9185485839844
AZE,Azerbaijan,1991,10559.2119361527,7271300,64.489,,66.013,,53.2414665222168
AZE,Azerbaijan,1990,10776.0677018086,7175200,64.26,,66.145,,53.6960678100586
BHS,"Bahamas, The",2024,36244.0500123244,401283,70.973,,78.327,,81.3249262966481
BHS,"Bahamas, The",2023,35221.2696932313,399440,71.014,,78.187,2262.33447266,81.3213799173676
BHS,"Bahamas, The",2022,34342.9285316569,397538,70.887,,78.09,2327.20117188,81.3200717047725
BHS,"Bahamas, The",2021,31064.6822166194,396373,66.863,,74.145,1946.21960449,81.4784235345083
BHS,"Bahamas, The",2020,26452.695760929,395863,65.17,,76.788,1861.0637207,81.6642600232849
BHS,"Bahamas, The",2019,33202.4902105068,394675,71.252,,74.176,1881.40393066,81.8257463283204
BHS,"Bahamas, The",2018,33650.2164350935,392717,71.023,,77.731,1875.74035645,81.9643158212241
BHS,"Bahamas, The",2017,33050.0350128611,390485,70.76,,77.725,2069.44555664,82.0814018736052
BHS,"Bahamas, The",2016,32172.3365152976,388055,70.509,,77.757,1711.60510254,82.1784378570728
BHS,"Bahamas, The",2015,32777.5849410742,385346,70.291,,77.443,1588.57775879,82.2568571432361
BHS,"Bahamas, The",2014,32712.6356664811,382298,70.09,,77.749,1619.36669922,82.3180931037043
BHS,"Bahamas, The",2013,32402.9163503108,378953,69.915,,77.586,1559.34985352,82.3635791100868
BHS,"Bahamas, The",2012,33667.5547098911,375469,69.764,,77.301,1518.64953613,82.3947485339925
BHS,"Bahamas, The",2011,32535.6625139135,371729,69.633,,77.151,1442.24768066,82.4130347470308
BHS,"Bahamas, The",2010,32711.4592459383,367478,69.521,,77.05,1444.0065918,82.4198104431593
BHS,"Bahamas, The",2009,32630.263065979,362810,69.433,,77.061,1416.92468262,82.3977602095684
BHS,"Bahamas, The",2008,34498.0351399173,358120,69.337,,77.008,1429.23681641,82.3197128080855
BHS,"Bahamas, The",2007,35797.118972073,353334,69.225,,76.939,1351.08203125,82.1964954293015
BHS,"Bahamas, The",2006,35789.1322131898,348375,69.101,,76.873,1257.64587402,82.0396098391364
BHS,"Bahamas, The",2005,35365.4663980219,343894,68.965,,76.767,1153.21594238,81.8605578035102
BHS,"Bahamas, The",2004,34617.8051137459,339782,68.825,,76.542,1078.31152344,81.6708410883427
BHS,"Bahamas, The",2003,34740.7635535381,335618,68.668,,76.538,1062.43786621,81.4819614595541
BHS,"Bahamas, The",2002,35610.6786425646,331614,68.495,,76.35,1021.03601074,81.3054206830642
BHS,"Bahamas, The",2001,35072.3658990461,327836,68.303,,76.121,995.71844482,81.152720524793
BHS,"Bahamas, The",2000,34597.1621145274,323835,68.089,,75.899,948.88244629,81.0361161567684
BHS,"Bahamas, The",1999,33657.804588874,319614,67.853,,75.666,,80.9534267622834
BHS,"Bahamas, The",1998,31836.5264901331,315368,67.574,,75.478,,80.8883035965274
BHS,"Bahamas, The",1997,30839.0247952491,310904,67.244,,75.332,,80.8349403006729
BHS,"Bahamas, The",1996,30907.8208035756,306268,66.883,,75.219,,80.7886692099075
BHS,"Bahamas, The",1995,30128.1935557246,301461,66.492,21.5617008209229,75.147,,80.7448226594184
BHS,"Bahamas, The",1994,29346.3604837079,296509,66.07,,75.099,,80.6987329843932
BHS,"Bahamas, The",1993,28955.3510589021,291339,65.668,,75.046,,80.6457325200193
BHS,"Bahamas, The",1992,29412.8804985919,285927,65.238,,74.913,,80.581153601484
BHS,"Bahamas, The",1991,31148.9052622825,280731,64.788,,74.826,,80.5003285639749
BHS,"Bahamas, The",1990,33072.1596125382,275945,64.326,,74.634,,80.401533049016
BHR,Bahrain,2024,59060.1818363183,1588670,42.406,79.9392717715802,82.127,,100.0
BHR,Bahrain,2023,57819.9051831242,1577059,42.382,84.3254442585066,81.987,1175.81628418,100.0
BHR,Bahrain,2022,57572.997981018,1524693,42.205,73.6073653864038,81.809,1178.80664063,100.0
BHR,Bahrain,2021,54954.6757895532,1504365,41.196,67.0769779680671,78.844,1176.92102051,100.0
BHR,Bahrain,2020,53814.2452592358,1472204,41.047,75.2914550382905,80.954,1101.14025879,100.0
BHR,Bahrain,2019,56749.9628370612,1483756,42.516,71.7243510506798,81.54,1030.26379395,100.0
BHR,Bahrain,2018,54893.0724411368,1503091,43.209,67.32867632062,81.507,1041.8560791,100.0
BHR,Bahrain,2017,53859.7749589601,1501116,43.581,65.1926737665277,81.478,1080.08898926,100.0
BHR,Bahrain,2016,54107.0752236423,1423726,43.543,63.0497231797764,81.432,1095.92541504,100.0
BHR,Bahrain,2015,54149.9131524721,1370322,43.369,60.9513041649138,81.344,1128.24291992,100.0
BHR,Bahrain,2014,55065.8189472129,1314562,43.095,60.227422631454,81.19,1122.16040039,100.0
BHR,Bahrain,2013,55376.4005147894,1253191,42.952,63.5043297161022,80.95,1115.16906738,100.0
BHR,Bahrain,2012,54516.8406594787,1208964,42.806,66.3114397564158,80.611,1038.1661377,100.0
BHR,Bahrain,2011,53132.3284162611,1195020,42.579,59.8875105130362,80.196,921.72064209,100.0
BHR,Bahrain,2010,50704.8479679819,1228543,43.59,,79.733,866.67224121,100.0
BHR,Bahrain,2009,50665.7507489219,1178415,42.274,,79.25,838.52880859,98.3277849907243
BHR,Bahrain,2008,52765.3899455546,1103496,40.943,,78.772,734.99511719,96.3461384245376
BHR,Bahrain,2007,52731.7921672618,1039295,39.727,,78.326,677.16290283,94.460505558445
BHR,Bahrain,2006,52691.9323366851,960424,38.62,31.6284408569336,77.918,578.29705811,92.7186075361661
BHR,Bahrain,2005,53478.2662415503,888822,37.61,34.6471786499023,77.551,557.9574585,91.168165501421
BHR,Bahrain,2004,54045.092888858,823741,36.673,,77.222,527.82989502,89.8569005979296
BHR,Bahrain,2003,54431.8763559658,764517,36.073,40.0108413696289,76.926,530.5446167,88.8325339694118
BHR,Bahrain,2002,55096.6571550779,710553,35.493,,76.658,469.15478516,88.1427867595875
BHR,Bahrain,2001,57280.6986707494,661316,34.91,,76.404,457.59741211,87.8397146150894
BHR,Bahrain,2000,57968.9956082135,637582,34.267,,76.149,451.50253296,87.8356209595597
BHR,Bahrain,1999,56522.2261899823,620989,33.597,26.7792205810547,75.88,,87.8816934803747
BHR,Bahrain,1998,55638.6935860684,604842,32.956,,75.585,,87.9541250246595
BHR,Bahrain,1997,54512.8551056888,589115,32.342,,75.253,,88.043906178822
BHR,Bahrain,1996,54289.4380390309,573792,31.771,22.1289501190186,74.888,,88.1420275292704
BHR,Bahrain,1995,53537.6828948177,558879,31.238,22.0391693115234,74.51,,88.2394796624129
BHR,Bahrain,1994,52886.5789027329,544366,30.73,23.0593605041504,74.15,,88.3272531646575
BHR,Bahrain,1993,54433.1375084971,530225,30.226,24.047399520874,73.837,,88.3963386224123
BHR,Bahrain,1992,49511.9474019627,516458,29.71,23.0970096588135,73.599,,88.4377266220855
BHR,Bahrain,1991,47644.0234716882,503052,29.122,20.4853496551514,73.457,,88.4141682579058
BHR,Bahrain,1990,41856.54450772,514797,29.681,,73.397,,88.1475141671497
BGD,Bangladesh,2024,8486.78495660517,173562364,38.708,20.7920488284509,76.667,,32.6783196323307
BGD,Bangladesh,2023,8242.39798977242,171466990,41.874,20.8052172080444,76.373,53.46432495,32.1578465036834
BGD,Bangladesh,2022,7888.16389098304,169384897,43.687,19.7358288021283,76.051,56.62142181,31.673734726234
BGD,Bangladesh,2021,7441.06913961254,167658854,42.181,19.9823403989508,72.847,56.09640121,31.3992156886061
BGD,Bangladesh,2020,7015.19792797056,166298024,40.323,18.9795942258367,73.428,49.0274353,31.1168927321524
BGD,Bangladesh,2019,6838.32611608243,164913055,39.33,18.005333301552,74.399,45.07677078,30.8228396343012
BGD,Bangladesh,2018,6392.59334024091,163523103,38.056,15.6417020491843,73.953,44.78892899,30.5175656009959
BGD,Bangladesh,2017,6005.70718781048,162186147,36.676,15.0024572231323,73.51,42.17510986,30.2015798381799
BGD,Bangladesh,2016,5682.53553494306,160811932,33.497,14.0572375786514,73.066,39.30647659,29.8753915517965
BGD,Bangladesh,2015,5352.71133299566,159383179,33.531,12.7805603544816,72.597,33.20998764,29.5395099477892
BGD,Bangladesh,2014,5068.63965672741,157964929,33.571,11.3708454324275,72.095,29.91152382,29.1944442321013
BGD,Bangladesh,2013,4822.72621378266,156532141,33.616,11.2585612257799,71.538,26.96918297,28.8407036106763
BGD,Bangladesh,2012,4592.04840919812,155070101,34.316,11.1552942440516,70.944,23.43771553,28.4787972894576
BGD,Bangladesh,2011,4352.42643359325,153591076,35.021,10.7772449343579,70.323,22.77348328,28.1100162712427
BGD,Bangladesh,2010,4125.46390163202,152201981,35.723,,69.687,20.62105751,27.7254372588696
BGD,Bangladesh,2009,3942.13631207203,150873714,34.041,7.79169988632202,69.058,17.7030201,27.3111249057412
BGD,Bangladesh,2008,3787.9382761855,149474264,32.398,6.07565021514893,68.451,15.5619669,26.87206041368
BGD,Bangladesh,2007,3608.91543819399,147989278,30.797,5.35538005828857,67.743,14.03898716,26.415303779311
BGD,Bangladesh,2006,3407.4273502159,146405973,29.241,4.92251014709473,67.273,12.05988026,25.9479149992596
BGD,Bangladesh,2005,3231.61370692891,144715786,29.194,4.0955400466919,66.668,11.31403732,25.4769540701509
BGD,Bangladesh,2004,3071.83778764611,142902856,29.123,3.49539995193481,66.01,10.78997898,25.0094809886101
BGD,Bangladesh,2003,2958.91503115633,140970351,29.055,3.82463002204895,65.321,9.98434258,24.5525557512625
BGD,Bangladesh,2002,2866.43454328715,138933658,28.98,3.77570009231567,64.548,9.05402279,24.1132383547332
BGD,Bangladesh,2001,2803.55471950946,136805810,28.878,4.16593980789185,63.703,8.10025787,23.6999214768623
BGD,Bangladesh,2000,2712.93512215725,134544304,28.671,3.39689993858337,62.813,8.27585602,23.3145114975244
BGD,Bangladesh,1999,2624.06553797638,132108065,28.345,3.41735005378723,61.893,,22.957073677202
BGD,Bangladesh,1998,2555.06119218282,129622332,27.966,,60.954,,22.6195132518384
BGD,Bangladesh,1997,2475.59574602489,127198069,27.531,,60.064,,22.2953437419401
BGD,Bangladesh,1996,2413.54298201505,124862179,27.021,,59.194,,21.9780786680138
BGD,Bangladesh,1995,2351.70387946903,122600370,26.467,,58.362,,21.661231550566
BGD,Bangladesh,1994,2279.09435302944,120343179,25.931,,57.633,,21.3383159101032
BGD,Bangladesh,1993,2234.8101219225,118132360,25.434,,56.959,,21.002845267132
BGD,Bangladesh,1992,2174.38232866943,115952192,24.977,,56.404,,20.6483331421589
BGD,Bangladesh,1991,2101.38366035658,113787109,24.564,,53.102,,20.2666857869933
BGD,Bangladesh,1990,2069.78230100672,111633717,24.207,1.38640999794006,55.574,,19.8635088474054
BRB,Barbados,2024,21557.5276350385,282467,61.371,72.1972084646556,78.763,,59.5397032429174
BRB,Barbados,2023,20865.0155437147,282336,61.146,73.9003917179631,78.615,1286.47680664,59.4235740235775
BRB,Barbados,2022,20494.5343836936,282318,61.109,74.2715777899945,78.274,1302.0592041,59.3538514107686
BRB,Barbados,2021,17686.7469386289,282147,58.963,73.4793451154722,78.72,1391.49853516,59.3220365433819
BRB,Barbados,2020,16399.7020111405,281698,59.687,71.7733247145012,78.649,1234.30041504,59.3014583324011
BRB,Barbados,2019,19890.455714094,281207,61.588,66.9638062506713,78.536,1168.11938477,59.2841140645486
BRB,Barbados,2018,19877.6759569235,280711,61.625,61.2705578845534,78.427,1169.35559082,59.270175311893
BRB,Barbados,2017,19966.3202405154,280171,62.517,67.5599435825106,78.296,1182.00366211,59.25926986892
BRB,Barbados,2016,19877.1120083968,279598,62.528,69.0394982946419,78.271,1181.14257813,59.2510255301153
BRB,Barbados,2015,19642.2322500219,278990,61.731,75.8850294085007,78.157,1154.62719727,59.2450700899645
BRB,Barbados,2014,19840.8306179644,278348,63.225,95.5949086884339,78.055,1175.44348145,59.2410313429534
BRB,Barbados,2013,19730.3469740518,277665,63.997,99.5411841817784,77.952,1246.16491699,59.2385370835674
BRB,Barbados,2012,19743.57827095,276938,62.881,94.3220701454234,77.86,1294.78674316,59.2372151062924
BRB,Barbados,2011,20383.2530917687,276139,64.298,89.5609588623047,77.752,1163.2668457,59.236693205614
BRB,Barbados,2010,20464.7939658776,275243,64.422,94.990227342866,77.642,1114.3729248,59.2366008990356
BRB,Barbados,2009,22354.8404800399,274123,64.545,101.674942016602,77.728,1163.96875,59.2944920242948
BRB,Barbados,2008,23657.2900650446,272714,64.646,,77.537,1136.53637695,59.4931902204528
BRB,Barbados,2007,23631.9433885299,271288,64.677,81.6354522705078,77.513,1043.49401855,59.803942722226
BRB,Barbados,2006,23260.8645438811,270002,64.675,,77.229,1028.39282227,60.1960940466703
BRB,Barbados,2005,22035.3859581035,268706,64.689,,77.184,963.07849121,60.6389887108416
BRB,Barbados,2004,21308.6052569587,267298,64.711,,77.295,942.37701416,61.101971231796
BRB,Barbados,2003,21132.3281963019,265776,64.051,,77.036,808.06054688,61.5543861265895
BRB,Barbados,2002,20809.8567218941,264148,63.93,,76.99,689.30773926,61.965577912278
BRB,Barbados,2001,20782.8432453701,262425,63.804,58.8972396850586,76.983,643.1159668,62.3048911059175
BRB,Barbados,2000,21315.7684300571,262063,63.612,61.3815612792969,77.018,622.47875977,62.5379397803044
BRB,Barbados,1999,20372.8839348705,262517,63.418,50.4479789733887,77.225,,62.695345944721
BRB,Barbados,1998,20311.199276816,262436,63.249,,77.134,,62.843237406088
BRB,Barbados,1997,19584.4075964016,262392,63.033,,76.775,,62.984506358104
BRB,Barbados,1996,18705.7976314677,262284,63.609,,76.804,,63.1164247737166
BRB,Barbados,1995,18007.2337725556,262039,63.353,,76.616,,63.2362646258735
BRB,Barbados,1994,17679.9985547176,261620,62.085,,76.427,,63.3412978875224
BRB,Barbados,1993,17370.8734866422,261027,61.48,,76.3,,63.428796531611
BRB,Barbados,1992,17284.5196561055,260267,60.871,33.0662689208984,76.066,,63.4960325310869
BRB,Barbados,1991,18391.0074040066,259373,60.931,,75.891,,63.5402778588977
BRB,Barbados,1990,19195.8871160038,258582,60.938,22.0738391876221,75.754,,63.5586463259898
BLR,Belarus,2024,29135.9465139232,9132629,57.229,75.5513245422279,79.223,,79.1551015210848
BLR,Belarus,2023,27782.4380139967,9178298,57.417,78.4458374741992,79.065,558.22644043,78.8146420666327
BLR,Belarus,2022,26537.5083081674,9228071,57.892,82.6085502906297,79.002,529.01873779,78.4732787892908
BLR,Belarus,2021,27611.1801135157,9302585,58.024,84.1475046521849,77.176,484.03930664,78.131086803694
BLR,Belarus,2020,26731.4953869922,9379952,57.884,85.3012885902356,77.428,420.43655396,77.7890385790408
BLR,Belarus,2019,26798.8206398076,9419758,58.277,86.6836374430497,79.4,400.11621094,77.4550771852757
BLR,Belarus,2018,26363.4629778536,9438785,58.081,92.1089007484019,79.4,349.99176025,77.2132720947266
BLR,Belarus,2017,25503.9809845207,9458989,58.591,99.7123512750371,79.2,331.94082642,77.0208206176758
BLR,Belarus,2016,24846.8301529359,9469379,58.75,103.779106864839,79.0,296.94720459,76.8458709716797
BLR,Belarus,2015,25513.2132958317,9461076,58.668,107.505425804153,78.9,360.91937256,76.6263885498047
BLR,Belarus,2014,26564.4347246547,9448515,58.566,108.158226045773,78.4,448.27426147,76.3405227661133
BLR,Belarus,2013,26147.6253584645,9443211,58.402,110.320258557367,77.9,454.51959229,75.94970703125
BLR,Belarus,2012,25879.1319400701,9446836,58.162,109.531699203018,77.6,364.09957886,75.5281066894531
BLR,Belarus,2011,25404.7566082412,9461643,57.832,103.172948286202,76.7,317.82492065,75.0597534179688
BLR,Belarus,2010,24012.6133040213,9483836,57.407,95.3766859764508,76.5,341.13800049,74.5501403808594
BLR,Belarus,2009,22236.8387691136,9504583,56.961,90.4933700561523,76.4,288.44775391,74.1909646620571
BLR,Belarus,2008,22137.9472928315,9527985,56.488,85.5074920654297,76.5,348.92633057,73.5531692504883
BLR,Belarus,2007,20019.6111676728,9560953,56.055,83.7997894287109,76.2,278.63424683,73.0913467407227
BLR,Belarus,2006,18349.8719060634,9604924,55.723,79.4934234619141,75.5,221.70170593,72.6113815307617
BLR,Belarus,2005,16579.8731683834,9663915,55.418,75.9345474243164,75.1,196.13806152,72.0310134887695
BLR,Belarus,2004,15052.1182160947,9730146,55.18,73.3427886962891,75.0,140.99655151,71.7658538818359
BLR,Belarus,2003,13413.9265504854,9796749,54.932,71.7289276123047,74.7,108.51013947,71.3092422485352
BLR,Belarus,2002,12443.9322575939,9865548,54.578,68.3930892944336,74.1,85.97066498,70.8804702758789
BLR,Belarus,2001,11771.0872003861,9928549,54.121,65.0250396728516,74.5,73.3659668,70.3147201538086
BLR,Belarus,2000,11182.4548339393,9979610,53.472,62.6487808227539,74.7,57.02944183,69.9172295434732
BLR,Belarus,1999,10519.7489145442,10026738,52.723,59.4461708068848,73.9,,69.4807636785987
BLR,Belarus,1998,10128.1560469563,10071963,52.483,54.3985481262207,74.4,,69.0234222412109
BLR,Belarus,1997,9301.32717519867,10117433,52.499,50.0746192932129,74.3,,68.6145935058594
BLR,Belarus,1996,8314.85656685025,10159569,52.865,48.1257019042969,74.3,,68.2737426757812
BLR,Belarus,1995,8061.19604112609,10193831,53.079,,74.3,,68.0162734985352
BLR,Belarus,1994,8967.73072971831,10226955,52.844,,74.3,,67.7585983276367
BLR,Belarus,1993,10143.9840118445,10239050,52.706,,74.4,,67.5179672241211
BLR,Belarus,1992,11002.6017626136,10216470,52.792,,75.4,,67.3208541870117
BLR,Belarus,1991,12197.7877887634,10194050,52.885,52.9188995361328,75.5,,67.0062866210938
BLR,Belarus,1990,12351.6357110065,10189348,53.101,,75.6,,66.4269790649414
BEL,Belgium,2024,63311.2766917178,11858610,49.97,,84.4,,87.6126557010527
BEL,Belgium,2023,63042.0099876309,11779946,49.834,95.5885467529297,84.5,5931.01464844,87.551492636772
BEL,Belgium,2022,62602.9270469765,11680210,50.029,96.8285827636719,83.9,5487.59277344,87.489200269855
BEL,Belgium,2021,60669.2137746534,11586195,49.367,95.5878219604492,84.3,5847.17333984,87.4305564090635
BEL,Belgium,2020,57333.5424137924,11538604,48.659,91.3419799804688,83.0,5269.40625,87.2964994991269
BEL,Belgium,2019,60479.9769955469,11488980,49.097,91.1066436767578,84.3,5087.45654297,87.0961631189222
BEL,Belgium,2018,59357.6896884396,11427054,48.769,90.0073776245117,83.9,5233.68261719,86.8883449485575
BEL,Belgium,2017,58529.3302957537,11375158,47.974,92.0985870361328,83.9,4827.59326172,86.6731739531869
BEL,Belgium,2016,57901.497690315,11331422,47.81,88.0689697265625,84.0,4569.640625,86.4507790979645
BEL,Belgium,2015,57509.0245728704,11274196,48.045,86.9811706542969,83.4,4465.45556641,86.2212893480444
BEL,Belgium,2014,57002.9092185206,11209057,48.125,84.1571884155273,83.9,5110.17333984,85.9848336685807
BEL,Belgium,2013,56263.175267967,11159407,47.804,81.4389572143555,83.2,5005.64990234,85.7415410247275
BEL,Belgium,2012,56356.8251292137,11106932,47.155,78.568359375,83.1,4763.93505859,85.4915403816388
BEL,Belgium,2011,56585.302500068,11038264,47.103,75.8973999023438,83.3,4990.35595703,85.2349607044689
BEL,Belgium,2010,56240.2030936241,10895586,47.774,74.7183227539062,83.0,4626.02685547,84.9719309583717
BEL,Belgium,2009,55258.7071019668,10796493,46.979,72.0740432739258,82.8,4755.80859375,84.7025801085014
BEL,Belgium,2008,56787.7366257416,10709973,46.928,69.8833084106445,82.6,4656.04150391,84.427037120012
BEL,Belgium,2007,56983.4612170064,10625700,46.59,69.3764266967773,82.6,4066.2121582,84.1454309580577
BEL,Belgium,2006,55367.6227467909,10547958,45.818,70.1428604125977,82.3,3547.06835938,83.8578905877926
BEL,Belgium,2005,54346.8934219288,10478617,45.687,69.2462997436523,81.9,3415.64599609,83.5645449743707
BEL,Belgium,2004,53406.6918625203,10421137,44.185,67.6734085083008,81.9,3322.28857422,83.2655230829461
BEL,Belgium,2003,51788.8439641975,10376133,42.881,64.4661331176758,81.1,2822.50341797,82.9609538786731
BEL,Belgium,2002,51471.8532550934,10332785,42.506,62.6533012390137,81.2,2084.7199707,82.6509663267055
BEL,Belgium,2001,50835.3969916063,10286570,41.787,60.7619400024414,81.2,1879.93457031,82.3356893921976
BEL,Belgium,2000,50455.7338920674,10251250,43.616,,81.0,1849.91601563,82.0152520403035
BEL,Belgium,1999,48765.7668571998,10226419,43.147,,81.0,,81.6897832361771
BEL,Belgium,1998,47205.3098527355,10203008,41.54,,80.7,,81.3594119449727
BEL,Belgium,1997,46396.0021283995,10181245,40.971,,80.7,,81.0242671318444
BEL,Belgium,1996,44808.5243580352,10156637,40.526,,80.66,,80.6844777619461
BEL,Belgium,1995,44310.6278688276,10136811,40.424,,80.38,,80.3401728004321
BEL,Belgium,1994,43369.275944431,10115603,40.04,,80.19,,79.9914812124564
BEL,Belgium,1993,42143.1960612051,10084475,39.461,,79.9,,79.6385319631731
BEL,Belgium,1992,42719.0486134247,10045158,38.759,,79.87,,79.2814540177363
BEL,Belgium,1991,42246.0760496851,10004486,37.914,,79.67,,78.9203763413001
BEL,Belgium,1990,41640.0583572134,9967379,36.46,,79.54,,78.5554278990186
BLZ,Belize,2024,12621.4081961897,417072,43.833,32.1377183967112,76.663,,41.7532107338224
BLZ,Belize,2023,12371.0086545348,411106,44.076,29.0806945863126,76.495,309.40835571,41.9459437504976
BLZ,Belize,2022,12565.3645829576,402733,43.563,31.0154068865681,75.104,298.01553345,42.1373251262137
BLZ,Belize,2021,11716.3267818656,395346,46.813,29.9082757909925,73.796,308.93920898,42.3910809205294
BLZ,Belize,2020,10045.1404163746,390812,41.478,33.0255352076348,74.463,279.10131836,42.649842440311
BLZ,Belize,2019,11765.9748661176,385829,57.096,31.8993632551638,75.668,298.14306641,42.9077622153323
BLZ,Belize,2018,11451.8979413877,380226,54.103,30.9472804221746,75.45,286.83633423,43.164848281502
BLZ,Belize,2017,11572.3007931461,373202,48.678,30.945558739255,75.217,280.71743774,43.4211086747287
BLZ,Belize,2016,12063.0600374093,364705,49.101,30.5036049222096,74.986,293.09829712,43.6765514309211
BLZ,Belize,2015,12348.7944978311,356333,48.253,29.0861014708313,74.803,286.78604126,43.931184585988
BLZ,Belize,2014,12272.2957895446,348923,47.392,30.0827555356743,74.552,298.51965332,44.1850161758379
BLZ,Belize,2013,12064.797259406,341627,46.501,29.9340609367895,74.34,263.10794067,44.4380542363795
BLZ,Belize,2012,11843.4153404212,334414,45.998,29.9773690013347,74.142,247.97563171,44.6903068035216
BLZ,Belize,2011,11641.7717375703,327298,45.496,26.8373833996792,73.874,252.81436157,44.9417819131729
BLZ,Belize,2010,11913.6635959061,320245,44.998,26.3584802097945,73.715,244.02867126,45.1914838193558
BLZ,Belize,2009,12033.9096816588,312614,44.486,27.4000091552734,73.584,243.3110199,45.4589714924251
BLZ,Belize,2008,12415.6811300464,304361,43.959,23.0406093597412,73.376,257.84707642,45.7599120745023
BLZ,Belize,2007,12973.2067214746,296100,43.433,22.0743808746338,73.359,233.67915344,46.0812472097226
BLZ,Belize,2006,12912.5300233774,287878,42.908,20.9561595916748,73.233,196.13124084,46.4084814638913
BLZ,Belize,2005,12714.9697390831,279731,42.385,19.5171604156494,73.042,181.24623108,46.7271194028137
BLZ,Belize,2004,12807.1658774384,271688,41.864,18.6091709136963,72.954,176.26716614,47.0226655922949
BLZ,Belize,2003,12589.2679378206,263780,41.346,19.6023101806641,72.599,175.13619995,47.2806245981404
BLZ,Belize,2002,11828.1865744067,256009,40.829,21.0202808380127,72.364,172.81750488,47.4865009861554
BLZ,Belize,2001,11567.0265720608,248379,40.317,18.4727096557617,71.66,163.11247253,47.6257993221451
BLZ,Belize,2000,11363.6868781615,240799,39.808,,71.627,139.00151062,47.6836847507377
BLZ,Belize,1999,10460.6346102795,233059,39.297,,71.668,,47.6748311644458
BLZ,Belize,1998,9894.59919785026,225173,39.252,,71.522,,47.6419509742997
BLZ,Belize,1997,9862.26634546876,217446,38.34,,71.728,,47.5923402322735
BLZ,Belize,1996,9782.64416029651,210310,36.967,,71.821,,47.5323526855742
BLZ,Belize,1995,9967.84688088643,204146,35.616,,71.854,,47.4683420814088
BLZ,Belize,1994,10146.3996755203,199097,34.28,,71.877,,47.4066621669842
BLZ,Belize,1993,10366.8590598807,194902,34.368,,71.864,,47.3536666895074
BLZ,Belize,1992,9967.77779283553,190983,34.061,,71.836,,47.3157093961853
BLZ,Belize,1991,9028.07343837562,187040,33.332,,71.886,,47.2992377705329
BLZ,Belize,1990,8251.61762539471,183076,32.663,,71.82,,47.3571892508649
BEN,Benin,2024,3901.32588494392,14462724,74.985,,62.416,,52.5455354818423
BEN,Benin,2023,3721.21254814808,14111034,74.802,,62.208,46.52822113,51.7457922964593
BEN,Benin,2022,3588.32519938147,13759501,74.633,7.59056997299194,61.75,37.76291275,50.9627000010887
BEN,Benin,2021,3464.2886286745,13413417,74.754,7.0561900138855,60.825,38.45053101,50.1961807561354
BEN,Benin,2020,3317.8597222557,13070169,73.587,7.06819009780884,61.569,36.62052536,49.4461567219896
BEN,Benin,2019,3281.10470051465,12726755,74.325,6.73445987701416,61.069,33.9457283,48.7125500590248
BEN,Benin,2018,3155.4510650627,12383347,73.755,7.38617992401123,60.752,39.54786301,47.9952829275963
BEN,Benin,2017,3041.77929984989,12039780,73.179,6.93219995498657,60.632,38.75862122,47.2942774880391
BEN,Benin,2016,2962.66381572265,11697842,72.597,7.0890998840332,60.291,36.58565903,46.6094559006664
BEN,Benin,2015,2952.00218338705,11360681,72.007,7.17110013961792,60.096,27.34733391,45.9407403257663
BEN,Benin,2014,2987.38236326153,11030004,71.412,7.87212991714478,59.96,32.41182327,45.2880529235999
BEN,Benin,2013,2893.0467015352,10708834,70.81,8.15380001068115,59.798,33.53426743,44.6502883669319
BEN,Benin,2012,2779.7264808532,10397657,70.202,6.60909986495972,59.45,32.95616913,44.0475065829838
BEN,Benin,2011,2732.01249647957,10093623,69.588,5.05974006652832,59.33,31.76816368,43.4616136137276
BEN,Benin,2010,2733.57399641151,9797484,69.1,6.59487009048462,59.265,29.37720871,42.8916891239353
BEN,Benin,2009,2758.07243150648,9509423,68.616,5.24869012832642,59.178,29.69425583,42.338538285999
BEN,Benin,2008,2777.61974031765,9228466,68.136,3.97353005409241,59.095,28.12486076,41.8029662723105
BEN,Benin,2007,2729.13741390352,8953969,67.66,3.76561999320984,59.365,26.79680061,41.2857782552618
BEN,Benin,2006,2652.21841967159,8693242,67.187,3.01498007774353,59.13,26.60264206,40.7877794072449
BEN,Benin,2005,2632.47251454328,8426144,66.715,,58.903,25.12485313,40.3097749006517
BEN,Benin,2004,2672.84404357157,8159094,66.244,,58.565,24.52665329,39.8525699078742
BEN,Benin,2003,2639.04370114641,7913070,65.78,,58.409,21.06955719,39.4169696013044
BEN,Benin,2002,2630.18061029627,7675426,65.319,,58.292,16.9179287,39.0035069872981
BEN,Benin,2001,2591.06485220288,7445596,64.381,1.66339004039764,58.249,16.26979828,38.6186257669218
BEN,Benin,2000,2536.16885867097,7221619,63.474,1.3831399679184,58.286,14.42371464,38.2759517258875
BEN,Benin,1999,2470.68504400549,7002818,62.594,1.224249958992,58.169,,37.9666992766374
BEN,Benin,1998,2419.10014338548,6789489,61.741,,58.015,,37.679598833816
BEN,Benin,1997,2399.78593127356,6583365,60.913,0.915300011634827,57.91,,37.4033808120677
BEN,Benin,1996,2337.63030771279,6391858,60.109,0.723100006580353,57.613,,37.126775626037
BEN,Benin,1995,2300.14122107459,6226773,59.322,0.679419994354248,57.552,,36.8385136903681
BEN,Benin,1994,2215.36616821938,6096506,58.548,0.652809977531433,57.331,,36.5273254197057
BEN,Benin,1993,2254.24565428893,5872706,57.803,0.632740020751953,57.119,,36.181941228694
BEN,Benin,1992,2226.56666006625,5617844,57.082,0.661419987678528,56.863,,35.7897618395069
BEN,Benin,1991,2230.46054664537,5446932,57.096,0.583530008792877,56.247,,35.340755921781
BEN,Benin,1990,2207.06796428357,5281479,57.113,,55.899,,34.8178700744747
BMU,Bermuda,2024,104299.944358815,64636,,,85.871,,100.0
BMU,Bermuda,2023,102268.922803272,64698,,20.9401702880859,85.742,,100.0
BMU,Bermuda,2022,97943.0548977322,64749,,,85.566,,100.0
BMU,Bermuda,2021,92319.6714861222,64648,,,85.385,,100.0
BMU,Bermuda,2020,88484.8155997921,64382,,,85.195,,100.0
BMU,Bermuda,2019,95523.9623126026,64107,,,85.033,,100.0
BMU,Bermuda,2018,95643.2734055543,63831,,26.4779891967773,84.842,,100.0
BMU,Bermuda,2017,96441.2718767256,63578,,27.6455001831055,84.647,,100.0
BMU,Bermuda,2016,93269.0137558453,63449,,,84.562,,100.0
BMU,Bermuda,2015,93863.8483363419,63464,,42.984691619873,84.543,,100.0
BMU,Bermuda,2014,93046.2100976443,63529,,44.0761184692383,84.535,,100.0
BMU,Bermuda,2013,96553.8726827819,63574,,49.4047584533691,84.439,,100.0
BMU,Bermuda,2012,96715.1659966888,63646,,49.8239402770996,84.353,,100.0
BMU,Bermuda,2011,101994.242680484,63733,,51.6939315795898,84.138,,100.0
BMU,Bermuda,2010,105973.358845444,63725,,49.7959213256836,83.835,,100.0
BMU,Bermuda,2009,108967.427366927,63565,,55.7648391723633,83.64,,100.0
BMU,Bermuda,2008,115947.63292703,63300,,41.1665687561035,83.572,,100.0
BMU,Bermuda,2007,118696.092066629,63010,,42.9530181884766,83.526,,100.0
BMU,Bermuda,2006,115175.773016307,62834,,46.5730285644531,83.42,,100.0
BMU,Bermuda,2005,109340.012116084,62711,,,83.264,,100.0
BMU,Bermuda,2004,107807.760712997,62555,,,83.052,,100.0
BMU,Bermuda,2003,105647.446050466,62386,,,82.533,,100.0
BMU,Bermuda,2002,102564.108880562,62142,,,82.61,,100.0
BMU,Bermuda,2001,104565.263948121,61867,,,82.443,,100.0
BMU,Bermuda,2000,98024.0788793146,61550,,,82.221,,100.0
BMU,Bermuda,1999,90294.3828538243,61124,,,81.876,,100.0
BMU,Bermuda,1998,88038.5381561316,60639,,,81.401,,100.0
BMU,Bermuda,1997,85384.4474553667,60177,,,81.047,,100.0
BMU,Bermuda,1996,82126.2573825069,59813,,,80.728,,100.0
BMU,Bermuda,1995,80430.6436481323,59526,,,80.179,,100.0
BMU,Bermuda,1994,77473.5756060332,59194,,,79.392,,100.0
BMU,Bermuda,1993,77506.7437396645,58816,,,78.703,,100.0
BMU,Bermuda,1992,75769.902935257,58407,,,78.366,,100.0
BMU,Bermuda,1991,76368.2742018138,57984,,,78.168,,100.0
BMU,Bermuda,1990,79750.8567680695,57559,,,78.091,,100.0
BTN,Bhutan,2024,15603.8871298469,791524,56.636,13.7918693326955,75.27,,42.5645249803412
BTN,Bhutan,2023,14610.2959097837,786385,56.618,15.1554899215698,74.965,162.19680786,41.7352457989939
BTN,Bhutan,2022,14061.3120274588,780914,52.51,15.0230679874042,74.722,138.00679016,40.9365143617581
BTN,Bhutan,2021,13458.812666743,775442,64.902,16.2454173230505,74.365,161.46617126,40.3075199874379
BTN,Bhutan,2020,12979.9369485824,770006,63.002,17.6931491749255,74.191,134.13723755,39.6888839873439
BTN,Bhutan,2019,14555.1884045845,764824,60.631,16.4477391124856,73.898,115.71811676,39.0746823405146
BTN,Bhutan,2018,13854.8543977158,759759,54.743,15.3541912114183,73.585,102.01222992,38.4661892776975
BTN,Bhutan,2017,13482.3425280358,754335,54.815,15.1019335985173,73.246,103.63583374,37.8645544995016
BTN,Bhutan,2016,13320.9759036882,747866,54.892,,72.876,97.42939758,37.2745234641407
BTN,Bhutan,2015,12400.2983237391,740618,54.976,,72.487,96.86671448,36.6983375690037
BTN,Bhutan,2014,11744.5189124825,733139,53.93,,72.215,87.19132233,36.1326606084122
BTN,Bhutan,2013,11212.479426698,725273,58.19,9.44367391887451,71.894,86.41462708,35.5740003158589
BTN,Bhutan,2012,11143.9445354588,717279,63.073,6.64991406273068,71.513,84.0940094,35.0188644248365
BTN,Bhutan,2011,10714.686566371,709377,62.328,6.67303706119771,71.052,77.75431824,34.4637606688377
BTN,Bhutan,2010,9985.28455483655,701632,63.319,5.21984665348031,70.512,72.38789368,33.9051967813552
BTN,Bhutan,2009,9019.11861272397,693988,65.615,4.95929002761841,69.816,59.74616623,33.3396804958817
BTN,Bhutan,2008,8470.03471622855,686351,65.254,4.97519016265869,69.44,57.59343338,32.76371954591
BTN,Bhutan,2007,8195.07074477912,678641,64.807,4.04678010940552,68.886,64.72015381,32.1738216649326
BTN,Bhutan,2006,7140.85609148376,670799,64.326,3.87545990943909,68.258,54.21236038,31.5664945864425
BTN,Bhutan,2005,6850.80441609334,661865,63.749,3.8428099155426,67.547,46.79434204,30.9379917831613
BTN,Bhutan,2004,6517.99683290216,650544,62.923,,66.949,46.06135941,30.2914018195132
BTN,Bhutan,2003,6323.5411950973,637663,61.96,,66.31,37.15467834,29.6328608739429
BTN,Bhutan,2002,5991.25497571775,624409,61.032,,65.617,32.9380188,28.9630875013322
BTN,Bhutan,2001,5545.6305511084,610794,60.142,,64.891,35.08880234,28.282501830034
BTN,Bhutan,2000,5287.57434721684,596863,59.314,,63.446,30.5911293,27.5915239884015
BTN,Bhutan,1999,5241.36663790737,582579,58.576,1.99481999874115,63.573,,26.8905741047879
BTN,Bhutan,1998,4965.87646031681,569435,57.914,,62.848,,26.1800723075463
BTN,Bhutan,1997,4778.70511731732,558697,57.31,,62.13,,25.4604387250299
BTN,Bhutan,1996,4616.91979198439,548784,56.768,,61.441,,24.7320934855918
BTN,Bhutan,1995,4379.87046667778,547989,56.274,,60.711,,23.9954567175851
BTN,Bhutan,1994,4042.49417769249,554497,55.836,,59.785,,23.250948549363
BTN,Bhutan,1993,3850.551287421,554673,55.461,,59.293,,22.4989891092786
BTN,Bhutan,1992,3624.59781500136,577774,55.124,,58.578,,21.739998525685
BTN,Bhutan,1991,3338.00941826599,599784,54.863,,57.8,,20.9743969269355
BTN,Bhutan,1990,3411.3837599176,589287,54.673,,57.141,,20.2026044413832
BOL,Bolivia,2024,11329.1518061536,12413315,72.389,,71.324,,71.2361453773988
BOL,Bolivia,2023,11616.1575595159,12244159,72.455,,71.145,255.04104614,70.9151414044538
BOL,Bolivia,2022,11487.7148799194,12077154,71.715,,70.255,260.88070679,70.6352598708131
BOL,Bolivia,2021,11202.4409836707,11937360,71.057,,65.25,276.20880127,70.3450412826165
BOL,Bolivia,2020,10285.6590750222,11816299,65.02,,67.126,248.69514465,70.0442635528254
BOL,Bolivia,2019,11930.9159145918,11671386,66.243,,70.266,241.34619141,69.7334986708387
BOL,Bolivia,2018,11920.3135079645,11508368,63.56,,70.132,231.18806458,69.4133879813999
BOL,Bolivia,2017,11755.2556195885,11344587,59.112,,69.951,214.58572388,69.0838016274736
BOL,Bolivia,2016,11448.02180322,11180020,56.919,,69.757,207.4511261,68.7446327876947
BOL,Bolivia,2015,11144.6415720641,11014705,57.044,,69.552,196.25799561,68.3958051297665
BOL,Bolivia,2014,10790.8472887528,10848888,57.169,,69.3,179.3274231,68.037425413
BOL,Bolivia,2013,10391.3833756917,10682608,57.294,,69.105,159.99380493,67.6697055519889
BOL,Bolivia,2012,9884.46163594645,10515807,57.42,,68.879,135.32060242,67.2581444827699
BOL,Bolivia,2011,9554.44502513,10348929,57.545,,68.588,119.78379059,66.833715633176
BOL,Bolivia,2010,9230.3980801466,10182345,57.671,,68.323,100.39356232,66.4075665659133
BOL,Bolivia,2009,9011.55629873547,10016275,57.798,,67.964,89.57923889,65.9781896386949
BOL,Bolivia,2008,8865.27246616683,9850858,57.924,,67.636,77.9777298,65.5448299960338
BOL,Bolivia,2007,8493.94848212653,9685960,58.05,,67.303,63.62155914,65.1067327824433
BOL,Bolivia,2006,8263.31896853691,9521689,58.177,,66.825,56.05701447,64.6631431424362
BOL,Bolivia,2005,8020.63568834793,9360754,58.305,,66.523,51.76200867,64.2133062205259
BOL,Bolivia,2004,7811.59684093936,9204287,58.433,,66.134,46.35359192,63.7564671612252
BOL,Bolivia,2003,7625.90515918892,9050700,58.561,,65.782,46.41044998,63.2918711090474
BOL,Bolivia,2002,7550.01554645092,8900355,58.69,,65.377,43.49106216,62.8187632085055
BOL,Bolivia,2001,7491.15257765571,8752736,58.83,,64.74,44.88241577,62.3374810379005
BOL,Bolivia,2000,7492.4338168091,8606326,58.98,,64.14,42.89028168,61.8587201575591
BOL,Bolivia,1999,7435.72544286949,8459806,59.135,,63.709,,61.3856107973717
BOL,Bolivia,1998,7534.51656369605,8313394,59.291,,63.2,,60.9098755943764
BOL,Bolivia,1997,7301.50935861496,8167900,59.45,,62.668,,60.4239436835356
BOL,Bolivia,1996,7083.6131331083,8021736,58.814,,62.21,,59.9202441998117
BOL,Bolivia,1995,6914.34189614304,7874676,58.237,,61.722,,59.391206278167
BOL,Bolivia,1994,6731.28487501595,7727322,57.599,,61.132,,58.8292590535639
BOL,Bolivia,1993,6556.81640551449,7579195,56.939,,60.394,,58.2268316609648
BOL,Bolivia,1992,6414.32866825436,7430336,56.414,,59.597,,57.5776686644471
BOL,Bolivia,1991,6440.48571428318,7280289,56.347,,59.025,,56.8260573219808
BOL,Bolivia,1990,6247.10446615403,7130142,55.844,,58.379,,55.9290690080053
BIH,Bosnia and Herzegovina,2024,20578.4995446816,3164253,39.399,,81.068,,52.1224302754935
BIH,Bosnia and Herzegovina,2023,19804.9181465635,3185073,39.533,57.6517601013184,80.903,772.88568115,51.5657239834305
BIH,Bosnia and Herzegovina,2022,19298.117076437,3204802,38.537,57.5446586608887,80.728,667.29681396,51.0215287060993
BIH,Bosnia and Herzegovina,2021,18286.6614977175,3244907,37.416,56.1592903137207,77.649,697.07427979,50.4899479477034
BIH,Bosnia and Herzegovina,2020,16747.0353918695,3299349,37.115,54.1209411621094,79.393,594.8225708,49.9710852122997
BIH,Bosnia and Herzegovina,2019,17029.2971980343,3345533,38.209,57.1722183227539,80.463,546.4508667,49.4650440037758
BIH,Bosnia and Herzegovina,2018,16348.9997145353,3387000,38.384,59.6503410339355,81.435,529.85546875,48.971927825824
BIH,Bosnia and Herzegovina,2017,15554.6587430766,3428682,38.558,64.9460678100586,80.086,471.32647705,48.4918401819106
BIH,Bosnia and Herzegovina,2016,14873.6411107879,3473003,38.632,67.40966796875,80.089,450.44155884,48.0248845752382
BIH,Bosnia and Herzegovina,2015,14220.0900038037,3518541,38.824,65.5458526611328,80.177,430.83413696,47.5711645087011
BIH,Bosnia and Herzegovina,2014,13458.852576408,3564829,38.994,63.5146293640137,80.19,493.07333374,47.130783484831
BIH,Bosnia and Herzegovina,2013,13135.7175053454,3610859,39.306,59.5174789428711,80.35,475.07409668,46.6954224739896
BIH,Bosnia and Herzegovina,2012,12626.9263237753,3670113,39.563,51.6653289794922,80.324,444.93655396,46.3655655972
BIH,Bosnia and Herzegovina,2011,12487.6490566037,3741798,39.774,48.3872489929199,80.246,456.96905518,46.0528777644843
BIH,Bosnia and Herzegovina,2010,12142.8616958168,3811472,40.214,44.3290405273438,80.214,406.13046265,45.7392153332604
BIH,Bosnia and Herzegovina,2009,11826.6501351383,3879794,40.333,42.4152297973633,80.159,409.29098511,45.4246010387901
BIH,Bosnia and Herzegovina,2008,11983.7199632138,3947544,40.457,39.326488494873,79.833,459.29174805,45.1090576163352
BIH,Bosnia and Herzegovina,2007,11178.6814832392,4013424,40.479,34.6294403076172,79.683,363.86224365,44.7926078011574
BIH,Bosnia and Herzegovina,2006,10430.4119951847,4063272,40.519,30.2803592681885,79.607,281.26403809,44.4752743285185
BIH,Bosnia and Herzegovina,2005,9814.46964102531,4096493,40.562,27.2923908233643,79.816,241.64047241,44.1570799336802
BIH,Bosnia and Herzegovina,2004,9344.83015887193,4140987,40.792,,79.819,222.27758789,43.8380473519042
BIH,Bosnia and Herzegovina,2003,8709.95671578197,4178523,40.934,,79.594,168.42216492,43.5181993184523
BIH,Bosnia and Herzegovina,2002,8366.69155604844,4188002,41.141,,79.233,118.87058258,43.1975585685863
BIH,Bosnia and Herzegovina,2001,7982.5188539099,4179438,41.131,,78.7,105.10999298,42.8761478375679
BIH,Bosnia and Herzegovina,2000,7830.5018609252,4159771,41.249,,78.37,106.5786972,42.5539898606589
BIH,Bosnia and Herzegovina,1999,7481.30398935927,4130305,41.333,,78.136,,42.231107373121
BIH,Bosnia and Herzegovina,1998,6899.29705850819,4089356,41.339,,77.84,,41.9075231102159
BIH,Bosnia and Herzegovina,1997,6020.96023732543,4018227,41.478,,77.455,,41.5832598072054
BIH,Bosnia and Herzegovina,1996,4568.98265882687,3875246,41.446,,77.052,,41.2583401993513
BIH,Bosnia and Herzegovina,1995,3090.37823581462,3715564,41.637,,75.032,,40.9327870219153
BIH,Bosnia and Herzegovina,1994,2657.80295240973,3725412,42.027,,75.864,,40.6066230101592
BIH,Bosnia and Herzegovina,1993,2281.88983603662,3904482,42.207,,64.522,,40.2798708993447
BIH,Bosnia and Herzegovina,1992,2150.91074083366,4234616,42.511,,64.822,,39.9525534247335
BIH,Bosnia and Herzegovina,1991,2183.52604942539,4458343,42.19,,75.927,,39.6238819113722
BIH,Bosnia and Herzegovina,1990,2413.93822928526,4448652,41.671,,75.511,,39.3032366244323
BWA,Botswana,2024,18107.614452913,2521139,63.45,26.5916696907383,71.851,,67.4623537838418
BWA,Botswana,2023,18932.4802712334,2480244,63.426,25.3977588554212,71.698,489.59677124,67.0212655349864
BWA,Botswana,2022,18647.3734588832,2439892,59.93,25.694466771694,71.247,477.77633667,66.5889787170477
BWA,Botswana,2021,17960.6254447437,2401441,58.943,25.8343331456135,65.511,492.14276123,66.5182767068255
BWA,Botswana,2020,16289.3913582645,2365894,56.142,27.3085317211449,70.358,386.28860474,66.4488166494554
BWA,Botswana,2019,18106.0105471124,2332083,58.044,25.6061803625609,69.585,438.28546143,66.3271694845464
BWA,Botswana,2018,17825.018569213,2299141,57.556,,68.696,447.4473877,66.1579176461888
BWA,Botswana,2017,17352.8958451454,2266747,57.102,25.3801210448635,67.612,471.05056763,65.9456435684731
BWA,Botswana,2016,16905.588740873,2234776,56.68,26.7211232779936,66.387,389.3107605,65.6949296854899
BWA,Botswana,2015,15994.9643042101,2203273,56.288,31.0198956236753,65.183,374.79058838,65.4103584313295
BWA,Botswana,2014,17052.1924105361,2172044,55.889,27.5166693771345,64.087,418.82452393,65.0965122400825
BWA,Botswana,2013,16369.4252971454,2140682,55.432,,63.176,433.29150391,64.7579735458393
BWA,Botswana,2012,14957.6189142932,2108617,54.887,,62.417,418.82244873,64.3993247826904
BWA,Botswana,2011,15236.7188843522,2073535,54.162,,61.903,427.70709229,64.0187810722889
BWA,Botswana,2010,14545.0198074427,2033111,53.337,,61.487,389.55178833,63.4945974665277
BWA,Botswana,2009,13489.9509168296,1990673,55.988,,60.481,336.53146362,62.7501882968523
BWA,Botswana,2008,16040.3153236098,1949970,55.073,,59.376,324.54284668,61.8321593704079
BWA,Botswana,2007,15850.2343496231,1911201,54.17,,58.395,305.22042847,60.7822308289942
BWA,Botswana,2006,15275.5828811117,1874516,53.282,8.87485980987549,56.709,258.01873779,59.6421228144112
BWA,Botswana,2005,14361.9576327759,1839877,52.584,8.4771203994751,56.279,281.38796997,58.4535554684584
BWA,Botswana,2004,13984.8415112641,1807146,51.905,8.78094005584717,55.38,297.2512207,57.2582489329358
BWA,Botswana,2003,13857.2588264737,1775736,51.259,8.83786964416504,54.66,269.58544922,56.0979233496432
BWA,Botswana,2002,13479.6960719923,1744763,50.663,7.58014011383057,54.167,206.11392212,55.0142988603802
BWA,Botswana,2001,12949.6403104655,1712254,50.088,6.99598979949951,53.957,203.01203918,54.0489894446035
BWA,Botswana,2000,13185.8171514278,1677382,49.511,6.55727005004883,54.023,206.93144226,53.2047727398794
BWA,Botswana,1999,13207.447346512,1641997,49.262,5.87565994262695,54.345,,52.4455101724909
BWA,Botswana,1998,12306.250477233,1606899,49.101,5.55096006393433,54.953,,51.7387899315932
BWA,Botswana,1997,12526.352236393,1571691,49.057,,55.733,,51.0524097340465
BWA,Botswana,1996,11832.9387782379,1535914,49.006,5.23623991012573,56.664,,50.354167296711
BWA,Botswana,1995,11457.6994362472,1498836,48.952,4.90292978286743,57.663,,49.6118603364468
BWA,Botswana,1994,10989.6700551057,1460023,48.888,4.61895990371704,58.725,,48.7932865701141
BWA,Botswana,1993,10902.9512774946,1420115,48.823,4.45525979995728,59.983,,47.8662437145732
BWA,Botswana,1992,11008.6810214184,1380033,48.752,,61.257,,46.7985294866841
BWA,Botswana,1991,11001.8013588128,1341756,48.705,3.55532002449036,62.503,,45.5396336959653
BWA,Botswana,1990,10520.9183978405,1305696,48.669,,63.728,,43.6455666126291
BRA,Brazil,2024,19652.365499171,211998573,53.576,85.3342590332031,79.145,,87.8958549533146
BRA,Brazil,2023,19079.8122134028,211140729,53.205,,78.983,1009.83563232,87.6159710235763
BRA,Brazil,2022,18554.0461828566,210306415,53.864,72.5810623168945,78.094,871.27526855,87.349556243881
BRA,Brazil,2021,18075.7060049068,209550294,52.482,68.6266479492188,76.401,768.27075195,87.1360781715439
BRA,Brazil,2020,17327.5157249466,208660842,50.338,65.5439300537109,77.599,680.76843262,86.9112186503004
BRA,Brazil,2019,18018.6209151518,207455459,55.306,61.9600982666016,79.023,868.17248535,86.6797991084296
BRA,Brazil,2018,17917.7492123359,206107261,54.581,59.8607711791992,78.977,880.28430176,86.4420719945072
BRA,Brazil,2017,17724.4799577784,204703445,54.353,57.9084701538086,78.781,954.75012207,86.1982897571091
BRA,Brazil,2016,17620.9272434136,203218114,53.522,56.1552810668945,78.539,810.20037842,85.9487048448108
BRA,Brazil,2015,18357.0690617991,201675532,53.323,55.843578338623,78.472,796.15252686,85.6935697061881
BRA,Brazil,2014,19183.172744636,200085127,52.714,54.8358497619629,78.273,1030.66271973,85.4331367898168
BRA,Brazil,2013,19241.5059815726,198478299,52.826,51.4671211242676,78.062,993.79608154,85.1676585442726
BRA,Brazil,2012,18832.2195527075,196876111,52.873,50.0638885498047,77.816,968.7277832,84.8973874181312
BRA,Brazil,2011,18627.8104529397,195284734,53.517,,77.532,1043.3548584,84.6225758599683
BRA,Brazil,2010,18062.1581103659,193701929,55.049,,77.257,906.0098877,84.343846036308
BRA,Brazil,2009,16939.4407810328,192079951,56.567,,76.93,728.55639648,84.0698380333651
BRA,Brazil,2008,17113.3679822643,190367302,56.039,,76.585,713.67193604,83.8036050557184
BRA,Brazil,2007,16440.583740032,188552320,56.286,,76.191,607.73022461,83.5382571292649
BRA,Brazil,2006,15657.4795716983,186653106,56.546,,75.744,489.53884888,83.2672101364439
BRA,Brazil,2005,15221.0138281541,184688101,56.859,,75.292,387.93121338,82.9838799596945
BRA,Brazil,2004,14911.2609608592,182675143,55.642,,74.824,297.68243408,82.6816824814559
BRA,Brazil,2003,14259.3664089322,180622688,54.776,,74.337,253.08970642,82.3540335841671
BRA,Brazil,2002,14265.9048770292,178503484,54.57,,73.843,248.37753296,81.9943491502673
BRA,Brazil,2001,14016.1313772236,176301203,52.957,,73.4,271.56121826,81.5960450621957
BRA,Brazil,2000,14005.3471874231,174018282,51.851,,72.96,313.92590332,81.1484365423806
BRA,Brazil,1999,13602.4137067874,171641543,50.801,,72.546,,80.5466061325216
BRA,Brazil,1998,13737.7026433556,169159655,49.48,,72.152,,79.789068166086
BRA,Brazil,1997,13896.6249901072,166661659,48.677,,71.779,,79.0008493879259
BRA,Brazil,1996,13641.6295995961,164202549,47.676,,71.367,,78.3021415455398
BRA,Brazil,1995,13550.4393735843,161735073,48.916,,70.947,,77.7144999942454
BRA,Brazil,1994,13202.9308011881,159265006,47.821,,70.527,,77.1710338911115
BRA,Brazil,1993,12669.4287209749,156794577,46.718,,70.108,,76.6406402906957
BRA,Brazil,1992,12271.9788478727,154275079,45.604,,69.667,,76.0910875240585
BRA,Brazil,1991,12546.5605005559,151724256,44.487,,69.187,,75.4934501058885
BRA,Brazil,1990,12633.2884560597,149143223,44.405,,68.706,,74.8699006951598
VGB,British Virgin Islands,2024,,39471,,36.2438220757825,80.186,,56.5072068980827
VGB,British Virgin Islands,2023,,38985,,32.2147651006711,80.049,,55.6407774494219
VGB,British Virgin Islands,2022,,38319,,35.1054852320675,79.935,,54.795911692548
VGB,British Virgin Islands,2021,,37809,,37.2582001682086,78.262,,53.972618684518
VGB,British Virgin Islands,2020,,37135,,37.8309137489325,79.718,,53.1709074822645
VGB,British Virgin Islands,2019,,36395,,30.3829787234043,79.646,,52.3907871425786
VGB,British Virgin Islands,2018,,34657,,21.980198019802,79.556,,51.6322667220883
VGB,British Virgin Islands,2017,,32699,,,78.199,,50.8953552772346
VGB,British Virgin Islands,2016,,33878,,44.8943661971831,79.436,,50.1800618642422
VGB,British Virgin Islands,2015,,34498,,48.8970588235294,79.391,,49.4863955390847
VGB,British Virgin Islands,2014,,32962,,,79.364,,48.8143653574427
VGB,British Virgin Islands,2013,,31703,,,79.314,,48.1639803746541
VGB,British Virgin Islands,2012,,30345,,,79.291,,47.5352496456526
VGB,British Virgin Islands,2011,,28710,,,79.211,,46.9281822248936
VGB,British Virgin Islands,2010,,27675,,,79.126,,46.3427871662626
VGB,British Virgin Islands,2009,,27218,,85.9495086669922,79.043,,45.7790735229619
VGB,British Virgin Islands,2008,,26288,,,78.897,,45.2370503473687
VGB,British Virgin Islands,2007,,25366,,,78.698,,44.7167266908574
VGB,British Virgin Islands,2006,,24493,,,78.568,,44.2181116035727
VGB,British Virgin Islands,2005,,23665,,,78.335,,43.741214134139
VGB,British Virgin Islands,2004,,22881,,89.3544692993164,78.071,,43.2860433292828
VGB,British Virgin Islands,2003,,22134,,,77.764,,42.8526082333374
VGB,British Virgin Islands,2002,,21430,,67.1373596191406,77.532,,42.4409178875828
VGB,British Virgin Islands,2001,,20796,,56.7024116516113,77.354,,42.0235454180552
VGB,British Virgin Islands,2000,,20241,,73.1707305908203,77.296,,41.9814254086647
VGB,British Virgin Islands,1999,,19730,,82.7109298706055,77.225,,41.8846407382378
VGB,British Virgin Islands,1998,,19238,,,77.14,,41.7246945994523
VGB,British Virgin Islands,1997,,18756,,,77.008,,41.507071450781
VGB,British Virgin Islands,1996,,18287,,,76.771,,41.2372557506969
VGB,British Virgin Islands,1995,,17840,,,76.481,,40.9207319576729
VGB,British Virgin Islands,1994,,17406,,,76.091,,40.5629845301817
VGB,British Virgin Islands,1993,,16989,,,75.637,,40.1694979266964
VGB,British Virgin Islands,1992,,16593,,,75.307,,39.7457566056898
VGB,British Virgin Islands,1991,,16187,,,74.974,,39.2972450256348
VGB,British Virgin Islands,1990,,15704,,,74.6,,38.599297780711
BRN,Brunei Darussalam,2024,79071.7333801445,462721,54.71,,77.733,,74.8983133873697
BRN,Brunei Darussalam,2023,76616.7014884981,458949,54.827,44.5215869311552,77.555,733.00543213,74.8199193881365
BRN,Brunei Darussalam,2022,76357.829114996,455370,53.7,39.8634180218763,74.813,648.55499268,74.7772642014221
BRN,Brunei Darussalam,2021,78248.797127611,451721,54.791,35.2920922759096,77.032,665.87030029,74.7667316936175
BRN,Brunei Darussalam,2020,80280.8980640677,447404,54.472,35.5832763727501,77.35,658.38983154,74.7748108912151
BRN,Brunei Darussalam,2019,80228.1598170527,442680,55.057,36.2713402529635,77.286,678.81982422,74.7923311783673
BRN,Brunei Darussalam,2018,78099.0507802561,437810,57.72,36.2713402529635,77.23,748.69073486,74.8172471714305
BRN,Brunei Darussalam,2017,78966.8643142346,432772,57.458,40.9387222946545,77.181,636.22973633,74.8476440654983
BRN,Brunei Darussalam,2016,78880.6228501768,427564,57.411,37.6065483093262,77.145,679.46929932,74.8816070556641
BRN,Brunei Darussalam,2015,81910.1882959493,422212,57.383,37.9300498962402,77.124,731.04980469,74.9484620568562
BRN,Brunei Darussalam,2014,83310.6151819533,416750,57.355,39.9378700256348,77.107,785.41210938,75.0572639801502
BRN,Brunei Darussalam,2013,86606.6518910199,411202,57.304,31.8638401031494,77.107,835.32452393,75.1756915148608
BRN,Brunei Darussalam,2012,89718.4636049982,405557,57.224,29.3582191467285,77.092,869.36553955,75.2714233503027
BRN,Brunei Darussalam,2011,90279.6634042123,399389,57.074,23.1569404602051,77.097,864.63787842,75.312125504778
BRN,Brunei Darussalam,2010,88586.5133683924,392332,56.829,20.9251708984375,77.082,795.97766113,75.2506559029998
BRN,Brunei Darussalam,2009,87875.8283546044,384952,56.589,22.3758201599121,77.087,739.28015137,75.0712970872547
BRN,Brunei Darussalam,2008,91275.5000919182,377793,56.426,22.2322902679443,77.08,792.01367188,74.7929411399737
BRN,Brunei Darussalam,2007,96752.6204091885,370873,56.329,21.3645801544189,77.06,710.42297363,74.4344860960786
BRN,Brunei Darussalam,2006,102248.510300567,364663,56.255,21.4085807800293,77.03,664.74499512,74.0148299904911
BRN,Brunei Darussalam,2005,99795.6850854526,358916,56.173,21.5910606384277,76.976,657.31945801,73.552870858133
BRN,Brunei Darussalam,2004,101497.754798655,352911,56.076,21.3829402923584,76.912,630.73266602,73.0675067339261
BRN,Brunei Darussalam,2003,103226.914446986,346637,55.963,19.7554893493652,76.823,545.55560303,72.577635652792
BRN,Brunei Darussalam,2002,101571.583784666,340099,55.83,19.1461696624756,76.708,482.52624512,72.1021556496525
BRN,Brunei Darussalam,2001,99680.7626777537,333345,55.678,19.9043502807617,76.569,474.11706543,71.657883335906
BRN,Brunei Darussalam,2000,100323.439918528,326424,54.851,18.8005504608154,76.386,519.05047607,71.2246805488418
BRN,Brunei Darussalam,1999,99083.3205282422,319411,53.986,18.4552593231201,76.181,,70.7761419705137
BRN,Brunei Darussalam,1998,97171.6372551031,312385,53.105,14.7247400283813,75.971,,70.3122205685247
BRN,Brunei Darussalam,1997,106503.420270796,305341,52.222,,75.721,,69.8314191908431
BRN,Brunei Darussalam,1996,102522.125418121,298276,51.337,,75.465,,69.3322406854373
BRN,Brunei Darussalam,1995,105043.853097683,291195,50.431,,75.191,,68.8131879002755
BRN,Brunei Darussalam,1994,106239.232694338,284091,49.487,7.59992980957031,74.904,,68.272763683326
BRN,Brunei Darussalam,1993,107899.136339239,276971,48.497,7.14408016204834,74.64,,67.7094708825572
BRN,Brunei Darussalam,1992,111457.220883519,269839,47.474,6.69495010375977,74.345,,67.1218123459373
BRN,Brunei Darussalam,1991,118220.68359533,262596,46.434,,74.059,,66.5029745122162
BRN,Brunei Darussalam,1990,118163.68336994,255292,46.963,,73.773,,65.7496054461515
BGR,Bulgaria,2024,34221.3866940362,6441421,50.487,81.9849090576172,79.5,,73.9499356882481
BGR,Bulgaria,2023,33073.6803093453,6446596,51.029,91.7683181762695,79.7,1257.87597656,73.7322671584613
BGR,Bulgaria,2022,32433.6587569626,6465097,50.802,95.5171890258789,77.9,1066.69189453,73.4799164005224
BGR,Bulgaria,2021,30958.9830238332,6507301,49.193,95.3200988769531,74.9,1109.10290527,73.346765618041
BGR,Bulgaria,2020,28521.2062482596,6550696,49.517,94.7761001586914,77.3,906.54833984,73.3239898681641
BGR,Bulgaria,2019,29149.921509976,6616726,50.385,93.9891891479492,78.8,733.06878662,73.7162322998047
BGR,Bulgaria,2018,27690.893655005,6710798,49.175,91.7287902832031,78.6,719.78033447,73.600212097168
BGR,Bulgaria,2017,26691.758001902,6803468,49.604,89.9352493286133,78.4,647.56402588,73.3904571533203
BGR,Bulgaria,2016,25636.7443903478,6894139,47.437,89.5246734619141,78.5,579.76715088,73.1750030517578
BGR,Bulgaria,2015,24562.648880929,6984225,48.725,88.1103897094727,78.2,534.21466064,73.1030578613281
BGR,Bulgaria,2014,23455.4830019277,7073572,48.389,81.6608200073242,78.0,616.16296387,73.0844879150391
BGR,Bulgaria,2013,22954.396399855,7160005,48.534,76.8814163208008,78.6,553.68725586,72.9632821572019
BGR,Bulgaria,2012,22618.8104278919,7305888,47.958,69.9871520996094,77.9,558.64794922,72.7684860229492
BGR,Bulgaria,2011,22321.033168819,7348328,47.2,67.9085083007812,77.8,555.86419678,72.6101653885532
BGR,Bulgaria,2010,21724.2863457596,7395599,47.819,66.7259826660156,77.2,484.75228882,71.5149307250977
BGR,Bulgaria,2009,21251.2168646802,7444443,48.062,63.0504684448242,77.1,459.30020142,71.3017349243164
BGR,Bulgaria,2008,21845.954719527,7492561,48.92,60.1817092895508,76.6,455.54058838,70.902099609375
BGR,Bulgaria,2007,20440.2525941501,7545338,48.069,56.8212089538574,76.3,361.23498535,70.6844177246094
BGR,Bulgaria,2006,19024.543813813,7601022,46.742,52.8239097595215,76.3,294.10891724,70.5075225830078
BGR,Bulgaria,2005,17678.0339712293,7658972,44.646,49.8131103515625,76.3,267.74139404,70.0869598388672
BGR,Bulgaria,2004,16388.9600145841,7716860,45.711,47.4040298461914,76.2,233.11332703,69.9193344116211
BGR,Bulgaria,2003,15271.4839489061,7775327,44.865,46.6852798461914,75.6,195.74369812,69.7808456420898
BGR,Bulgaria,2002,14397.001318192,7837161,46.197,46.0441093444824,75.4,148.1479187,69.4859161376953
BGR,Bulgaria,2001,13306.5044553959,8009142,46.664,47.4559288024902,75.2,119.82997894,69.196711983564
BGR,Bulgaria,2000,12563.8362285253,8170172,44.321,,75.3,94.51976013,68.2631454467773
BGR,Bulgaria,1999,11953.5983607318,8210624,44.55,,75.1,,68.0479965209961
BGR,Bulgaria,1998,12976.2670026785,8256786,44.243,,74.8,,67.8654022216797
BGR,Bulgaria,1997,12419.3797738056,8312068,44.449,,73.87,,67.6594467163086
BGR,Bulgaria,1996,14372.7715114425,8362826,44.032,,74.58,,67.6981964111328
BGR,Bulgaria,1995,13591.3431083214,8406067,44.215,,74.9,,67.8335418701172
BGR,Bulgaria,1994,13149.3076944164,8443591,44.338,,75.25,,67.7225112915039
BGR,Bulgaria,1993,12870.7386486833,8472313,44.445,,75.26,,67.4275283813477
BGR,Bulgaria,1992,12960.3221276617,8540164,44.605,,75.09,,67.1506882200337
BGR,Bulgaria,1991,13827.4797929492,8632367,44.733,,74.88,,67.0880279541016
BGR,Bulgaria,1990,14954.1346607381,8718289,44.911,,75.15,,67.0388031005859
BFA,Burkina Faso,2024,2548.50247702504,23548781,64.113,8.52930506215899,63.432,,28.3352514896662
BFA,Burkina Faso,2023,2486.20669812871,23025776,64.722,8.1343872857632,63.222,71.73455048,27.7872478365158
BFA,Burkina Faso,2022,2469.19956941259,22509038,65.403,7.41040636352225,62.558,64.38339996,27.2791369742712
BFA,Burkina Faso,2021,2486.43093147762,21995243,67.668,6.8763905519528,61.831,63.59171295,26.8114307743017
BFA,Burkina Faso,2020,2380.93171826574,21478690,69.457,5.3794971838135,62.314,57.17589188,26.3578373628627
BFA,Burkina Faso,2019,2391.53626844484,20961952,72.467,4.90992775099359,61.948,41.06895828,26.1187254401157
BFA,Burkina Faso,2018,2316.39432079045,20438288,72.734,4.59637543954558,61.604,38.48573303,26.0832202154822
BFA,Burkina Faso,2017,2232.28781490944,19894407,73.0,3.94901631464549,61.195,43.37775803,25.9769918665632
BFA,Burkina Faso,2016,2162.72578977814,19334856,73.267,3.61548634081945,60.768,39.50990677,25.821510372001
BFA,Burkina Faso,2015,2101.70266192027,18777487,73.531,3.3259216661963,60.364,32.3375206,25.621432645225
BFA,Burkina Faso,2014,2083.19844698304,18229461,73.793,3.16339096118604,59.874,38.24516678,25.3814155996643
BFA,Burkina Faso,2013,2057.0639319853,17695409,74.052,2.98628916915069,59.416,42.26796341,25.106116148748
BFA,Burkina Faso,2012,2003.6646118745,17172287,74.31,2.8464187555039,58.954,33.66717529,24.8001912059054
BFA,Burkina Faso,2011,1939.86659989406,16661908,74.565,2.57702834394244,58.494,33.70409393,24.4682976845657
BFA,Burkina Faso,2010,1873.97146230828,16176498,74.817,2.15454903588624,57.791,33.05819321,24.115092498158
BFA,Burkina Faso,2009,1779.32305627973,15710066,75.067,2.12079000473023,57.229,31.26260567,23.7452325601116
BFA,Burkina Faso,2008,1779.32710911571,15258093,75.314,1.93578994274139,56.646,30.76880074,23.3633747838557
BFA,Burkina Faso,2007,1731.93046335077,14816307,75.561,1.50599002838135,55.808,29.72483063,22.9741760828193
BFA,Burkina Faso,2006,1714.76034904509,14373707,75.811,1.41841995716095,55.218,23.55202866,22.5528306908743
BFA,Burkina Faso,2005,1664.99543180023,13932123,76.062,1.33314001560211,54.656,21.34285545,22.0179778440204
BFA,Burkina Faso,2004,1581.25620933294,13500533,76.315,,53.977,21.12279129,21.3392180754924
BFA,Burkina Faso,2003,1561.83310184915,13082532,76.568,0.680220007896423,53.361,16.02656555,20.563327262892
BFA,Burkina Faso,2002,1494.67801269583,12680897,76.819,0.685419976711273,52.857,11.93992615,19.725053583448
BFA,Burkina Faso,2001,1477.28491846525,12295001,77.068,,52.609,10.27519512,18.8591452143893
BFA,Burkina Faso,2000,1428.57400617096,11925546,77.315,,52.205,10.00902748,18.0003503329444
BFA,Burkina Faso,1999,1444.56690170414,11574928,77.559,0.44734999537468,51.819,,17.1834171163423
BFA,Burkina Faso,1998,1385.09310679095,11240664,77.801,,51.473,,16.4430937418116
BFA,Burkina Faso,1997,1326.94230829963,10934223,78.036,0.436980009078979,50.814,,15.8141283865811
BFA,Burkina Faso,1996,1280.69608533889,10655942,78.264,0.506250023841858,50.909,,15.3191448028844
BFA,Burkina Faso,1995,1183.52861008084,10386722,78.489,0.482019990682602,50.714,,14.8945565719465
BFA,Burkina Faso,1994,1148.60721370395,10123798,78.714,0.506829977035522,50.577,,14.5131483144658
BFA,Burkina Faso,1993,1162.64923453351,9871713,78.935,0.49083000421524,50.467,,14.1660760040858
BFA,Burkina Faso,1992,1152.04476095096,9629275,79.153,0.415540009737015,50.381,,13.8437126999438
BFA,Burkina Faso,1991,1178.07704639063,9394632,79.367,0.319279998540878,50.283,,13.5364314611772
BFA,Burkina Faso,1990,1107.85590454965,9159356,79.394,0.339910000562668,50.232,,13.2346053469232
BDI,Burundi,2024,1048.05557098193,14047786,79.728,,65.881,,24.8302838651025
BDI,Burundi,2023,1033.00937341776,13689450,79.98,5.26864004135132,65.697,28.14028931,23.5534768372276
BDI,Burundi,2022,1028.11134640179,13321097,80.249,,64.916,25.52155113,22.3202446002597
BDI,Burundi,2021,1032.38274081999,12965481,80.488,,64.111,23.11420059,21.1108861865354
BDI,Burundi,2020,1027.62896276744,12617036,78.558,,64.58,26.21934319,19.9309984273971
BDI,Burundi,2019,1054.72592734898,12255336,80.888,,64.028,22.2435379,18.786178154187
BDI,Burundi,2018,1043.40558434036,11859446,81.073,3.46331939759343,63.615,18.67819214,17.6820221982475
BDI,Burundi,2017,1020.8498275719,11506762,81.087,2.98800162866841,63.124,19.16676521,16.6241273909209
BDI,Burundi,2016,1006.55907385999,11239451,81.001,2.63139946766124,62.502,18.59472847,15.6180905635494
BDI,Burundi,2015,992.28580552029,11047580,80.778,2.61551554839594,61.874,17.67629051,14.6695085474754
BDI,Burundi,2014,1019.17607398667,10799785,80.46,2.76479600172769,61.33,18.06601143,13.7839781740413
BDI,Burundi,2013,1011.43131303134,10439341,80.235,2.42782731288582,60.689,20.26322556,12.9670962745892
BDI,Burundi,2012,999.220068163159,10071028,79.95,1.84880442997918,59.95,20.01195908,12.2244596804615
BDI,Burundi,2011,991.659881666872,9717978,79.631,,59.251,23.16802216,11.5616652230006
BDI,Burundi,2010,988.018678716302,9376444,79.267,2.15101576189744,58.532,24.45114708,10.9843097335487
BDI,Burundi,2009,985.184772509514,8947646,78.77,,57.917,18.31996346,10.4979900434482
BDI,Burundi,2008,998.565055501985,8505637,78.219,,57.104,14.67025566,10.1064353383035
BDI,Burundi,2007,991.931411319069,8161874,77.675,,56.308,15.26294613,9.77289185737152
BDI,Burundi,2006,995.027813698961,7865547,77.057,1.31589996814728,55.47,14.10514736,9.4646291775586
BDI,Burundi,2005,978.5419608465,7587299,78.357,1.17519998550415,54.589,11.13118172,9.1806167624459
BDI,Burundi,2004,1006.51241783279,7310656,79.526,1.15861999988556,53.805,8.88248062,8.9185547789176
BDI,Burundi,2003,996.569433908385,7043154,80.577,,52.735,5.87316799,8.67614339385788
BDI,Burundi,2002,1041.29719140875,6824132,81.561,0.970860004425049,51.879,6.46998882,8.45108277415092
BDI,Burundi,2001,1025.48374929263,6634365,82.48,0.559589982032776,50.868,7.50815582,8.24107308668089
BDI,Burundi,2000,1030.32234706616,6470194,83.348,0.564400017261505,49.914,5.67927122,8.04381449833197
BDI,Burundi,1999,1061.04411459842,6337155,84.182,0.541279971599579,49.486,,7.85700717598833
BDI,Burundi,1998,1097.86451761348,6187108,84.972,0.502300024032593,48.676,,7.67835128653415
BDI,Burundi,1997,1068.29382590126,6070042,85.85,,47.671,,7.50554699685361
BDI,Burundi,1996,1085.47116215302,6070506,86.708,,46.76,,7.33629447383088
BDI,Burundi,1995,1180.67488724146,6066316,87.479,,46.428,,7.16829388435013
BDI,Burundi,1994,1361.32213320803,5713854,88.078,,46.226,,6.99924539529555
BDI,Burundi,1993,1424.76600804187,5676843,88.762,0.437889993190765,39.418,,6.82684917355131
BDI,Burundi,1992,1472.49317307891,5858407,89.435,0.415190011262894,46.18,,6.64880538600158
BDI,Burundi,1991,1497.26901418268,5703857,89.953,0.401919990777969,46.477,,6.46281419953055
BDI,Burundi,1990,1455.82622509445,5587052,90.451,0.402640014886856,46.962,,6.26688751370564
CPV,Cabo Verde,2024,9825.53410093619,524877,50.429,,79.367,,76.7721471004354
CPV,Cabo Verde,2023,9228.4604533114,522331,50.216,,79.209,290.12619019,75.9064245753376
CPV,Cabo Verde,2022,8850.1066918812,519741,49.927,,79.056,297.08233643,75.033738060849
CPV,Cabo Verde,2021,7685.41921393669,516649,47.643,,77.876,262.42272949,74.1607930892827
CPV,Cabo Verde,2020,7207.86853962048,514679,46.76,,78.007,249.71989441,72.8838521558784
CPV,Cabo Verde,2019,9111.62993173269,514104,50.407,,78.686,211.24963379,71.6254285086577
CPV,Cabo Verde,2018,8531.12961646549,513415,48.62,29.9564459930314,78.239,205.5345459,70.3970748844677
CPV,Cabo Verde,2017,8234.56000312459,512893,52.038,30.1511242167342,78.115,174.43547058,69.1999988159713
CPV,Cabo Verde,2016,7881.30336227784,512554,51.941,29.0315079641902,77.827,157.39906311,68.0354078358316
CPV,Cabo Verde,2015,7560.13649202469,512394,51.843,27.2287287102376,77.616,150.28823853,66.9045094767116
CPV,Cabo Verde,2014,7491.02198228243,512326,51.743,28.1465347948727,77.341,193.39482117,65.8085112712742
CPV,Cabo Verde,2013,7440.66242650114,512225,51.641,26.8539956500386,77.088,191.1048584,64.7486207521826
CPV,Cabo Verde,2012,7397.82220702474,511955,51.537,23.5759880009767,76.923,174.66062927,63.7260454520996
CPV,Cabo Verde,2011,7325.78441834692,511447,51.431,23.3990406498372,76.567,157.08999634,62.7419929036884
CPV,Cabo Verde,2010,7072.12150207342,509784,51.329,19.8835806062327,76.124,146.07247925,61.7974262732302
CPV,Cabo Verde,2009,6994.5740991365,506141,48.403,17.1651992797852,75.945,130.23704529,60.906420177019
CPV,Cabo Verde,2008,7169.13944155367,501355,47.831,13.5275602340698,75.638,127.79390717,60.0741911239572
CPV,Cabo Verde,2007,6767.40677380347,496190,47.285,10.7727298736572,75.206,127.73626709,59.287606518789
CPV,Cabo Verde,2006,5941.38218091511,490728,46.764,9.06702041625977,75.007,113.13097382,58.5332660925599
CPV,Cabo Verde,2005,5565.76951208069,485115,46.269,7.78693008422852,74.63,96.08917999,57.7977695763157
CPV,Cabo Verde,2004,5268.30312485708,479370,45.799,6.42010021209717,74.11,93.43228912,57.0677167011018
CPV,Cabo Verde,2003,4841.265398715,473383,45.352,4.85601997375488,73.728,84.6628952,56.3297071979641
CPV,Cabo Verde,2002,4710.2410491228,467046,44.928,3.93929004669189,73.258,69.12203979,55.5703407979481
CPV,Cabo Verde,2001,4540.90731780518,460293,44.524,1.60648000240326,72.705,63.55782318,54.7762172320995
CPV,Cabo Verde,2000,4510.13573659758,453317,44.134,1.83886003494263,72.282,59.54011154,53.9332149202283
CPV,Cabo Verde,1999,4006.47964718799,446519,43.749,,71.684,,53.070640362009
CPV,Cabo Verde,1998,3657.38118993776,439784,43.375,,71.05,,52.2194567928358
CPV,Cabo Verde,1997,3302.9740337536,432798,43.017,,70.444,,51.3661010794665
CPV,Cabo Verde,1996,3022.88825211585,425581,42.673,,69.815,,50.4962228454294
CPV,Cabo Verde,1995,2763.39733371857,418104,42.347,,67.757,,49.5954717142527
CPV,Cabo Verde,1994,2465.9939315017,410228,42.036,,68.719,,48.6494973094647
CPV,Cabo Verde,1993,2111.62140814748,401965,41.741,,68.377,,47.6439492545935
CPV,Cabo Verde,1992,1984.68062998835,393415,41.461,,68.006,,46.5644771731675
CPV,Cabo Verde,1991,1830.07599656211,384586,41.196,,67.639,,45.3967306887148
CPV,Cabo Verde,1990,1848.75865235574,375428,40.946,,67.255,,44.1279427641346
KHM,Cambodia,2024,7011.58146903703,17638801,77.299,22.6925861944058,73.357,,40.8727033252729
KHM,Cambodia,2023,6695.29194763723,17423880,77.22,18.7855793507951,73.187,114.56295776,40.6290788072508
KHM,Cambodia,2022,6458.3681488084,17201724,77.173,13.7625064842526,73.072,103.89541626,40.374616187368
KHM,Cambodia,2021,6225.53265474741,16974305,73.711,13.6561596079933,71.834,137.38909912,40.1091858128847
KHM,Cambodia,2020,6128.78243783335,16725474,77.09,14.7938127420907,72.657,106.79976654,39.832658030922
KHM,Cambodia,2019,6448.88455952805,16481304,77.289,14.5145863362757,72.561,112.5851059,39.5830241256026
KHM,Cambodia,2018,6050.59088262205,16274522,76.845,13.1598079499194,72.389,91.59080505,37.6404336372742
KHM,Cambodia,2017,5632.03125629342,16073372,76.417,12.1344359974038,72.198,77.97311401,35.0127905056235
KHM,Cambodia,2016,5283.72964943779,15852803,75.918,,71.981,75.22520447,32.4767436038024
KHM,Cambodia,2015,4968.57276699143,15623251,73.417,12.0145785041136,71.717,70.23264313,30.0669222549819
KHM,Cambodia,2014,4702.73061823207,15396772,74.39,,71.404,63.1011467,27.8179557823331
KHM,Cambodia,2013,4419.3988680186,15170208,74.402,,71.014,65.39577484,25.7644735090271
KHM,Cambodia,2012,4159.16354123446,14945085,78.356,,70.554,68.90019989,23.9411047582349
KHM,Cambodia,2011,3921.97911563308,14722584,81.841,9.23761654669515,69.972,65.3871994,22.3824788531276
KHM,Cambodia,2010,3711.53750580157,14500726,81.275,9.13068008422852,69.364,53.58575439,21.1232251168762
KHM,Cambodia,2009,3587.60889588362,14276810,77.375,7.66751003265381,68.774,55.25073624,20.1979728726519
KHM,Cambodia,2008,3501.9257021932,14053479,71.971,6.00997018814087,68.114,48.62422562,19.6574509865325
KHM,Cambodia,2007,3308.15747246544,13841770,74.683,5.02929019927979,67.497,32.39221573,19.4035705019128
KHM,Cambodia,2006,3041.10471220153,13639028,74.887,3.95321989059448,66.869,32.84370041,19.2299832388976
KHM,Cambodia,2005,2781.89028895255,13439202,75.101,2.37378001213074,66.101,32.33660507,19.0922720052225
KHM,Cambodia,2004,2491.30930003838,13244731,75.325,1.9096599817276,65.334,28.80763817,18.9813615262763
KHM,Cambodia,2003,2309.83931482788,13050968,75.559,,64.549,25.00667191,18.8881765274479
KHM,Cambodia,2002,2126.34150468987,12855241,76.315,1.31751000881195,63.558,24.25898743,18.803641734126
KHM,Cambodia,2001,2032.08092022373,12658484,77.074,1.05134999752045,62.478,22.18333626,18.7186818716995
KHM,Cambodia,2000,1922.03179092592,12462336,77.834,0.903339982032776,61.465,19.27847862,18.6242216655572
KHM,Cambodia,1999,1775.41239802043,12265731,78.595,,60.567,,18.5111858410878
KHM,Cambodia,1998,1602.38371208931,12058173,78.92,,59.779,,18.3715559169572
KHM,Cambodia,1997,1595.17130656935,11570982,78.936,0.374119997024536,59.242,,18.1846372155166
KHM,Cambodia,1996,1643.01579058314,10801270,78.837,0.548770010471344,58.862,,17.8834321201168
KHM,Cambodia,1995,1672.73928514136,10018497,78.774,0.473639994859695,58.652,,17.4962488002108
KHM,Cambodia,1994,1650.39100001816,9239162,78.807,0.509310007095337,58.273,,17.1276884970302
KHM,Cambodia,1993,2714.59150059884,8616381,77.377,0.447050005197525,58.165,,16.7657494060925
KHM,Cambodia,1992,2769.4882552665,8113083,77.337,,58.012,,16.4097495102946
KHM,Cambodia,1991,2731.37973720314,7686850,77.389,,57.843,,16.0597496099039
KHM,Cambodia,1990,2646.09798836687,7374752,77.488,,57.757,,15.7157497390038
CMR,Cameroon,2024,4916.93354019494,29123744,57.104,16.3632462938118,66.225,,55.4031748609078
CMR,Cameroon,2023,4875.25120768005,28372687,57.095,14.536544208554,65.944,79.09996796,55.1286878511388
CMR,Cameroon,2022,4843.65038202917,27632771,57.098,14.6601704192479,64.634,72.12950897,54.8458745688318
CMR,Cameroon,2021,4793.55628200196,26915758,57.093,15.1774643648153,63.297,72.59731293,54.5548664463635
CMR,Cameroon,2020,4763.48194388066,26210558,58.059,13.7935753971819,63.976,66.17185211,54.2557949164174
CMR,Cameroon,2019,4882.35560028896,25506095,60.035,13.9920700450683,63.825,56.79493713,53.9487914119331
CMR,Cameroon,2018,4851.48003949961,24806383,61.419,13.6214100365044,63.334,58.32909393,53.6339873660653
CMR,Cameroon,2017,4797.97544185544,24128601,62.821,11.6085313976982,62.856,56.7457695,53.3115142121504
CMR,Cameroon,2016,4767.13186148953,23454161,64.23,11.8694180702905,62.288,57.99372482,52.9815033836792
CMR,Cameroon,2015,4698.66677843587,22763414,65.628,15.3684257600362,61.658,58.38298035,52.6440863142742
CMR,Cameroon,2014,4588.4864949903,22059893,67.006,14.6411199569702,61.067,71.61038208,52.2993944376709
CMR,Cameroon,2013,4473.57231896434,21402376,67.885,13.7315196990967,60.495,57.22771454,51.9475591877024
CMR,Cameroon,2012,4382.11120797355,20809529,68.757,11.7778596878052,59.868,56.96441269,51.5887119982861
CMR,Cameroon,2011,4307.85195558527,20232304,69.623,10.5775090331966,59.039,58.33031845,51.2229843034125
CMR,Cameroon,2010,4286.58302947378,19668066,70.481,10.3636698502907,58.487,50.03335571,50.8505075371362
CMR,Cameroon,2009,4286.57718166156,19113974,73.187,8.27976989746094,57.922,51.14823914,50.4714131335678
CMR,Cameroon,2008,4300.26640352464,18574056,75.727,7.24919986724854,57.453,54.58909225,50.0858325268669
CMR,Cameroon,2007,4302.6192630847,18049896,78.096,6.65906000137329,56.99,50.30911255,49.7027028593758
CMR,Cameroon,2006,4241.51744722821,17550407,78.075,5.92357015609741,56.526,44.52022934,49.2044173412861
CMR,Cameroon,2005,4199.72270969362,17074594,78.055,4.78007984161377,56.045,43.10830688,48.5837852394685
CMR,Cameroon,2004,4222.96638689885,16610487,78.031,4.06177997589111,55.758,42.25278473,48.1826845960942
CMR,Cameroon,2003,4054.78133246517,16160340,77.998,4.0557599067688,55.426,38.56394196,47.7325523560061
CMR,Cameroon,2002,3951.41936232132,15725528,77.954,4.00514984130859,55.062,31.79577446,47.2589242513436
CMR,Cameroon,2001,3884.87304812714,15309490,77.905,,54.724,29.82297325,46.7627509050978
CMR,Cameroon,2000,3822.94425358926,14912631,77.861,,54.525,30.438097,46.2449829402599
CMR,Cameroon,1999,3780.06217282191,14525140,77.821,,54.501,,45.7065709798209
CMR,Cameroon,1998,3714.13212604236,14144860,77.78,,54.509,,45.1484656467721
CMR,Cameroon,1997,3641.70750463277,13775214,77.729,,54.697,,44.5716175641045
CMR,Cameroon,1996,3577.59204137871,13414757,77.677,,54.74,,43.9769773548092
CMR,Cameroon,1995,3526.54367510339,13058516,77.636,,54.92,,43.3654956418773
CMR,Cameroon,1994,3522.74885285749,12704903,77.608,,55.122,,42.7381230483001
CMR,Cameroon,1993,3556.31854424592,12353131,77.589,,55.482,,42.0958101970685
CMR,Cameroon,1992,3974.27759501196,12006353,77.579,,55.642,,41.4395077111738
CMR,Cameroon,1991,4220.65297387084,11667180,77.579,,55.725,,40.770166213607
CMR,Cameroon,1990,4517.61887779618,11331821,77.585,,55.893,,40.0887363273593
CAN,Canada,2024,57534.0915185335,41262329,60.415,,84.29,6377.96875,82.7002565766633
CAN,Canada,2023,58088.3778077995,40049088,61.134,88.6089019775391,83.88,6186.65234375,82.5250564408346
CAN,Canada,2022,58583.1299860138,38950132,61.049,92.2443389892578,83.41,6252.34033203,82.3500897353968
CAN,Canada,2021,56995.0952020711,38239864,60.634,92.9270935058594,83.91,6511.46972656,82.1779279079275
CAN,Canada,2020,54092.8576890836,38028638,59.379,87.0205688476562,83.84,5646.19433594,81.9509888710566
CAN,Canada,2019,57583.8230739204,37618495,61.253,84.5942306518555,84.32,5098.88720703,81.7363672047941
CAN,Canada,2018,57337.4682870033,37072620,60.965,80.7648468017578,83.96,5052.90185547,81.5500341646653
CAN,Canada,2017,56612.3062191777,36545075,61.072,81.9543685913086,84.0,4894.7734375,81.4018945832226
CAN,Canada,2016,55606.1329948184,36110803,60.879,80.7641830444336,84.04,4647.14892578,81.3023011093703
CAN,Canada,2015,55660.8455840759,35704498,60.969,78.5121078491211,83.89,4658.83789063,81.2465670276699
CAN,Canada,2014,55723.4615652506,35434066,61.204,78.0400314331055,83.91,5209.93164063,81.211183161556
CAN,Canada,2013,54712.1568593677,35080992,61.816,75.9633102416992,83.85,5460.03173828,81.183439957458
CAN,Canada,2012,54034.7821680318,34713395,61.73,73.0603408813477,83.82,5518.5703125,81.1513483248791
CAN,Canada,2011,53681.1084809345,34339221,61.643,72.5171279907227,83.68,5399.98779297,81.1031425434213
CAN,Canada,2010,52558.4200617806,34005902,61.867,71.3263778686523,83.54,5060.88818359,81.0120892252937
CAN,Canada,2009,51552.4020321975,33630069,61.889,73.9444274902344,83.33,4355.83056641,80.8591838893921
CAN,Canada,2008,53711.6580329654,33247298,61.9,74.7454681396484,83.05,4454.11621094,80.6628944916604
CAN,Canada,2007,53761.8407991685,32888886,61.769,74.2640228271484,82.91,4187.87255859,80.4425615136782
CAN,Canada,2006,53195.7608573851,32571193,61.268,,82.91,3758.35961914,80.219066099279
CAN,Canada,2005,52356.5371486354,32242732,60.992,,82.52,3268.46850586,79.9760615882965
CAN,Canada,2004,51210.6593966138,31938807,61.292,,82.42,2896.19335938,79.6923063348315
CAN,Canada,2003,50139.7664579994,31642461,61.174,,82.23,2534.86474609,79.391380674239
CAN,Canada,2002,49694.9870914363,31359199,60.159,67.5910415649414,82.02,2134.84960938,79.0990234802234
CAN,Canada,2001,48774.1483226516,31020855,58.978,,82.0,2041.87512207,78.8414764949736
CAN,Canada,2000,48399.2864445547,30685730,58.669,67.2707138061523,81.82,1988.15942383,78.6292995508947
CAN,Canada,1999,46464.5274488374,30401286,58.201,,81.61,,78.4439309329358
CAN,Canada,1998,44553.2651715658,30155173,57.674,,81.41,,78.2693823081821
CAN,Canada,1997,43241.2236471729,29905948,57.086,,81.25,,78.0903398790871
CAN,Canada,1996,41880.535589577,29610218,56.77,,81.15,,77.8924633929695
CAN,Canada,1995,41617.706919569,29302311,56.808,,81.03,,77.6356482587498
CAN,Canada,1994,40952.1197737093,29000663,56.856,,80.95,,77.3171285420943
CAN,Canada,1993,39622.4634110923,28684764,57.009,,80.86,,76.9965686255912
CAN,Canada,1992,39023.1668132004,28371264,57.202,,81.07,,76.7352832428064
CAN,Canada,1991,39139.2968301857,28037420,57.826,,80.81,,76.5953841315163
CAN,Canada,1990,40475.096436631,27691138,57.884,,80.73,,76.5564437077021
CYM,Cayman Islands,2024,80996.6506641666,74457,,,83.004,,100.0
CYM,Cayman Islands,2023,79580.8872845653,73038,,,82.867,,100.0
CYM,Cayman Islands,2022,76735.3744333338,71591,,,82.504,,100.0
CYM,Cayman Islands,2021,74160.4914000191,70108,,,81.91,,100.0
CYM,Cayman Islands,2020,72183.1359045895,68684,,,81.825,,100.0
CYM,Cayman Islands,2019,77476.8409913609,67327,,,81.568,,100.0
CYM,Cayman Islands,2018,76124.5505976249,65941,,,81.291,,100.0
CYM,Cayman Islands,2017,74599.6799559357,64535,,,81.075,,100.0
CYM,Cayman Islands,2016,73941.8592413192,63100,,,80.857,,100.0
CYM,Cayman Islands,2015,73315.3845299162,61642,,,80.627,,100.0
CYM,Cayman Islands,2014,73051.811230324,60160,,,80.403,,100.0
CYM,Cayman Islands,2013,72988.7063433775,58655,,,80.201,,100.0
CYM,Cayman Islands,2012,73982.6781335848,57136,,,79.587,,100.0
CYM,Cayman Islands,2011,75094.8312990407,55606,,,79.087,,100.0
CYM,Cayman Islands,2010,76294.7650038522,54099,,,78.662,,100.0
CYM,Cayman Islands,2009,80631.8442229627,52618,,,78.303,,100.0
CYM,Cayman Islands,2008,89380.1507450505,51151,,43.7021598815918,78.076,,100.0
CYM,Cayman Islands,2007,92343.7250815203,49687,,29.7554302215576,77.888,,100.0
CYM,Cayman Islands,2006,92213.0760037266,48232,,26.8518505096436,77.766,,100.0
CYM,Cayman Islands,2005,,46788,,,77.618,,100.0
CYM,Cayman Islands,2004,,45352,,,77.278,,100.0
CYM,Cayman Islands,2003,,43934,,,77.357,,100.0
CYM,Cayman Islands,2002,,42514,,,77.315,,100.0
CYM,Cayman Islands,2001,,41089,,,77.284,,100.0
CYM,Cayman Islands,2000,,39674,,,77.238,,100.0
CYM,Cayman Islands,1999,,38284,,,77.169,,100.0
CYM,Cayman Islands,1998,,36922,,,77.064,,100.0
CYM,Cayman Islands,1997,,35543,,,76.908,,100.0
CYM,Cayman Islands,1996,,34143,,,76.719,,100.0
CYM,Cayman Islands,1995,,32743,,,76.55,,100.0
CYM,Cayman Islands,1994,,31352,,,76.255,,100.0
CYM,Cayman Islands,1993,,29976,,,76.011,,100.0
CYM,Cayman Islands,1992,,28621,,,75.781,,100.0
CYM,Cayman Islands,1991,,27294,,,75.561,,100.0
CYM,Cayman Islands,1990,,25999,,,75.352,,100.0
CAF,Central African Republic,2024,1111.21941638883,5330690,65.544,,59.562,,44.1243555638904
CAF,Central African Republic,2023,1132.67643369804,5152421,65.608,,59.29,53.81136703,43.6983692134165
CAF,Central African Republic,2022,1136.80171107045,5098039,65.525,,25.552,47.91523361,43.2751967457285
CAF,Central African Republic,2021,1128.55237996459,5112100,64.799,,46.032,46.25038147,42.8547782897949
CAF,Central African Republic,2020,1136.57052993758,5026628,64.776,,54.011,42.63476563,42.3050785933463
CAF,Central African Republic,2019,1145.09563657752,4944703,65.359,,38.771,35.76099014,41.7800430407332
CAF,Central African Republic,2018,1125.70091748228,4878657,65.313,,55.201,51.3541069,41.2824666248606
CAF,Central African Republic,2017,1103.86609318724,4793511,65.308,,50.067,28.81619644,40.8151443386334
CAF,Central African Republic,2016,1073.94477703739,4713663,65.301,,53.853,21.07796097,40.3808711749566
CAF,Central African Republic,2015,1043.92171697157,4629320,65.301,,54.187,18.44194221,39.9824421267351
CAF,Central African Republic,2014,1001.85598053496,4623182,65.391,,45.664,18.7120266,39.6226521868738
CAF,Central African Republic,2013,996.896355923912,4642419,65.549,,52.2,17.36794472,39.3042963482777
CAF,Central African Republic,2012,1577.98053252253,4610848,65.693,1.45260000228882,52.838,21.33021736,39.0301696038517
CAF,Central African Republic,2011,1517.14839091011,4565021,65.832,,51.809,19.62990761,38.8030669465007
CAF,Central African Republic,2010,1479.41367757692,4492995,65.914,1.20006000995636,49.364,17.01008034,38.6244963104203
CAF,Central African Republic,2009,1402.68164770801,4529047,65.871,1.41916000843048,20.006,21.37773895,38.476675697093
CAF,Central African Republic,2008,1283.2728263106,4558984,65.824,1.15083003044128,50.701,18.02888489,38.3474489192338
CAF,Central African Republic,2007,1284.55283590666,4462770,65.847,,50.184,18.24629021,38.2343339436079
CAF,Central African Republic,2006,1251.87082171335,4377579,65.883,0.49125999212265,49.553,15.15495491,38.134433681123
CAF,Central African Republic,2005,1219.5939445674,4288810,65.898,,48.979,13.93517494,38.0448510426866
CAF,Central African Republic,2004,1236.28534712166,4192826,65.881,,48.459,12.96809387,37.9626889392062
CAF,Central African Republic,2003,1191.8731520062,4103086,65.863,,48.105,12.15000153,37.8863171931924
CAF,Central African Republic,2002,1290.38314917126,4006077,65.822,,47.848,10.44132614,37.8169752995511
CAF,Central African Republic,2001,1272.85710758505,3919487,65.792,,47.716,9.20995235,37.7560236207831
CAF,Central African Republic,2000,1245.81399563599,3833416,65.774,0.636740028858185,47.647,9.9123354,37.7014879765364
CAF,Central African Republic,1999,1313.23570902088,3729450,65.737,0.653339982032776,48.169,,37.6519674007269
CAF,Central African Republic,1998,1302.75142830782,3628827,65.709,,48.491,,37.6060609272702
CAF,Central African Republic,1997,1278.48826062781,3531700,65.693,,48.85,,37.5623675900822
CAF,Central African Republic,1996,1247.9687525828,3435965,65.689,,49.368,,37.5194864230787
CAF,Central African Republic,1995,1334.10322981784,3348052,65.709,,49.818,,37.4760164601754
CAF,Central African Republic,1994,1278.91509145063,3257954,65.736,,50.272,,37.4305567352881
CAF,Central African Republic,1993,1257.8284033824,3157839,65.758,,50.698,,37.3817062823325
CAF,Central African Republic,1992,1294.20254725767,3058831,65.801,0.3887600004673,50.999,,37.3280641352245
CAF,Central African Republic,1991,1427.69018313539,2963191,65.871,0.369830012321472,51.375,,37.2682293278798
CAF,Central African Republic,1990,1481.25255094258,2871910,65.971,0.414700001478195,51.667,,37.2008008942142
TCD,Chad,2024,2430.73298355271,20299123,47.554,,57.193,,26.9315292389497
TCD,Chad,2023,2433.53330962707,19319064,47.817,,57.014,47.43893051,26.3305395171046
TCD,Chad,2022,2449.48251052296,18455316,47.933,,56.471,40.17007446,25.7635558629694
TCD,Chad,2021,2435.07274651099,17828273,48.119,,54.983,37.59156799,25.2312246423075
TCD,Chad,2020,2513.02922729305,17224679,48.067,2.47607733580501,54.893,37.73088074,24.7341921795416
TCD,Chad,2019,2604.53153661789,16685223,48.531,,54.583,30.23690224,24.2731047386633
TCD,Chad,2018,2552.37036387707,16156531,48.501,,53.903,31.2043705,23.8486084924975
TCD,Chad,2017,2496.26213643158,15622759,49.161,,53.266,29.9935894,23.461349471105
TCD,Chad,2016,2622.59780844501,15114655,49.821,,52.828,31.96038055,23.1119734707179
TCD,Chad,2015,2822.57929900014,14647621,50.481,1.45736120091299,52.548,33.82092285,22.8011258828974
TCD,Chad,2014,2820.67795066663,14188678,51.14,1.11937775860459,52.307,42.16276169,22.5294513486009
TCD,Chad,2013,2864.11301407361,13691079,51.799,,52.069,38.59413528,22.2975929852391
TCD,Chad,2012,2886.27474563619,13210998,52.458,,51.754,36.20247269,22.1061904148178
TCD,Chad,2011,2741.0708339941,12754997,53.116,0.851739860109178,51.426,37.35868073,21.9558736797638
TCD,Chad,2010,2717.40540181819,12312575,53.772,0.621167658175092,51.096,35.26005936,21.8472378191095
TCD,Chad,2009,2474.70758352529,11893754,54.426,0.593429982662201,50.816,34.82435226,21.7784396568755
TCD,Chad,2008,2601.36125803883,11476296,55.079,0.497399985790253,50.543,36.89921951,21.7755796038887
TCD,Chad,2007,2613.47387385767,11081660,55.729,,50.365,34.0423584,21.7709046834576
TCD,Chad,2006,2596.03235455456,10706424,56.375,,49.942,33.8651123,21.7629797848529
TCD,Chad,2005,2705.81650832729,10328092,57.019,0.170149996876717,49.866,31.27608871,21.7519046977973
TCD,Chad,2004,2400.97004978207,9920036,57.662,0.302569985389709,49.77,27.74994278,21.7377792120134
TCD,Chad,2003,1878.58578618822,9487833,58.304,0.192039996385574,49.645,18.0202446,21.7207031172239
TCD,Chad,2002,1704.2729514734,9116192,58.941,,49.45,18.01737785,21.7007762031515
TCD,Chad,2001,1626.56683128523,8804124,59.573,0.244110003113747,49.368,11.64042854,21.6780982595188
TCD,Chad,2000,1506.7157720422,8512093,60.201,0.23701000213623,49.166,10.07452297,21.6527690760484
TCD,Chad,1999,1573.58531388243,8222705,60.824,,49.164,,21.6248884424631
TCD,Chad,1998,1641.05715330822,7938840,61.444,0.18461999297142,49.064,,21.5945561484855
TCD,Chad,1997,1588.09860417129,7670366,62.058,0.158409997820854,49.169,,21.5618719838381
TCD,Chad,1996,1555.91392490883,7410108,62.667,0.130970001220703,48.911,,21.5269357382438
TCD,Chad,1995,1591.14154055224,7089064,63.276,,48.869,,21.4898472014251
TCD,Chad,1994,1642.51653215853,6783450,63.881,,48.615,,21.4507061631048
TCD,Chad,1993,1526.05432531318,6629146,64.472,,48.667,,21.4101199820059
TCD,Chad,1992,1853.67667632384,6474656,64.666,,48.706,,21.3609354143699
TCD,Chad,1991,1790.73791101488,6205676,64.624,,48.606,,21.2916453921005
TCD,Chad,1990,1711.36988441453,5982833,64.615,,48.799,,21.2010604645485
CHI,Channel Islands,2024,,168126,49.628,,83.3,,32.7056211227456
CHI,Channel Islands,2023,,167691,50.001,,83.2,,32.7554337975051
CHI,Channel Islands,2022,,167215,50.891,,83.2,,32.7920439098264
CHI,Channel Islands,2021,,166741,50.885,,82.5,,32.8148141071941
CHI,Channel Islands,2020,,166235,50.528,,83.2,,32.8247184979451
CHI,Channel Islands,2019,,165639,51.31,,83.4,,32.8235411026876
CHI,Channel Islands,2018,,164949,51.305,,83.5,,32.8125991997971
CHI,Channel Islands,2017,,164319,51.412,,83.3,,32.7853219355631
CHI,Channel Islands,2016,,163883,51.517,,83.4,,32.7426259745361
CHI,Channel Islands,2015,,163454,51.239,,83.6,,32.6907784276403
CHI,Channel Islands,2014,,162726,51.111,,83.8,,32.6275595274837
CHI,Channel Islands,2013,,161777,52.312,,83.7,,32.5432251775809
CHI,Channel Islands,2012,,160767,51.902,,83.5,,32.4414334604748
CHI,Channel Islands,2011,,159706,51.719,,83.6,,32.326335016388
CHI,Channel Islands,2010,,158621,52.783,,83.4,,32.1868229080383
CHI,Channel Islands,2009,,157511,51.838,,83.2,,32.0070188116634
CHI,Channel Islands,2008,,156408,51.712,,83.0,,31.79721921014
CHI,Channel Islands,2007,,155309,51.595,,82.8,,31.5692415250024
CHI,Channel Islands,2006,,154214,51.326,,82.6,,31.3350770753618
CHI,Channel Islands,2005,,153126,51.137,,82.3,,31.106756489445
CHI,Channel Islands,2004,,152039,50.691,,82.1,,30.8959988423466
CHI,Channel Islands,2003,,150960,50.559,,81.6,,30.7147995585339
CHI,Channel Islands,2002,,149881,50.236,,81.4,,30.5750453017198
CHI,Channel Islands,2001,,148850,49.633,,81.3,,30.4917013606365
CHI,Channel Islands,2000,,148110,49.345,,81.1,,30.4565425668312
CHI,Channel Islands,1999,,147554,48.754,,81.0,,30.4330686725485
CHI,Channel Islands,1998,,146906,47.791,,80.9,,30.4134224421718
CHI,Channel Islands,1997,,146214,47.366,,80.6,,30.399341204478
CHI,Channel Islands,1996,,145565,46.858,,79.9,,30.3922462731803
CHI,Channel Islands,1995,,145247,46.079,,80.1,,30.4335168389694
CHI,Channel Islands,1994,,145163,45.623,,79.2,,30.6019547304498
CHI,Channel Islands,1993,,144984,45.602,,79.3,,30.8421607425072
CHI,Channel Islands,1992,,144733,45.804,,79.7,,31.0913820687852
CHI,Channel Islands,1991,,144269,45.553,,79.5,,31.2832776266238
CHI,Channel Islands,1990,,143087,45.343,,78.6,,31.4095988296707
CHL,Chile,2024,30267.6440919907,19764771,52.784,119.44051361084,83.228,1759.70605469,88.9950908479196
CHL,Chile,2023,29600.4188613168,19658835,51.963,114.003547668457,83.084,1736.52038574,88.8158617217972
CHL,Chile,2022,29560.4513805785,19553036,50.025,108.697647094727,81.566,1541.37927246,88.6395352768685
CHL,Chile,2021,29106.6356522053,19456334,46.579,105.963073730469,81.486,1576.69287109,88.4660511664452
CHL,Chile,2020,26258.4038553242,19370624,45.442,96.7710113525391,82.031,1270.97814941,88.2953490438375
CHL,Chile,2019,28227.9790507594,19197744,52.651,99.3416137695312,82.549,1348.99401855,88.1273685623538
CHL,Chile,2018,28499.4064000406,18893191,52.416,98.3041305541992,82.776,1430.70263672,87.9620493753008
CHL,Chile,2017,27899.5979777012,18558868,51.739,96.2910690307617,82.783,1353.69274902,87.8000295757281
CHL,Chile,2016,27965.3473526831,18267221,50.756,94.3506622314453,82.549,1167.89306641,87.6306290578181
CHL,Chile,2015,27817.9584848024,18047625,50.352,91.1619186401367,82.297,1122.13378906,87.4653320342387
CHL,Chile,2014,27511.5610030404,17864195,50.288,88.3447723388672,81.983,1138.66113281,87.3133701497978
CHL,Chile,2013,27297.8185145366,17687006,49.656,84.185920715332,81.763,1171.77038574,87.1827777654221
CHL,Chile,2012,26676.8110154019,17519119,49.179,79.3598098754883,81.508,1070.51293945,87.0824943735696
CHL,Chile,2011,25372.2741480772,17351816,48.913,74.2490615844727,81.543,984.4486084,87.0109164653326
CHL,Chile,2010,24122.4787924386,17181464,46.856,68.7548294067383,81.536,861.72436523,86.9560135592209
CHL,Chile,2009,23019.0299454094,17009731,44.615,61.8148498535156,81.299,730.63336182,86.9124897308683
CHL,Chile,2008,23515.3473178269,16838988,44.182,57.5880508422852,81.292,719.07501221,86.8765769429469
CHL,Chile,2007,22884.2997108846,16671581,42.235,54.9347190856934,81.252,643.05963135,86.8445071581285
CHL,Chile,2006,21973.7382914389,16509195,41.288,49.2365989685059,81.205,565.8493042,86.8125123390851
CHL,Chile,2005,20923.479756183,16348778,40.131,49.1449317932129,81.262,495.56002808,86.7768244484887
CHL,Chile,2004,19966.7093106095,16187322,39.211,43.1825790405273,81.103,422.96481323,86.7336754490112
CHL,Chile,2003,18907.3458745755,16024752,37.8,42.2481002807617,80.758,346.1635437,86.6792973033246
CHL,Chile,2002,18244.5196827315,15857925,36.448,38.8111801147461,80.905,319.53222656,86.6114115090282
CHL,Chile,2001,17874.5313866938,15683849,36.726,,80.567,323.63336182,86.4906345913002
CHL,Chile,2000,17529.4205997692,15503635,37.7,33.8670997619629,80.149,353.25033569,86.2710912457813
CHL,Chile,1999,16900.1244018472,15319313,38.096,,79.776,,85.9716540411206
CHL,Chile,1998,17161.0335564475,15127799,37.854,,79.365,,85.6144109902521
CHL,Chile,1997,16687.855593506,14932434,37.492,,78.908,,85.2214501061097
CHL,Chile,1996,15748.4653555533,14734046,36.756,,78.626,,84.8148594016272
CHL,Chile,1995,14911.5640742268,14527381,35.896,,78.432,,84.4167268897386
CHL,Chile,1994,13849.6261008096,14316256,34.784,,78.095,,84.0491405833779
CHL,Chile,1993,13380.4722185057,14102276,34.088,,77.807,,83.7341884954788
CHL,Chile,1992,12738.6163157023,13884577,33.205,,77.526,,83.4959351320883
CHL,Chile,1991,11610.2783301649,13662491,31.873,,77.253,,83.3267865158432
CHL,Chile,1990,10955.2486481454,13437176,30.983,,76.837,,83.1911973199111
CHN,China,2024,23841.4769141817,1408975000,59.448,83.0664788571171,80.966,,65.8946980998325
CHN,China,2023,22687.2519534328,1410710000,60.216,80.7794373835271,80.926,763.37762451,65.5301448035523
CHN,China,2022,21499.3125559757,1412175000,60.097,77.6808223561514,81.133,755.43597412,65.2176361083984
CHN,China,2021,20843.2978347377,1412360000,61.182,73.3186043850246,80.912,670.25897217,64.721076965332
CHN,China,2020,19215.1012491012,1411100000,59.711,68.2395678206989,80.999,582.95092773,63.5234230266258
CHN,China,2019,18820.5871645645,1407745000,61.305,63.3739579786153,80.747,538.99157715,62.7099151611328
CHN,China,2018,17807.0490552244,1402760000,61.585,59.6629415547707,80.573,504.10980225,61.5001983642578
CHN,China,2017,16758.0463976858,1396215000,61.957,56.7811359609732,80.27,439.94006348,60.2402687072754
CHN,China,2016,15772.8372607502,1387790000,62.326,54.6856037467009,80.052,398.17489624,58.8399238586426
CHN,China,2015,14857.1088234405,1379860000,62.605,51.8254378693937,79.785,393.09768677,57.3297843933105
CHN,China,2014,13968.5187785922,1371860000,62.826,47.5906879298064,79.51,362.28695679,55.7502555847168
CHN,China,2013,13080.8787864744,1363240000,63.023,35.2235263233561,79.223,329.08572388,54.4900016784668
CHN,China,2012,12217.9343813101,1354190000,63.333,31.2373027465521,78.981,284.69760132,53.1003112792969
CHN,China,2011,11404.9179835542,1345035000,63.662,28.33680369357,78.65,239.19824219,51.8300285339355
CHN,China,2010,10476.1525652407,1337705000,63.672,26.4254686283246,78.329,188.87156677,49.2340270628041
CHN,China,2009,9518.68128351945,1331260000,64.108,24.0389499664307,78.033,164.87619019,48.3417053222656
CHN,China,2008,8743.7020031299,1324655000,64.541,22.299409866333,77.498,133.83999634,46.9895057678223
CHN,China,2007,8013.78375739131,1317885000,64.972,21.4294891357422,77.436,98.5569458,45.8892440795898
CHN,China,2006,7057.11131595304,1311020000,65.4,20.1196098327637,77.1,82.48256683,44.3430099487305
CHN,China,2005,6298.29929808598,1303720000,65.826,17.7914905548096,76.769,73.00266266,42.9899978637695
CHN,China,2004,5684.3881718733,1296075000,66.25,15.918740272522,76.37,64.28150177,41.7600135803223
CHN,China,2003,5191.78118308167,1288400000,66.67,13.1462697982788,76.022,56.54468155,40.5302314758301
CHN,China,2002,4744.38182475307,1280400000,67.088,,75.657,49.92394638,39.0897827148438
CHN,China,2001,4372.43560608339,1271850000,67.502,,75.287,44.36042023,37.6597442626953
CHN,China,2000,4065.86707804429,1262645000,67.913,,74.895,42.80797577,36.4320234662299
CHN,China,1999,3774.42758274469,1252735000,68.453,,74.54,,34.7797050476074
CHN,China,1998,3533.69839702638,1241935000,68.988,,74.242,,33.3501663208008
CHN,China,1997,3305.83025665988,1230075000,69.518,,73.887,,31.9099540710449
CHN,China,1996,3055.72827655781,1217550000,70.044,,73.483,,30.4798641204834
CHN,China,1995,2807.88647301744,1204855000,70.564,,73.02,,29.0403804779053
CHN,China,1994,2556.90688386013,1191835000,71.079,2.57580995559692,72.41,,28.5098037719727
CHN,China,1993,2286.7956394875,1178440000,71.589,,72.01,,27.9900760650635
CHN,China,1992,2030.47126519674,1164970000,72.095,,71.476,,27.4598693847656
CHN,China,1991,1798.38257887629,1150780000,72.595,,71.049,,26.9402465820312
CHN,China,1990,1666.8141224419,1135185000,73.09,,70.561,,26.1957015991211
COL,Colombia,2024,18481.8374929368,52886363,51.719,,80.613,644.30908203,78.5210811866115
COL,Colombia,2023,18406.6242338491,52321152,51.833,,80.452,571.15496826,78.275571579544
COL,Colombia,2022,18458.7209460704,51737944,50.922,64.3223495483398,79.471,507.07064819,78.0464633137335
COL,Colombia,2021,17383.0901728295,51188173,51.679,63.1630516052246,76.349,568.84130859,77.8339570326128
COL,Colombia,2020,15861.4999291295,50629997,51.108,59.8424797058105,78.23,464.41998291,77.6382533537045
COL,Colombia,2019,17336.7716030551,49907985,52.398,60.5142288208008,79.695,507.06231689,77.4595528518377
COL,Colombia,2018,17104.1313545678,49024465,53.244,61.5423316955566,79.517,526.11828613,77.2804816598084
COL,Colombia,2017,16986.0334182842,48131078,54.343,62.7340698242188,79.334,497.54016113,77.2245191706503
COL,Colombia,2016,17003.244366485,47437512,54.719,61.3053016662598,79.154,448.84588623,77.2036266362166
COL,Colombia,2015,16821.3801400631,46969940,55.255,58.8032112121582,78.988,470.099823,77.1636280538646
COL,Colombia,2014,16480.3631474161,46565429,55.002,56.8097686767578,78.924,588.29449463,77.1058449419909
COL,Colombia,2013,15912.2471293239,46151584,55.303,53.9592590332031,78.893,580.96453857,77.0315988189922
COL,Colombia,2012,15279.4790008058,45715810,56.011,50.0536689758301,78.781,547.00732422,76.942211203265
COL,Colombia,2011,14852.3699513061,45259614,54.946,47.0561981201172,78.405,501.84420776,76.839003613206
COL,Colombia,2010,14037.0642668639,44777319,54.415,43.0836486816406,78.189,452.44281006,76.7232975672119
COL,Colombia,2009,13586.7518430982,44271541,53.922,40.1014785766602,77.866,383.91674805,76.5964145836792
COL,Colombia,2008,13591.0609028567,43758808,50.37,37.378978729248,77.663,379.16812134,76.4596761810047
COL,Colombia,2007,13318.3033138168,43235374,49.981,36.6350708007812,77.284,309.61691284,76.3144038775849
COL,Colombia,2006,12636.6246577724,42691084,50.562,35.4055709838867,77.093,240.10488892,76.1619191918164
COL,Colombia,2005,11999.2549591305,42128977,51.148,33.0981483459473,76.837,209.68319702,76.004938901378
COL,Colombia,2004,11607.9384935105,41543171,52.953,30.2233905792236,76.589,159.61109924,75.8080569479496
COL,Colombia,2003,11183.2911819793,40937429,53.712,,76.293,129.71965027,75.5341828570154
COL,Colombia,2002,10925.1485602082,40324680,52.356,27.1882095336914,75.789,132.18363953,75.192444355543
COL,Colombia,2001,10823.4504878807,39709262,53.393,27.2192001342773,75.526,138.47569275,74.7938371677676
COL,Colombia,2000,10813.4942250011,39089934,53.39,26.1872596740723,75.289,134.71453857,74.3493570179247
COL,Colombia,1999,10679.7092686089,38454863,53.21,,75.175,,73.8699996302493
COL,Colombia,1998,11343.8799115733,37792165,54.012,,75.171,,73.3667607289768
COL,Colombia,1997,11483.5050125907,37121149,54.144,,74.87,,72.8506360383423
COL,Colombia,1996,11303.1308859186,36462745,53.923,,74.456,,72.3326212825811
COL,Colombia,1995,11279.0004579347,35804662,53.957,,74.079,,71.8237121859285
COL,Colombia,1994,10927.9389491607,35127410,53.647,,73.845,,71.3349044726196
COL,Colombia,1993,10533.1149561734,34441473,53.321,,73.67,,70.8733475069429
COL,Colombia,1992,10196.4329707468,33760571,53.091,,73.499,,70.4190206034906
COL,Colombia,1991,9996.0978604328,33098372,53.067,,73.365,,69.9576034637361
COL,Colombia,1990,9998.81069684463,32440069,53.361,,73.109,,69.4907571843537
COM,Comoros,2024,3556.0384263801,866628,47.126,,69.199,,33.5392215673301
COM,Comoros,2023,3508.15862331545,850387,47.058,,68.932,102.23101807,33.1502180946901
COM,Comoros,2022,3465.8402271705,834188,47.033,,68.617,124.14363861,32.7746035528748
COM,Comoros,2021,3449.0435745318,818174,47.073,,67.314,100.50016785,32.4124444313246
COM,Comoros,2020,3447.47274904772,802163,44.892,,68.0,89.67817688,32.0638072194881
COM,Comoros,2019,3522.66866952646,786578,43.318,,67.683,78.23674774,31.7287584068243
COM,Comoros,2018,3528.95868167877,771590,41.147,,67.392,74.89152527,31.4073645195839
COM,Comoros,2017,3472.07858942366,756669,38.973,18.2928303711764,67.053,75.01337433,31.0996559689293
COM,Comoros,2016,3411.77123523582,741741,36.845,,66.706,63.53099442,30.7305018169792
COM,Comoros,2015,3370.5557232032,726682,34.778,,66.349,61.16300201,30.3732008585112
COM,Comoros,2014,3403.41291459985,711503,32.729,8.46848968298355,65.981,84.63935852,30.0302906552932
COM,Comoros,2013,3406.49918649378,696192,32.711,8.42953014373779,65.609,81.81765747,29.7043482521482
COM,Comoros,2012,3330.52446059187,681630,32.694,9.50584007187781,65.207,77.10220337,29.397950693899
COM,Comoros,2011,3293.83407668409,668056,32.678,8.53309211518167,64.797,81.19863892,29.1136750253686
COM,Comoros,2010,3226.63502045267,654836,32.665,4.97466993331909,64.437,69.21523285,28.8540982913801
COM,Comoros,2009,3171.6035546392,641947,32.654,4.89097023010254,63.994,69.4848938,28.6217975367563
COM,Comoros,2008,3133.75034704474,629307,32.646,,63.653,73.75498962,28.4193498063202
COM,Comoros,2007,3074.7346796054,616927,32.64,,63.164,69.87202454,28.2493321448949
COM,Comoros,2006,3111.62570879692,604753,32.635,,62.913,65.72916412,28.1143215973031
COM,Comoros,2005,3231.72506154387,592677,32.629,,62.566,67.80059814,28.016895208368
COM,Comoros,2004,3121.51677555024,580704,32.62,,62.247,70.61806488,27.9596300229124
COM,Comoros,2003,3085.59675447872,569798,32.457,2.82126998901367,61.929,63.91786194,27.9448864609618
COM,Comoros,2002,3085.93814937142,558923,32.373,,61.392,51.12159729,27.9586267103537
COM,Comoros,2001,3013.38883096315,547220,32.315,,61.261,45.34629059,27.9902886596605
COM,Comoros,2000,2917.87154106634,536080,32.238,1.26792001724243,60.605,47.59479904,28.0360512192055
COM,Comoros,1999,3004.69061726748,525886,32.132,1.21614003181457,60.543,,28.0922134983353
COM,Comoros,1998,2978.37124465978,516597,32.033,,60.019,,28.1550746063967
COM,Comoros,1997,3029.34647330307,507777,31.972,,60.134,,28.2209336527364
COM,Comoros,1996,2951.78312614747,499107,31.947,,59.693,,28.286089746701
COM,Comoros,1995,3018.45798673853,490586,31.954,,59.266,,28.3468419976372
COM,Comoros,1994,2907.42227508174,482142,31.988,,58.769,,28.3994895148917
COM,Comoros,1993,3082.2224161285,473682,32.052,,58.176,,28.4403314078112
COM,Comoros,1992,3061.03259257515,465113,32.147,0.300159990787506,57.607,,28.4656667857423
COM,Comoros,1991,2911.0534990739,455556,32.184,,57.058,,28.4669403072928
COM,Comoros,1990,3178.85476893274,444596,32.156,0.173120006918907,56.545,,28.3481619901639
COD,"Congo, Dem. Rep.",2024,1601.70926640422,109276265,61.886,,64.23,,44.7455804408753
COD,"Congo, Dem. Rep.",2023,1559.33806475859,105789731,61.719,,64.038,23.43148804,44.3754734892194
COD,"Congo, Dem. Rep.",2022,1484.33841881449,102396968,61.434,,63.116,24.3800106,44.003287663813
COD,"Congo, Dem. Rep.",2021,1402.38560295221,99148932,60.48,,62.137,21.58848572,43.6290681792218
COD,"Congo, Dem. Rep.",2020,1361.02791099008,95989998,60.259,4.74844980239868,62.535,20.5593071,43.2528602500115
COD,"Congo, Dem. Rep.",2019,1394.76461472893,92947442,61.038,,62.153,19.20812035,42.8747090907476
COD,"Congo, Dem. Rep.",2018,1431.7285269693,90047644,61.275,,61.816,17.29077148,42.4946599159958
COD,"Congo, Dem. Rep.",2017,1395.71961761712,87083398,61.492,,61.307,18.14648819,42.1127579403217
COD,"Congo, Dem. Rep.",2016,1388.80163211633,83956415,61.662,4.21371984481812,60.858,19.3114109,41.7290483782911
COD,"Congo, Dem. Rep.",2015,1433.21579814709,81035531,61.84,,60.397,18.57252884,41.3435764444694
COD,"Congo, Dem. Rep.",2014,1392.75841334673,78403242,62.049,,59.938,18.22281265,40.9563873534225
COD,"Congo, Dem. Rep.",2013,1342.74156112016,75789395,62.255,3.9690101146698,59.499,15.37901688,40.5675263197158
COD,"Congo, Dem. Rep.",2012,1182.14074588327,73254618,62.458,5.41219997406006,59.026,13.20595551,40.1770385579151
COD,"Congo, Dem. Rep.",2011,1124.7720535769,70849311,63.787,4.64988994598389,58.493,11.89942932,39.7849692825859
COD,"Congo, Dem. Rep.",2010,1166.98306581442,68563038,65.096,,57.994,12.1423111,39.391363708294
COD,"Congo, Dem. Rep.",2009,1109.18311674431,66412044,66.381,2.95570993423462,57.448,12.75762081,38.9962670496049
COD,"Congo, Dem. Rep.",2008,1137.84087315488,64390664,67.643,2.7581000328064,56.933,15.36659527,38.5997245210844
COD,"Congo, Dem. Rep.",2007,1091.54081233234,62477752,68.88,2.17422008514404,56.485,11.5629034,38.201781337298
COD,"Congo, Dem. Rep.",2006,1036.13329616563,60615908,70.091,,56.077,10.37645721,37.8024827128113
COD,"Congo, Dem. Rep.",2005,1016.6338907666,58775724,71.275,,55.631,8.55065727,37.4018738621901
COD,"Congo, Dem. Rep.",2004,987.746920881562,56997741,71.279,,55.175,7.83304834,37.0
COD,"Congo, Dem. Rep.",2003,953.044643242042,55343867,71.297,,54.757,6.03257608,36.4654627231369
COD,"Congo, Dem. Rep.",2002,929.452807088884,53750524,71.323,,54.351,4.17578602,35.937064393184
COD,"Congo, Dem. Rep.",2001,930.85782608082,52132646,71.34,,54.127,5.4341011,35.4153526820763
COD,"Congo, Dem. Rep.",2000,981.422080027189,50507442,71.353,,53.835,17.52071953,34.9008752617485
COD,"Congo, Dem. Rep.",1999,1088.65043726176,48912971,71.368,,53.406,,34.3941798041357
COD,"Congo, Dem. Rep.",1998,1176.05049796639,47297600,71.361,,53.004,,33.8958139811728
COD,"Congo, Dem. Rep.",1997,1228.39076846395,46029902,71.447,,52.608,,33.4063254647945
COD,"Congo, Dem. Rep.",1996,1322.58011961396,45296124,71.71,,51.69,,32.9262619269359
COD,"Congo, Dem. Rep.",1995,1362.1877957292,44433704,71.971,,52.131,,32.4561710395319
COD,"Congo, Dem. Rep.",1994,1410.05655376053,42626876,71.934,,51.501,,31.9966004745173
COD,"Congo, Dem. Rep.",1993,1538.39690697251,40656336,71.795,,51.247,,31.5480979038271
COD,"Congo, Dem. Rep.",1992,1842.54848506846,39228910,71.799,,50.697,,31.1112109993961
COD,"Congo, Dem. Rep.",1991,2129.44892037201,37925817,71.818,,50.193,,30.6864874331592
COD,"Congo, Dem. Rep.",1990,2403.9702501624,36684063,71.837,,49.686,,30.2744748770515
COG,"Congo, Rep.",2024,6152.56509118442,6332961,65.604,,67.715,,63.8866111699904
COG,"Congo, Rep.",2023,6172.28776650683,6182885,65.642,8.31634998321533,67.461,75.55332184,63.6626757615625
COG,"Congo, Rep.",2022,6205.1050414034,6035104,65.72,,66.629,53.11892319,63.6422003342807
COG,"Congo, Rep.",2021,6263.21161292636,5892183,64.018,,65.75,78.60149384,63.6179125824196
COG,"Congo, Rep.",2020,6350.50913409722,5752791,63.276,,66.161,80.09735107,63.5760904494257
COG,"Congo, Rep.",2019,6939.36913397466,5616661,66.513,,64.633,58.42106628,63.5176376123385
COG,"Congo, Rep.",2018,7029.33651566257,5483118,66.472,,66.017,47.310215,63.4434577481975
COG,"Congo, Rep.",2017,7372.77046737599,5351011,66.458,9.73661041259766,65.709,52.29982376,63.3544545340423
COG,"Congo, Rep.",2016,8001.8255194505,5222536,66.471,,65.41,54.3000145,63.2515316469123
COG,"Congo, Rep.",2015,8977.70681641417,5097581,66.526,,65.133,57.30290604,63.135592763847
COG,"Congo, Rep.",2014,9159.25664414045,4975880,66.62,,64.772,71.03118896,63.0075415618859
COG,"Congo, Rep.",2013,8798.49382506314,4857099,66.742,7.34326982498169,64.404,71.85824585,62.8682817180686
COG,"Congo, Rep.",2012,9079.68656400891,4740450,66.888,7.00579977035522,63.983,71.2766571,62.7187169094345
COG,"Congo, Rep.",2011,8492.42098392103,4609724,67.011,5.8600001335144,63.606,59.51348114,62.5597508130231
COG,"Congo, Rep.",2010,8583.66179834288,4462290,67.094,,62.868,54.56225586,62.3922871058739
COG,"Congo, Rep.",2009,8138.45033818822,4281219,67.055,2.04056000709534,62.349,48.65313721,62.2172294650265
COG,"Congo, Rep.",2008,7587.28826163492,4113517,67.001,,61.803,63.41820908,62.0354815675203
COG,"Congo, Rep.",2007,7375.82454100145,3980430,66.999,,60.926,41.96711731,61.8502563370293
COG,"Congo, Rep.",2006,8192.57979719023,3837409,66.924,,60.185,35.94208145,61.6237792620651
COG,"Congo, Rep.",2005,7876.11806658285,3696393,66.817,,59.378,30.90304375,61.310286636126
COG,"Congo, Rep.",2004,7577.44597274153,3565554,66.706,,58.526,27.50056839,60.9205990186239
COG,"Congo, Rep.",2003,7577.45630456352,3445753,66.596,2.19167995452881,57.709,21.51475716,60.4694583791889
COG,"Congo, Rep.",2002,7729.3889014189,3350771,66.545,1.2025500535965,57.054,16.99031258,59.9716066874511
COG,"Congo, Rep.",2001,7567.43916817104,3272537,66.536,1.011510014534,56.441,20.30390549,59.4417859130405
COG,"Congo, Rep.",2000,7570.58279297342,3151345,66.338,2.51578998565674,55.949,17.35089302,58.8947380255871
COG,"Congo, Rep.",1999,7312.32665071621,3032874,66.118,1.55411994457245,55.364,,58.345204994721
COG,"Congo, Rep.",1998,7711.6321257605,2952061,66.045,,54.575,,57.8079287900723
COG,"Congo, Rep.",1997,7599.04815388587,2887862,66.053,,53.823,,57.2976513812709
COG,"Congo, Rep.",1996,7812.04779971641,2826785,66.079,,55.863,,56.8293178931295
COG,"Congo, Rep.",1995,7701.32468533336,2749461,66.042,,56.103,,56.4068153474735
COG,"Congo, Rep.",1994,7617.60750274811,2673144,66.005,,56.438,,56.0168777305696
COG,"Congo, Rep.",1993,8302.69726834941,2595124,65.947,,56.785,,55.6492692925447
COG,"Congo, Rep.",1992,8636.63719209923,2519465,65.878,1.85236001014709,57.262,,55.2939906807182
COG,"Congo, Rep.",1991,8658.16145286005,2449229,65.82,1.59742999076843,57.651,,54.9410425424093
COG,"Congo, Rep.",1990,8699.52683870615,2380560,65.762,1.48855996131897,58.037,,54.5804255249375
CRI,Costa Rica,2024,27325.0470476503,5129910,45.982,,83.575,,79.3107672397967
CRI,Costa Rica,2023,26378.5409941926,5105525,44.088,,83.42,1163.30224609,78.8819393641702
CRI,Costa Rica,2022,25290.0087466975,5081765,50.283,,82.197,978.84155273,78.4405687613972
CRI,Costa Rica,2021,24083.5988182437,5059988,50.251,,81.208,977.14831543,77.9868940200009
CRI,Costa Rica,2020,22368.1378072638,5034320,48.644,,82.754,969.89099121,77.5211537281257
CRI,Costa Rica,2019,23496.8294622995,4999553,52.726,60.4732704162598,82.963,930.43511963,77.0435864735963
CRI,Costa Rica,2018,23069.8622241266,4957818,48.659,57.6736106872559,82.961,917.31018066,76.5544308439668
CRI,Costa Rica,2017,22633.7648663302,4913177,45.905,60.712230682373,82.662,867.76733398,76.0539254265608
CRI,Costa Rica,2016,21936.4660575366,4866998,46.018,57.0664405822754,82.69,884.73028564,75.5423088085047
CRI,Costa Rica,2015,21265.3176336354,4818038,50.06,58.1080284118652,83.28,889.3762207,75.0198195767549
CRI,Costa Rica,2014,20735.1927258406,4767119,51.34,55.7102012634277,82.86,836.23120117,74.4866963181212
CRI,Costa Rica,2013,20242.2938648319,4716147,51.249,52.2820281982422,82.8,829.93658447,73.9431776192863
CRI,Costa Rica,2012,19970.6856013628,4663934,51.437,51.9700584411621,82.476,788.53100586,73.3895020668217
CRI,Costa Rica,2011,19264.4566461776,4609833,46.479,49.8761711120605,82.213,753.42633057,72.8426586679914
CRI,Costa Rica,2010,18670.1678827387,4555962,44.113,,82.039,663.69165039,71.5081448974915
CRI,Costa Rica,2009,17941.5019129465,4499791,44.827,,82.053,537.06317139,70.1398469456228
CRI,Costa Rica,2008,18343.0996854851,4440056,44.444,,81.901,518.1114502,68.7925833934861
CRI,Costa Rica,2007,17752.4161954513,4380248,44.3,,81.804,429.41894531,67.4686406496983
CRI,Costa Rica,2006,16628.3723014013,4321340,43.309,,81.658,364.52426147,66.1703051228767
CRI,Costa Rica,2005,15711.7451335337,4261240,43.679,,81.407,313.48355103,64.8998632216384
CRI,Costa Rica,2004,15330.8832332948,4200078,39.832,28.3860492706299,81.053,293.77548218,63.6596013546005
CRI,Costa Rica,2003,14898.7197394794,4138784,41.454,,80.687,290.83309937,62.4518059303802
CRI,Costa Rica,2002,14503.176481607,4075705,41.143,,80.442,279.41705322,61.2787633575946
CRI,Costa Rica,2001,14257.525071713,4008947,41.564,,80.2,258.00057983,60.1427600448608
CRI,Costa Rica,2000,14025.6899537485,3937739,38.642,,79.874,250.30950928,59.0462378975394
CRI,Costa Rica,1999,13776.5829416464,3862101,39.936,,79.666,,57.962918759456
CRI,Costa Rica,1998,13505.0840975141,3782838,39.443,,79.451,,56.8692582794794
CRI,Costa Rica,1997,12887.5255656264,3701711,37.121,,79.147,,55.7720794004588
CRI,Costa Rica,1996,12497.627359916,3619013,34.067,,78.879,,54.6783643677805
CRI,Costa Rica,1995,12623.5339424627,3535176,35.575,,78.891,,53.5950954268308
CRI,Costa Rica,1994,12415.2629246683,3451122,34.664,,78.733,,52.529254822996
CRI,Costa Rica,1993,12173.6770672722,3367434,33.52,,78.67,,51.4878248016624
CRI,Costa Rica,1992,11654.8187340805,3284258,32.6,,78.765,,50.4777876082162
CRI,Costa Rica,1991,10946.3811047015,3202176,33.325,,78.641,,49.5061254880439
CRI,Costa Rica,1990,10979.788113325,3121706,32.866,,78.485,,48.5798206865317
CIV,Cote d'Ivoire,2024,6747.0379677706,31934230,59.465,12.2253799438477,64.311,,53.9733113940142
CIV,Cote d'Ivoire,2023,6520.89886459765,31165654,59.258,11.1647106583714,64.132,87.68105316,53.4075201638704
CIV,Cote d'Ivoire,2022,6272.26395760029,30395002,59.059,10.2587866541503,63.731,84.89915466,52.8492549676673
CIV,Cote d'Ivoire,2021,6045.20480490881,29639736,57.846,9.93822747655663,62.313,92.39588928,52.3183461956059
CIV,Cote d'Ivoire,2020,5787.85814696561,28915449,56.484,9.38932796498552,62.336,78.97766876,51.8357660823651
CIV,Cote d'Ivoire,2019,5894.92235259103,28193009,56.176,9.08865273199781,62.295,68.30471039,51.3514799771241
CIV,Cote d'Ivoire,2018,5670.24199741353,27464173,56.841,,61.756,65.87952423,50.8718477756395
CIV,Cote d'Ivoire,2017,5556.1547631509,26733372,57.507,7.82112938052772,61.23,63.77943039,50.3977309654344
CIV,Cote d'Ivoire,2016,5320.88582199186,25989405,58.173,7.17429217053764,60.661,61.85705566,49.929991034032
CIV,Cote d'Ivoire,2015,5110.90021438908,25246342,59.228,6.57439386448781,60.022,58.43181992,49.4694894689553
CIV,Cote d'Ivoire,2014,4907.61080546543,24527395,60.285,5.54473779086426,59.462,74.3581543,49.0173144557368
CIV,Cote d'Ivoire,2013,4597.22035890241,23939775,61.354,5.49261323221624,58.856,67.13149261,48.5702332186208
CIV,Cote d'Ivoire,2012,4234.21187719492,23467078,62.427,,58.314,69.86203003,48.1242507553354
CIV,Cote d'Ivoire,2011,4017.43753814324,22982000,61.415,2.31072890115898,57.673,67.97618103,47.6797551269623
CIV,Cote d'Ivoire,2010,4338.68457800736,22488065,60.409,4.37811589278362,56.912,70.04605103,47.2374301523201
CIV,Cote d'Ivoire,2009,4151.08431510133,21997940,59.41,4.91948986053467,56.314,71.06480408,46.7979596502274
CIV,Cote d'Ivoire,2008,4096.75377364759,21514439,58.42,5.27431011199951,55.634,64.67678833,46.3620274395029
CIV,Cote d'Ivoire,2007,3999.72054350731,21030558,57.421,5.28237009048462,54.65,56.15083694,45.930317338965
CIV,Cote d'Ivoire,2006,4049.29028298687,20546802,56.408,,53.963,47.08904266,45.5035131674326
CIV,Cote d'Ivoire,2005,4032.27570780036,20068458,55.396,,53.601,46.69436264,45.082298743724
CIV,Cote d'Ivoire,2004,4088.97542020506,19595000,54.385,,52.975,47.04700851,44.667357886658
CIV,Cote d'Ivoire,2003,4060.03041319294,19125542,53.377,,52.355,43.81231308,44.2593744150531
CIV,Cote d'Ivoire,2002,4368.96040639474,18654771,52.371,,52.529,32.55319595,43.859032147728
CIV,Cote d'Ivoire,2001,4609.17878891553,18178913,51.366,,52.495,30.58369255,43.4670149035012
CIV,Cote d'Ivoire,2000,4838.37602767698,17699004,50.363,,52.548,30.33073425,43.0840065011913
CIV,Cote d'Ivoire,1999,4987.39397799406,17215935,49.362,2.85304999351502,52.421,,42.710690759617
CIV,Cote d'Ivoire,1998,5093.16936951716,16663948,48.365,,52.362,,42.3472061187643
CIV,Cote d'Ivoire,1997,5072.6345612587,16047170,48.309,2.83713006973267,52.969,,41.9897649794856
CIV,Cote d'Ivoire,1996,4807.45984346502,15442312,48.241,,53.213,,41.6377848898263
CIV,Cote d'Ivoire,1995,4638.79163883935,14855565,48.167,1.73706996440887,53.492,,41.2920870145192
CIV,Cote d'Ivoire,1994,4502.49283983062,14287201,48.087,1.66735005378723,53.851,,40.9534345569096
CIV,Cote d'Ivoire,1993,4645.50187236924,13735951,48.007,,54.276,,40.6225907203425
CIV,Cote d'Ivoire,1992,4843.32931958155,13200310,47.926,,54.568,,40.3003187081632
CIV,Cote d'Ivoire,1991,5052.88904768462,12683870,47.844,,54.884,,39.9873817237167
CIV,Cote d'Ivoire,1990,5255.54850266487,12189778,47.767,,55.154,,39.6845429703483
HRV,Croatia,2024,42828.7997273569,3866200,47.541,,81.9,,57.5158981711443
HRV,Croatia,2023,41320.257995772,3859686,47.139,97.7153091430664,81.7,1548.33959961,57.2431560672198
HRV,Croatia,2022,39863.9109377649,3855641,46.975,95.9090728759766,80.7,1328.80371094,56.9977571733605
HRV,Croatia,2021,36930.076102199,3878981,45.869,91.6765899658203,79.6,1423.52905273,56.7683502560171
HRV,Croatia,2020,32493.4017010055,3914206,44.447,87.5105285644531,80.7,1123.37963867,56.5284863367411
HRV,Croatia,2019,35122.7966231008,3949390,44.78,86.0551071166992,81.4,1063.54443359,56.303247958306
HRV,Croatia,2018,33729.5455811943,3988775,45.012,83.7402114868164,81.3,1045.14904785,56.093170097094
HRV,Croatia,2017,32348.5888556174,4041407,45.236,81.7998580932617,80.8,919.22418213,55.9009887365155
HRV,Croatia,2016,30820.8050421355,4106867,45.148,80.1014022827148,81.2,851.92492676,55.7294398599808
HRV,Croatia,2015,29466.4506365792,4151725,46.662,78.4087905883789,80.4,803.41619873,55.5812594509004
HRV,Croatia,2014,28456.3353756076,4201598,46.252,79.2080993652344,80.9,915.2689209,55.4591834926844
HRV,Croatia,2013,28397.9820661555,4233922,44.453,76.9027099609375,80.9,894.07080078,55.3659479687433
HRV,Croatia,2012,28259.1638073948,4260368,44.466,71.9862365722656,80.6,1034.02124023,55.3042888624873
HRV,Croatia,2011,28769.0229490882,4280622,44.475,69.6022109985352,79.9,1134.88916016,55.2773793281248
HRV,Croatia,2010,28701.8754573033,4295427,46.029,65.6648101806641,79.6,1126.81970215,55.2824979327886
HRV,Croatia,2009,29024.6640551953,4305181,46.582,58.4189682006836,79.6,1187.34326172,55.3096640250682
HRV,Croatia,2008,31113.555007687,4309705,45.65,58.4608116149902,79.6,1258.09594727,55.3530687812969
HRV,Croatia,2007,30508.3061279124,4310217,45.055,55.749698638916,79.25,1040.44995117,55.4077128728613
HRV,Croatia,2006,29035.6749841445,4311159,45.42,53.6731185913086,79.33,815.39093018,55.4685969711483
HRV,Croatia,2005,27641.1374713864,4310145,45.394,51.988639831543,78.83,726.6114502,55.5307217475444
HRV,Croatia,2004,26528.5369054362,4304600,45.204,48.4568786621094,79.08,633.98242188,55.5890878734365
HRV,Croatia,2003,25473.5672036391,4303399,44.088,46.1852912902832,78.23,511.99743652,55.6386960202113
HRV,Croatia,2002,24136.7810227804,4302174,44.136,42.1408805847168,78.4,386.41821289,55.6745468592554
HRV,Croatia,2001,22826.7217624371,4299642,44.305,39.170238494873,78.17,387.8130188,55.6913829056559
HRV,Croatia,2000,21302.4117206381,4468302,44.411,,76.68,385.78341675,55.6818319251231
HRV,Croatia,1999,20489.3540108242,4512597,44.508,,76.55,,55.6365686493584
HRV,Croatia,1998,20576.0127669018,4532135,44.657,,76.22,,55.5584318277687
HRV,Croatia,1997,20110.2026198343,4534920,44.87,,76.9,,55.4504271499415
HRV,Croatia,1996,18850.1633100668,4557097,45.115,,76.76,,55.3155603054641
HRV,Croatia,1995,17522.5142510064,4620030,45.389,,76.52,,55.1568369839241
HRV,Croatia,1994,16301.6858484798,4652024,45.693,,76.28,,54.9772628749087
HRV,Croatia,1993,15570.3388433749,4600463,45.999,,76.04,,54.7798436680054
HRV,Croatia,1992,17020.1669100237,4575818,46.311,,75.8,,54.5675850528016
HRV,Croatia,1991,18812.8657379331,4689022,46.616,,75.95,,54.347540899497
HRV,Croatia,1990,23399.6397169629,4777368,47.312,,75.93,,54.0680161889492
CUB,Cuba,2024,,10979783,40.393,57.6435522445056,80.682,,77.1664929228275
CUB,Cuba,2023,,11019931,41.159,65.2492928138711,80.52,,77.1259872296321
CUB,Cuba,2022,,11059820,41.921,,80.098,,77.1056060791016
CUB,Cuba,2021,,11122168,42.429,67.713085518598,75.966,,77.0987701416016
CUB,Cuba,2020,,11176354,42.291,60.7042576862627,79.939,1199.35327148,77.1080322265625
CUB,Cuba,2019,,11202846,44.687,56.0924369747899,79.913,1023.39715576,77.0728225708008
CUB,Cuba,2018,,11227118,44.767,52.0523971305494,79.899,981.90283203,77.0156326293945
CUB,Cuba,2017,,11247829,44.641,51.7563395550528,79.791,987.81030273,76.9603271484375
CUB,Cuba,2016,,11265612,44.479,40.8417701721191,79.952,990.92346191,76.9115829467773
CUB,Cuba,2015,,11275065,44.31,42.8630434531443,79.986,991.08496094,76.8702850341797
CUB,Cuba,2014,,11285775,43.803,49.9525293107145,79.981,867.69702148,76.8442459106445
CUB,Cuba,2013,,11298167,43.436,60.2225287161581,80.13,712.26629639,76.81640625
CUB,Cuba,2012,,11303175,42.916,74.6810519759709,80.221,601.74957275,76.7776920066844
CUB,Cuba,2011,,11301571,42.401,98.2486771587385,80.061,695.81542969,76.707663902788
CUB,Cuba,2010,,11297409,41.932,117.295413302096,79.885,608.5847168,76.6099132468685
CUB,Cuba,2009,,11294719,42.464,143.360107421875,79.591,675.53399658,76.4930251871133
CUB,Cuba,2008,,11291762,41.274,147.847625732422,79.658,609.27282715,76.365461375763
CUB,Cuba,2007,,11287272,40.724,137.259994506836,79.658,569.43585205,76.2356834650585
CUB,Cuba,2006,,11278550,39.999,105.895812988281,79.635,386.8258667,76.1121531072403
CUB,Cuba,2005,,11262554,39.002,76.775520324707,79.819,331.50354004,76.0033319545493
CUB,Cuba,2004,,11238756,38.073,67.2283935546875,79.572,232.22746277,75.917681659226
CUB,Cuba,2003,,11209383,37.514,37.6839218139648,79.605,227.49208069,75.8636638735113
CUB,Cuba,2002,,11177418,37.06,30.7635898590088,78.878,213.81524658,75.8514891112497
CUB,Cuba,2001,,11144132,36.714,28.0555400848389,78.587,198.49874878,75.887565612793
CUB,Cuba,2000,,11109109,36.259,25.3716297149658,78.13,181.09315491,75.635383605957
CUB,Cuba,1999,,11072230,35.641,23.1809501647949,78.047,,75.3816833496094
CUB,Cuba,1998,,11034712,34.993,16.8213996887207,77.666,,75.3100128173828
CUB,Cuba,1997,,10997934,34.735,16.4326190948486,77.222,,75.0676345825195
CUB,Cuba,1996,,10962010,34.331,16.4146709442139,76.76,,74.784049987793
CUB,Cuba,1995,,10925362,33.656,17.085750579834,76.476,,74.5832290649414
CUB,Cuba,1994,,10886021,33.378,19.5147705078125,76.253,,74.5084381103516
CUB,Cuba,1993,,10841031,33.306,21.3035697937012,76.012,,74.4948654174805
CUB,Cuba,1992,,10785801,34.476,23.5620403289795,75.901,,74.4140930175781
CUB,Cuba,1991,,10717640,35.428,24.6724300384521,75.81,,74.1448516845703
CUB,Cuba,1990,,10631799,36.346,24.4927291870117,75.892,,73.7279891967773
CUW,Curacao,2024,28762.0581566389,155967,,,80.962,,91.4321812441765
CUW,Curacao,2023,27617.9204283638,154654,,,80.823,,91.4080929292235
CUW,Curacao,2022,26734.6458998921,153321,,,80.763,,91.4007684350799
CUW,Curacao,2021,24905.7684266978,153948,,,79.709,,91.391865832772
CUW,Curacao,2020,23669.7711519128,155482,,,80.606,,91.3820881678218
CUW,Curacao,2019,28659.6559014065,157441,,,80.573,,91.3714918191305
CUW,Curacao,2018,29256.8157865286,159336,,,80.507,,91.3601331655991
CUW,Curacao,2017,29729.1013639498,160175,,,80.442,,91.3480685861287
CUW,Curacao,2016,30209.7882553609,159664,,,80.37,,91.3353544596205
CUW,Curacao,2015,30861.3207651786,157980,,,80.337,,91.3220471649755
CUW,Curacao,2014,31128.6473361746,155909,,,80.051,,91.3082030810948
CUW,Curacao,2013,31753.384548357,153822,,32.4694479561736,79.787,,91.2938785868797
CUW,Curacao,2012,32320.8770365245,152088,,,79.457,,91.2791300612311
CUW,Curacao,2011,32704.3558692872,150831,,,79.066,,91.2639416184104
CUW,Curacao,2010,33004.5542873273,148703,,,78.368,,91.2491303278397
CUW,Curacao,2009,33397.3973952737,146833,,,77.535,,91.2354256731905
CUW,Curacao,2008,33795.131116557,145880,,,77.367,,91.2220545596735
CUW,Curacao,2007,33490.2551592184,144056,,,77.21,,91.2080919767428
CUW,Curacao,2006,33334.8567825808,141239,,,77.06,,91.1926129138527
CUW,Curacao,2005,33651.5045829526,137658,,,76.907,,91.1746923604573
CUW,Curacao,2004,34288.7402384635,134192,,,76.755,,91.1534053060108
CUW,Curacao,2003,34812.7911728195,131897,,,76.601,,91.1278267399674
CUW,Curacao,2002,35435.9975763658,129205,,,76.45,,91.0970316517813
CUW,Curacao,2001,35339.0648639949,129047,,,76.306,,91.060147058155
CUW,Curacao,2000,34307.1250633963,133860,,,76.21,,90.8692145662905
CUW,Curacao,1999,,139428,,,76.06,,90.4167492670495
CUW,Curacao,1998,,144472,,,75.918,,89.7643028927608
CUW,Curacao,1997,,146956,,,75.825,,88.9734801262502
CUW,Curacao,1996,,146306,,,75.68,,88.1058856503431
CUW,Curacao,1995,,145139,,,75.514,,87.2231241478651
CUW,Curacao,1994,,144630,,,75.439,,86.3868003016417
CUW,Curacao,1993,,144299,,,75.295,,85.6585187944984
CUW,Curacao,1992,,143912,,,75.229,,85.0998746479707
CUW,Curacao,1991,,144403,,,75.075,,84.6608397890751
CUW,Curacao,1990,,145400,,,74.952,,84.2490939031968
CYP,Cyprus,2024,52861.8359375,1358282,61.408,144.78044128418,83.8,,66.6824259192483
CYP,Cyprus,2023,51674.90234375,1344976,62.495,127.65128326416,83.668,2899.36499023,66.6739477522639
CYP,Cyprus,2022,50840.9140625,1331370,61.219,127.423622131348,82.577,2748.6159668,66.6694829407584
CYP,Cyprus,2021,47632.5703125,1317309,59.534,124.217269897461,83.016,2947.81494141,66.6718365394971
CYP,Cyprus,2020,43402.359375,1302247,59.05,116.204002380371,83.652,2443.37207031,66.7180443478713
CYP,Cyprus,2019,45454.17578125,1286671,60.096,103.947731018066,83.633,2059.45019531,66.7677357070518
CYP,Cyprus,2018,43510.03125,1270737,59.627,94.7744827270508,83.765,1987.69470215,66.8255530496405
CYP,Cyprus,2017,41417.98828125,1254275,58.922,89.3439636230469,83.871,1742.67626953,66.8907450570326
CYP,Cyprus,2016,39500.8515625,1237112,58.281,77.3875885009766,83.934,1619.91918945,66.9625604106231
CYP,Cyprus,2015,37258.5,1219502,59.097,70.5534210205078,83.855,1570.54638672,67.0402477918073
CYP,Cyprus,2014,36104.90234375,1201801,58.944,61.9027786254883,83.706,1869.46398926,67.1230558819804
CYP,Cyprus,2013,36650.5703125,1183895,57.37,54.006290435791,83.746,1923.03869629,67.2102333625375
CYP,Cyprus,2012,39190.22265625,1165397,57.202,49.7183494567871,83.666,1899.37255859,67.3010289148738
CYP,Cyprus,2011,41212.6875,1146493,57.516,47.2988204956055,83.382,2114.66894531,67.3979892758544
CYP,Cyprus,2010,42102.28125,1127816,57.839,45.6297607421875,83.238,2045.2923584,67.5229111556342
CYP,Cyprus,2009,42253.38671875,1109371,56.692,45.6536102294922,83.02,2105.4777832,67.6836053786548
CYP,Cyprus,2008,44295.62890625,1091026,56.119,41.1332511901855,82.76,2155.24658203,67.8666261318649
CYP,Cyprus,2007,43823.76171875,1072714,55.717,37.0813102722168,82.52,1694.27185059,68.0604154001212
CYP,Cyprus,2006,42595.203125,1054418,54.296,35.6471710205078,82.165,1474.02062988,68.2534151682801
CYP,Cyprus,2005,41362.09375,1036151,53.507,36.3414916992188,81.81,1366.01708984,68.4340674211981
CYP,Cyprus,2004,40019.92578125,1017875,53.674,35.3966598510742,81.555,1286.97155762,68.5908141437316
CYP,Cyprus,2003,38617.8125,999590,53.747,32.3415794372559,81.485,1145.05847168,68.7120973207373
CYP,Cyprus,2002,38090.77734375,981440,52.342,28.0353908538818,81.318,890.48297119,68.7863589370716
CYP,Cyprus,2001,37146.84375,964127,51.87,24.9252891540527,80.885,782.16162109,68.8024068077544
CYP,Cyprus,2000,36121.6640625,947667,49.302,,80.475,750.51672363,68.7726966799379
CYP,Cyprus,1999,34452.72265625,931234,48.712,,80.184,,68.706218074521
CYP,Cyprus,1998,33181.98828125,914548,48.114,,79.838,,68.6080447821551
CYP,Cyprus,1997,31656.830078125,897568,47.491,,79.826,,68.4827583308314
CYP,Cyprus,1996,31282.609375,880290,46.826,,79.547,,68.3349402485415
CYP,Cyprus,1995,31393.24609375,862695,46.116,,79.258,,68.1691720632769
CYP,Cyprus,1994,29500.623046875,844667,45.371,,79.044,,67.9900353030289
CYP,Cyprus,1993,28439.21484375,826034,44.607,,79.003,,67.802111495789
CYP,Cyprus,1992,28931.814453125,810341,43.862,,79.04,,67.6074573603626
CYP,Cyprus,1991,27158.92578125,798944,43.443,,78.827,,67.3910893187537
CYP,Cyprus,1990,27666.53515625,788351,42.671,,78.674,,67.1368426608878
CZE,Czechia,2024,47972.53171792,10905028,53.656,,83.0,2692.76416016,72.7947984592185
CZE,Czechia,2023,47558.4106763314,10864042,53.241,76.8560104370117,82.9,2671.08398438,72.7352388396817
CZE,Czechia,2022,48390.661678675,10672118,52.191,83.2930297851562,81.9,2431.08496094,72.6967638379524
CZE,Czechia,2021,47796.0337408466,10505772,51.555,81.5553970336914,80.5,2538.03344727,72.6810594374316
CZE,Czechia,2020,45119.9387309139,10697858,51.463,78.7804183959961,81.3,2106.28027344,72.7254901604208
CZE,Czechia,2019,47763.6165520254,10671870,52.3,78.2053298950195,82.2,1805.44030762,72.7876426709563
CZE,Czechia,2018,46301.082036029,10629928,52.559,78.0667419433594,82.0,1750.81188965,72.8498744351241
CZE,Czechia,2017,45177.5226053634,10594438,52.114,79.4584579467773,82.0,1516.75012207,72.9121853567256
CZE,Czechia,2016,43069.4659744727,10566332,51.735,79.1647186279297,82.1,1374.9005127,72.9745753395623
CZE,Czechia,2015,42066.5759800801,10546059,51.187,78.8992462158203,81.6,1308.8013916,73.0370442874355
CZE,Czechia,2014,40158.0164275735,10525347,50.803,78.8316879272461,82.0,1512.59326172,73.0995921041469
CZE,Czechia,2013,39317.5535692377,10514272,50.888,77.8659515380859,81.3,1508.79907227,73.1622186934979
CZE,Czechia,2012,39347.0492956846,10510785,50.041,78.3601303100586,81.2,1509.77526855,73.2249239592898
CZE,Czechia,2011,39708.1626280195,10496088,49.472,78.233642578125,81.1,1649.15905762,73.2878338394746
CZE,Czechia,2010,39097.3886218756,10474410,49.231,75.7174911499023,80.6,1509.44726563,73.3495599222723
CZE,Czechia,2009,38175.1422773334,10443936,49.436,71.3405609130859,80.1,1442.24279785,73.4084890302159
CZE,Czechia,2008,40328.3426630095,10384603,49.224,65.9205017089844,80.1,1449.33679199,73.4655517409377
CZE,Czechia,2007,39629.0061324728,10298828,49.75,60.6281700134277,79.9,1110.17663574,73.5219493596925
CZE,Czechia,2006,37786.8781740905,10238905,50.53,54.833179473877,79.7,942.11804199,73.578883191735
CZE,Czechia,2005,35535.7479961511,10211216,50.657,52.747428894043,79.1,852.65246582,73.6375545423198
CZE,Czechia,2004,33452.3408000614,10197101,50.554,47.5738410949707,79.0,746.32891846,73.6991647167017
CZE,Czechia,2003,31949.2963145034,10193998,50.83,40.5895385742188,78.5,640.66040039,73.7649150201353
CZE,Czechia,2002,30919.5496618702,10196916,50.954,38.5895690917969,78.5,497.74203491,73.8360067578753
CZE,Czechia,2001,30399.8730764283,10216605,51.274,32.800910949707,78.4,388.54403687,73.9131752504002
CZE,Czechia,2000,29427.4070011514,10255063,51.637,,78.4,342.92108154,74.0038256456769
CZE,Czechia,1999,28213.4555005997,10283860,52.153,,78.1,,74.1194096710694
CZE,Czechia,1998,27801.4387801408,10294373,51.963,,78.1,,74.2547289190302
CZE,Czechia,1997,27884.7397585343,10304131,51.856,,77.4,,74.4028023190951
CZE,Czechia,1996,28021.6704584336,10315241,51.865,,77.3,,74.5566488007996
CZE,Czechia,1995,26869.0197149398,10327253,52.401,,76.65,,74.7092872936794
CZE,Czechia,1994,25279.7917961729,10333587,52.618,,76.64,,74.8537367272699
CZE,Czechia,1993,24573.9914877529,10329855,52.36,,76.43,,74.9830160311069
CZE,Czechia,1992,24584.3299626051,10319123,52.322,,76.19,,75.0901441347259
CZE,Czechia,1991,24734.7702062546,10308578,52.288,,75.75,,75.1662908993883
CZE,Czechia,1990,27918.1375190566,10333355,52.738,,75.42,,75.218790827643
DNK,Denmark,2024,71034.5789667138,5976992,60.902,92.8775100708008,84.2,6745.06152344,88.6960552688405
DNK,Denmark,2023,68993.9031100362,5946952,59.812,94.8593978881836,83.7,6510.625,88.552638542867
DNK,Denmark,2022,69089.4692492289,5903037,59.551,98.9318313598633,83.2,6451.19433594,88.3880239837703
DNK,Denmark,2021,69327.998216527,5856733,58.161,97.5408096313477,83.3,7429.99023438,88.2616449318149
DNK,Denmark,2020,65379.3066120995,5831404,57.886,96.1319580078125,83.6,6520.65771484,88.2394485473632
DNK,Denmark,2019,66758.6323346131,5814422,58.06,94.8741226196289,83.5,6049.93408203,88.2096490810669
DNK,Denmark,2018,65870.8302554341,5793636,57.649,93.8774719238281,82.9,6219.12988281,88.1059762310689
DNK,Denmark,2017,64989.4459872347,5764980,57.739,94.04833984375,83.1,5817.42529297,88.0161943799509
DNK,Denmark,2016,63468.9888246814,5728010,57.677,94.9557800292969,82.8,5603.75830078,87.6999969482422
DNK,Denmark,2015,62059.1285991721,5683483,56.837,97.2847137451172,82.7,5508.53369141,87.7254056577329
DNK,Denmark,2014,61210.9490922919,5643475,57.097,95.1246566772461,82.8,6447.92382813,87.6823985731907
DNK,Denmark,2013,60745.7784800252,5614932,57.679,93.4175262451172,82.4,6320.08447266,87.5436524760432
DNK,Denmark,2012,60161.7010660256,5591572,58.281,91.0465087890625,82.1,6155.76367188,87.2336196899414
DNK,Denmark,2011,60391.7799332206,5570572,58.71,89.3833618164062,81.9,6426.39990234,87.1567653955846
DNK,Denmark,2010,59856.3490860003,5547683,58.97,86.1018829345703,81.2,6156.68554688,86.8652420043945
DNK,Denmark,2009,59185.9677505533,5523095,59.768,87.0825424194336,80.8,6208.48486328,86.7617653139929
DNK,Denmark,2008,62618.4499382451,5493621,60.052,88.7312088012695,80.7,6117.69677734,86.583137512207
DNK,Denmark,2007,63251.3169416725,5461438,60.849,91.8613586425781,80.5,5453.83837891,86.4251464366349
DNK,Denmark,2006,62911.3931382937,5437272,61.296,91.7599029541016,80.4,4770.13720703,86.2501288149818
DNK,Denmark,2005,60798.1351548444,5419432,60.62,94.2599868774414,80.2,4436.07421875,86.0059706832865
DNK,Denmark,2004,59560.4599503941,5404523,60.627,87.9052276611328,79.9,4189.47265625,85.7130276911593
DNK,Denmark,2003,58101.4809549972,5390574,59.949,79.8572998046875,79.5,3602.28295898,85.4199981689453
DNK,Denmark,2002,58003.8882572641,5375931,60.309,74.6764678955078,79.2,2891.71069336,85.3000030517578
DNK,Denmark,2001,57925.0542954115,5358783,59.874,70.1432800292969,79.2,2597.97290039,85.188307882087
DNK,Denmark,2000,57585.8965553524,5339616,60.03,,79.0,2491.54174805,85.0999984741211
DNK,Denmark,1999,55704.2583988925,5321799,60.155,,78.8,,85.0999984741211
DNK,Denmark,1998,54278.2791190857,5304219,59.36,,78.7,,85.0920806648854
DNK,Denmark,1997,53237.2951913962,5284991,58.604,,78.46,,85.0706527086185
DNK,Denmark,1996,51817.1735416988,5263074,58.316,,78.26,,85.0392028124808
DNK,Denmark,1995,50644.7074582221,5233373,57.908,,77.83,,85.0012191836328
DNK,Denmark,1994,49408.2038213767,5206180,57.918,,78.1,,84.960190029235
DNK,Denmark,1993,47082.4674371864,5188628,60.996,,77.77,,84.9196035564477
DNK,Denmark,1992,47276.8936589666,5171370,61.591,,77.96,,84.8829479724314
DNK,Denmark,1991,46493.0175958032,5154298,61.443,,77.98,,84.8537114843465
DNK,Denmark,1990,45943.8875401847,5140939,61.106,,77.73,,84.8358814278461
DJI,Djibouti,2024,6871.12440453129,1168722,19.235,,68.741,,72.9052635052978
DJI,Djibouti,2023,6510.67859061619,1152944,18.936,,68.51,77.57087708,72.8408245988921
DJI,Djibouti,2022,6180.67998594606,1137096,18.678,,68.089,79.13184357,72.6109938538856
DJI,Djibouti,2021,5960.10807396825,1121248,18.537,,66.403,86.88237762,72.2882954556515
DJI,Djibouti,2020,5791.47767679877,1105188,18.264,,66.847,66.53086853,71.9990170519895
DJI,Djibouti,2019,5809.30455041341,1088709,18.531,,66.863,68.4744873,71.7418146554518
DJI,Djibouti,2018,5590.50426604853,1071882,18.34,,66.592,68.79101563,71.5153442785902
DJI,Djibouti,2017,5421.95649149613,1054841,18.146,,66.172,64.94396973,71.318261933957
DJI,Djibouti,2016,5226.50026106607,1037653,17.959,,65.794,68.82745361,71.1492236341041
DJI,Djibouti,2015,4961.8681860592,1020313,17.785,,65.313,79.54257965,71.0068853915837
DJI,Djibouti,2014,4705.04926772184,1002717,17.627,,64.857,65.53726196,70.8899032189478
DJI,Djibouti,2013,4469.07409933135,984824,17.485,,64.454,60.57233047,70.7969331287484
DJI,Djibouti,2012,,966747,17.359,,64.053,64.8536911,70.7266311335377
DJI,Djibouti,2011,,948558,17.241,4.14211988449097,63.635,61.89852524,70.6776532458676
DJI,Djibouti,2010,,930251,17.125,2.94150996208191,63.05,55.7044487,70.6486554782903
DJI,Djibouti,2009,,911527,17.01,2.97118997573852,62.67,56.92132568,70.6383251554484
DJI,Djibouti,2008,,892734,16.89,2.33049988746643,62.254,55.90976715,70.6793730584341
DJI,Djibouti,2007,,874528,16.771,2.19817996025085,61.767,55.18254471,70.8118125191918
DJI,Djibouti,2006,,855764,16.66,1.95561003684998,61.339,53.26344299,71.0245352095823
DJI,Djibouti,2005,,839167,16.581,1.80111002922058,60.888,45.12551498,71.3061450044404
DJI,Djibouti,2004,,826124,16.549,1.28727996349335,60.3,40.04951477,71.6452457786012
DJI,Djibouti,2003,,813519,16.542,0.933690011501312,60.062,46.27521896,72.0304414068997
DJI,Djibouti,2002,,795574,16.502,0.831489980220795,59.669,39.49966431,72.4503357641707
DJI,Djibouti,2001,,771313,16.406,0.546329975128174,59.167,33.61427689,72.8935327252495
DJI,Djibouti,2000,,747318,16.302,0.240940004587173,58.263,35.48954773,73.3486361649708
DJI,Djibouti,1999,,724218,16.194,0.248940005898476,58.195,,73.8042499581697
DJI,Djibouti,1998,,699352,16.053,,58.036,,74.2489779796812
DJI,Djibouti,1997,,671817,15.869,0.221440002322197,57.863,,74.6714241043403
DJI,Djibouti,1996,,648348,15.718,0.196689993143082,58.031,,75.060192206982
DJI,Djibouti,1995,,633074,15.641,,58.009,,75.4038861624412
DJI,Djibouti,1994,,626710,15.582,0.125799998641014,57.501,,75.691109845553
DJI,Djibouti,1993,,614245,15.53,0.117760002613068,57.652,,75.9104671311523
DJI,Djibouti,1992,,626010,15.474,0.0517200008034706,57.746,,76.0505618940741
DJI,Djibouti,1991,,631092,15.423,0.0,57.702,,76.099997794303
DJI,Djibouti,1990,,579538,15.379,,57.445,,76.0667021310371
DMA,Dominica,2024,18739.3640404986,66205,,,74.718,,73.5449839980866
DMA,Dominica,2023,18278.2253401989,66510,,,74.545,492.4524231,73.1105011438027
DMA,Dominica,2022,17550.8009946466,66826,,,74.572,542.53948975,72.682648635692
DMA,Dominica,2021,15808.9743503945,67202,,,73.033,521.41455078,72.2613620044042
DMA,Dominica,2020,14919.5307686719,67573,,,74.591,452.65899658,71.846576780589
DMA,Dominica,2019,17619.4335416769,67880,,,74.508,465.63766479,71.4382284948964
DMA,Dominica,2018,16877.1244880642,68174,,,74.421,503.34179688,71.0362526779762
DMA,Dominica,2017,16314.2295558891,68496,,,70.937,415.87072754,70.6405848604787
DMA,Dominica,2016,17364.0773046793,69606,,,74.103,424.15756226,70.2511605730541
DMA,Dominica,2015,16920.9126555668,70410,,,72.395,396.23742676,69.8679153463528
DMA,Dominica,2014,17520.8546265613,70373,,,73.95,389.05343628,69.4907847110252
DMA,Dominica,2013,17282.6368040368,69715,,,74.009,382.10519409,69.119704197722
DMA,Dominica,2012,17431.1288003063,69118,,,74.212,407.42053223,68.754609337094
DMA,Dominica,2011,17475.0411061698,69053,,,74.416,387.11709595,68.3978165602727
DMA,Dominica,2010,17516.7879573152,68859,,,74.6,369.75668335,67.9983269911984
DMA,Dominica,2009,17534.0339616963,68864,,,74.755,354.04888916,67.6071900939817
DMA,Dominica,2008,17738.0405685048,68854,,,74.837,336.0015564,67.232264436023
DMA,Dominica,2007,16560.5179009944,68847,,,74.717,293.30905151,66.877081776731
DMA,Dominica,2006,15727.7053232323,68806,,,74.789,271.24331665,66.5451738755145
DMA,Dominica,2005,15080.5206040984,68734,,,74.787,263.66098022,66.2400724917823
DMA,Dominica,2004,14962.2456326016,68649,,,74.742,253.70576477,65.9653093849432
DMA,Dominica,2003,14398.0017636834,68531,,,74.688,242.78863525,65.7244163144059
DMA,Dominica,2002,13640.70330575,68367,,,74.692,226.86923218,65.5209250395792
DMA,Dominica,2001,14091.5491387572,68288,,,74.617,231.52333069,65.3586067945228
DMA,Dominica,2000,14054.6548016043,68511,,,74.462,259.0213623,65.2352744316641
DMA,Dominica,1999,13661.6785774172,68870,,,74.295,,65.1405367221955
DMA,Dominica,1998,13563.4528199459,69124,,,74.155,,65.0664964386069
DMA,Dominica,1997,13037.1491313755,69299,,,74.033,,65.0055810408374
DMA,Dominica,1996,12737.8972359049,69410,,,73.936,,64.9502179888262
DMA,Dominica,1995,12343.9001238545,69469,,,73.722,,64.8928347425124
DMA,Dominica,1994,11979.3992504496,69477,,,73.695,,64.8258587618353
DMA,Dominica,1993,11982.8592553573,69433,,6.63936996459961,73.529,,64.7417175067339
DMA,Dominica,1992,11747.6117144571,69325,,10.1167297363281,73.363,,64.6328384371474
DMA,Dominica,1991,11518.7646744945,69296,,4.78378009796143,73.283,,64.4977994208783
DMA,Dominica,1990,11311.5519762062,69627,,,73.478,,64.0690628432256
DOM,Dominican Republic,2024,24229.8894872915,11427557,53.266,76.5868490240802,77.105,,72.4121874752151
DOM,Dominican Republic,2023,23282.4895071054,11331265,52.482,77.1815521515176,76.975,488.8727417,72.3577991823338
DOM,Dominican Republic,2022,22986.95808105,11230734,50.478,72.9061849410132,77.914,469.34915161,72.4203155643711
DOM,Dominican Republic,2021,22053.4589869955,11123476,51.06,74.7958503277652,75.449,433.89172363,72.9243347395035
DOM,Dominican Republic,2020,19545.4099552943,11008300,47.412,76.2728150161835,76.717,354.25689697,73.2643793773663
DOM,Dominican Republic,2019,21451.286441995,10894043,52.542,,76.448,357.44137573,73.5403464672933
DOM,Dominican Republic,2018,20662.848586153,10782053,50.285,,76.936,332.47702026,73.7589255716938
DOM,Dominican Republic,2017,19501.8743054078,10666843,49.009,77.0124168907794,76.776,329.54168701,73.926806252977
DOM,Dominican Republic,2016,18968.9752386179,10551430,48.821,69.9590650996963,76.516,328.36526489,74.0506780735522
DOM,Dominican Republic,2015,17973.1870256815,10434829,48.157,66.9892482434177,76.376,322.04864502,74.1372305958285
DOM,Dominican Republic,2014,16993.587444403,10315528,45.368,60.9120606127785,76.756,312.44223022,74.1931533822153
DOM,Dominican Republic,2013,16054.7677297656,10193833,45.088,,76.826,302.28512573,74.2251359951216
DOM,Dominican Republic,2012,15487.2776356321,10070411,45.206,59.8290822804206,76.708,304.23754883,74.2398679969568
DOM,Dominican Republic,2011,15258.0858148503,9945621,43.662,,76.379,293.95123291,74.2440389501301
DOM,Dominican Republic,2010,14975.0010126958,9820175,41.672,,75.68,270.03961182,74.1642773174177
DOM,Dominican Republic,2009,13992.4103270189,9695265,38.945,,74.945,237.11128235,73.5894974865426
DOM,Dominican Republic,2008,14030.1411084465,9573130,41.848,,74.368,229.29747009,72.4865154265802
DOM,Dominican Republic,2007,13754.9212674095,9455658,40.275,,73.925,190.14048767,71.0193434994977
DOM,Dominican Republic,2006,12961.9183632133,9341183,40.6,,73.888,161.94844055,69.333853706035
DOM,Dominican Republic,2005,12022.5080544053,9225034,39.791,,74.033,168.85827637,67.5759180469321
DOM,Dominican Republic,2004,11131.2709216332,9104892,39.168,,73.877,105.12216187,65.8914085229291
DOM,Dominican Republic,2003,11000.8684059352,8980620,39.184,41.1750297546387,74.149,104.59856415,64.426197134766
DOM,Dominican Republic,2002,11313.0690271273,8852235,40.04,,74.083,152.86595154,63.2914022524877
DOM,Dominican Republic,2001,10991.1363420488,8720283,38.363,,73.948,143.32540894,62.2979450293469
DOM,Dominican Republic,2000,10896.3184155964,8584190,39.73,,73.754,138.29624939,61.3128549215919
DOM,Dominican Republic,1999,10582.0775939337,8446208,39.364,,73.531,,60.3614054332546
DOM,Dominican Republic,1998,10150.4460178993,8310362,38.89,,73.159,,59.4555813779028
DOM,Dominican Republic,1997,9671.14817881707,8174078,38.364,24.9650402069092,73.108,,58.6073675691044
DOM,Dominican Republic,1996,9036.88352149896,8032894,37.7,,72.868,,57.8287488204273
DOM,Dominican Republic,1995,8685.01648557062,7888115,37.267,,72.633,,57.1317099454393
DOM,Dominican Republic,1994,8372.07169739279,7741694,36.863,,72.368,,56.5282357577084
DOM,Dominican Republic,1993,8318.49178576126,7594572,36.7,,72.024,,56.0297239121388
DOM,Dominican Republic,1992,7900.76809265865,7447474,36.188,,71.633,,55.6153197882278
DOM,Dominican Republic,1991,7246.24670144222,7299853,35.41,,71.178,,55.2641317491819
DOM,Dominican Republic,1990,7327.72670133751,7151166,35.382,,70.671,,54.9618770701908
ECU,Ecuador,2024,13922.4222780744,18135478,52.394,,80.305,,63.2376932397602
ECU,Ecuador,2023,14321.1648295611,17980083,52.521,76.0744634319622,80.139,509.49414063,63.1307729554263
ECU,Ecuador,2022,14186.6388544625,17823897,54.244,66.8177839394047,79.473,495.30380249,63.0901835932266
ECU,Ecuador,2021,13507.4445638375,17682454,53.63,,76.007,507.65136719,63.0871268249117
ECU,Ecuador,2020,12440.3263747814,17546065,48.241,63.1782056627662,75.876,470.20355225,63.0773897782521
ECU,Ecuador,2019,13870.4895118068,17340021,54.402,50.8938790108318,79.975,484.54037476,63.0627139714638
ECU,Ecuador,2018,14083.5069982304,17049547,54.481,50.5705518686466,79.877,493.82693481,63.0433276812321
ECU,Ecuador,2017,14179.1537503305,16759519,56.173,,78.589,469.04544067,63.0194591842425
ECU,Ecuador,2016,13586.5160772568,16505139,55.406,,78.436,449.03869629,62.9913367571804
ECU,Ecuador,2015,13881.5700738105,16266225,51.905,47.8993299470442,78.621,464.22186279,62.959188676731
ECU,Ecuador,2014,14064.7992246727,16035124,47.689,,78.618,433.41845703,62.9232432195799
ECU,Ecuador,2013,13689.1520460125,15807128,48.131,,78.422,414.12683105,62.8837286624122
ECU,Ecuador,2012,12961.0267423765,15572194,48.081,44.6082514800347,78.257,387.54577637,62.8408732819135
ECU,Ecuador,2011,12449.0785549218,15326227,47.065,,78.127,340.40786743,62.7949053547691
ECU,Ecuador,2010,11665.6978598204,15076695,48.011,,78.261,287.00466919,62.7405258611644
ECU,Ecuador,2009,11403.5277978831,14825954,49.664,,78.071,244.5753479,62.6588021150118
ECU,Ecuador,2008,11474.5257023541,14575202,52.022,40.93994140625,77.916,231.62229919,62.5395521004212
ECU,Ecuador,2007,10952.8226853948,14328773,51.955,,77.415,193.33273315,62.3887552077227
ECU,Ecuador,2006,10933.4897470283,14086131,52.7,,77.222,192.55101013,62.2099988435587
ECU,Ecuador,2005,10660.2046228939,13846163,51.916,,77.131,170.44190979,62.0068704145716
ECU,Ecuador,2004,10290.6634264766,13608701,52.726,,77.094,152.10868835,61.7829573274038
ECU,Ecuador,2003,9802.81408202125,13372306,49.17,,76.784,134.12744141,61.5418469886978
ECU,Ecuador,2002,9697.55517665978,13138472,48.074,,76.27,99.12815857,61.2871268050958
ECU,Ecuador,2001,9405.11680690106,12910740,46.976,,75.667,72.7922287,61.0123544006659
ECU,Ecuador,2000,9183.05155276919,12689206,45.876,,75.161,49.37281418,60.6865005107058
ECU,Ecuador,1999,9242.96681019585,12470795,48.8,,75.075,,60.2913906089831
ECU,Ecuador,1998,9876.7507512592,12251184,51.694,,75.132,,59.8393139134949
ECU,Ecuador,1997,9739.26682428016,12031127,48.535,,75.346,,59.3379890323065
ECU,Ecuador,1996,9509.27540633173,11810950,48.08,,75.121,,58.7951345734834
ECU,Ecuador,1995,9525.17701832407,11590514,47.974,,74.717,,58.218469145091
ECU,Ecuador,1994,9494.17506194696,11372197,47.813,,74.111,,57.6157113551947
ECU,Ecuador,1993,9284.31503431235,11154274,47.419,,73.245,,56.99457981186
ECU,Ecuador,1992,9291.3710483042,10930128,47.34,,72.6,,56.3627931231524
ECU,Ecuador,1991,9292.61779173762,10702380,47.264,,72.142,,55.7280698971372
ECU,Ecuador,1990,9104.81599790272,10473673,46.947,,71.398,,55.0896733142119
EGY,"Egypt, Arab Rep.",2024,16798.151577838,116538258,18.468,37.4793898371231,74.009,,42.8004363938404
EGY,"Egypt, Arab Rep.",2023,16691.3873991962,114535772,18.478,37.9565582275391,73.809,141.41111755,42.7098115041919
EGY,"Egypt, Arab Rep.",2022,16360.390775011,112618250,15.233,36.6387405395508,73.24,171.67852783,42.6325129008032
EGY,"Egypt, Arab Rep.",2021,15579.0160861551,110957008,15.59,35.4070535689265,70.808,176.93664551,42.5686062621468
EGY,"Egypt, Arab Rep.",2020,15309.2359881835,109315124,14.609,38.4738006591797,71.958,148.35269165,42.5181534630674
EGY,"Egypt, Arab Rep.",2019,15026.568243683,107553158,15.859,34.2484230207107,73.415,142.69670105,42.4812027332648
EGY,"Egypt, Arab Rep.",2018,14488.2094340261,105682094,18.415,37.0107192993164,73.209,118.01481628,42.4577177449969
EGY,"Egypt, Arab Rep.",2017,14018.3605934411,103696057,22.184,32.5399181220118,72.982,106.00288391,42.4486008687179
EGY,"Egypt, Arab Rep.",2016,13727.3201600816,101644589,23.072,32.4108695983887,72.756,142.61845398,42.5210717266225
EGY,"Egypt, Arab Rep.",2015,13425.9119599492,99597342,22.813,32.4670104980469,72.518,170.25532532,42.6056314089048
EGY,"Egypt, Arab Rep.",2014,13136.3656298099,97528654,23.166,27.6723589088676,72.31,155.06480408,42.6825522284408
EGY,"Egypt, Arab Rep.",2013,13058.0748238237,95333553,23.012,26.891342745999,72.068,139.67245483,42.7514277188751
EGY,"Egypt, Arab Rep.",2012,13076.8052394876,93161001,22.511,24.8590041191491,71.898,139.81625366,42.8118514138525
EGY,"Egypt, Arab Rep.",2011,13082.4263680239,91093059,22.537,24.4210399901682,71.69,116.22949219,42.8634168470177
EGY,"Egypt, Arab Rep.",2010,13128.9878334831,89196072,23.19,28.7817335625847,71.534,105.07817841,42.9057175520154
EGY,"Egypt, Arab Rep.",2009,12728.0814587564,87501636,22.915,27.6997699737549,71.377,98.90396881,42.9383470624904
EGY,"Egypt, Arab Rep.",2008,12391.5847624938,85864789,21.895,27.6888198852539,71.229,90.15769958,42.9608989120873
EGY,"Egypt, Arab Rep.",2007,11782.0060717026,84276225,23.326,24.9158401489258,71.1,73.29454041,42.9729666344509
EGY,"Egypt, Arab Rep.",2006,11211.8320228671,82700403,21.259,26.5457592010498,70.97,66.32707214,42.9729991680104
EGY,"Egypt, Arab Rep.",2005,10700.6090372525,81101004,20.457,25.9733695983887,70.832,59.4683876,42.9569271409488
EGY,"Egypt, Arab Rep.",2004,10451.8217511529,79477443,19.68,24.4102401733398,70.675,50.33084488,42.9255593360476
EGY,"Egypt, Arab Rep.",2003,10250.376550149,77853548,18.925,24.238639831543,70.484,50.34780884,42.8834685533792
EGY,"Egypt, Arab Rep.",2002,10143.5063456555,76239137,18.191,26.0716495513916,70.242,63.99928665,42.8347629483917
EGY,"Egypt, Arab Rep.",2001,10117.3331821542,74652029,20.337,24.7011203765869,69.948,68.67334747,42.7835506765333
EGY,"Egypt, Arab Rep.",2000,9981.62775081593,73083284,20.406,,69.598,69.37174988,42.7339398932519
EGY,"Egypt, Arab Rep.",1999,9588.8593851379,71520954,20.512,,69.196,,42.6900387539957
EGY,"Egypt, Arab Rep.",1998,9245.47890468363,69943294,19.695,,68.74,,42.6559554142127
EGY,"Egypt, Arab Rep.",1997,8950.6541069311,68431740,20.367,,68.231,,42.6357980293511
EGY,"Egypt, Arab Rep.",1996,8662.33147868251,67028048,21.05,,67.685,,42.6396966117235
EGY,"Egypt, Arab Rep.",1995,8423.57817498243,65652622,21.75,,67.109,,42.7019009364527
EGY,"Egypt, Arab Rep.",1994,8221.04684774388,64285589,23.111,,66.498,,42.823655436222
EGY,"Egypt, Arab Rep.",1993,8079.05480679221,62915681,22.286,,65.929,,42.9872125093605
EGY,"Egypt, Arab Rep.",1992,8034.56230124583,61480660,22.971,,65.325,,43.1765905116707
EGY,"Egypt, Arab Rep.",1991,7876.55257552889,60028997,22.16,8.40878009796143,64.781,,43.3758077989551
EGY,"Egypt, Arab Rep.",1990,8006.62143740129,58396618,22.188,9.53730010986328,64.22,,43.5688827270165
SLV,El Salvador,2024,11647.0234480127,6338193,48.957,37.8992432402669,76.488,,75.0674905102199
SLV,El Salvador,2023,11404.3342262685,6309624,48.521,37.275497697837,76.264,500.69497681,74.6080675149903
SLV,El Salvador,2022,11085.6166169553,6280319,46.028,36.1763990111818,76.164,500.20321655,74.1465021298679
SLV,El Salvador,2021,10809.713399518,6255782,45.217,34.2361494828786,74.344,470.14025879,73.6838531494141
SLV,El Salvador,2020,9692.44931605799,6234673,43.207,34.2040467088943,74.716,357.78799438,73.0570220947266
SLV,El Salvador,2019,10543.9383291317,6222318,45.983,31.4494323716577,75.979,380.53384399,72.4148941040039
SLV,El Salvador,2018,10297.203612692,6219807,44.928,30.9405021685787,75.944,348.18817139,71.7577209472656
SLV,El Salvador,2017,10064.7934942601,6213533,45.154,30.1860124452192,75.811,338.60742188,71.0856704711914
SLV,El Salvador,2016,9863.76121214453,6200800,45.811,29.7354303269293,75.774,339.97875977,70.3990173339844
SLV,El Salvador,2015,9646.15432339854,6183676,45.09,29.8273647369825,75.666,331.96725464,69.6982116699219
SLV,El Salvador,2014,9451.744607867,6162955,46.055,29.8457797604536,75.721,315.23168945,68.9166664266223
SLV,El Salvador,2013,9329.46202222861,6138839,47.404,30.4298954010813,75.662,324.28027344,68.0878511957995
SLV,El Salvador,2012,9162.56212613508,6113975,46.449,29.9929727794646,75.585,301.03710938,67.2232666950659
SLV,El Salvador,2011,8945.93132970006,6090127,45.533,29.111271358298,75.372,295.64242554,66.334413642034
SLV,El Salvador,2010,8648.92982717672,6068249,45.966,28.0604106098378,75.186,270.69418335,65.4327927543162
SLV,El Salvador,2009,8494.49847423621,6048279,46.029,27.4729804992676,74.763,257.19317627,64.5299047495248
SLV,El Salvador,2008,8704.80584632591,6029297,46.076,26.9383907318115,74.688,253.45413208,63.6372503452723
SLV,El Salvador,2007,8548.83476118605,6009824,46.1,25.9986305236816,74.51,239.99687195,62.7676878093683
SLV,El Salvador,2006,8404.24674903143,6002319,45.915,24.3495407104492,74.328,231.73410034,61.9068679391763
SLV,El Salvador,2005,8050.5345128919,6005578,45.218,23.5439891815186,74.024,225.17417908,61.0308213239291
SLV,El Salvador,2004,7841.53237886842,6004671,44.499,22.6237602233887,73.881,185.83404541,60.1425374326239
SLV,El Salvador,2003,7780.27177685599,5998599,46.281,21.3572196960449,73.391,171.59013367,59.2468576589718
SLV,El Salvador,2002,7675.67106195114,5986631,44.943,20.6640892028809,73.168,166.81164551,58.3486233966841
SLV,El Salvador,2001,7580.32338410159,5968060,45.176,19.9303207397461,72.505,162.30456543,57.4526760394716
SLV,El Salvador,2000,7545.44796218991,5943366,45.422,20.8662796020508,72.407,155.52601624,56.5638569810457
SLV,El Salvador,1999,7498.46741097206,5913900,45.685,22.0443897247314,72.006,,55.6870076151174
SLV,El Salvador,1998,7381.114604175,5880781,45.566,22.1306800842285,71.333,,54.8269693353978
SLV,El Salvador,1997,7234.94456228435,5844578,41.852,,71.17,,53.9885835355981
SLV,El Salvador,1996,7062.30007824136,5805286,41.878,19.738000869751,70.573,,53.1766916094294
SLV,El Salvador,1995,7057.92025248354,5762131,43.131,20.6904792785644,70.073,,52.3961349506028
SLV,El Salvador,1994,6795.50608897192,5714129,44.902,19.2017993927002,69.606,,51.6517549528294
SLV,El Salvador,1993,6553.07234073841,5659957,43.444,,69.099,,50.9483930098203
SLV,El Salvador,1992,6275.18767116905,5585609,41.557,,68.215,,50.2872835534805
SLV,El Salvador,1991,5960.05892897788,5495077,41.018,,67.915,,49.6386716440595
SLV,El Salvador,1990,5976.01762522026,5399726,40.971,,67.148,,48.9832556080127
GNQ,Equatorial Guinea,2024,14997.7564392976,1892516,53.044,,65.885,,71.3574028749806
GNQ,Equatorial Guinea,2023,15302.1517835147,1847549,53.265,,65.661,233.68379211,71.1290664883517
GNQ,Equatorial Guinea,2022,16932.7706827155,1803545,53.526,,65.261,215.32841492,70.8910029445467
GNQ,Equatorial Guinea,2021,16821.4486470413,1758786,50.951,,64.373,243.81242371,70.6431215020592
GNQ,Equatorial Guinea,2020,17089.153726379,1716468,50.146,,64.222,213.59317017,70.3853314193247
GNQ,Equatorial Guinea,2019,18446.5916579681,1670177,53.931,,64.144,223.14128113,70.1175419547293
GNQ,Equatorial Guinea,2018,20165.4795550607,1616422,53.911,,63.718,240.49389648,69.8396623666175
GNQ,Equatorial Guinea,2017,22250.4389230263,1562396,53.85,,63.263,223.4354248,69.5516019132985
GNQ,Equatorial Guinea,2016,24435.0645564801,1508186,53.745,,62.772,221.49227905,69.253269853051
GNQ,Equatorial Guinea,2015,27797.7942803179,1453923,53.596,,62.29,222.81713867,68.951270615355
GNQ,Equatorial Guinea,2014,31765.8997056851,1399828,53.404,,61.858,290.53604126,65.5593240167184
GNQ,Equatorial Guinea,2013,32894.3693189101,1346218,53.176,,61.353,286.33657837,62.2120073583984
GNQ,Equatorial Guinea,2012,35711.4919273537,1293483,52.931,,60.834,280.90136719,59.0106940671203
GNQ,Equatorial Guinea,2011,34341.9342607505,1241835,52.696,,60.309,265.38485718,55.9743349096911
GNQ,Equatorial Guinea,2010,33668.8740654852,1189085,52.485,,59.812,237.85783386,53.1218806529176
GNQ,Equatorial Guinea,2009,38706.6052512135,1135673,52.324,,59.306,248.9617157,50.4722820636069
GNQ,Equatorial Guinea,2008,39994.6159790647,1084530,52.239,,58.777,225.50572205,48.0444899085658
GNQ,Equatorial Guinea,2007,35540.4477563657,1036044,52.222,,58.224,179.49963379,45.8574549546013
GNQ,Equatorial Guinea,2006,32251.7680082519,990343,52.248,,57.698,143.95661926,43.9301279685204
GNQ,Equatorial Guinea,2005,31302.957953874,947367,52.306,,57.095,122.75533295,42.2814597171299
GNQ,Equatorial Guinea,2004,28225.985816122,899917,52.398,,56.668,104.54925537,40.9304009672368
GNQ,Equatorial Guinea,2003,21709.5751241959,847862,52.496,,56.124,86.82926178,39.895902485648
GNQ,Equatorial Guinea,2002,20242.4309684399,797957,52.563,,55.641,74.93979645,39.1969150391705
GNQ,Equatorial Guinea,2001,18031.964975074,749836,52.614,,55.183,29.59247589,38.8638365386531
GNQ,Equatorial Guinea,2000,11767.4708814313,703279,52.655,1.15195000171661,54.797,20.14153671,38.8154587133988
GNQ,Equatorial Guinea,1999,10492.4649475554,667214,52.675,,54.394,,38.8123944156763
GNQ,Equatorial Guinea,1998,8684.6573083064,641474,52.671,,54.069,,38.810342340543
GNQ,Equatorial Guinea,1997,7296.10009809843,616893,52.66,,53.815,,38.808691785582
GNQ,Equatorial Guinea,1996,3033.84031220306,593492,52.644,,53.585,,38.8068320483764
GNQ,Equatorial Guinea,1995,1892.11653062527,571264,52.625,,53.462,,38.8041524265093
GNQ,Equatorial Guinea,1994,1672.34547535897,550138,52.597,,53.381,,38.799943915078
GNQ,Equatorial Guinea,1993,1487.81202528588,530023,52.559,,53.346,,38.500270629153
GNQ,Equatorial Guinea,1992,1390.47918482013,510770,52.511,,53.302,,37.6998947248541
GNQ,Equatorial Guinea,1991,1070.82764283041,492217,52.451,0.34825000166893,53.328,,36.5100855493731
GNQ,Equatorial Guinea,1990,1122.81767364664,474274,52.379,,53.322,,35.0420578472365
ERI,Eritrea,2024,,3535603,72.854,,70.944,,34.5365524291992
ERI,Eritrea,2023,,3470390,72.862,,70.656,28.29782677,34.696403503418
ERI,Eritrea,2022,,3409447,72.851,,69.827,27.0898056,34.8469276428223
ERI,Eritrea,2021,,3350183,72.622,,68.978,27.58759499,34.9871139526367
ERI,Eritrea,2020,,3291271,71.989,,69.264,27.66697884,35.116138458252
ERI,Eritrea,2019,,3240194,72.929,,69.36,28.42930794,35.2352333068848
ERI,Eritrea,2018,,3192760,73.044,,69.035,26.68201256,35.3451042175293
ERI,Eritrea,2017,,3150347,73.159,,68.656,25.10270691,35.4427146911621
ERI,Eritrea,2016,,3124698,73.273,2.64425992965698,68.284,26.00592422,35.5254287719727
ERI,Eritrea,2015,,3105546,73.372,2.75874996185303,67.897,29.22208977,35.591007232666
ERI,Eritrea,2014,,3095173,73.475,2.71990990638733,67.461,32.93448257,35.639720916748
ERI,Eritrea,2013,,3074360,73.559,,66.959,31.64078712,35.6713333129883
ERI,Eritrea,2012,,3036988,73.632,,66.575,27.78689003,35.6824264526367
ERI,Eritrea,2011,,2998485,73.716,,66.084,35.55129623,35.6706275939941
ERI,Eritrea,2010,,2945186,73.783,2.38155007362366,65.486,26.00652122,35.6346549987793
ERI,Eritrea,2009,,2887885,73.845,1.79663002490997,64.97,24.35102463,35.5742034912109
ERI,Eritrea,2008,,2816327,73.902,,64.223,21.55065727,35.4897117614746
ERI,Eritrea,2007,,2743222,73.955,,63.703,19.62666321,35.3820953369141
ERI,Eritrea,2006,,2703502,74.022,,63.115,23.77408791,35.2525177001953
ERI,Eritrea,2005,,2661215,74.065,,62.339,21.92651939,35.1022033691406
ERI,Eritrea,2004,,2598284,74.083,0.512399971485138,61.744,23.15624809,34.9324645996094
ERI,Eritrea,2003,,2493903,74.07,,61.188,19.81480217,34.7451286315918
ERI,Eritrea,2002,,2392978,74.061,0.674049973487854,60.606,15.77544498,34.5420799255371
ERI,Eritrea,2001,,2312079,74.071,0.711679995059967,59.972,14.90675831,34.3253211975098
ERI,Eritrea,2000,,2247031,74.091,0.564800024032593,58.487,14.03034782,34.0983619689941
ERI,Eritrea,1999,,2212780,74.151,0.522870004177094,54.629,,33.4920561707444
ERI,Eritrea,1998,,2180419,74.207,0.394279986619949,57.564,,32.4002451026521
ERI,Eritrea,1997,,2152135,74.271,,57.681,,30.9261031643271
ERI,Eritrea,1996,,2128464,74.311,0.326739996671677,56.92,,29.1728047553789
ERI,Eritrea,1995,,2025267,74.274,0.463719993829727,56.188,,27.2435242754175
ERI,Eritrea,1994,,1913915,74.241,,55.396,,25.2414361240526
ERI,Eritrea,1993,,1856006,74.269,,54.577,,23.2697147008939
ERI,Eritrea,1992,,1798748,74.303,,53.885,,21.4315344055512
ERI,Eritrea,1991,,1919571,74.382,,52.818,,19.8300696376343
ERI,Eritrea,1990,,2032737,74.444,,52.025,,18.5684947967529
EST,Estonia,2024,41185.8348356109,1372341,61.258,79.2256774902344,83.7,2437.83764648,70.6981161541961
EST,Estonia,2023,41284.7746875532,1370286,61.049,81.3784027099609,83.3,2258.4597168,70.6770085523126
EST,Estonia,2022,43124.6196563775,1348840,60.138,86.7908935546875,82.3,1998.74523926,70.4892333736738
EST,Estonia,2021,44247.4198971873,1330932,57.777,88.8946762084961,81.4,2091.15649414,70.1777274135822
EST,Estonia,2020,40916.7194113327,1329522,57.133,87.1761779785156,83.0,1789.03417969,69.8815778947665
EST,Estonia,2019,42215.0343835811,1326898,57.34,87.2835311889648,83.0,1599.3503418,69.5787397662154
EST,Estonia,2018,40849.8473475564,1321977,57.281,86.4550094604492,82.7,1553.43347168,69.2803532930133
EST,Estonia,2017,39529.785973279,1317384,57.006,86.8601989746094,82.6,1350.12646484,68.9931941915158
EST,Estonia,2016,37466.5561839318,1315790,56.295,87.7629165649414,82.2,1226.0859375,68.724038178078
EST,Estonia,2015,36353.0580520449,1315407,55.747,89.8572006225586,82.2,1156.20275879,68.4796609690553
EST,Estonia,2014,35720.3025335234,1314545,54.54,92.3339004516602,81.9,1287.76123047,68.2668382808032
EST,Estonia,2013,34481.0148921506,1317997,55.341,91.3113708496094,81.7,1194.86206055,68.0923458296768
EST,Estonia,2012,33765.4302075072,1322696,55.38,89.1516571044922,81.5,1058.71960449,67.9629593320316
EST,Estonia,2011,32453.1008476709,1327439,55.617,87.6725387573242,81.3,1061.1628418,67.8775556334506
EST,Estonia,2010,30067.501040775,1331475,55.069,86.5966186523438,80.5,966.19024658,67.8048042926262
EST,Estonia,2009,29281.6798284656,1334515,54.714,86.6803131103516,80.1,1006.50708008,67.7348909034398
EST,Estonia,2008,34233.7643806167,1337090,54.784,86.0773468017578,79.2,1082.15478516,67.6696980194394
EST,Estonia,2007,35986.5161332684,1340680,54.019,86.4641723632812,78.5,866.49945068,67.6097866365576
EST,Estonia,2006,33301.4945486206,1346810,54.656,86.9582290649414,78.3,627.18377686,67.5557177507269
EST,Estonia,2005,30161.1996133966,1354775,53.512,85.8611526489258,78.1,549.63024902,67.5080523578799
EST,Estonia,2004,27381.5350626694,1362550,53.198,83.4526672363281,77.8,474.50796509,67.467351453949
EST,Estonia,2003,25485.1613028986,1370720,52.274,81.3653411865234,76.9,368.97955322,67.4341760348669
EST,Estonia,2002,23537.7156816601,1379350,51.03,78.0993270874023,77.0,250.48020935,67.4090870965661
EST,Estonia,2001,21872.6593953112,1388115,51.986,72.8319702148438,76.2,214.70417786,67.3926456349791
EST,Estonia,2000,20526.6606380865,1396985,52.575,,76.0,209.97769165,67.385529072627
EST,Estonia,1999,18736.15453395,1390244,51.917,,75.8,,67.43756162347
EST,Estonia,1998,18871.6196795957,1386156,52.708,,75.3,,67.6521763500664
EST,Estonia,1997,17913.7869992626,1399535,54.27,,75.7,,68.0003912958243
EST,Estonia,1996,15666.1330451502,1415594,53.511,,75.4,,68.4475740642067
EST,Estonia,1995,14709.5998060844,1436634,53.705,,74.1,,68.959092258676
EST,Estonia,1994,13823.5566022429,1462514,54.667,,72.8,,69.500313482695
EST,Estonia,1993,13757.0155625665,1494128,54.714,,73.8,,70.0366053397264
EST,Estonia,1992,14223.9075668693,1533091,55.771,,74.6,,70.5333354332329
EST,Estonia,1991,17717.3052283857,1561314,58.231,,74.7,,70.9558713666771
EST,Estonia,1990,19161.4451588782,1569174,59.68,,74.7,,71.2695807435219
SWZ,Eswatini,2024,10386.2145717572,1242822,48.422,,67.106,,26.2498461258639
SWZ,Eswatini,2023,10181.5040730397,1230506,48.24,,66.953,296.04562378,25.8081878500755
SWZ,Eswatini,2022,9927.60567008139,1218917,47.227,,65.859,284.75802612,25.396682918542
SWZ,Eswatini,2021,9990.43491951205,1206593,46.901,,61.392,297.72213745,25.0156180525173
SWZ,Eswatini,2020,9695.82498058755,1192729,46.452,,62.79,236.99609375,24.6652798922192
SWZ,Eswatini,2019,10099.5863118406,1179874,47.158,,62.541,320.05084229,24.3459549517751
SWZ,Eswatini,2018,9578.10061089805,1168929,47.083,,61.391,292.33929443,24.0579295404227
SWZ,Eswatini,2017,9660.55161538086,1158195,47.016,,60.197,265.50152588,23.8052004963161
SWZ,Eswatini,2016,9402.50834103681,1149507,46.965,,58.704,226.41770935,23.5278881746356
SWZ,Eswatini,2015,9186.65344720515,1142813,46.819,,57.201,250.71520996,23.2660261759632
SWZ,Eswatini,2014,9084.49405780635,1136299,46.666,,55.606,282.43395996,23.026850446568
SWZ,Eswatini,2013,8951.05749805891,1129990,46.531,6.39561158815004,54.106,303.40438843,22.8121644356992
SWZ,Eswatini,2012,8645.84478287802,1123863,46.414,,52.527,340.03012085,22.6237715926065
SWZ,Eswatini,2011,8350.89190932865,1117833,46.29,6.8695652173913,50.439,365.25265503,22.4634753665393
SWZ,Eswatini,2010,8245.64153332215,1111650,46.144,,49.697,343.04284668,22.3330792067471
SWZ,Eswatini,2009,7988.59750005303,1105153,45.98,,48.006,279.68212891,22.2343865624794
SWZ,Eswatini,2008,7926.37961138221,1098091,45.803,,46.971,265.72091675,22.1692008829856
SWZ,Eswatini,2007,7866.73073455273,1090705,45.632,,46.681,252.24301147,22.139989967508
SWZ,Eswatini,2006,7584.72030617794,1084436,45.494,4.26413011550903,46.08,237.50752258,22.1505527018245
SWZ,Eswatini,2005,7142.1921864324,1079022,45.375,4.6621298789978,45.096,217.26066589,22.2102447619336
SWZ,Eswatini,2004,6775.2217412302,1073159,45.238,5.35517978668213,44.972,175.89544678,22.3077107838089
SWZ,Eswatini,2003,6578.30152863605,1066700,45.077,,45.984,131.40959167,22.4312316968119
SWZ,Eswatini,2002,6335.81351839193,1059441,44.888,4.65371990203857,46.915,74.66481781,22.5690884303038
SWZ,Eswatini,2001,6135.45299954297,1051064,44.669,,47.597,75.41345978,22.7095619136459
SWZ,Eswatini,2000,6106.07478740465,1041414,44.424,4.06233978271484,48.852,76.93126678,22.8409330761997
SWZ,Eswatini,1999,6062.34805932084,1030782,44.153,4.30022001266479,50.133,,22.9514828473263
SWZ,Eswatini,1998,5952.85423199252,1019653,43.871,,51.407,,23.0294921563872
SWZ,Eswatini,1997,5876.80341710822,1006635,43.605,,53.104,,23.0630430265279
SWZ,Eswatini,1996,5796.65255094723,989841,43.401,6.15161991119385,54.761,,23.0616648391073
SWZ,Eswatini,1995,5693.82195475567,970433,43.259,,56.739,,23.0540254640177
SWZ,Eswatini,1994,5427.35001977251,971212,43.383,,58.499,,23.0408777757025
SWZ,Eswatini,1993,5299.53230191625,971318,43.571,3.91244006156921,60.11,,23.0223015331371
SWZ,Eswatini,1992,5291.89628992752,943416,43.512,2.79256010055542,61.431,,22.9983764952968
SWZ,Eswatini,1991,5325.35246393254,908189,43.39,3.444659948349,62.623,,22.9691824211569
SWZ,Eswatini,1990,5447.73900233346,872428,43.27,3.27747011184692,63.421,,22.9347990696928
ETH,Ethiopia,2024,2892.22220162795,132059767,58.391,,71.021,,23.6222839355469
ETH,Ethiopia,2023,2757.95923626099,128691692,58.141,,70.726,34.79846954,23.0586471557617
ETH,Ethiopia,2022,2655.59276743639,125384287,58.001,,70.313,27.06845474,22.7367687225342
ETH,Ethiopia,2021,2588.41310213778,122138588,57.555,,68.715,26.06931114,22.1067085266113
ETH,Ethiopia,2020,2516.54907638899,118917671,59.297,,69.368,28.28001595,21.6260051727295
ETH,Ethiopia,2019,2437.97046047967,115737383,62.001,,68.863,25.93511963,21.2486705780029
ETH,Ethiopia,2018,2311.16511656359,112664152,64.059,,68.298,23.5205574,20.7838096618652
ETH,Ethiopia,2017,2222.82824478259,109666481,66.108,,67.746,24.18239403,20.3084850311279
ETH,Ethiopia,2016,2084.84055616471,106718162,68.148,,67.049,24.34373283,19.8763618469238
ETH,Ethiopia,2015,1957.41454184551,103867135,70.185,,66.353,23.21817207,19.451566696167
ETH,Ethiopia,2014,1821.39161772403,101115610,72.219,3.55734127881086,65.558,21.6064415,19.0262870788574
ETH,Ethiopia,2013,1696.86515588665,98438751,74.251,,64.661,19.26698494,18.615514755249
ETH,Ethiopia,2012,1576.76875733933,95798767,74.286,4.87261009216309,63.781,20.00217628,18.2061367034912
ETH,Ethiopia,2011,1492.53396469943,93149970,74.322,4.46756982803345,62.84,14.62286568,17.863790512085
ETH,Ethiopia,2010,1381.19044650715,90538514,74.36,4.24206018447876,61.971,16.17102051,17.4937839508057
ETH,Ethiopia,2009,1262.46398000981,88007636,74.399,3.16849994659424,60.898,15.1445961,17.1511001586914
ETH,Ethiopia,2008,1193.74728331296,85543668,74.439,1.70655000209808,59.772,13.03863621,16.7936706542969
ETH,Ethiopia,2007,1109.14330259683,83103217,74.481,,58.375,11.63210678,16.0948330261902
ETH,Ethiopia,2006,1024.72911937532,80703490,74.525,,56.897,8.42413712,16.2148475646973
ETH,Ethiopia,2005,952.115666282409,78367470,74.571,1.45710003376007,55.663,6.4820013,15.982967376709
ETH,Ethiopia,2004,877.114494958363,76077206,74.557,1.39601004123688,54.888,5.7385993,15.7585906982422
ETH,Ethiopia,2003,795.772138298998,73832663,74.548,1.22815001010895,53.77,5.70984173,15.5438537597656
ETH,Ethiopia,2002,838.298046952135,71635517,74.546,0.901730000972748,52.92,5.14964151,15.333233833313
ETH,Ethiopia,2001,851.313428411291,69487762,74.554,0.6389200091362,52.079,5.50955105,15.1177673339844
ETH,Ethiopia,2000,810.270749115591,67411494,74.575,0.512589991092682,51.57,5.28970861,14.9193096160889
ETH,Ethiopia,1999,787.679577475987,65374561,74.606,0.35003998875618,50.831,,14.713321685791
ETH,Ethiopia,1998,772.786646386223,63363524,74.645,0.320490002632141,50.676,,14.5135431289673
ETH,Ethiopia,1997,826.005218027215,61404539,74.691,0.322499990463257,50.05,,14.3073453903198
ETH,Ethiopia,1996,826.991658768996,59467635,74.735,0.259389996528625,49.549,,14.102746963501
ETH,Ethiopia,1995,760.264345010486,57537335,74.774,0.260589987039566,49.083,,13.8825578689575
ETH,Ethiopia,1994,741.176623590106,55611508,74.811,0.255789995193481,48.769,,13.7172676452417
ETH,Ethiopia,1993,743.708485784759,53708891,74.847,,48.452,,13.5107604305191
ETH,Ethiopia,1992,680.834766968487,51853747,74.884,,48.031,,13.2797353575599
ETH,Ethiopia,1991,777.523566111367,49717198,74.902,0.271750003099441,47.724,,13.0289528923177
ETH,Ethiopia,1990,874.346936177412,47609755,74.913,0.279850006103516,46.772,,12.7641346261628
FRO,Faroe Islands,2024,72113.6513885269,54640,,,84.9146,,39.4132325882965
FRO,Faroe Islands,2023,71828.4342781841,54398,,,84.8518,,39.1975270123645
FRO,Faroe Islands,2022,70268.4497197492,53903,,,84.7827,,38.9959824546757
FRO,Faroe Islands,2021,68433.2144298182,53291,,,84.7082,,38.8083763122559
FRO,Faroe Islands,2020,66037.9361506945,52561,,,84.6303,,38.6689987182617
FRO,Faroe Islands,2019,68136.6617957112,51790,,,84.5508,,38.3945655822754
FRO,Faroe Islands,2018,66192.0494379671,50997,,,84.4703,,38.4058837890625
FRO,Faroe Islands,2017,65461.9113301074,50179,,,84.3872,,38.3324699401855
FRO,Faroe Islands,2016,64156.3241575516,49463,,,84.2947,,38.3200225830078
FRO,Faroe Islands,2015,64010.1614022331,48898,,,84.1685,,38.1431503295898
FRO,Faroe Islands,2014,64019.4156670638,48427,,,83.9934,,37.9093894958496
FRO,Faroe Islands,2013,60950.0309827571,48245,,,83.8013,,37.7414817810059
FRO,Faroe Islands,2012,57524.5150997874,48290,,,83.5969,,37.3244972229004
FRO,Faroe Islands,2011,53441.4369353384,48542,,,83.3798,,37.2975959777832
FRO,Faroe Islands,2010,51480.252003895,48656,,,83.152,,37.2536926269531
FRO,Faroe Islands,2009,51534.6010087672,48790,,,82.9092,,36.8888092041016
FRO,Faroe Islands,2008,54263.326408917,48547,,,82.6543,,36.4679222106934
FRO,Faroe Islands,2007,,48378,,,82.3966,,36.2929878234863
FRO,Faroe Islands,2006,,48335,,,82.1485,,36.4584197998047
FRO,Faroe Islands,2005,,48359,,,81.9214,,36.3320579528809
FRO,Faroe Islands,2004,,48384,,,81.7237,,36.317985534668
FRO,Faroe Islands,2003,,48032,,,81.5654,,36.1276473999023
FRO,Faroe Islands,2002,,47335,,,81.4438,,35.9365425109863
FRO,Faroe Islands,2001,,46635,,,81.3368,,35.9342155456543
FRO,Faroe Islands,2000,,45754,,,81.2319,,35.6986770629883
FRO,Faroe Islands,1999,,45146,,,81.1289,,35.6715698242188
FRO,Faroe Islands,1998,,44674,,,81.0306,,35.463436126709
FRO,Faroe Islands,1997,,44132,,,80.9442,,35.1851005554199
FRO,Faroe Islands,1996,,43581,,,80.85,,34.8897514343262
FRO,Faroe Islands,1995,,43611,,,80.728,,34.3788681030273
FRO,Faroe Islands,1994,,44695,,,80.5364,,33.9336471557617
FRO,Faroe Islands,1993,,46474,,,80.3358,,34.2075805664062
FRO,Faroe Islands,1992,,47287,,,80.1294,,34.0233879089355
FRO,Faroe Islands,1991,,47447,,,79.9183,,33.7204170227051
FRO,Faroe Islands,1990,,47741,,,79.7034,,33.4792633056641
FJI,Fiji,2024,13592.4635937435,928784,38.501,84.3373176073247,69.541,,59.0766602292457
FJI,Fiji,2023,13194.8047570404,924145,38.419,70.9389846794427,69.362,212.88697815,58.6069049738768
FJI,Fiji,2022,12118.3182710082,919422,38.205,80.5418189636637,69.239,217.15068054,58.1352701465266
FJI,Fiji,2021,10322.4279638854,916711,36.55,86.8125972423413,66.931,331.58413696,57.6618364761928
FJI,Fiji,2020,10812.0355014178,914963,36.179,94.0309604099732,69.322,256.25967407,57.186684691874
FJI,Fiji,2019,13056.3310937089,914899,38.526,85.8237747653806,68.992,254.83047485,56.70989552257
FJI,Fiji,2018,13100.095939444,917180,38.505,85.0878768441308,69.014,249.86022949,56.2328347385698
FJI,Fiji,2017,12597.327485488,918759,38.501,84.8476426297438,69.313,185.69645691,55.7408343449609
FJI,Fiji,2016,11951.9196738327,919166,38.51,79.7281456540716,68.602,175.91635132,55.1734720973874
FJI,Fiji,2015,11674.0633676202,918578,40.016,73.0377871079279,69.003,169.47518921,54.6234188083653
FJI,Fiji,2014,11183.3135250834,917585,41.54,72.6594782268515,69.066,178.31169128,54.0838287543856
FJI,Fiji,2013,10604.1559055372,916352,42.925,,68.593,158.51806641,53.5552726299291
FJI,Fiji,2012,10140.693585539,914918,44.326,,68.222,153.56562805,53.0383211294771
FJI,Fiji,2011,10020.6957548052,912989,45.74,,69.096,140.93704224,52.5335449475105
FJI,Fiji,2010,9784.30360030575,910419,43.912,,68.928,127.65603638,52.0415147785104
FJI,Fiji,2009,9536.81722352305,907239,42.086,,68.564,121.05646515,51.5628013169579
FJI,Fiji,2008,9711.96604105756,903399,40.268,,68.446,134.50354004,51.0979752573339
FJI,Fiji,2007,9672.29020465987,897832,38.475,,68.364,140.30192566,50.6494569776975
FJI,Fiji,2006,9837.08586688962,890365,36.711,,68.359,126.38617706,50.2294752725468
FJI,Fiji,2005,9745.58143908405,882379,34.969,15.6054096221924,68.245,120.21074677,49.8421361321385
FJI,Fiji,2004,9766.52774786586,874366,36.192,15.7533302307129,68.007,110.06819153,49.4772922157817
FJI,Fiji,2003,9361.4641667422,866286,36.605,15.9926595687866,67.902,86.09690094,49.1260494882891
FJI,Fiji,2002,9357.75382838604,858049,37.017,,67.869,69.40512085,48.7795139144731
FJI,Fiji,2001,9157.80844623624,849596,37.429,,68.627,61.49855804,48.4287914591462
FJI,Fiji,2000,9070.99318456826,840909,37.841,,68.66,74.28569794,48.0649880871211
FJI,Fiji,1999,9328.60659779024,831828,38.253,,69.221,,47.6792097632103
FJI,Fiji,1998,8673.87811776484,822258,38.666,,68.973,,47.2625624522263
FJI,Fiji,1997,8669.25170884148,812139,39.08,,68.729,,46.8061521189816
FJI,Fiji,1996,8956.35014836853,803789,39.491,,68.704,,46.295551139339
FJI,Fiji,1995,8600.09282044394,798746,39.543,,68.567,,45.6574672941176
FJI,Fiji,1994,8432.29830147964,794771,39.571,,68.4,,44.8686689740928
FJI,Fiji,1993,8067.80452251613,790369,39.632,,68.112,,43.9781449323873
FJI,Fiji,1992,7950.06641250914,785346,39.653,,68.019,,43.0309863643019
FJI,Fiji,1991,7547.67822517236,779656,39.73,,67.841,,42.0722844651373
FJI,Fiji,1990,7820.71719014994,773316,39.676,,67.613,,41.1471304301944
FIN,Finland,2024,55901.3202296588,5619911,56.668,126.376068115234,85.0,,74.2637190463636
FIN,Finland,2023,56051.7701129501,5583911,57.489,123.14087677002,84.3,5515.40478516,74.0062548602828
FIN,Finland,2022,57068.3056478074,5556106,57.267,118.473243713379,83.8,4902.0390625,73.6967597835949
FIN,Finland,2021,56790.3766177692,5541017,55.927,112.642509460449,84.6,5261.90966797,73.3710215780329
FIN,Finland,2020,55424.8574989208,5529543,55.175,107.340469360352,84.8,4736.21435547,73.0849439791673
FIN,Finland,2019,56922.4873163103,5521606,55.677,103.75373840332,84.8,4459.9296875,72.7431214358314
FIN,Finland,2018,56226.337241343,5515525,55.688,100.645790100098,84.5,4521.27636719,72.3423467740343
FIN,Finland,2017,55637.2262781223,5508214,55.027,98.7431182861328,84.5,4235.75488281,71.9563038312956
FIN,Finland,2016,53984.6316254715,5495303,54.982,97.4420166015625,84.4,4108.73974609,71.6158383428171
FIN,Finland,2015,52782.4873926277,5479531,55.407,98.1866302490234,84.4,4128.20751953,71.3054930040604
FIN,Finland,2014,52710.7334867778,5461512,55.297,98.6782073974609,84.1,4922.4296875,70.9879168940753
FIN,Finland,2013,53183.4286685126,5438972,55.568,100.171516418457,84.1,4892.03369141,70.6742118159277
FIN,Finland,2012,53957.6680986279,5413971,55.865,100.574432373047,83.7,4573.19726563,70.3661363168712
FIN,Finland,2011,55053.3906850323,5388272,55.743,103.083862304688,83.8,4717.5078125,70.0583261874252
FIN,Finland,2010,54017.9458623339,5363352,55.871,102.747123718262,83.2,4251.52880859,69.7855798796947
FIN,Finland,2009,52599.1487066911,5338871,56.861,101.732460021973,83.1,4349.89501953,69.546259966947
FIN,Finland,2008,57494.585352886,5313399,57.374,106.329437255859,83.0,4486.33789063,69.2943672196361
FIN,Finland,2007,57313.2916474478,5288720,57.33,105.089508056641,82.9,3918.64453125,69.0200377316963
FIN,Finland,2006,54653.981203281,5266268,58.337,103.105010986328,82.8,3414.94140625,68.7588279849327
FIN,Finland,2005,52744.048034135,5246096,58.157,100.717247009277,82.3,3236.85839844,68.5140529517604
FIN,Finland,2004,51494.705860401,5228172,57.573,98.5097808837891,82.3,3044.12109375,68.2766596767133
FIN,Finland,2003,49655.5451564067,5213014,57.631,96.6120300292969,81.8,2613.84570313,68.0425549126858
FIN,Finland,2002,48792.4864789775,5200598,57.75,96.0845184326172,81.5,2059.3269043,67.7951641569199
FIN,Finland,2001,48099.3014282794,5188008,57.281,94.5535278320312,81.5,1810.40380859,67.4982392821958
FIN,Finland,2000,46968.841714507,5176209,56.566,,81.0,1726.74438477,67.1227685349539
FIN,Finland,1999,44505.7114770222,5165474,56.323,,81.02,,66.6718213970733
FIN,Finland,1998,42733.4455712897,5153498,55.058,,80.84,,66.1787142075127
FIN,Finland,1997,40630.921767316,5139835,54.859,,80.51,,65.6793976054672
FIN,Finland,1996,38301.5126175582,5124573,54.555,,80.54,,65.2098222301322
FIN,Finland,1995,37069.62898136,5107790,54.633,,80.21,,64.8059387207031
FIN,Finland,1994,35699.7203086225,5088333,54.717,,80.15,,64.4893951416016
FIN,Finland,1993,34486.7522555352,5066447,55.444,,79.48,,64.2520294189453
FIN,Finland,1992,34926.3833591341,5041992,56.172,,79.43,,64.0954742431641
FIN,Finland,1991,36326.0828945358,5013740,57.385,,79.32,,63.9701843261719
FIN,Finland,1990,38807.1185244347,4986431,58.63,,78.88,,63.8772201538086
FRA,France,2024,54799.3482689389,68551653,51.773,82.010871887207,85.9,5327.43359375,78.7999750964116
FRA,France,2023,54296.7230897731,68372286,52.108,80.5344314575195,85.7,5149.0546875,78.7804323126547
FRA,France,2022,53673.8137406422,68184457,51.862,81.4773330688477,85.1,4857.73388672,78.7591921123356
FRA,France,2021,52517.3354905855,67842811,51.605,79.1524887084961,85.5,5364.89746094,78.7364603392338
FRA,France,2020,49311.333409639,67601110,50.05,77.6480102539062,85.3,4760.08251953,78.7119131765249
FRA,France,2019,53448.5548849943,67382061,50.615,75.6418609619141,85.9,4519.98583984,78.6890784549356
FRA,France,2018,52560.9536243841,67158348,50.813,75.1806030273438,85.8,4692.99511719,78.6714432536599
FRA,France,2017,51895.5662985838,66918020,50.625,73.0402526855469,85.7,4436.63720703,78.6467804026368
FRA,France,2016,50984.075297832,66724104,50.83,71.7322006225586,85.8,4289.34716797,78.5999114705779
FRA,France,2015,50682.8953586333,66548272,50.957,69.7196426391602,85.6,4226.62646484,77.7610919150066
FRA,France,2014,50326.567863089,66312067,51.012,68.3062973022461,86.1,5007.29736328,77.3524296788613
FRA,France,2013,50066.5304324783,65997932,51.318,66.5081405639648,85.6,4884.71582031,77.2440721470918
FRA,France,2012,49935.6269081617,65657659,51.196,64.5965881347656,85.4,4659.92431641,77.1669464919916
FRA,France,2011,50085.6829779109,65340830,50.995,61.9770202636719,85.7,4936.95605469,77.1182717387509
FRA,France,2010,49130.422942344,65026211,51.083,61.2457084655762,85.3,4593.66308594,77.0962844808803
FRA,France,2009,48404.9657826363,64706436,51.065,59.1619987487793,85.0,4737.578125,77.1005391809676
FRA,France,2008,50068.2969141379,64375116,50.74,58.7141609191895,84.8,4807.37451172,77.1561901569367
FRA,France,2007,50157.7837477634,64016890,50.62,59.3123588562012,84.8,4312.31054688,77.2457976606157
FRA,France,2006,49223.247197008,63622342,50.229,60.2636413574219,84.5,3811.55175781,77.3467240068648
FRA,France,2005,48257.4650937971,63180854,50.137,59.996898651123,83.8,3575.02514648,77.4363315105438
FRA,France,2004,47720.4413351103,62707588,49.582,59.2412605285645,83.8,3458.62744141,77.4900500011961
FRA,France,2003,46730.975806379,62249855,49.736,57.9472503662109,82.7,3006.3059082,77.4691216035138
FRA,France,2002,46610.7820717214,61812142,48.535,55.499828338623,83.0,2449.75830078,77.2543866607525
FRA,France,2001,46454.8706927365,61364377,48.324,55.1610488891602,83.0,2192.71557617,76.9074413607811
FRA,France,2000,45922.4789363701,60918661,48.535,,83.0,2161.85302734,76.5143983146093
FRA,France,1999,44400.1357889191,60501986,48.449,,82.7,,76.1682703613968
FRA,France,1998,43162.5423856938,60190684,48.064,,82.6,,75.8918556090764
FRA,France,1997,41876.9330265158,59968066,47.736,,82.3,,75.6252262826369
FRA,France,1996,40990.7395148125,59754504,48.146,,82.0,,75.3592581297959
FRA,France,1995,40570.7169560557,59541294,47.775,,81.9,,75.0991069026347
FRA,France,1994,39801.3888979817,59324863,47.467,,81.9,,74.8499283532348
FRA,France,1993,39020.6141584284,59103094,47.306,,81.5,,74.6168782336776
FRA,France,1992,39331.9041920718,58846584,46.851,,81.3,,74.4051122960444
FRA,France,1991,38937.9522513749,58554242,46.459,,81.1,,74.2197862924166
FRA,France,1990,38655.8856842914,58261012,46.421,,80.8,,74.0675966432025
PYF,French Polynesia,2024,,281807,46.983,,86.624,,61.7191984724331
PYF,French Polynesia,2023,,281118,47.404,,86.505,,61.6967135028569
PYF,French Polynesia,2022,,280378,47.85,,86.324,,61.6913806937112
PYF,French Polynesia,2021,,279792,48.267,,82.116,,61.7399813226008
PYF,French Polynesia,2020,,279209,48.347,,85.448,,61.7673100921
PYF,French Polynesia,2019,,279034,49.219,,85.759,,61.7824142427508
PYF,French Polynesia,2018,,279815,49.253,,85.572,,61.7888025236875
PYF,French Polynesia,2017,,280087,49.33,,85.386,,61.7896941062846
PYF,French Polynesia,2016,,279178,49.079,,85.195,,61.7744381369651
PYF,French Polynesia,2015,,277866,49.0,,84.998,,61.7374742154907
PYF,French Polynesia,2014,,276387,48.979,,84.827,,61.6824807401268
PYF,French Polynesia,2013,,274728,49.052,,84.63,,61.6130486661995
PYF,French Polynesia,2012,,273084,49.132,,84.405,,61.5286539604592
PYF,French Polynesia,2011,,271727,48.745,,84.151,,61.2717342597741
PYF,French Polynesia,2010,,270580,48.356,,83.856,,60.7610223950988
PYF,French Polynesia,2009,,269481,47.969,,83.587,,60.0681095268001
PYF,French Polynesia,2008,,268379,47.595,,83.305,,59.2616375081129
PYF,French Polynesia,2007,,266438,47.265,,83.043,,58.4102481922721
PYF,French Polynesia,2006,,263223,47.324,,82.813,,57.5825834325129
PYF,French Polynesia,2005,,259507,47.357,,82.616,,56.8472850820701
PYF,French Polynesia,2004,,255654,47.415,,82.459,,56.2729949941787
PYF,French Polynesia,2003,,251637,47.519,,82.319,,55.9283550220738
PYF,French Polynesia,2002,,247775,47.599,,82.146,,55.8631794440685
PYF,French Polynesia,2001,,244097,47.752,,81.907,,55.8931875849702
PYF,French Polynesia,2000,,240337,47.885,,81.566,,55.954253994428
PYF,French Polynesia,1999,,236595,47.99,,81.093,,56.0390680212033
PYF,French Polynesia,1998,,232891,48.082,,80.254,,56.1410902357594
PYF,French Polynesia,1997,,229121,48.155,,79.766,,56.2537812085595
PYF,French Polynesia,1996,,225489,48.198,,79.071,,56.3745197204973
PYF,French Polynesia,1995,,222118,48.329,,78.312,,56.5423628393921
PYF,French Polynesia,1994,,218738,48.397,,77.53,,56.7754047689228
PYF,French Polynesia,1993,,215219,48.536,,77.051,,57.0501302730509
PYF,French Polynesia,1992,,211559,48.62,1.48148000240326,76.604,,57.3455797495631
PYF,French Polynesia,1991,,207744,48.718,,76.155,,57.6407935962462
PYF,French Polynesia,1990,,203776,48.436,,75.676,,57.9148122108867
GAB,Gabon,2024,18923.6616609778,2538952,41.808,,71.243,,91.8632094677575
GAB,Gabon,2023,18701.4227766323,2484789,41.876,,71.052,252.98246765,91.6375962797313
GAB,Gabon,2022,18662.0497970472,2430747,41.904,,70.341,243.09941101,91.2243355459988
GAB,Gabon,2021,18523.5798032135,2376722,39.763,,69.607,228.46922302,90.7881967286967
GAB,Gabon,2020,18681.4840738546,2322539,39.063,,69.716,227.2480011,90.3480750410147
GAB,Gabon,2019,19491.4067631396,2267706,41.994,,69.764,205.99945068,89.9031850170394
GAB,Gabon,2018,19225.5982574678,2212318,41.909,,69.421,209.28697205,89.4539949981866
GAB,Gabon,2017,19555.707882916,2156900,41.796,,69.181,192.47543335,89.0009733256896
GAB,Gabon,2016,19988.1755963186,2100306,41.649,,68.919,207.50273132,88.5445883406178
GAB,Gabon,2015,20147.7116201795,2040989,41.453,,68.653,187.27270508,88.085308383892
GAB,Gabon,2014,20008.9899778716,1978399,41.208,,68.385,233.05368042,87.6236017962969
GAB,Gabon,2013,19836.455485141,1913059,40.925,,68.0,261.29452515,87.1482480671637
GAB,Gabon,2012,19450.402706679,1846889,40.622,,67.607,225.07722473,86.8838635787001
GAB,Gabon,2011,19153.0878200945,1781985,40.322,,67.189,261.37597656,86.5665383650315
GAB,Gabon,2010,18530.5760935497,1719879,40.025,,66.755,206.87702942,86.1852592472945
GAB,Gabon,2009,17911.1458491118,1661556,39.732,,66.261,277.62945557,85.7432582123932
GAB,Gabon,2008,18493.0921102783,1607175,39.455,,65.782,275.89450073,85.2437672472316
GAB,Gabon,2007,19751.876221581,1556237,39.192,,65.26,246.78276062,84.6900183387136
GAB,Gabon,2006,19224.1268658387,1508337,38.932,,64.76,211.9914093,84.0852434737431
GAB,Gabon,2005,20385.2899909124,1463495,38.708,,64.477,188.91426086,83.4326746392243
GAB,Gabon,2004,20438.9307066593,1421609,38.499,,64.163,183.92318726,82.7355438220611
GAB,Gabon,2003,20875.4549325844,1382350,38.309,5.59810018539429,63.889,166.59495544,81.9970830091574
GAB,Gabon,2002,20981.4798584466,1345135,38.139,,63.634,132.07215881,81.2205241874174
GAB,Gabon,2001,21604.7804441769,1309589,37.995,5.99887990951538,63.367,120.90242767,80.4090993437448
GAB,Gabon,2000,21717.2240796789,1275572,37.865,,63.16,123.197258,79.5660404650438
GAB,Gabon,1999,22713.714440326,1243016,37.754,4.76121997833252,62.993,,78.6945795382183
GAB,Gabon,1998,25585.5077964038,1211736,37.664,,62.819,,77.7979485501723
GAB,Gabon,1997,25359.6596581065,1181439,37.569,,62.697,,76.8793794878098
GAB,Gabon,1996,24595.9719624869,1152015,37.484,,62.555,,75.9421043380347
GAB,Gabon,1995,24344.1857400285,1123213,37.42,,62.571,,74.9893550877512
GAB,Gabon,1994,23794.3149295166,1094720,37.377,,62.476,,74.024363723863
GAB,Gabon,1993,23551.681253301,1066405,37.36,,62.473,,73.045618801257
GAB,Gabon,1992,23268.9974720576,1038380,37.363,,62.414,,71.9462586445569
GAB,Gabon,1991,24665.6792294333,1010818,37.386,,62.355,,70.6696353906172
GAB,Gabon,1990,23884.810699751,983734,37.413,3.04292988777161,62.285,,69.2781718586779
GMB,"Gambia, The",2024,3057.6841778633,2759988,45.428,23.1408405303955,67.752,,64.2994103409645
GMB,"Gambia, The",2023,2963.59873467436,2697845,45.242,,67.534,25.74407768,63.8020182456108
GMB,"Gambia, The",2022,2863.18049829859,2636470,45.13,,66.5,29.57811737,63.2869880996278
GMB,"Gambia, The",2021,2777.79620978324,2576010,44.967,,65.446,29.77283478,62.7550706637859
GMB,"Gambia, The",2020,2702.31919474482,2515733,44.823,,66.122,28.9169693,62.2069251698555
GMB,"Gambia, The",2019,2750.82132179634,2456844,45.017,,65.927,23.21861267,61.643210849607
GMB,"Gambia, The",2018,2651.43281455826,2399632,44.792,,65.516,22.17474365,61.0645869348107
GMB,"Gambia, The",2017,2533.18683710276,2342189,44.498,,65.134,21.55331612,60.471712657237
GMB,"Gambia, The",2016,2478.46055756999,2283769,44.377,,64.773,20.77086067,59.8652472486563
GMB,"Gambia, The",2015,2495.95741601525,2224529,44.465,,64.251,19.67725563,59.2458499408388
GMB,"Gambia, The",2014,2465.10971144823,2164528,44.404,,63.822,17.33743477,58.6141799655551
GMB,"Gambia, The",2013,2572.44728941685,2103820,44.75,,63.482,25.59075928,57.970305611505
GMB,"Gambia, The",2012,2574.93509664061,2043094,44.784,0.710182977738882,63.139,29.56409264,57.3207304207091
GMB,"Gambia, The",2011,2519.83983255672,1983784,44.653,2.14758514125827,62.805,31.05148888,56.6696692994225
GMB,"Gambia, The",2010,2824.21259222517,1926630,45.546,1.4891677158859,62.434,32.99832535,56.0110896605662
GMB,"Gambia, The",2009,2745.32540574768,1871422,45.375,,62.048,34.59326172,55.3379286345209
GMB,"Gambia, The",2008,2649.61119865306,1817852,45.154,,61.787,40.0297699,54.6431233516671
GMB,"Gambia, The",2007,2567.15728802982,1765774,44.963,,61.416,35.91078568,53.9196109423854
GMB,"Gambia, The",2006,2564.68653970519,1715275,44.999,,61.233,33.41355896,53.1603285370566
GMB,"Gambia, The",2005,2653.64239155191,1667037,45.295,,60.747,33.2039566,52.3582132660613
GMB,"Gambia, The",2004,2794.19352609118,1621312,45.723,0.411669999361038,60.453,32.15613174,51.5062022597801
GMB,"Gambia, The",2003,2682.47993310133,1577611,45.45,,60.001,28.3001461,50.6010077995371
GMB,"Gambia, The",2002,2578.557145742,1535691,45.184,,59.609,35.99459839,49.5731153377033
GMB,"Gambia, The",2001,2737.69610805906,1495011,45.657,,59.278,55.65046692,48.3491979765917
GMB,"Gambia, The",2000,2658.61770579464,1455084,45.454,,58.985,74.83678436,46.9722332873784
GMB,"Gambia, The",1999,2589.97773860396,1415779,45.269,0.454879999160767,58.607,,45.4929344401818
GMB,"Gambia, The",1998,2502.76477124298,1376987,45.015,,58.182,,43.96201460512
GMB,"Gambia, The",1997,2486.93798396527,1338889,44.959,,57.273,,42.4301869523111
GMB,"Gambia, The",1996,2439.04551648512,1301410,44.795,,56.842,,40.9481646518734
GMB,"Gambia, The",1995,2456.00078113606,1264313,44.814,1.02149999141693,56.217,,39.5666608739251
GMB,"Gambia, The",1994,2508.1039153389,1227226,44.928,,55.541,,38.3363887885843
GMB,"Gambia, The",1993,2586.13041645703,1188365,45.12,,54.882,,37.3130852637624
GMB,"Gambia, The",1992,2604.26903326754,1145582,45.152,,54.058,,36.4874748416791
GMB,"Gambia, The",1991,2623.64161607507,1099959,45.198,,53.273,,35.7874816626157
GMB,"Gambia, The",1990,2653.78291392125,1054696,45.277,,52.632,,35.1767478543638
GEO,Georgia,2024,24146.6234108645,3812518,56.673,,79.233,,61.0789605093733
GEO,Georgia,2023,22590.5293649146,3715483,56.251,84.0958562940011,79.107,554.3248291,60.7523077799724
GEO,Georgia,2022,20966.5280391134,3712502,55.755,84.6260373912433,79.048,546.22503662,60.0101622679115
GEO,Georgia,2021,18915.6534005263,3708610,53.055,81.26495658881,75.778,524.32415771,59.4293560618005
GEO,Georgia,2020,17031.1440283426,3722716,55.206,75.0586297121814,78.254,389.42260742,58.9990552763878
GEO,Georgia,2019,18186.8816465807,3720161,54.716,72.0135969397417,78.888,339.86679077,58.6304091780343
GEO,Georgia,2018,17228.6790847503,3726549,55.742,68.5508545862952,78.75,365.91583252,58.3038181862576
GEO,Georgia,2017,16237.6242230275,3728004,58.382,66.1567398119122,78.194,377.92520142,57.9996827205757
GEO,Georgia,2016,15442.9564358054,3727505,58.551,61.2539265889238,77.886,369.51849365,57.6984032005062
GEO,Georgia,2015,14936.8434116647,3725276,58.678,56.2940888308295,77.855,347.71783447,57.3803800455672
GEO,Georgia,2014,14475.3135356035,3719414,58.811,50.8549589145805,77.592,392.86099243,57.0237612994258
GEO,Georgia,2013,13913.0018245661,3717668,59.008,45.0691336488554,77.614,368.16253662,56.6182119019407
GEO,Georgia,2012,13193.9596974054,3728874,59.313,37.2198781059541,77.322,349.90432739,56.1683526759979
GEO,Georgia,2011,12288.6828861156,3756441,59.769,38.3894771843667,76.868,315.29684448,55.6899257648533
GEO,Georgia,2010,11294.3685917112,3786695,60.384,35.4432914618605,76.386,287.75900269,55.1969344748228
GEO,Georgia,2009,10553.0896395853,3814419,60.943,30.7644805908203,75.394,270.2170105,54.7033821122222
GEO,Georgia,2008,10856.1031328003,3848449,60.721,40.7785987854004,75.961,281.84671021,54.2232719833673
GEO,Georgia,2007,10567.2747164758,3860158,60.953,42.0736694335938,75.565,195.9908905,53.7706073945741
GEO,Georgia,2006,9337.98906420101,3880347,62.089,43.1696281433105,75.639,152.0617218,53.3593916521584
GEO,Georgia,2005,8485.58670534953,3902469,63.093,49.0268402099609,74.655,132.22496033,53.0036280624359
GEO,Georgia,2004,7693.91525392067,3927340,64.224,44.0196800231934,74.767,105.09565735,52.7173199317225
GEO,Georgia,2003,7227.73705960701,3951736,65.003,43.2041015625,74.625,80.6542511,52.5144705663341
GEO,Georgia,2002,6464.32539672648,3978515,66.464,43.0371513366699,73.908,66.08916473,52.4127676027039
GEO,Georgia,2001,6074.08643017282,4014373,67.319,40.0761413574219,73.865,56.36803818,52.4098165040349
GEO,Georgia,2000,5706.27236527837,4077131,68.205,39.1737403869629,73.9,52.25807953,52.4935999592259
GEO,Georgia,1999,5495.24505052866,4157192,68.75,39.0750198364258,73.86,,52.645783673319
GEO,Georgia,1998,5233.28837672816,4243607,69.478,,73.612,,52.8545115995706
GEO,Georgia,1997,4951.81291757472,4349913,70.325,46.8881301879883,73.448,,53.1079276912372
GEO,Georgia,1996,4339.0046688347,4491699,72.437,44.8069190979004,74.871,,53.3941759015751
GEO,Georgia,1995,3762.81153750309,4657722,74.811,50.6478118896484,73.898,,53.7014001838407
GEO,Georgia,1994,3532.3200811072,4836076,75.882,,73.112,,54.0177444912905
GEO,Georgia,1993,3882.02029747648,4911100,74.262,,72.669,,54.331352777181
GEO,Georgia,1992,5533.21082317728,4873500,72.806,,72.32,,54.6303689947684
GEO,Georgia,1991,10120.1628881435,4835900,71.498,34.0329704284668,72.588,,54.9029370973093
GEO,Georgia,1990,12917.0944269361,4802000,70.318,,72.819,,55.13720103806
DEU,Germany,2024,62654.602264023,83516593,55.622,80.9051971435547,83.2,6849.26367188,82.0211432579125
DEU,Germany,2023,63140.1949099669,83287273,55.821,82.1993179321289,83.5,6394.62255859,81.9034366692129
DEU,Germany,2022,63777.9291029299,83177813,55.538,80.7966766357422,83.0,6226.14208984,81.7867852780995
DEU,Germany,2021,62630.7748127737,83196078,55.018,78.7855529785156,83.3,6653.58349609,81.6325870653934
DEU,Germany,2020,60299.5767710809,83160871,55.113,74.7936019897461,83.5,5906.80615234,81.4700055002738
DEU,Germany,2019,62949.8932511855,83092962,55.709,74.196891784668,83.7,5447.31787109,81.3053991689039
DEU,Germany,2018,62481.1183971045,82905782,55.211,71.1426391601562,83.3,5473.55712891,81.1423036204018
DEU,Germany,2017,61965.4342904965,82657002,55.138,69.9681015014648,83.4,5039.35302734,80.9842544038853
DEU,Germany,2016,60504.5857417161,82348669,54.808,68.8629608154297,83.5,4723.32421875,80.8347870684725
DEU,Germany,2015,59668.9890355282,81686611,54.441,67.3877105712891,83.1,4605.59033203,80.6974371632814
DEU,Germany,2014,59203.2340879963,80982500,54.468,63.3634490966797,83.6,5287.34423828,80.57574023743
DEU,Germany,2013,58182.0766176953,80645605,54.194,58.6926918029785,83.0,5080.62402344,80.4732318400362
DEU,Germany,2012,58110.3768512245,80425823,53.68,,83.1,4744.87011719,80.393447520218
DEU,Germany,2011,57950.9589729677,80274983,53.71,,83.1,5016.23583984,80.3405762928198
DEU,Germany,2010,54826.255453315,81776930,52.528,,82.6,4592.07128906,80.305702559949
DEU,Germany,2009,52568.797424995,81902307,52.624,,82.5,4655.171875,80.2745192417062
DEU,Germany,2008,55513.7558858315,82110097,51.998,,82.4,4647.31005859,80.2459549084581
DEU,Germany,2007,54920.6589299724,82266372,52.21,,82.3,4162.6875,80.2198636634402
DEU,Germany,2006,53307.1623767517,82376451,51.758,,82.0,3681.3659668,80.1960996098884
DEU,Germany,2005,51264.8193748941,82469422,50.694,,81.8,3544.56616211,80.1745168510383
DEU,Germany,2004,50786.0176463275,82516260,49.742,,81.6,3447.26977539,80.1549694901257
DEU,Germany,2003,50191.7219389611,82534176,49.985,,81.3,3139.36328125,80.1373116303862
DEU,Germany,2002,50486.998248551,82488495,49.58,,81.2,2557.53564453,80.1213973750556
DEU,Germany,2001,50687.6500447924,82349925,49.347,,81.3,2338.12231445,80.1070808273695
DEU,Germany,2000,49955.6461286496,82211508,49.001,,81.0,2336.36230469,80.0942160905637
DEU,Germany,1999,48624.6484373602,82100243,49.054,,80.8,,80.0826572678738
DEU,Germany,1998,47641.5271845024,82047195,48.537,,80.6,,80.0722584625357
DEU,Germany,1997,46670.7053500672,82034771,48.358,,80.3,,80.0628737777848
DEU,Germany,1996,45888.1269604813,81914831,47.854,,79.9,,80.0543573168571
DEU,Germany,1995,45548.4181139802,81678051,47.834,,79.7,,80.0465631829882
DEU,Germany,1994,45005.1589836478,81438348,47.98,,79.6,,80.0393454794137
DEU,Germany,1993,44018.4380932542,81156363,47.472,,79.2,,80.0325583093694
DEU,Germany,1992,44744.1399691155,80624598,47.816,,79.2,,80.026055776091
DEU,Germany,1991,44195.7164731544,80013896,47.908,,78.7,,80.0196919828142
DEU,Germany,1990,42355.2860956177,79433029,45.168,,78.419,,80.0133210327747
GHA,Ghana,2024,7072.79879594445,34427414,55.733,21.5873107910156,68.159,,58.3654868038581
GHA,Ghana,2023,6808.53775003964,33787914,55.53,21.6757346417755,67.943,70.25730896,57.8074737774654
GHA,Ghana,2022,6728.45413832472,33149152,55.507,19.8132398315937,67.611,82.32108307,57.250609602871
GHA,Ghana,2021,6607.50297378321,32518665,56.85,18.3007179396347,66.533,94.40388489,56.6952556826536
GHA,Ghana,2020,6412.68541762469,31887809,57.957,17.4008637702892,66.671,97.37677765,56.2171613974837
GHA,Ghana,2019,6508.24652305901,31258945,60.063,15.6756879343967,66.574,71.14958191,55.7246279109161
GHA,Ghana,2018,6234.51208201488,30637585,61.516,13.562605653899,66.164,53.37788773,55.218477566593
GHA,Ghana,2017,5993.63085211077,30008354,62.967,13.3994663540674,65.788,54.10602188,54.6991419779128
GHA,Ghana,2016,5666.07795334591,29356742,64.013,12.8493690342004,65.446,64.86400604,54.167052758274
GHA,Ghana,2015,5607.36635657413,28696068,65.049,12.5817971122044,65.063,78.21643066,53.6226415210752
GHA,Ghana,2014,5619.07233511591,28041592,66.096,11.9424942782794,64.704,78.46701813,53.0663398797148
GHA,Ghana,2013,5593.77481886917,27386193,67.132,10.3621759839783,64.165,105.34784698,52.4985794475913
GHA,Ghana,2012,5339.71321903045,26734268,67.268,8.75844559025083,63.702,81.96895599,51.9197918381031
GHA,Ghana,2011,5005.36732498187,26095088,67.404,8.48003259649343,63.267,91.70959473,51.3304086646488
GHA,Ghana,2010,4495.68916584106,25474995,67.539,,62.812,80.6833725,50.7296926788704
GHA,Ghana,2009,4269.16005861557,24862664,67.675,6.24880981445312,62.35,62.44382095,50.1111250897099
GHA,Ghana,2008,4174.78124103364,24249946,67.811,4.8115701675415,61.963,63.45487595,49.4708679942306
GHA,Ghana,2007,3923.12567803728,23642279,67.947,4.09826993942261,61.593,57.34096527,48.8125122665918
GHA,Ghana,2006,3857.86154847605,23040702,68.083,3.24600005149841,61.253,49.34616852,48.1388926229785
GHA,Ghana,2005,3721.30785741996,22449438,68.218,3.7736599445343,60.915,38.51657486,47.4528437795757
GHA,Ghana,2004,3607.36522285021,21868298,68.354,,60.615,23.57214928,46.7572004525685
GHA,Ghana,2003,3507.75105744843,21296705,68.489,,60.279,18.96423721,46.0547973581418
GHA,Ghana,2002,3425.61820934278,20729388,68.625,,59.947,14.30371571,45.3484692124806
GHA,Ghana,2001,3369.50702508212,20167069,68.76,,59.614,12.15051079,44.6410507317701
GHA,Ghana,2000,3327.35199291767,19637087,68.895,,59.334,10.46035767,43.9373786640616
GHA,Ghana,1999,3290.26865235748,19149864,69.028,,59.014,,43.2178251472243
GHA,Ghana,1998,3229.48228272631,18688036,69.161,,58.649,,42.4529260811866
GHA,Ghana,1997,3160.44504053249,18238958,69.293,,58.343,,41.6484565039731
GHA,Ghana,1996,3106.18555480388,17810181,69.424,,58.054,,40.8143452217336
GHA,Ghana,1995,3039.68873031674,17399017,69.553,,57.757,,39.960521040618
GHA,Ghana,1994,2989.34731012131,16993190,69.681,0.59290999174118,57.425,,39.0969127667762
GHA,Ghana,1993,2964.26600943658,16589519,69.811,0.484510004520416,57.441,,38.233449206358
GHA,Ghana,1992,2897.83543196858,16184855,69.943,0.487720012664795,57.305,,37.3800591655132
GHA,Ghana,1991,2859.82702166411,15787496,70.074,0.414130002260208,57.072,,36.5466714503918
GHA,Ghana,1990,2785.67114332501,15394648,70.054,,56.862,,35.7432148671435
GIB,Gibraltar,2024,,39329,,,86.192,,100.0
GIB,Gibraltar,2023,,38471,,,86.143,,100.0
GIB,Gibraltar,2022,,37609,,,86.097,,100.0
GIB,Gibraltar,2021,,36858,,,82.801,,100.0
GIB,Gibraltar,2020,,36173,,,85.69,,100.0
GIB,Gibraltar,2019,,35494,,,85.79,,100.0
GIB,Gibraltar,2018,,34854,,,85.649,,100.0
GIB,Gibraltar,2017,,34245,,,85.516,,100.0
GIB,Gibraltar,2016,,33658,,,85.418,,100.0
GIB,Gibraltar,2015,,33193,,,85.35,,100.0
GIB,Gibraltar,2014,,32813,,,85.298,,100.0
GIB,Gibraltar,2013,,32407,,,85.219,,100.0
GIB,Gibraltar,2012,,32029,,,85.094,,100.0
GIB,Gibraltar,2011,,31660,,,84.897,,100.0
GIB,Gibraltar,2010,,31248,,,84.642,,100.0
GIB,Gibraltar,2009,,30823,,,84.331,,100.0
GIB,Gibraltar,2008,,30413,,,83.99,,100.0
GIB,Gibraltar,2007,,30006,,,83.634,,100.0
GIB,Gibraltar,2006,,29594,,,83.273,,100.0
GIB,Gibraltar,2005,,29163,,,82.979,,100.0
GIB,Gibraltar,2004,,28715,,,82.691,,100.0
GIB,Gibraltar,2003,,28274,,,82.4,,100.0
GIB,Gibraltar,2002,,27831,,,82.135,,100.0
GIB,Gibraltar,2001,,27657,,,81.883,,100.0
GIB,Gibraltar,2000,,27709,,,81.522,,100.0
GIB,Gibraltar,1999,,27692,,,81.185,,100.0
GIB,Gibraltar,1998,,27650,,,80.909,,100.0
GIB,Gibraltar,1997,,27582,,,80.635,,100.0
GIB,Gibraltar,1996,,27487,,,80.405,,100.0
GIB,Gibraltar,1995,,27377,,,80.281,,100.0
GIB,Gibraltar,1994,,27239,,,80.139,,100.0
GIB,Gibraltar,1993,,27070,,,79.975,,100.0
GIB,Gibraltar,1992,,26878,,,79.82,,100.0
GIB,Gibraltar,1991,,26898,,,79.626,,100.0
GIB,Gibraltar,1990,,27200,,,79.334,,100.0
GRC,Greece,2024,37474.2798239947,10405134,45.027,,84.4,,78.9967856500534
GRC,Greece,2023,36700.5134631055,10407351,44.646,171.113082885742,84.4,1962.59594727,78.7746303842088
GRC,Greece,2022,35828.1756641776,10437805,44.413,171.78678894043,83.4,1768.11071777,78.5502190980809
GRC,Greece,2021,33528.2271202515,10570130,43.261,156.853729248047,82.9,1846.37304688,78.3884898647442
GRC,Greece,2020,30487.1129331045,10698599,42.721,149.35041809082,83.9,1674.78417969,78.3066842455552
GRC,Greece,2019,33502.7506488997,10721582,43.513,147.885711669922,84.2,1569.02844238,78.1888100466875
GRC,Greece,2018,32722.3310444029,10732882,43.387,141.381591796875,84.4,1603.07788086,78.0490656849874
GRC,Greece,2017,31995.4108838386,10754679,43.828,134.556167602539,83.9,1509.78442383,77.8895342613411
GRC,Greece,2016,31468.6198471099,10775971,44.091,129.572555541992,84.0,1513.25939941,77.7122988766348
GRC,Greece,2015,31347.976574604,10820883,44.028,,83.7,1481.41967773,77.5194426317545
GRC,Greece,2014,31213.3765120298,10892413,43.517,118.362800598145,84.1,1700.4942627,77.3130486275866
GRC,Greece,2013,30762.4432227813,10965211,43.172,112.315757751465,84.0,1832.02954102,77.0951999650171
GRC,Greece,2012,31250.2268565956,11045011,43.383,110.714317321777,83.4,1948.24816895,76.8679797449322
GRC,Greece,2011,33906.4917435676,11104899,43.077,107.028007507324,83.6,2338.91577148,76.6352609929407
GRC,Greece,2010,37566.7483686263,11121341,43.229,103.951217651367,83.0,2564.36987305,76.3631476983077
GRC,Greece,2009,39886.2135496664,11107017,42.576,,82.8,2809.05957031,76.0174962722535
GRC,Greece,2008,41709.3877420312,11077841,41.532,,82.5,2840.50854492,75.615079456679
GRC,Greece,2007,41796.2336918303,11048473,41.488,94.8878631591797,82.0,2426.75952148,75.1753473512439
GRC,Greece,2006,40483.1569225337,11020362,41.607,101.390556335449,82.0,2052.87548828,74.717750055608
GRC,Greece,2005,38146.962971083,10987314,41.255,97.2059631347656,81.8,1935.26757813,74.2617376694311
GRC,Greece,2004,37811.4913664483,10955141,41.048,87.6496963500977,81.6,1782.69592285,73.8267602923728
GRC,Greece,2003,35970.7016808475,10928070,39.859,78.051139831543,81.3,1566.40979004,73.432268024093
GRC,Greece,2002,34081.0289759343,10902022,39.27,71.8314971923828,81.1,1168.82409668,73.0977109642516
GRC,Greece,2001,32675.9292327768,10862132,38.729,63.2756614685059,81.0,1004.81542969,72.8460703788502
GRC,Greece,2000,31386.639783624,10805808,39.478,54.2648506164551,80.5,885.41052246,72.665642910984
GRC,Greece,1999,30263.0543705003,10761698,39.519,,80.6,,72.5179414727182
GRC,Greece,1998,29592.525483114,10720509,39.031,,80.4,,72.3911938989336
GRC,Greece,1997,28768.2401472217,10661259,37.21,,80.8,,72.2800514373571
GRC,Greece,1996,27905.1065690594,10608800,37.22,,80.4,,72.1791653357157
GRC,Greece,1995,27646.1476383588,10562153,35.998,,80.3,,72.0831868417364
GRC,Greece,1994,27204.3958682198,10512922,35.403,,80.2,,71.986767203146
GRC,Greece,1993,26804.8537616148,10460415,34.755,,79.9,,71.8845576676716
GRC,Greece,1992,27401.424003405,10399061,34.554,,80.2,,71.7712094830401
GRC,Greece,1991,27419.6029332234,10319927,33.326,,79.8,,71.6402415130464
GRC,Greece,1990,26916.3125225704,10196792,35.539,,79.5,,71.4954907305534
GRL,Greenland,2024,,56836,,,72.23,,88.3195347935238
GRL,Greenland,2023,71037.5372239623,56865,,,72.97,,88.0631147749908
GRL,Greenland,2022,70681.2253902158,56661,,,73.11,,87.8049405256832
GRL,Greenland,2021,69302.0088788237,56653,,,73.3,,87.5452017613678
GRL,Greenland,2020,68533.7339902964,56367,,,73.77,,87.2840881978115
GRL,Greenland,2019,68534.9419039133,56225,,,73.96,,87.0217895507812
GRL,Greenland,2018,66887.6779268926,56023,,,73.84,,86.72509765625
GRL,Greenland,2017,66297.1790691281,56172,,,73.93,,86.3915557861328
GRL,Greenland,2016,66245.7294730698,56186,,,73.76,,86.2261047363281
GRL,Greenland,2015,63364.0536061164,56114,,,73.23,,86.046257019043
GRL,Greenland,2014,64799.3056628017,56295,,,72.89,,85.6772384643555
GRL,Greenland,2013,61659.6415225985,56483,,,72.74,,85.3725891113281
GRL,Greenland,2012,62111.1033086807,56810,,,72.29,,84.8864593505859
GRL,Greenland,2011,61170.9203658321,56890,,,71.94,,84.5286026000977
GRL,Greenland,2010,61863.2826915137,56534,,,71.67,,84.2784881591797
GRL,Greenland,2009,61035.5672997071,56323,,,71.46,,83.8556137084961
GRL,Greenland,2008,60506.1946272328,56328,,,71.25,,83.621826171875
GRL,Greenland,2007,56763.2387284359,56555,,,71.05,,83.2039566040039
GRL,Greenland,2006,55243.7102798786,56775,,,70.63,,82.8471984863281
GRL,Greenland,2005,52189.001485462,56935,,,70.24,,82.6899108886719
GRL,Greenland,2004,49742.0582266726,56898,,,69.62,,82.5634307861328
GRL,Greenland,2003,46649.0480779756,56751,,,68.94,,82.3485946655273
GRL,Greenland,2002,44793.2704252565,56595,,,68.17,,82.0752868652344
GRL,Greenland,2001,45405.8543742044,56379,,,67.7,,81.7906112670898
GRL,Greenland,2000,44991.6751496134,56185,,,67.39,,81.4517822265625
GRL,Greenland,1999,42072.0565017419,56100,,,68.62,,81.1649703979492
GRL,Greenland,1998,41500.2312703294,56100,,,69.01,,81.1202621459961
GRL,Greenland,1997,38581.2151944518,56000,,,68.61,,81.072395324707
GRL,Greenland,1996,38090.7089953713,55900,,,68.4,,81.0665817260742
GRL,Greenland,1995,37584.0719088915,55800,,,67.99,,81.0566635131836
GRL,Greenland,1994,36428.9123982244,55500,,,68.59,,80.7938690185547
GRL,Greenland,1993,34578.3464998854,55200,,,68.51,,80.467903137207
GRL,Greenland,1992,36343.125721052,55300,,,68.51,,80.2990036010742
GRL,Greenland,1991,38162.9342232621,55500,,,68.53,,80.1740493774414
GRL,Greenland,1990,38137.5684896955,55600,,,68.92,,79.97265625
GRD,Grenada,2024,17484.5153919556,117207,,,78.504,,36.5628000454229
GRD,Grenada,2023,17093.1562867447,117081,,,78.359,526.3918457,36.462128238584
GRD,Grenada,2022,16376.4273099594,116913,,,78.269,526.35113525,36.3688840183487
GRD,Grenada,2021,15290.250903138,116688,,,77.533,508.09500122,36.2831603706908
GRD,Grenada,2020,14647.7451384876,116341,,,78.207,475.83853149,36.2050502515788
GRD,Grenada,2019,17036.9151689715,115981,,,78.194,515.94726563,36.1346465679904
GRD,Grenada,2018,16964.852001696,115691,,112.941963195801,78.168,462.2394104,36.0720421424532
GRD,Grenada,2017,16291.4894625979,115438,,110.459968566895,78.117,454.07266235,36.0173296416579
GRD,Grenada,2016,15640.8274503805,115130,,110.199172973633,78.044,409.27841187,35.9706014181883
GRD,Grenada,2015,15136.6966673773,114676,,105.62378692627,77.956,404.00680542,35.9319491111708
GRD,Grenada,2014,14287.9538720088,114132,,,77.859,381.22598267,35.9014624346562
GRD,Grenada,2013,13386.3189064112,113487,,,77.763,417.74581909,35.8792242623778
GRD,Grenada,2012,13161.3955324377,112775,,,77.67,413.02658081,35.8652755773132
GRD,Grenada,2011,13397.8500405513,112079,,,77.573,403.17129517,35.8601091092326
GRD,Grenada,2010,13354.9085012616,111586,,,77.462,374.46508789,35.8743359481443
GRD,Grenada,2009,13463.580293958,111254,,66.5852813720703,77.332,376.68447876,35.8877990260417
GRD,Grenada,2008,14463.560012123,110896,,,77.176,401.15072632,35.8983157156326
GRD,Grenada,2007,14376.2824512778,110522,,,76.992,359.53503418,35.9062498793276
GRD,Grenada,2006,13594.355159621,110135,,,76.785,324.32067871,35.9119653795374
GRD,Grenada,2005,14211.8426569264,109734,,,76.566,326.09225464,35.9158260786725
GRD,Grenada,2004,12593.3546257337,109323,,,74.984,294.12390137,35.9181958391436
GRD,Grenada,2003,12726.5266219464,108884,,,76.147,286.90512085,35.9194385233611
GRD,Grenada,2002,11677.7034172407,108404,,,75.981,307.84365845,35.9199179937357
GRD,Grenada,2001,11333.2377092409,107987,,,75.853,271.03814697,35.9199973947796
GRD,Grenada,2000,11625.050939182,107451,,,75.743,259.33764648,35.8702371019579
GRD,Grenada,1999,11158.4897298503,106727,,,75.631,,35.7134332292386
GRD,Grenada,1998,10509.109807501,106009,,,75.494,,35.473124174921
GRD,Grenada,1997,9467.7770534851,105293,,,75.313,,35.1734670856707
GRD,Grenada,1996,9076.71902949207,104584,,,75.076,,34.8386191081534
GRD,Grenada,1995,8750.81831848402,103869,,,74.794,,34.4927373890347
GRD,Grenada,1994,8629.08629470408,103138,,,74.484,,34.1599790749802
GRD,Grenada,1993,8548.03859699698,102382,,,74.16,,33.8645013126556
GRD,Grenada,1992,8785.75882374895,101602,,,73.84,,33.6304612487265
GRD,Grenada,1991,8932.30359919008,100793,,,73.538,,33.4838633944224
GRD,Grenada,1990,8883.91901529785,99957,,,73.252,,33.4035322468443
GUM,Guam,2024,,167777,56.468,,81.589,,94.1726346571831
GUM,Guam,2023,,166506,56.391,,81.419,,94.1349341638921
GUM,Guam,2022,,165180,56.289,,81.356,,94.1068261842046
GUM,Guam,2021,,163730,54.128,,79.524,,94.0884327694075
GUM,Guam,2020,,162158,53.58,,80.254,,94.0804991087801
GUM,Guam,2019,,161808,56.497,,80.892,,94.0799802498939
GUM,Guam,2018,,162679,56.4,,80.824,,94.079885002321
GUM,Guam,2017,,163490,56.404,,80.714,,94.0797139460527
GUM,Guam,2016,,164233,56.36,,80.715,,94.079467256407
GUM,Guam,2015,,164905,56.338,,80.73,,94.079145108702
GUM,Guam,2014,,165486,56.299,,80.68,,94.0787476782557
GUM,Guam,2013,,165966,56.235,,80.524,,94.0782751403862
GUM,Guam,2012,,166331,56.176,,80.335,,94.0777276704115
GUM,Guam,2011,,166543,56.107,,80.099,,94.0771054436498
GUM,Guam,2010,,166522,56.437,,79.846,,94.0765173267308
GUM,Guam,2009,,166173,53.319,,79.646,,94.0673223633488
GUM,Guam,2008,,165693,50.81,,79.549,,94.0314223884421
GUM,Guam,2007,,165267,48.288,,79.51,,93.9710535665648
GUM,Guam,2006,,164839,55.193,,79.471,,93.8894857603993
GUM,Guam,2005,,164365,54.802,,79.292,,93.7899888326279
GUM,Guam,2004,,163810,52.599,,78.914,,93.6758326459328
GUM,Guam,2003,,163137,53.502,,78.656,,93.5502870629964
GUM,Guam,2002,,162315,54.398,,78.364,,93.4166219465011
GUM,Guam,2001,,161329,58.087,,78.064,,93.2781071591292
GUM,Guam,2000,,160065,60.074,,77.853,,93.1395316242857
GUM,Guam,1999,,158289,60.026,,77.86,,92.9853382890167
GUM,Guam,1998,,156237,59.965,,78.008,,92.7914711219447
GUM,Guam,1997,,154215,59.906,,77.939,,92.5631939625945
GUM,Guam,1996,,152169,59.844,,77.8,,92.3088719106896
GUM,Guam,1995,,150054,59.782,,77.621,,92.0368700659536
GUM,Guam,1994,,147868,59.722,,77.429,,91.7555535281099
GUM,Guam,1993,,145654,59.665,,77.007,,91.4732873968821
GUM,Guam,1992,,143393,59.612,,76.55,,91.1984367719938
GUM,Guam,1991,,141073,59.556,,76.562,,90.9393667531683
GUM,Guam,1990,,138610,59.507,,76.561,,90.7067343821472
GTM,Guatemala,2024,12643.9841235004,18406359,38.42,,75.043,,55.9547027274763
GTM,Guatemala,2023,12380.3715121996,18124838,38.14,30.5259191296939,74.877,392.01223755,55.6082319565539
GTM,Guatemala,2022,12144.4800461597,17847877,40.502,,73.719,384.06158447,55.2581228215265
GTM,Guatemala,2021,11825.141273764,17598650,42.496,,70.963,361.51858521,54.9047071553758
GTM,Guatemala,2020,11097.1503902986,17357325,38.299,,73.169,289.21640015,54.5483167911628
GTM,Guatemala,2019,11466.3764932197,17103803,37.107,24.1391983487719,74.018,278.59024048,54.1882267267974
GTM,Guatemala,2018,11192.3719192725,16845685,38.408,,73.817,265.81820679,53.845962303542
GTM,Guatemala,2017,11005.4592851719,16567357,38.656,,74.108,265.36593628,53.7994723140017
GTM,Guatemala,2016,10872.5938902469,16268760,39.525,,73.818,246.4538269,53.6609232857043
GTM,Guatemala,2015,10785.9583125957,15971743,38.437,23.7526617902951,73.555,233.8447876,53.4411050262961
GTM,Guatemala,2014,10553.563988977,15681725,39.978,19.2986223732897,73.625,217.23764038,53.1458479013964
GTM,Guatemala,2013,10297.8392994827,15387337,39.687,20.0913155597273,73.577,198.79296875,52.7809822766245
GTM,Guatemala,2012,10126.8330566224,15089647,44.986,17.0880526453759,73.472,200.84880066,52.3523385176
GTM,Guatemala,2011,10032.0932829709,14792126,40.096,16.5531019086833,73.154,191.24732971,51.8657469899423
GTM,Guatemala,2010,9825.022234198,14500112,41.598,15.9774951784157,72.841,175.31318665,51.3270380592706
GTM,Guatemala,2009,9740.71387674159,14215611,41.648,15.600700378418,72.781,169.37559509,50.7420420912045
GTM,Guatemala,2008,9889.57668418909,13935174,41.708,,72.662,175.67254639,50.1165894513633
GTM,Guatemala,2007,9772.80992048501,13652040,41.778,17.7758598327637,72.485,158.89395142,49.4565105053665
GTM,Guatemala,2006,9386.00549814138,13367459,41.858,,72.028,149.04266357,48.7676356188334
GTM,Guatemala,2005,9099.7275067528,13087629,41.947,,71.339,132.41906738,48.0557951573834
GTM,Guatemala,2004,9003.86136388797,12807402,42.045,,71.538,122.16271973,47.326819486636
GTM,Guatemala,2003,8926.15771786373,12525842,47.982,,71.398,113.38285065,46.5865389722105
GTM,Guatemala,2002,8901.54046462168,12246915,46.346,8.21562004089355,71.099,107.62042236,45.7754731938848
GTM,Guatemala,2001,8771.15927218783,11969422,46.14,,70.644,100.02039337,44.678095600504
GTM,Guatemala,2000,8770.40815272307,11697592,46.075,,70.332,83.61930084,43.2434755105047
GTM,Guatemala,1999,8668.43099775145,11422965,45.913,,69.884,,41.6231547208891
GTM,Guatemala,1998,8559.99025739148,11139145,45.736,,69.253,,39.9406715289323
GTM,Guatemala,1997,8364.1651916099,10857754,45.476,,68.584,,38.3195642319091
GTM,Guatemala,1996,8222.06920351134,10583526,45.279,,67.782,,36.8833711270944
GTM,Guatemala,1995,8195.34970997959,10312996,45.209,,66.896,,35.7556305117631
GTM,Guatemala,1994,8018.28330821547,10043718,44.993,,66.165,,35.0756010770794
GTM,Guatemala,1993,7915.41059815185,9779761,44.835,,65.391,,34.7310073212315
GTM,Guatemala,1992,7822.2634402435,9522266,44.666,,65.007,,34.4334171300471
GTM,Guatemala,1991,7662.17099856969,9272584,44.425,,64.883,,34.1565593261803
GTM,Guatemala,1990,7594.73215267529,9024773,44.286,,64.639,,33.9012796561515
GIN,Guinea,2024,4016.34191385979,14754785,42.882,,62.085,,38.0713036688655
GIN,Guinea,2023,3904.82395527998,14405468,42.739,,61.897,59.33010101,37.6454083954705
GIN,Guinea,2022,3792.01068836277,14055137,42.529,,61.605,53.2922287,37.2384967469106
GIN,Guinea,2021,3738.8051255133,13710513,41.989,,60.535,44.10476303,36.8502178436256
GIN,Guinea,2020,3630.99330577677,13371183,41.854,,60.654,41.1027565,36.4802208060551
GIN,Guinea,2019,3557.46233883145,13034346,42.271,,60.529,42.16910172,36.1281547546387
GIN,Guinea,2018,3455.64512638662,12704774,43.497,,60.217,34.88978195,35.8554382324219
GIN,Guinea,2017,3332.76576150531,12385659,44.725,,59.919,32.63646317,35.5827331542969
GIN,Guinea,2016,3099.78874189372,12073030,45.954,,59.631,38.42609406,35.3100280761719
GIN,Guinea,2015,2869.85157178732,11767070,47.185,,59.092,43.41540527,35.0373191833496
GIN,Guinea,2014,2834.96634347846,11472924,48.414,6.63699007034302,58.868,36.63517761,34.8177920826682
GIN,Guinea,2013,2802.56007024474,11191873,49.638,6.29663991928101,58.77,25.90467834,34.5812741977122
GIN,Guinea,2012,2762.90350938513,10921581,50.859,5.33829021453857,58.407,23.70012856,34.3313936933767
GIN,Guinea,2011,2673.40873029955,10656810,52.077,5.48086977005005,58.005,24.12806129,34.0732054685603
GIN,Guinea,2010,2594.83050344245,10396086,53.291,5.16472005844116,57.607,22.59741783,33.8075426880206
GIN,Guinea,2009,2537.30645758746,10143534,54.499,4.63602018356323,57.169,23.71565628,33.5352385165154
GIN,Guinea,2008,2629.5397474637,9898870,55.7,4.5208101272583,56.734,22.97397041,33.2571261188022
GIN,Guinea,2007,2587.0048887648,9662281,56.894,3.66423988342285,56.173,22.64143372,32.9740386596386
GIN,Guinea,2006,2478.61319510726,9441171,58.078,2.26915001869202,55.751,16.15967941,32.6868093037822
GIN,Guinea,2005,2501.22160456279,9245844,59.249,1.13624000549316,55.184,19.66388702,32.3962712159907
GIN,Guinea,2004,2477.50282602363,9062726,60.41,0.710229992866516,54.635,26.41420937,32.1032575610216
GIN,Guinea,2003,2473.23418295471,8870781,61.566,,54.167,25.60194969,31.8086015036327
GIN,Guinea,2002,2498.13177495102,8674066,62.713,,53.72,24.83917809,31.5131362085814
GIN,Guinea,2001,2412.75161959628,8539960,62.781,,53.281,21.76875114,31.2176948406254
GIN,Guinea,2000,2358.28765608495,8428832,62.907,,52.952,22.71741867,30.9231105645224
GIN,Guinea,1999,2346.2701835771,8265123,62.977,,52.594,,30.63021654503
GIN,Guinea,1998,2311.327353403,8081990,63.028,0.287440001964569,52.184,,30.3398459469057
GIN,Guinea,1997,2272.41100463955,7931370,63.145,0.25271001458168,51.748,,30.0528319349072
GIN,Guinea,1996,2205.32363416973,7770035,63.262,0.199919998645782,51.245,,29.7715516995972
GIN,Guinea,1995,2171.72552153265,7553249,63.295,,50.575,,29.4990241182623
GIN,Guinea,1994,2134.89769355787,7345107,63.333,0.139510005712509,49.968,,29.2360010751533
GIN,Guinea,1993,2115.8664959394,7128177,63.378,0.164370000362396,49.625,,28.9789113203538
GIN,Guinea,1992,2076.55062690695,6914366,63.419,0.109269998967648,49.053,,28.7249348395438
GIN,Guinea,1991,2075.99194302675,6697166,63.46,0.118639998137951,48.616,,28.4712516184031
GIN,Guinea,1990,2105.74729496232,6434374,63.491,0.172989994287491,48.015,,28.2150416426116
GNB,Guinea-Bissau,2024,2717.54206972499,2201352,60.17,,66.546,,46.113204421822
GNB,Guinea-Bissau,2023,2660.81444655656,2153339,60.084,,66.362,82.13543701,45.5923843383789
GNB,Guinea-Bissau,2022,2600.802474483,2105529,59.972,,65.854,68.01049042,45.1627159118652
GNB,Guinea-Bissau,2021,2522.12869240841,2058841,58.375,,63.87,70.21189117,44.7334136962891
GNB,Guinea-Bissau,2020,2456.01139053324,2013255,56.768,,63.684,67.88795471,44.3038330078125
GNB,Guinea-Bissau,2019,2442.25868377476,1967696,56.063,,64.305,53.98390961,43.8745574951172
GNB,Guinea-Bissau,2018,2373.64935653455,1922168,56.399,,63.77,58.87445068,43.4449081420898
GNB,Guinea-Bissau,2017,2342.56110535416,1877072,56.285,,63.246,54.8225174,43.0155792236328
GNB,Guinea-Bissau,2016,2293.37861360238,1831893,56.189,,62.687,56.60805511,42.586109161377
GNB,Guinea-Bissau,2015,2230.52993109779,1786457,56.11,,62.119,52.45866776,42.1568145751953
GNB,Guinea-Bissau,2014,2156.33643676255,1741122,56.042,,61.506,64.99989319,41.7271995544434
GNB,Guinea-Bissau,2013,2192.5927863603,1695973,55.987,,60.871,46.05934143,41.2976379394531
GNB,Guinea-Bissau,2012,2180.74338832775,1651417,55.939,,60.24,37.75499725,40.8686027526855
GNB,Guinea-Bissau,2011,2278.54751544448,1608076,55.896,,59.602,44.72909927,40.4391136169434
GNB,Guinea-Bissau,2010,2164.26823755351,1566347,55.854,,58.929,29.23748016,40.0095596313477
GNB,Guinea-Bissau,2009,2103.05813454823,1526377,55.812,,58.23,26.88874054,39.6716434222135
GNB,Guinea-Bissau,2008,2105.67394178792,1488054,55.774,,57.229,34.26661301,39.3320535671181
GNB,Guinea-Bissau,2007,2065.98983875944,1450986,55.743,,56.826,25.56799126,39.0030975009025
GNB,Guinea-Bissau,2006,2065.2122797791,1415303,55.717,,56.127,22.77665329,38.6871193165452
GNB,Guinea-Bissau,2005,2060.66663299612,1381585,55.693,,54.93,20.99864388,38.3801443659997
GNB,Guinea-Bissau,2004,1979.69782670273,1349563,55.66,,54.847,18.42279816,38.0781980012196
GNB,Guinea-Bissau,2003,2002.40206880451,1318806,55.623,,54.258,14.70093441,37.7773055741583
GNB,Guinea-Bissau,2002,2054.08977413547,1289307,55.587,,53.705,14.02086544,37.4734924367695
GNB,Guinea-Bissau,2001,2025.72675469878,1261273,55.548,,53.198,13.50725842,37.1627839410066
GNB,Guinea-Bissau,2000,1974.74466342453,1234741,55.507,,52.723,13.2785511,36.8412054388232
GNB,Guinea-Bissau,1999,1992.852546394,1210206,55.465,,51.572,,36.5047822821727
GNB,Guinea-Bissau,1998,1738.64946632342,1187473,55.424,,51.694,,36.1495398230088
GNB,Guinea-Bissau,1997,2284.02576620745,1165545,55.386,,50.128,,35.771503413285
GNB,Guinea-Bissau,1996,2185.90344879946,1143535,55.353,,50.951,,35.3666984049549
GNB,Guinea-Bissau,1995,1999.94473972689,1119949,55.327,,50.707,,34.9311501499718
GNB,Guinea-Bissau,1994,1964.63002250373,1092031,55.314,,49.901,,34.4608840002895
GNB,Guinea-Bissau,1993,1963.5622486004,1058745,55.312,,49.958,,33.9519253078613
GNB,Guinea-Bissau,1992,1987.7391360013,1024356,55.302,,49.606,,33.4002994246409
GNB,Guinea-Bissau,1991,2024.85376829909,994639,55.277,,49.252,,32.7516507277478
GNB,Guinea-Bissau,1990,1968.09061079555,973669,55.237,,48.921,,31.8509832029524
GUY,Guyana,2024,70516.7027944836,831087,47.381,37.3607140773584,74.091,,26.477717988557
GUY,Guyana,2023,49312.3603225444,826353,46.479,35.2743241701836,73.944,505.03240967,26.4651457279878
GUY,Guyana,2022,37068.1993827588,821637,45.133,,73.672,452.23754883,26.4536735068183
GUY,Guyana,2021,22865.9270968882,815482,40.752,,67.975,457.86633301,26.443303961947
GUY,Guyana,2020,19234.1301977637,807481,40.299,,71.884,364.20135498,26.4340397353676
GUY,Guyana,2019,13402.4219472757,807665,41.347,,72.848,314.0977478,26.4258834773058
GUY,Guyana,2018,12980.3576003177,791556,44.263,,72.615,296.66903687,26.4188378517884
GUY,Guyana,2017,12801.6408529346,768479,43.543,,72.369,266.86364746,26.412905546573
GUY,Guyana,2016,12420.4724727603,763548,42.902,,71.897,235.91662598,26.4080892882899
GUY,Guyana,2015,12040.08253302,758781,42.273,,71.527,226.89404297,26.4043918297579
GUY,Guyana,2014,12030.0529344045,754229,41.657,,71.173,216.03759766,26.4018152016157
GUY,Guyana,2013,11896.9069854942,750021,41.049,,70.499,211.2910614,26.4003891353669
GUY,Guyana,2012,11534.9985588659,746288,40.442,15.5886898040772,70.061,201.88832092,26.3999996185303
GUY,Guyana,2011,10958.8598838438,746153,39.85,15.5987396240234,70.035,186.11392212,26.3999996185303
GUY,Guyana,2010,10374.3947557656,749256,39.268,15.461389541626,69.672,162.70393372,26.4592185137368
GUY,Guyana,2009,9924.52660770631,752094,38.675,13.5286102294922,69.349,150.21723938,26.620074648793
GUY,Guyana,2008,9546.70875949436,754606,38.07,12.4466896057129,68.979,138.70043945,26.8573671978542
GUY,Guyana,2007,9354.08017716534,756861,37.454,15.1537504196167,68.689,125.79258728,27.1458953350755
GUY,Guyana,2006,8702.33133494001,758966,36.827,15.1182899475098,68.032,98.34314728,27.4604582346121
GUY,Guyana,2005,8256.52519071138,760914,36.189,14.7290496826172,67.704,85.35713959,27.7758550706193
GUY,Guyana,2004,8404.2001629708,762418,35.543,13.5258798599243,67.736,74.69225311,28.0668850172523
GUY,Guyana,2003,8267.42910545363,763101,34.892,,67.48,68.19880676,28.3083472486662
GUY,Guyana,2002,8314.0272750321,763652,34.228,,67.51,65.04125214,28.4796776810692
GUY,Guyana,2001,8212.04321760917,764477,34.818,,67.837,60.09927368,28.6194627210441
GUY,Guyana,2000,8025.29326490962,764832,35.401,,67.486,62.37635422,28.7610390578913
GUY,Guyana,1999,8139.97018415742,764483,35.975,,67.181,,28.899295303666
GUY,Guyana,1998,7915.22956203951,763586,36.542,,66.898,,29.0315973956489
GUY,Guyana,1997,8064.56715164725,762245,37.101,11.9094495773315,66.319,,29.1553112711205
GUY,Guyana,1996,7612.30424290021,760526,37.649,9.38763999938965,65.984,,29.2678028673613
GUY,Guyana,1995,7071.21280005947,758388,38.19,8.49337005615234,65.805,,29.366438121652
GUY,Guyana,1994,6755.3286689231,755822,38.728,8.57528972625732,66.086,,29.4485829712731
GUY,Guyana,1993,6247.86624866594,752965,39.269,,66.055,,29.5116033535051
GUY,Guyana,1992,5799.21836066806,749911,38.663,,65.922,,29.5528652056286
GUY,Guyana,1991,5396.46342590543,747861,38.059,,65.315,,29.569626041612
GUY,Guyana,1990,5074.43109901682,749894,37.53,4.74811983108521,65.073,,29.5687809551164
HTI,Haiti,2024,2783.79140882788,11772557,58.321,,68.487,,55.0372652481002
HTI,Haiti,2023,2939.1237948199,11637398,59.351,,68.3,54.4146843,54.4496819335618
HTI,Haiti,2022,3029.77866381702,11503606,59.948,,67.228,52.28417587,53.8524949966907
HTI,Haiti,2021,3116.56505397604,11374586,62.099,,65.712,59.89406204,53.2460637918026
HTI,Haiti,2020,3210.53609854862,11243848,61.366,,67.03,52.2158699,52.6307476732151
HTI,Haiti,2019,3361.75328894114,11105163,61.952,,67.29,49.32995987,52.0069059952475
HTI,Haiti,2018,3465.25480573601,10962362,62.139,,66.988,62.30102539,51.374898112219
HTI,Haiti,2017,3453.97142164659,10817754,62.02,,66.688,53.80579758,50.735083378449
HTI,Haiti,2016,3415.58218112308,10671457,61.827,,66.053,60.06819153,50.087821148256
HTI,Haiti,2015,3402.0283988016,10523242,61.695,,65.935,68.50547791,49.4334707759572
HTI,Haiti,2014,3403.57496642947,10373235,61.602,,65.625,65.10858917,48.7723916158687
HTI,Haiti,2013,3356.8373216264,10222362,61.379,,65.223,59.38277435,48.1049430223048
HTI,Haiti,2012,3266.43832519352,10069771,61.032,,64.786,75.08546448,47.4314843495779
HTI,Haiti,2011,3300.87444105175,9914904,61.034,,64.015,77.12206268,46.7523749519985
HTI,Haiti,2010,3176.50949040109,9803294,60.596,,45.679,55.73518753,46.0679741838751
HTI,Haiti,2009,3406.29486715549,9689581,60.162,,64.079,41.39894867,45.3786413995138
HTI,Haiti,2008,3270.41272369326,9530774,59.724,,63.642,40.445961,44.6847359532184
HTI,Haiti,2007,3239.25745989841,9373296,59.284,,63.42,37.59618378,43.9866171992907
HTI,Haiti,2006,3146.2634386786,9216562,58.842,,63.012,29.11877251,43.2846444920296
HTI,Haiti,2005,3144.56353969437,9061273,58.4,,62.465,25.25854683,42.5791771857318
HTI,Haiti,2004,3102.54173985545,8910263,58.087,,60.419,24.0406456,41.8705746346912
HTI,Haiti,2003,3197.9365263707,8759912,57.775,,61.377,18.60943604,41.2007603284477
HTI,Haiti,2002,3145.03689680869,8607641,57.462,,60.878,22.36586189,39.9708985140797
HTI,Haiti,2001,3168.14454014466,8455918,57.148,,60.361,27.39323044,38.3871832598564
HTI,Haiti,2000,3237.53077898724,8303151,56.835,,59.867,30.35855865,36.8408497942176
HTI,Haiti,1999,3269.3988227012,8151296,56.868,,59.342,,35.3364850413145
HTI,Haiti,1998,3242.45890119666,8002143,56.908,,58.695,,33.8786759252981
HTI,Haiti,1997,3232.95524865654,7854298,56.954,,58.165,,32.4720093703197
HTI,Haiti,1996,3207.74580313016,7707557,57.005,,57.537,,31.1210723005304
HTI,Haiti,1995,3139.26416790518,7562546,57.063,,56.94,,29.8304516400811
HTI,Haiti,1994,2911.49975345891,7419771,56.974,,55.963,,28.6047343131232
HTI,Haiti,1993,3370.99533205147,7278181,56.891,,55.751,,27.4485072438076
HTI,Haiti,1992,3635.13892826929,7136571,56.814,,55.279,,26.3663573562854
HTI,Haiti,1991,3916.43139455701,6995450,56.745,,54.816,,25.3628715747079
HTI,Haiti,1990,3923.2219575616,6854441,56.681,,54.421,,24.4426368232261
HND,Honduras,2024,6590.84384301553,10825703,39.617,28.0634803771973,75.67,,58.7850728104829
HND,Honduras,2023,6467.8800352783,10644851,39.364,,75.501,249.15301514,58.3132392705102
HND,Honduras,2022,6352.58710177732,10463872,43.606,,75.345,244.90408325,57.8364689017254
HND,Honduras,2021,6202.98078812037,10289877,48.071,,72.175,253.63349915,57.3550236357547
HND,Honduras,2020,5603.26398377777,10119640,47.039,,73.814,212.7419281,56.8691654042685
HND,Honduras,2019,6264.01884276715,9943633,44.526,29.6191849826706,74.726,183.75006104,56.3791561389766
HND,Honduras,2018,6219.27973775059,9765210,50.022,30.6275027991002,74.6,178.1494751,55.8852577716247
HND,Honduras,2017,6099.60734919414,9588137,45.758,28.4665386955551,74.385,169.07194519,55.3877322339915
HND,Honduras,2016,5926.49025534228,9412380,45.913,24.5039300601215,74.155,177.8835144,54.8868414578857
HND,Honduras,2015,5812.5348879105,9237305,46.551,23.6055675606966,73.827,169.97198486,54.3828473751434
HND,Honduras,2014,5705.16246265484,9063122,46.005,22.9121703739906,73.527,172.52818298,53.8768089124249
HND,Honduras,2013,5644.13384802045,8889278,43.408,22.6874908293702,73.242,176.421875,53.356379133253
HND,Honduras,2012,5600.6077605497,8715076,38.294,22.0969575245263,72.912,184.04154968,52.6641557109031
HND,Honduras,2011,5488.43371596332,8540583,39.675,,72.552,182.3137207,51.9908892304951
HND,Honduras,2010,5396.07227927744,8365878,42.656,20.79599276034,72.149,165.19970703,51.3273733161098
HND,Honduras,2009,5313.75573967791,8189899,40.918,,72.174,160.23144531,50.6740175729851
HND,Honduras,2008,5566.70639487722,8012587,39.44,21.4027004241943,72.011,149.05706787,50.0312316063593
HND,Honduras,2007,5461.90151889031,7834798,37.827,,71.886,127.55919647,49.3994250214704
HND,Honduras,2006,5263.15029099578,7656832,38.459,,71.714,112.11707306,48.7790074235564
HND,Honduras,2005,5056.67544412551,7478355,41.394,,71.493,97.86359406,48.1703884178554
HND,Honduras,2004,4885.34258343422,7298994,41.782,18.9579792022705,71.337,83.29620361,47.5739776096056
HND,Honduras,2003,4714.86701000971,7119213,42.178,18.8980407714844,71.146,79.65468597,46.990184604045
HND,Honduras,2002,4627.02278723456,6938859,42.581,,70.953,70.72001648,46.4194190064116
HND,Honduras,2001,4578.94787944773,6757993,42.99,,70.732,67.13735199,45.8623033555915
HND,Honduras,2000,4579.68960840984,6577773,43.406,14.6357498168945,70.532,68.48374939,45.3233354392127
HND,Honduras,1999,4293.827231525,6400463,45.107,14.0024700164795,70.224,,44.8043245652756
HND,Honduras,1998,3950.83498715855,6234431,45.292,,63.23,,44.3018421264124
HND,Honduras,1997,3635.98071357513,6071454,45.129,,69.733,,43.8126442443997
HND,Honduras,1996,3054.15773942696,5903954,44.905,,69.46,,43.3334870410143
HND,Honduras,1995,2555.0262257932,5739637,44.908,,69.114,,42.8611266380328
HND,Honduras,1994,2108.27414889925,5579242,44.575,8.74565982818604,68.738,,42.392319157232
HND,Honduras,1993,1681.08238809432,5423249,44.725,8.11598968505859,68.287,,41.9238207203885
HND,Honduras,1992,1521.94721667467,5271431,44.382,8.05700969696045,68.032,,41.452387449279
HND,Honduras,1991,1436.05066143143,5123792,44.078,8.029709815979,67.666,,40.9747754656802
HND,Honduras,1990,1172.07980628643,4980488,44.543,7.86380004882812,67.294,,40.4877408913689
HKG,"Hong Kong SAR, China",2024,66186.0448635456,7524100,52.256,126.023529411765,88.22,,100.0
HKG,"Hong Kong SAR, China",2023,64387.6654066058,7536100,52.27,110.140271493213,88.09,,100.0
HKG,"Hong Kong SAR, China",2022,64035.6484949629,7346100,52.789,104.50752688172,86.77,,100.0
HKG,"Hong Kong SAR, China",2021,65884.9376260603,7413100,53.718,101.944909344491,87.94,,100.0
HKG,"Hong Kong SAR, China",2020,61328.5367014193,7481000,53.728,94.5834378920954,87.75,,100.0
HKG,"Hong Kong SAR, China",2019,65388.3366418212,7507900,54.51,87.8519210977702,88.06,,100.0
HKG,"Hong Kong SAR, China",2018,66993.9592604441,7452600,54.747,82.1955750133476,87.61,,100.0
HKG,"Hong Kong SAR, China",2017,65662.8543379575,7393200,54.645,76.7319279012346,87.61,,100.0
HKG,"Hong Kong SAR, China",2016,63749.4285013369,7336600,54.28,74.6725994304699,87.3,,100.0
HKG,"Hong Kong SAR, China",2015,62779.7552386246,7291300,54.211,73.1265401493931,87.29,,100.0
HKG,"Hong Kong SAR, China",2014,61839.8044187474,7229500,53.936,74.3136119888476,86.85,,100.0
HKG,"Hong Kong SAR, China",2013,60601.6109212886,7178900,53.869,72.2173030442804,86.72,,100.0
HKG,"Hong Kong SAR, China",2012,59015.3179560955,7150100,52.893,63.2913602941177,86.38,,100.0
HKG,"Hong Kong SAR, China",2011,58672.8050185719,7071600,52.325,61.8981316725979,86.69,,100.0
HKG,"Hong Kong SAR, China",2010,56355.409086809,7024200,51.257,59.191235059761,86.0,,100.0
HKG,"Hong Kong SAR, China",2009,53172.2884268262,6972800,52.56,55.6044616699219,85.92,,100.0
HKG,"Hong Kong SAR, China",2008,54630.3299120222,6957800,52.446,55.0602912902832,85.47,,100.0
HKG,"Hong Kong SAR, China",2007,53813.022139769,6916300,52.503,41.7405395507812,85.44,,100.0
HKG,"Hong Kong SAR, China",2006,50981.7296233058,6857100,52.017,33.1670188903809,85.54,,100.0
HKG,"Hong Kong SAR, China",2005,47938.8533561286,6813200,51.65,33.0804290771484,84.59,,100.0
HKG,"Hong Kong SAR, China",2004,44836.1768653659,6783500,51.273,32.8251609802246,84.77,,100.0
HKG,"Hong Kong SAR, China",2003,41570.5634425877,6730800,51.022,32.3638801574707,84.35,,100.0
HKG,"Hong Kong SAR, China",2002,40258.1488758671,6744100,51.449,,84.51,,100.0
HKG,"Hong Kong SAR, China",2001,39777.8262391597,6714300,50.308,,84.6,,100.0
HKG,"Hong Kong SAR, China",2000,39848.5593475546,6665000,48.986,,83.89,,100.0
HKG,"Hong Kong SAR, China",1999,37339.8931803408,6606500,48.711,,83.2,,100.0
HKG,"Hong Kong SAR, China",1998,36776.3657079191,6543700,48.418,,82.97,,100.0
HKG,"Hong Kong SAR, China",1997,39402.5736869551,6489300,47.858,,83.17,,100.0
HKG,"Hong Kong SAR, China",1996,37804.0797903194,6435500,47.635,,82.67,,100.0
HKG,"Hong Kong SAR, China",1995,37905.6482894504,6156100,47.384,,81.46,,99.9932976351594
HKG,"Hong Kong SAR, China",1994,37767.182764774,6035400,46.9,,81.54,,99.961658640719
HKG,"Hong Kong SAR, China",1993,36428.5238295824,5901000,46.364,,80.91,,99.9052758430407
HKG,"Hong Kong SAR, China",1992,34895.7384690892,5800500,46.759,,80.68,,99.8254998717847
HKG,"Hong Kong SAR, China",1991,33124.6445961019,5752000,47.948,,80.69,,99.7358552273683
HKG,"Hong Kong SAR, China",1990,31598.7264606102,5704500,47.059,,80.28,,99.3105631904423
HUN,Hungary,2024,40747.1986679668,9562065,54.398,67.8429336547852,79.9,,70.491825943218
HUN,Hungary,2023,40333.2546888118,9592186,53.995,63.1527786254883,79.9,1419.87475586,70.2923026891431
HUN,Hungary,2022,40610.9711368238,9605074,53.057,67.9196395874023,79.3,1228.00231934,70.1585064243445
HUN,Hungary,2021,38887.1909527154,9630932,52.211,65.6403579711914,77.6,1392.97460938,70.2059275331413
HUN,Hungary,2020,36119.5211735652,9670419,51.34,63.3984985351562,78.8,1182.54138184,70.2917327880859
HUN,Hungary,2019,37662.67681014,9694824,51.339,60.5666999816895,79.7,1062.15869141,70.4565277099609
HUN,Hungary,2018,35798.0412754022,9706964,51.527,58.4977798461914,79.6,1087.64611816,70.4711761474609
HUN,Hungary,2017,33828.714942571,9726756,51.062,57.514030456543,79.3,990.90808105,70.4542541503906
HUN,Hungary,2016,32378.9674983075,9759755,50.839,56.7932891845703,79.7,918.94506836,70.4733810424805
HUN,Hungary,2015,31485.5675425634,9797755,49.901,57.237621307373,79.0,874.04138184,70.4847717285156
HUN,Hungary,2014,30264.9492302161,9833038,48.884,60.6456298828125,79.4,1008.92950439,70.3071053512008
HUN,Hungary,2013,28891.0217544976,9872734,47.736,65.2662963867188,79.1,991.98742676,69.9277636266638
HUN,Hungary,2012,28179.656464434,9920362,47.455,69.2688674926758,78.7,961.1383667,69.5772326660156
HUN,Hungary,2011,28415.1173442897,9971727,46.838,68.633903503418,78.7,1063.43237305,69.4779934082031
HUN,Hungary,2010,27801.833816111,10000023,46.638,70.1801300048828,78.1,983.11083984,69.5305480957031
HUN,Hungary,2009,27445.959458479,10022650,45.846,71.8819122314453,77.9,943.68774414,68.4592590332031
HUN,Hungary,2008,29384.0070385818,10038188,46.639,75.5403594970703,77.8,1117.20227051,68.0976986078883
HUN,Hungary,2007,29044.0669021254,10055780,46.789,78.540771484375,77.3,1003.25805664,67.0041656494141
HUN,Hungary,2006,28903.0475407078,10071370,46.929,78.9258422851562,77.4,893.20300293,67.0155868530273
HUN,Hungary,2005,27765.7886146197,10087065,46.814,77.3835906982422,76.9,895.20330811,66.1261367797852
HUN,Hungary,2004,26568.118861864,10107146,46.651,71.9222564697266,76.9,798.45361328,65.0225372314453
HUN,Hungary,2003,25255.8711300567,10129552,46.403,63.470531463623,76.5,682.86566162,64.8452987670898
HUN,Hungary,2002,24229.2953575981,10158608,46.188,53.7540588378906,76.6,473.12783813,65.0400009155273
HUN,Hungary,2001,23069.2114730987,10187576,45.883,47.5797805786133,76.5,359.69750977,64.646880283041
HUN,Hungary,2000,22117.9204303193,10210971,45.552,,75.6,313.10858154,64.2602344392211
HUN,Hungary,1999,21128.8884639402,10237530,45.282,,75.21,,63.9345437336226
HUN,Hungary,1998,20438.3829550506,10266570,45.182,,75.186,,63.6080202030422
HUN,Hungary,1997,19635.2949600537,10290486,45.177,,75.22,,63.2809526136067
HUN,Hungary,1996,19029.1137284914,10311238,45.202,,74.79,,62.9536297314429
HUN,Hungary,1995,18977.2437047366,10328965,45.271,,74.55,,62.6263403226773
HUN,Hungary,1994,18672.707236547,10343355,45.337,,74.31,,62.2993731534369
HUN,Hungary,1993,18113.3369069655,10357523,45.383,,73.88,,61.9730169898483
HUN,Hungary,1992,18197.5305521351,10369341,45.471,,73.86,,61.6475605980383
HUN,Hungary,1991,18765.4162504008,10373400,45.647,,73.91,,61.3232927441337
HUN,Hungary,1990,21297.0006406829,10373988,46.119,,73.7,,61.000502194261
ISL,Iceland,2024,68230.356652817,386506,70.252,,84.5,7641.57373047,94.1819039916522
ISL,Iceland,2023,69268.1221404224,385663,70.368,104.202987670898,84.3,7064.62402344,94.1518261784801
ISL,Iceland,2022,66581.2441801002,382003,70.57,114.626007080078,83.4,6851.62939453,94.1787071228028
ISL,Iceland,2021,62720.7916832797,372520,69.148,116.909812927246,84.6,6722.421875,94.2108206403841
ISL,Iceland,2020,60617.143268851,366463,69.309,100.031951904297,84.6,5692.89111328,94.1367102874722
ISL,Iceland,2019,65994.9860038103,360563,71.457,94.9971923828125,84.7,5912.00976563,93.9770847416131
ISL,Iceland,2018,66703.0219398003,352721,71.596,91.5173492431641,84.5,6280.03857422,93.8526667025487
ISL,Iceland,2017,65462.5033306299,343400,72.592,94.0050888061523,84.3,5992.05322266,93.7718982310092
ISL,Iceland,2016,64759.2275423229,335439,72.997,97.9824676513672,84.1,5053.51757813,93.7822647094726
ISL,Iceland,2015,61820.3618857662,330815,72.787,97.9845275878906,83.8,4303.84179688,93.727919768566
ISL,Iceland,2014,60199.1994872756,327386,71.89,102.805358886719,84.5,4522.90576172,93.6196716315805
ISL,Iceland,2013,59729.5439775397,323764,71.064,100.533180236816,83.7,4095.67626953,93.6166725158692
ISL,Iceland,2012,58203.6379459536,320716,70.615,102.000862121582,84.3,3784.38378906,93.514892578125
ISL,Iceland,2011,57837.8604599413,319014,70.047,101.638069152832,84.1,3937.31591797,93.41106112427
ISL,Iceland,2010,57225.1024282006,318041,70.49,100.907493591309,84.1,3614.03833008,93.4588348107886
ISL,Iceland,2009,58441.2719673968,318499,70.221,95.3111267089844,83.8,3622.97827148,93.4441340553707
ISL,Iceland,2008,63963.7601392225,317414,70.66,97.2149124145508,83.3,4749.68408203,93.0646442174216
ISL,Iceland,2007,64075.3098188208,311566,71.322,95.4926071166992,83.4,5803.81152344,92.3614571703229
ISL,Iceland,2006,60434.3837931128,303782,71.725,95.5150604248047,82.9,4918.23339844,92.1949009038813
ISL,Iceland,2005,58549.1358862183,296734,70.907,92.5811004638672,83.5,5079.68945313,92.377441015064
ISL,Iceland,2004,55576.6099806516,292074,70.445,87.3699722290039,83.2,4414.23339844,92.4377293375354
ISL,Iceland,2003,52095.6402740564,289521,72.064,77.6478118896484,82.5,3839.6940918,92.3235559316863
ISL,Iceland,2002,51287.593729948,287523,71.743,67.0512771606445,82.5,3046.81665039,92.1674022598912
ISL,Iceland,2001,51468.3282267824,284968,72.559,59.3491401672363,83.2,2528.5456543,92.0452304560359
ISL,Iceland,2000,50227.8408745363,281205,73.471,57.4266014099121,81.6,2855.57470703,91.9674192031642
ISL,Iceland,1999,48539.3433136469,277381,71.222,51.8942413330078,81.4,,91.8121341861987
ISL,Iceland,1998,47286.6358663221,274047,69.391,47.782039642334,81.6,,91.6760097262822
ISL,Iceland,1997,44664.5306286878,271128,67.634,44.5493087768555,81.6,,92.0188980102539
ISL,Iceland,1996,43241.3554367229,268916,68.708,42.6453514099121,81.18,,91.8401641845703
ISL,Iceland,1995,41604.2381180421,267468,70.126,41.6707496643066,80.11,,91.6399917602539
ISL,Iceland,1994,41781.8302657718,266021,67.872,39.6124000549316,81.47,,91.4494400024414
ISL,Iceland,1993,40677.5881237507,263725,67.389,32.1298599243164,80.84,,91.296257019043
ISL,Iceland,1992,40560.5700738208,261057,67.076,35.7759017944336,80.85,,91.145637512207
ISL,Iceland,1991,42507.6461691026,257797,66.217,29.5694198608398,81.27,,90.9010925292969
ISL,Iceland,1990,43099.5786392572,254826,66.204,28.8384895324707,80.71,,90.6059112548828
IND,India,2024,9416.05137044735,1450935791,32.415,35.4110375372816,73.856,,35.3788972368389
IND,India,2023,8870.55027609345,1438069596,30.984,35.2437991377201,73.598,84.68669891,35.0676918424186
IND,India,2022,8347.38478647086,1425423212,29.348,33.2538563262393,73.271,81.50888824,34.7555673994206
IND,India,2021,7818.65701757504,1414203896,27.724,32.3862536999882,68.835,75.54971313,34.4425517181304
IND,India,2020,7186.86447099679,1402617695,25.998,31.2567152517231,71.938,63.83099747,34.1286726088333
IND,India,2019,7702.17634811957,1389030312,26.539,30.2734834550521,72.287,60.6913681,33.8139578818147
IND,India,2018,7492.62576755145,1374659064,26.568,29.1416522206199,71.963,57.46551132,33.4984353473598
IND,India,2017,7116.03659185396,1359657400,26.578,28.1063681820981,71.632,56.66844559,33.1821328157539
IND,India,2016,6741.14883185347,1343944296,26.575,27.0964508083747,71.297,59.72652817,32.8650780972823
IND,India,2015,6301.67346968236,1328024498,26.582,26.8824848217933,70.94,58.12401581,32.5472990022299
IND,India,2014,5905.10618204633,1312277191,26.607,25.4988485872123,70.567,56.3490181,32.2288233408821
IND,India,2013,5567.49439418718,1295829511,26.669,23.3035631990213,70.151,55.46933746,31.9096789235237
IND,India,2012,5303.50197767655,1278674502,26.764,23.0076649628883,69.735,48.45263672,31.5898935604399
IND,India,2011,5098.67458775444,1261224954,27.583,20.7720073340361,69.28,48.18242264,31.2746502853309
IND,India,2010,4913.87639723705,1243481564,28.425,15.6030670793987,68.809,44.79586029,30.9042190810094
IND,India,2009,4595.37990753812,1225524753,29.641,13.6778697967529,68.327,38.05965042,30.5185314023263
IND,India,2008,4322.48378983546,1207930964,30.892,,67.844,37.65440369,30.1438485921815
IND,India,2007,4253.82139046739,1190676021,32.179,11.1442899703979,67.358,35.63138962,29.7810426848684
IND,India,2006,4011.08647585805,1172878890,33.499,9.9578104019165,66.873,29.37600899,29.4309857146804
IND,India,2005,3770.39653173829,1154676322,34.852,9.14704990386963,66.376,27.49770737,29.0945497159107
IND,India,2004,3551.04731213773,1135991513,34.753,9.07785987854004,65.844,24.9240799,28.7726067228528
IND,India,2003,3346.8882902915,1116803006,34.66,8.87024021148682,65.376,21.89380074,28.4660287698
IND,India,2002,3157.26903770593,1097600380,34.57,8.61485004425049,64.855,20.15651703,28.1756878910456
IND,India,2001,3097.16224022342,1077898575,34.483,8.08839988708496,64.277,19.74444199,27.9028652096636
IND,India,2000,3010.42156148397,1057922733,34.397,7.83547019958496,63.794,18.47883415,27.6470407512523
IND,India,1999,2954.0688560393,1038225823,33.775,,63.248,,27.4081672842903
IND,India,1998,2766.110488608,1018665080,33.157,,62.759,,27.1832515534447
IND,India,1997,2655.92939429507,999133762,32.542,4.89305019378662,62.3,,26.9696862023486
IND,India,1996,2603.24632974171,979678458,31.934,4.65301990509033,61.858,,26.7648638746349
IND,India,1995,2469.3516292637,960301044,31.331,3.92477011680603,61.442,,26.5661772139368
IND,India,1994,2342.15609263829,941163767,30.736,,61.041,,26.3710188638872
IND,India,1993,2241.28535932488,922118387,30.595,,60.617,,26.1767814681192
IND,India,1992,2185.04046180678,902957070,30.476,,60.236,,25.9808576702657
IND,India,1991,2116.06939249228,883927600,30.361,4.12568998336792,59.805,,25.7797610905819
IND,India,1990,2139.82749174123,864972221,30.257,3.99425005912781,59.358,,25.5784017345035
IDN,Indonesia,2024,14470.7179806578,283487931,53.588,,73.434,,58.7509635387997
IDN,Indonesia,2023,13889.9495012858,281190067,53.487,49.8897505872353,73.268,131.77729797,58.1179353397878
IDN,Indonesia,2022,13334.2653947637,278830529,52.562,46.6107282434441,72.981,127.44384766,57.4934704226599
IDN,Indonesia,2021,12757.0746440204,276758053,52.069,44.0458339836419,69.437,158.89761353,56.8761702464027
IDN,Indonesia,2020,12388.5449268131,274814866,53.203,40.8939254732285,71.097,131.8225708,56.2785287648768
IDN,Indonesia,2019,12757.7850854842,272489381,53.949,39.5239845592779,72.389,118.22380829,55.7382049560547
IDN,Indonesia,2018,12262.2310300771,269951846,53.131,38.8659567828988,72.113,110.71585846,55.0956840515137
IDN,Indonesia,2017,11772.5743296107,267346658,51.943,38.5952407318475,71.945,110.32610321,54.4541015625
IDN,Indonesia,2016,11319.6634287738,264627418,50.949,37.2604595362436,71.692,106.40021515,53.812557220459
IDN,Indonesia,2015,10893.6621142169,261799249,50.772,34.5220912776747,71.46,96.15701294,53.1720771789551
IDN,Indonesia,2014,10504.3869411088,258877399,50.64,32.1127656778979,71.238,102.00482178,52.5002136230469
IDN,Indonesia,2013,10121.8141535043,255852467,50.714,32.0561594083682,70.971,102.33824921,51.8307495117188
IDN,Indonesia,2012,9708.61182531081,252698525,51.49,30.2814797483833,70.721,105.85425568,51.1593933105469
IDN,Indonesia,2011,9274.96955181702,249470032,50.989,23.6617768904453,70.463,107.00540161,50.4830017089844
IDN,Indonesia,2010,8848.22473702066,246305322,50.973,22.4019892604013,70.152,85.55950165,49.8521375148888
IDN,Indonesia,2009,8435.4557468629,243220028,50.3,22.5412197113037,70.032,62.4021759,49.16775798133
IDN,Indonesia,2008,8165.06155116624,240157903,50.387,19.9365501403809,69.87,59.24273682,48.4644736032029
IDN,Indonesia,2007,7802.46406905954,237062337,49.839,17.7361507415771,69.687,55.99677658,47.7432993585496
IDN,Indonesia,2006,7434.48785352221,233951652,46.008,16.2031497955322,69.394,44.3965683,47.0017588692457
IDN,Indonesia,2005,7140.8545640704,230871650,46.082,,69.264,34.09753036,46.2373757571669
IDN,Indonesia,2004,6843.54654972364,227926649,47.236,14.4632501602173,66.94,25.98270035,45.4476736441888
IDN,Indonesia,2003,6599.09193597034,225048008,47.846,14.1100702285767,68.827,25.51065636,44.6301761521872
IDN,Indonesia,2002,6381.94955179996,222088495,48.048,13.718469619751,68.682,18.97848511,43.7824069030376
IDN,Indonesia,2001,6190.51954040991,219097902,49.986,12.2964897155762,68.269,16.8734417,42.9018895186157
IDN,Indonesia,2000,6056.38197842165,216077790,51.67,13.9490804672241,67.98,15.39148712,41.9861540600656
IDN,Indonesia,1999,5855.65800744994,213004668,51.171,13.3949499130249,67.683,,40.9953940804992
IDN,Indonesia,1998,5897.68530859207,209826788,51.093,,67.635,,39.9075139498987
IDN,Indonesia,1997,6897.00236563331,206536095,49.829,,67.407,,38.746630876665
IDN,Indonesia,1996,6695.40975787395,203204348,50.674,8.12001991271973,67.097,,37.5368685140699
IDN,Indonesia,1995,6312.93453561158,199888057,50.673,8.74075984954834,66.869,,36.3023505153847
IDN,Indonesia,1994,5931.23473426762,196591828,50.671,,66.733,,35.0672005338812
IDN,Indonesia,1993,5609.15178814269,193305168,49.426,7.42917013168335,66.661,,33.8555422228307
IDN,Indonesia,1992,5357.3758979759,190043744,50.38,,65.93,,32.6914992355049
IDN,Indonesia,1991,5118.46789591815,186778238,49.54,,65.457,,31.5991952251753
IDN,Indonesia,1990,4873.05380133263,183501098,50.49,,65.087,,30.5945178088725
IRN,"Iran, Islamic Rep.",2024,17484.1320140467,91567738,14.144,,79.81,,77.0201263427734
IRN,"Iran, Islamic Rep.",2023,17044.8173442641,90608707,14.128,,79.628,267.059021,76.6759567260742
IRN,"Iran, Islamic Rep.",2022,16377.9610645368,89524246,13.469,59.131290435791,78.813,250.23272705,76.3342208862305
IRN,"Iran, Islamic Rep.",2021,15884.4276775963,88455488,13.086,54.9481811523438,75.692,196.66934204,75.9926376342773
IRN,"Iran, Islamic Rep.",2020,15381.5845437266,87723443,13.723,55.3022689819336,76.238,184.90914917,75.5986404418945
IRN,"Iran, Islamic Rep.",2019,14841.0751514998,87051648,16.812,56.54296875,78.832,223.64257813,75.2038879394531
IRN,"Iran, Islamic Rep.",2018,15364.8049052614,86117998,17.341,57.9571418762207,78.612,244.21661377,74.8034286499023
IRN,"Iran, Islamic Rep.",2017,16167.9677224227,85026754,17.358,62.2489585876465,78.349,457.22549438,74.4011840820312
IRN,"Iran, Islamic Rep.",2016,15920.3718021202,83812228,16.174,63.8946418762207,78.109,433.9196167,73.8796100096595
IRN,"Iran, Islamic Rep.",2015,14841.9048340737,82619362,14.362,66.2445526123047,77.84,423.28967285,73.3561403575949
IRN,"Iran, Islamic Rep.",2014,15262.8515760903,81502045,12.994,62.3088912963867,77.565,395.027771,72.8324070385223
IRN,"Iran, Islamic Rep.",2013,14734.740588719,80414686,13.344,55.5274887084961,77.285,412.02786255,72.3030873515412
IRN,"Iran, Islamic Rep.",2012,15159.2948206531,79370580,14.89,54.507999420166,76.993,500.21826172,71.7633634041294
IRN,"Iran, Islamic Rep.",2011,15947.766097961,78383598,13.595,48.448600769043,76.723,505.33276367,71.204050944517
IRN,"Iran, Islamic Rep.",2010,15729.9131707266,77420842,15.14,42.9514312744141,76.433,424.60494995,70.6092626774386
IRN,"Iran, Islamic Rep.",2009,15055.1494647199,76457825,15.692,38.0134811401367,76.134,354.25738525,69.99007683587
IRN,"Iran, Islamic Rep.",2008,15091.2506521463,75514204,14.763,39.1407318115234,75.821,288.85775757,69.3790072996746
IRN,"Iran, Islamic Rep.",2007,15237.4237850549,74602648,17.005,31.8951206207275,75.496,237.51042175,68.806189933608
IRN,"Iran, Islamic Rep.",2006,14320.6568534545,73392747,18.042,26.5123901367188,75.151,192.07597351,68.3101850492144
IRN,"Iran, Islamic Rep.",2005,13935.7743087596,71828455,18.684,23.3864803314209,74.758,169.8145752,67.8708801269531
IRN,"Iran, Islamic Rep.",2004,13807.1953114023,70256316,17.555,22.0902194976807,74.412,139.75932312,67.2567367553711
IRN,"Iran, Islamic Rep.",2003,13519.4501926929,68769340,16.486,19.7185096740723,72.698,115.51907349,66.6049270629883
IRN,"Iran, Islamic Rep.",2002,12583.044990424,68011317,15.5,17.9927196502686,73.584,104.64128113,65.9271621704102
IRN,"Iran, Islamic Rep.",2001,11739.0090911282,67452005,14.578,18.6210994720459,73.138,93.23036957,65.2168655395508
IRN,"Iran, Islamic Rep.",2000,11643.1218077696,66418659,13.691,17.2309799194336,72.716,79.89089203,64.4780120849609
IRN,"Iran, Islamic Rep.",1999,11163.6950736445,65445391,12.853,16.6381797790527,72.261,,63.7097473144531
IRN,"Iran, Islamic Rep.",1998,11101.507869196,64519859,12.058,,71.807,,62.9052391052246
IRN,"Iran, Islamic Rep.",1997,11025.7202371524,63639638,11.304,,71.236,,62.1140785217285
IRN,"Iran, Islamic Rep.",1996,11010.0094976248,62881300,10.591,14.3763198852539,70.944,,61.0621868466265
IRN,"Iran, Islamic Rep.",1995,10465.0259592685,62205567,10.395,,70.52,,60.42333984375
IRN,"Iran, Islamic Rep.",1994,10333.4330005595,61520598,10.208,,70.101,,59.553092956543
IRN,"Iran, Islamic Rep.",1993,10531.9952777275,61403543,10.048,,69.641,,58.6953926086426
IRN,"Iran, Islamic Rep.",1992,10727.4183671547,61184983,9.907,,69.233,,57.850040435791
IRN,"Iran, Islamic Rep.",1991,10592.3319257222,59986931,9.769,,68.773,,56.8992834183695
IRN,"Iran, Islamic Rep.",1990,9656.00116894359,58380092,9.57,,66.257,,56.4611129760742
IRQ,Iraq,2024,12725.0431260364,46042015,11.003,,74.184,,69.8861494108913
IRQ,Iraq,2023,13202.3228073856,45074049,10.913,,74.055,333.29360962,69.868278503418
IRQ,Iraq,2022,13433.3977166956,44070551,11.183,,73.798,283.17074585,69.8682861328125
IRQ,Iraq,2021,12731.7535755128,43071211,10.902,,72.415,251.59538269,69.8682708740234
IRQ,Iraq,2020,12827.6345392293,42116605,10.885,,72.294,248.04725647,69.8683166503906
IRQ,Iraq,2019,14910.225032382,41192171,11.582,,73.01,241.73873901,69.8683395385742
IRQ,Iraq,2018,14456.2357053191,40265624,11.446,,72.842,232.86825562,69.8765148865842
IRQ,Iraq,2017,14417.6306896454,39337353,11.334,,72.475,197.23654175,69.8944511190753
IRQ,Iraq,2016,15016.0920644557,38469627,14.65,,72.145,199.88560486,69.9123778259643
IRQ,Iraq,2015,13516.0271989173,37560535,14.178,,72.04,149.07951355,69.920524597168
IRQ,Iraq,2014,13536.8227681399,36550059,13.722,,71.776,178.98071289,69.6666641235352
IRQ,Iraq,2013,13712.931714296,35281989,12.777,,71.234,186.78742981,69.444450378418
IRQ,Iraq,2012,13357.0143882323,33654842,11.883,,70.92,174.48312378,69.2222213745117
IRQ,Iraq,2011,12267.5848940645,32161424,11.965,,70.547,161.89790344,69.1252233869916
IRQ,Iraq,2010,11816.8410150233,31045366,12.048,,70.248,144.54083252,69.0582953378474
IRQ,Iraq,2009,11470.5178061728,30058206,12.132,,70.051,140.1234436,68.9742328505284
IRQ,Iraq,2008,11511.9387643638,28971036,12.215,,69.767,139.28845215,68.8569818968574
IRQ,Iraq,2007,10853.8161022286,28391607,12.29,,69.377,100.59433746,68.716475540845
IRQ,Iraq,2006,10568.9137652953,28616515,11.89,,69.133,56.76464462,68.5590667282222
IRQ,Iraq,2005,10078.4437646814,28407448,11.504,11.4250802993774,69.005,53.0551796,68.391425621866
IRQ,Iraq,2004,10210.5631004936,27577878,11.131,11.3960399627685,68.729,51.81518173,68.2202223846538
IRQ,Iraq,2003,6849.3320080035,26802659,10.77,,68.445,26.98275757,68.0521271794625
IRQ,Iraq,2002,11144.0505255902,26006559,10.423,8.72393035888672,68.224,,67.8938101691696
IRQ,Iraq,2001,12529.6084050976,25197840,10.089,,67.811,,67.751941516652
IRQ,Iraq,2000,12702.1641950892,24424056,9.765,8.32952976226807,67.334,,67.6331913847871
IRQ,Iraq,1999,11237.8537439925,23636527,9.451,8.06447982788086,66.986,,67.5442299364519
IRQ,Iraq,1998,9871.73398030775,22884399,9.146,,66.886,,67.4917273345237
IRQ,Iraq,1997,7545.72976100631,22176593,8.85,,66.954,,67.4895351063262
IRQ,Iraq,1996,6419.36981876252,21501321,8.78,,67.522,,67.6058471597764
IRQ,Iraq,1995,5969.66964096052,20825860,8.754,,67.905,,67.845869106155
IRQ,Iraq,1994,6044.87104810181,20139807,8.714,,68.356,,68.1745234453098
IRQ,Iraq,1993,6105.04166284904,19201195,8.693,,68.765,,68.559023536089
IRQ,Iraq,1992,4916.26440292597,18300845,8.666,,68.902,,68.9665827373411
IRQ,Iraq,1991,3819.16194826651,17767253,8.552,,66.267,,69.3644144079145
IRQ,Iraq,1990,10735.09411029,17581206,8.512,,63.373,,69.7197319066576
IRL,Ireland,2024,118833.312071751,5395790,59.838,,84.7,7394.85009766,64.3470379255585
IRL,Ireland,2023,117659.728593716,5311538,60.155,,84.6,6877.9375,64.1152082461268
IRL,Ireland,2022,123007.47648651,5212836,59.114,85.6828994750977,84.2,6407.92333984,63.8920250215059
IRL,Ireland,2021,116702.85817485,5110585,57.851,85.4047088623047,84.2,6754.07519531,63.6774229356985
IRL,Ireland,2020,101793.447525871,5039747,55.055,80.4380416870117,84.3,6073.10546875,63.4713366724915
IRL,Ireland,2019,96205.7961557005,4976456,56.207,79.9536972045898,84.7,5454.31152344,63.2737009154127
IRL,Ireland,2018,93115.8393498329,4898022,55.999,81.5404968261719,84.1,5494.98632813,63.0844503476779
IRL,Ireland,2017,87731.7897045734,4827445,55.589,81.7507629394531,84.0,5023.51123047,62.9035196521232
IRL,Ireland,2016,80760.0974145688,4762722,55.533,81.5644683837891,83.6,4746.93701172,62.7229399123734
IRL,Ireland,2015,80815.6415277345,4701957,54.809,80.5805511474609,83.4,4575.84912109,62.6392123492764
IRL,Ireland,2014,65463.1952541564,4657740,54.884,75.8586730957031,83.5,5309.90380859,62.535401730577
IRL,Ireland,2013,60285.2376140094,4623816,55.227,73.4494018554688,83.1,5295.52050781,62.4047157756118
IRL,Ireland,2012,59303.0319813561,4599533,54.719,70.1784210205078,83.1,5187.27197266,62.2529318511038
IRL,Ireland,2011,59797.0537343463,4580084,54.93,70.4553985595703,83.0,5538.00195313,62.0872735820277
IRL,Ireland,2010,59107.4220740498,4560155,55.247,65.4138031005859,83.1,5133.45507813,61.8910689348512
IRL,Ireland,2009,58446.726333492,4535375,56.102,60.386791229248,82.7,5502.88769531,61.6421022728798
IRL,Ireland,2008,62213.6453256462,4489544,56.827,58.6846199035645,82.4,5638.77929688,61.3581903884996
IRL,Ireland,2007,66475.8410142999,4398942,56.969,65.0848236083984,82.1,4858.64501953,61.0601979374234
IRL,Ireland,2006,64975.4086496251,4273591,55.735,65.2195205688477,81.7,4147.1328125,60.7703677431593
IRL,Ireland,2005,63579.7134384122,4159914,54.982,65.3105621337891,81.3,3938.19116211,60.4882988006461
IRL,Ireland,2004,61452.8660388324,4070262,53.323,65.5349197387695,81.1,3483.16064453,60.1994750854288
IRL,Ireland,2003,58608.3353816693,3996521,53.229,62.8252906799316,80.7,2910.93212891,59.9120142632573
IRL,Ireland,2002,57828.0116338414,3931947,53.12,59.7976684570312,80.4,2200.35742188,59.6367259990731
IRL,Ireland,2001,55534.5698068816,3866243,52.425,56.066520690918,79.9,1823.73474121,59.3763923617156
IRL,Ireland,2000,53582.8313532284,3805174,51.936,,79.2,1564.83764648,59.1247997891425
IRL,Ireland,1999,49634.5026736477,3754786,50.811,,78.9,,58.8800098607384
IRL,Ireland,1998,45415.0455160312,3712696,49.775,,79.1,,58.6407683900153
IRL,Ireland,1997,42192.5848112478,3674171,48.341,,78.7,,58.4058211904851
IRL,Ireland,1996,38386.9116734053,3637510,48.15,,78.7,,58.1743161677665
IRL,Ireland,1995,36032.7774732501,3608841,46.304,,78.312,,57.9391944274763
IRL,Ireland,1994,33035.2362632759,3590386,45.28,,78.658,,57.6989865369237
IRL,Ireland,1993,31360.6490651216,3576261,44.307,,78.161,,57.4647494894716
IRL,Ireland,1992,30691.3955973094,3558430,42.888,,78.288,,57.2482078114213
IRL,Ireland,1991,29901.8063008033,3534235,42.454,,77.902,,57.0615580637211
IRL,Ireland,1990,29504.8772657821,3513974,41.721,,77.72,,56.9095941132045
IMN,Isle of Man,2024,,84160,,,83.202,,52.1633405796294
IMN,Isle of Man,2023,,84165,,,83.134,,52.1832571730182
IMN,Isle of Man,2022,,84132,,,83.09,,52.1955609162662
IMN,Isle of Man,2021,,84106,,,82.607,,52.1999559660634
IMN,Isle of Man,2020,,84064,,,82.739,,52.1909519786866
IMN,Isle of Man,2019,,83957,,,82.778,,52.1789898247578
IMN,Isle of Man,2018,,83805,,,82.546,,52.1651893864538
IMN,Isle of Man,2017,,83609,,,82.326,,52.1498415744309
IMN,Isle of Man,2016,,83466,,,82.099,,52.1331532169475
IMN,Isle of Man,2015,,83593,,,81.87,,52.1164840474526
IMN,Isle of Man,2014,,83892,,,81.745,,52.0997913403899
IMN,Isle of Man,2013,,84141,,,81.65,,52.0804107092926
IMN,Isle of Man,2012,,84335,,,81.546,,52.0555317322629
IMN,Isle of Man,2011,,84382,,,81.376,,52.0246324097527
IMN,Isle of Man,2010,,83873,,,81.157,,51.9396170300917
IMN,Isle of Man,2009,,82939,,,80.848,,51.7305375428215
IMN,Isle of Man,2008,,82029,,,80.496,,51.4683663096054
IMN,Isle of Man,2007,,81147,,,80.046,,51.2353481079414
IMN,Isle of Man,2006,,80294,,,79.653,,51.1148712415781
IMN,Isle of Man,2005,,79516,,,79.249,,51.1608382095573
IMN,Isle of Man,2004,,78792,,,78.806,,51.3260536002657
IMN,Isle of Man,2003,,78049,,,78.318,,51.5389094585101
IMN,Isle of Man,2002,,77275,,,77.926,,51.7294050812584
IMN,Isle of Man,2001,,76476,,,77.562,,51.8267726358515
IMN,Isle of Man,2000,,75659,,,77.273,,51.8280887588444
IMN,Isle of Man,1999,,74790,,,77.044,,51.821658247347
IMN,Isle of Man,1998,,73861,,,76.947,,51.8123361086376
IMN,Isle of Man,1997,,72909,,,76.844,,51.8018367218248
IMN,Isle of Man,1996,,72047,,,76.775,,51.7918815779566
IMN,Isle of Man,1995,,71513,,,76.724,,51.7838845879791
IMN,Isle of Man,1994,,71168,,,76.718,,51.7771247581586
IMN,Isle of Man,1993,,70772,,,76.636,,51.7698301376695
IMN,Isle of Man,1992,,70353,,,76.59,,51.7602299893162
IMN,Isle of Man,1991,,69808,,,76.451,,51.7473739470826
IMN,Isle of Man,1990,,68916,,,76.24,,51.7020197044612
ISR,Israel,2024,47388.7236682364,10002200,62.196,66.4578323364258,85.4,,91.536188843818
ISR,Israel,2023,47671.2476926086,9849000,61.338,67.1937103271484,85.5,3927.69873047,91.5089569794505
ISR,Israel,2022,48132.3637205177,9557500,61.109,69.7412796020508,84.8,4107.72998047,91.4979834273327
ISR,Israel,2021,46151.100820403,9371400,59.696,71.5316162109375,84.6,4294.18847656,91.5353517549466
ISR,Israel,2020,42926.5415418584,9215100,59.403,68.5005187988281,84.8,3616.50219727,91.5788453228939
ISR,Israel,2019,44492.1226967084,9054000,60.618,68.75048828125,84.7,3335.24511719,91.6154002002652
ISR,Israel,2018,43782.6526491689,8882800,60.857,68.7577819824219,84.8,3199.41625977,91.6456193546346
ISR,Israel,2017,42895.585129847,8713300,60.283,70.5677108764648,84.6,3074.44604492,91.6701057535759
ISR,Israel,2016,41914.5802977706,8546000,60.412,71.6497573852539,84.2,2783.82495117,91.6894623646632
ISR,Israel,2015,40889.5989080834,8380100,60.114,71.5240631103516,84.1,2645.78857422,91.7042921554705
ISR,Israel,2014,40795.6290927281,8215700,60.146,71.8312835693359,84.1,2804.23144531,91.7151980935716
ISR,Israel,2013,40095.4756773092,8059500,59.183,71.9934921264648,83.9,2673.3371582,91.7227831465406
ISR,Israel,2012,39245.5078117687,7910500,59.333,73.23779296875,83.6,2405.1809082,91.7276502819515
ISR,Israel,2011,39036.0247356871,7765800,57.126,71.7006988525391,83.5,2442.29052734,91.7304024673781
ISR,Israel,2010,37686.3420833543,7623600,57.466,70.3962097167969,83.6,2237.90795898,91.7316426703946
ISR,Israel,2009,36364.7843182661,7485600,57.132,67.6258773803711,83.3,2034.45812988,91.7319738585748
ISR,Israel,2008,36795.4799112424,7308800,56.196,64.5011978149414,83.0,2126.11132813,91.7292868898136
ISR,Israel,2007,36288.0655118571,7180100,56.162,65.4130630493164,82.4,1769.92504883,91.713639843393
ISR,Israel,2006,34744.8675092298,7053700,55.654,61.6446304321289,82.5,1555.56396484,91.6825760364229
ISR,Israel,2005,33491.9913996395,6930100,55.28,63.6953010559082,82.2,1509.10583496,91.6384296279033
ISR,Israel,2004,32665.8537052438,6809000,54.666,62.1553993225098,82.4,1438.98999023,91.5829008110251
ISR,Israel,2003,31771.2115906733,6689700,54.174,62.702278137207,81.8,1384.18737793,91.5176897789793
ISR,Israel,2002,31892.5395978816,6570000,53.29,64.3134689331055,81.5,1355.33447266,91.4444967249569
ISR,Israel,2001,32591.2116817431,6439000,53.73,59.123161315918,81.2,1509.44506836,91.365021842149
ISR,Israel,2000,33278.5412285682,6289000,53.469,,80.9,1473.00915527,91.2809653237465
ISR,Israel,1999,31466.1683689237,6125000,52.465,,80.4,,91.1940273629403
ISR,Israel,1998,31250.1071698272,5971000,51.32,,80.3,,91.1059081529216
ISR,Israel,1997,30713.159801923,5836000,51.403,,80.1,,91.0183078868813
ISR,Israel,1996,30392.8973069758,5692000,51.462,,80.0,,90.9329267580104
ISR,Israel,1995,29477.45829469,5545000,51.665,,79.5,,90.8511786571744
ISR,Israel,1994,28399.3981907056,5399000,50.697,,79.4,,90.7714284488131
ISR,Israel,1993,27129.2193762452,5261000,49.079,,79.1,,90.6914856329246
ISR,Israel,1992,26758.4290726582,5123000,47.962,,78.4,,90.6099902925991
ISR,Israel,1991,25704.7207371288,4949000,46.685,,78.5,,90.5255108272659
ISR,Israel,1990,25340.9813271336,4660000,46.277,,78.4,,90.4366156363544
ITA,Italy,2024,53284.8745049149,58952704,41.03,,86.0,3397.68798828,69.6047535143071
ITA,Italy,2023,52842.6288831758,58984216,41.312,89.5502166748047,85.4,3283.47216797,69.5381540123301
ITA,Italy,2022,52333.3274270604,59013667,40.517,87.0492401123047,84.8,3154.57104492,69.4839779766539
ITA,Italy,2021,49825.3934111848,59133173,39.884,83.6108093261719,84.9,3414.57299805,69.4812507629394
ITA,Italy,2020,45505.0688708956,59438851,39.501,80.6036605834961,84.5,3058.90014648,69.5187492370606
ITA,Italy,2019,49690.6298505274,59729081,40.908,76.7722702026367,85.7,2908.83154297,69.5050010681153
ITA,Italy,2018,49355.8751913504,59877221,40.777,75.0691223144531,85.6,3031.46459961,69.4800033569336
ITA,Italy,2017,48849.2183534756,60002252,40.578,72.5003280639648,85.2,2851.28686523,69.5180784259382
ITA,Italy,2016,47987.8379581014,60115223,40.069,70.9039916992188,85.6,2735.27783203,69.5969232525286
ITA,Italy,2015,47311.8255262709,60229605,39.391,70.6464385986328,84.9,2707.43310547,69.6100006103516
ITA,Italy,2014,46825.6511245062,60320707,39.746,71.014778137207,85.6,3190.46777344,69.5807638614879
ITA,Italy,2013,46833.3615309303,60311613,39.323,71.2914886474609,85.2,3139.87939453,69.3073989916076
ITA,Italy,2012,47795.9579360541,60191247,39.368,73.4740982055664,84.8,3071.00048828,68.7608794235259
ITA,Italy,2011,49473.0149235634,60026841,38.069,75.8592300415039,84.8,3358.95654297,68.4015073889511
ITA,Italy,2010,49301.6959141674,59819407,37.881,77.1249694824219,84.7,3190.72045898,68.2163741829857
ITA,Italy,2009,48774.3916833748,59555454,37.951,78.9738006591797,84.3,3314.15844727,68.0494239486665
ITA,Italy,2008,51806.3906176391,59211181,38.396,79.2834091186523,84.2,3483.39086914,67.9071958431441
ITA,Italy,2007,52747.1905476807,58756247,37.675,80.4895629882812,84.2,3077.41381836,67.7857771296669
ITA,Italy,2006,52304.2402949819,58399861,37.888,78.2340393066406,84.1,2821.77392578,67.6812550714834
ITA,Italy,2005,51585.6445807938,58166682,37.755,75.5002593994141,83.6,2669.72802734,67.5897169318419
ITA,Italy,2004,51495.0028841364,57828179,38.128,72.6958312988281,83.7,2560.45776367,67.5072499739908
ITA,Italy,2003,51126.2585544038,57399184,36.803,68.7625122070312,82.8,2160.91210938,67.4299414611787
ITA,Italy,2002,51369.1149098293,57089824,36.326,64.5262832641602,83.2,1762.359375,67.3538786566538
ITA,Italy,2001,51332.2904432567,56976981,35.863,60.9029808044434,83.2,1586.67272949,67.27519882288
ITA,Italy,2000,50353.4200415436,56942108,35.396,,82.8,1524.23962402,67.1932283786243
ITA,Italy,1999,48493.6651210308,56916317,35.158,,82.6,,67.1102142532851
ITA,Italy,1998,47701.3974191265,56906744,34.477,,82.1,,67.0286199053679
ITA,Italy,1997,46869.4256086419,56890372,33.984,,82.0,,66.950870776995
ITA,Italy,1996,46008.2389303796,56860281,33.789,,81.8,,66.8793923102889
ITA,Italy,1995,45410.1391731091,56844303,33.142,,81.5,,66.8166099473719
ITA,Italy,1994,44136.7059141923,56843400,33.099,,81.2,,66.7649491303665
ITA,Italy,1993,43216.1096444751,56831821,33.328,,81.0,,66.7268353013949
ITA,Italy,1992,43614.4850883758,56797087,33.868,,80.8,,66.7046939025797
ITA,Italy,1991,43283.0204441901,56758521,35.484,,80.4,,66.7007288477386
ITA,Italy,1990,42656.7445101659,56719240,34.955,,80.3,,66.709368079219
JAM,Jamaica,2024,11340.2638800451,2839175,62.913,,74.146,,58.9301585439922
JAM,Jamaica,2023,11398.8120394641,2839786,63.047,,73.994,520.15704346,58.4510149367429
JAM,Jamaica,2022,11096.6377085321,2839144,60.803,,73.979,521.12023926,57.9879906034775
JAM,Jamaica,2021,10430.6909771759,2837682,58.395,,71.477,413.36227417,57.5411017937226
JAM,Jamaica,2020,9891.96932961548,2830739,57.579,,74.014,364.76513672,57.1103647563627
JAM,Jamaica,2019,10816.3720391154,2823271,59.835,,74.008,390.79431152,56.6957957395074
JAM,Jamaica,2018,10636.0929784551,2820097,58.309,,74.038,381.47775269,56.297410990325
JAM,Jamaica,2017,10391.0378224678,2815764,58.604,,74.14,367.35095215,55.9152267548307
JAM,Jamaica,2016,10179.2536486158,2809915,57.654,,74.233,330.15463257,55.549259277615
JAM,Jamaica,2015,9931.89875715182,2802534,58.524,33.4145170879865,74.332,334.89901733,55.1995248014924
JAM,Jamaica,2014,9872.15913752129,2793749,54.469,,74.441,312.77233887,54.8660395670395
JAM,Jamaica,2013,9839.96506606095,2783687,53.938,35.8417187543796,74.536,322.03283691,54.548819811983
JAM,Jamaica,2012,9829.03510015044,2772430,53.024,36.529567867777,74.602,330.38525391,54.2478817703732
JAM,Jamaica,2011,9932.48380946963,2760494,52.646,34.78015863958,74.579,341.33453369,53.956586109128
JAM,Jamaica,2010,9805.90172806302,2748568,52.347,35.4674060988677,74.44,309.86782837,53.7535679480806
JAM,Jamaica,2009,9992.97699539021,2736995,53.753,31.1562900543213,74.311,282.09719849,53.5618180258738
JAM,Jamaica,2008,10490.4686134498,2725635,55.689,31.1781101226807,74.158,334.75042725,53.3674108497524
JAM,Jamaica,2007,10622.4442829007,2713800,55.937,,74.065,292.00213623,53.1703742191887
JAM,Jamaica,2006,10522.2367459591,2700968,56.177,,73.952,243.38668823,52.9707359336549
JAM,Jamaica,2005,10278.6834382546,2687066,56.394,,73.956,243.57797241,52.7685237926234
JAM,Jamaica,2004,10244.2066702878,2672225,56.565,,73.793,222.27250671,52.5637655955662
JAM,Jamaica,2003,10169.7500243245,2656623,56.534,,73.713,177.21534729,52.3564891419558
JAM,Jamaica,2002,9869.71291927176,2640572,56.932,23.573299407959,73.46,205.3553772,52.1467222312645
JAM,Jamaica,2001,9736.06291757526,2624403,57.325,21.8096294403076,73.217,180.66116333,51.934190578424
JAM,Jamaica,2000,9667.92474492316,2607826,58.147,18.32200050354,73.104,206.44976807,51.7165550768252
JAM,Jamaica,1999,9650.43726482499,2589795,58.984,,72.956,,51.4928203415923
JAM,Jamaica,1998,9624.92935948127,2569736,59.928,,72.856,,51.2645934193083
JAM,Jamaica,1997,9939.66172862006,2547848,60.544,,72.808,,51.0332754966239
JAM,Jamaica,1996,10147.4641121652,2524463,61.131,,72.811,,50.8002677601895
JAM,Jamaica,1995,10257.8065381959,2500151,61.673,,72.897,,50.5669713966556
JAM,Jamaica,1994,10123.2339381488,2475220,62.174,,72.933,,50.3347875926727
JAM,Jamaica,1993,10088.232357755,2449916,62.628,,72.984,,50.1051175348913
JAM,Jamaica,1992,9315.8581885588,2424701,63.033,,72.946,,49.8793624099619
JAM,Jamaica,1991,9227.87613770652,2400869,63.441,,72.847,,49.6585107146052
JAM,Jamaica,1990,8879.65295231625,2379877,63.881,,72.709,,49.4494361378472
JPN,Japan,2024,47479.8448545667,123975371,55.596,,87.13,,92.1901718034531
JPN,Japan,2023,47387.2172542523,124516650,54.847,63.6293296813965,87.14,3638.19287109,92.0826903891473
JPN,Japan,2022,46819.360613609,125124989,54.173,62.4147987365723,87.09,4201.79248047,91.9776532428406
JPN,Japan,2021,45999.4617966896,125681593,53.46,61.4403381347656,87.57,4843.94433594,91.8741049279527
JPN,Japan,2020,44212.5503415724,126261000,53.09,61.7583694458008,87.71,4581.60986328,91.7809926267889
JPN,Japan,2019,46055.3498672487,126633000,53.24,61.6450004577637,87.45,4431.29980469,91.7164207898107
JPN,Japan,2018,46133.0225978718,126811000,52.368,61.637508392334,87.32,4265.77929688,91.6377318609728
JPN,Japan,2017,45693.3776080987,126972000,51.031,62.0141181945801,87.26,4135.24316406,91.5498419685883
JPN,Japan,2016,44926.6202909525,127076000,50.208,60.9771881103516,87.14,4194.22802734,91.4541254852142
JPN,Japan,2015,44589.3032854003,127141000,49.41,60.5325317382812,86.99,3754.18115234,91.3532644103625
JPN,Japan,2014,43754.438013293,127276000,49.176,60.4954986572266,86.83,4121.21142578,91.2548945132333
JPN,Japan,2013,43304.1181931426,127445000,48.739,59.7386589050293,86.61,4356.15527344,91.1516595654317
JPN,Japan,2012,42394.9433175064,127629000,48.028,,86.41,5232.36279297,91.0265277326652
JPN,Japan,2011,41640.6608721251,127833000,48.09,,85.9,5103.34326172,90.8631654434251
JPN,Japan,2010,41647.0458542008,128070000,48.34,,86.3,4071.80200195,90.6228586840649
JPN,Japan,2009,39999.9464203408,128047000,48.438,,86.44,3696.58422852,90.1131158718189
JPN,Japan,2008,42518.8423408417,128063000,48.36,,86.05,3223.29101563,89.2921563808851
JPN,Japan,2007,43041.5697058021,128001000,48.388,,85.99,2781.49365234,88.2701404492656
JPN,Japan,2006,42358.9337348253,127854000,48.401,,85.81,2763.53344727,87.1460898958075
JPN,Japan,2005,41740.352036905,127773000,48.284,,85.52,2892.60473633,85.9573620483714
JPN,Japan,2004,40986.7225710497,127761000,48.163,,85.59,2884.67358398,84.3710541898905
JPN,Japan,2003,40152.1282635641,127718000,48.157,,85.33,2650.23852539,82.4206778416671
JPN,Japan,2002,39690.3676794625,127445000,48.457,,85.23,2412.35131836,80.5469860733981
JPN,Japan,2001,39748.9837725849,127149000,49.051,,84.93,2488.65185547,79.1577482060887
JPN,Japan,2000,39731.7953686304,126843000,49.19,,84.6,2751.38452148,78.6126803295375
JPN,Japan,1999,38647.2705275615,126631000,49.522,,83.99,,78.448341899402
JPN,Japan,1998,38852.9526557943,126400000,50.064,,84.01,,78.3266396189341
JPN,Japan,1997,39661.7312762235,126057000,50.318,,83.82,,78.2318902291629
JPN,Japan,1996,39221.765120663,125757000,49.968,,83.59,,78.1374047267253
JPN,Japan,1995,38137.9346304016,125472000,49.914,,82.85,,78.0190838015653
JPN,Japan,1994,37352.6868581318,125178000,50.111,,82.98,,77.8843368177677
JPN,Japan,1993,37088.8020049844,124829000,50.265,,82.51,,77.7480283183434
JPN,Japan,1992,37402.9442395168,124425000,50.667,,82.22,,77.6108029675096
JPN,Japan,1991,37226.3339021829,123964000,50.627,,82.11,,77.4744816932723
JPN,Japan,1990,36137.8442587458,123478000,50.062,,81.9,,77.3404178010312
JOR,Jordan,2024,10468.265334284,11552876,16.008,43.6054644483467,80.335,,92.9501393764286
JOR,Jordan,2023,10308.7821986337,11439213,15.933,40.4090341678811,80.192,342.10394287,92.682236868336
JOR,Jordan,2022,10158.4738771524,11256263,13.922,39.9900863074411,79.433,334.387146,92.4048379066163
JOR,Jordan,2021,10056.5611261239,11066356,13.964,37.1504694896402,76.645,322.01589966,92.117972910453
JOR,Jordan,2020,9872.3094512325,10865228,14.975,35.9681072976761,78.252,303.4822998,91.8216722992319
JOR,Jordan,2019,10168.3588523537,10671891,13.685,35.1728040357134,79.231,294.92785645,91.515966492507
JOR,Jordan,2018,10183.0248366235,10462306,14.649,37.0075501126946,78.834,289.47106934,91.2008859099729
JOR,Jordan,2017,10220.492781193,10234226,16.612,33.0025457029457,78.378,289.04656982,90.8764609714428
JOR,Jordan,2016,10197.5044990617,10006367,15.051,38.0438002887414,77.814,278.13378906,90.56272794707
JOR,Jordan,2015,10469.6306302225,9544729,13.599,41.1773712011024,77.295,301.63067627,89.8881391939133
JOR,Jordan,2014,11086.6905487513,8791710,12.283,,76.873,302.14120483,88.0371754329978
JOR,Jordan,2013,11804.1225335126,7991809,12.946,,76.569,308.94308472,86.4627110188335
JOR,Jordan,2012,12104.1217423938,7587127,13.864,50.4808802511437,76.359,325.97836304,84.9592629639423
JOR,Jordan,2011,11988.4963110815,7480424,14.424,42.9862573137181,76.183,321.59057617,83.5505043825064
JOR,Jordan,2010,11942.572010796,7297043,14.464,42.8696092407306,76.02,303.8081665,82.2601083887084
JOR,Jordan,2009,11888.6617212582,7141753,14.589,47.0157508850098,75.938,316.92221069,81.1117480967305
JOR,Jordan,2008,11555.728825835,6989866,13.939,46.2810897827148,75.764,275.17532349,80.1290966207551
JOR,Jordan,2007,11034.2922176813,6827227,14.367,43.2695083618164,75.622,208.03627014,79.3358270749644
JOR,Jordan,2006,10834.8737267915,6427371,11.579,42.5890693664551,75.431,188.72041321,78.755612573541
JOR,Jordan,2005,10684.9424228538,6029587,11.382,43.4914512634277,75.169,185.0302124,78.412126230667
JOR,Jordan,2004,10127.8527547101,5882061,11.116,45.1623001098633,74.942,175.04393005,78.3185350370311
JOR,Jordan,2003,9556.48163712053,5741828,10.852,40.1000595092773,74.749,161.87841797,78.3069420335538
JOR,Jordan,2002,9380.11324124271,5616066,11.892,34.4050598144531,74.506,164.75001526,78.2972918926847
JOR,Jordan,2001,9056.19447281902,5498894,11.289,,74.292,161.33900452,78.2902365290261
JOR,Jordan,2000,8781.60904744228,5386945,11.845,30.4773101806641,74.09,151.33486938,78.2848247546539
JOR,Jordan,1999,8600.36943915146,5276444,11.739,,73.829,,78.280105381644
JOR,Jordan,1998,8499.07689804781,5164284,11.663,,73.586,,78.2751272220723
JOR,Jordan,1997,8443.48146361982,5046285,11.61,22.8023204803467,73.378,,78.2689390880147
JOR,Jordan,1996,8395.63208718512,4912516,11.569,19.885290145874,73.097,,78.260589791547
JOR,Jordan,1995,8501.61905829876,4752096,11.572,,72.848,,78.2491281447452
JOR,Jordan,1994,8339.88427710177,4561406,11.488,18.8062000274658,72.605,,78.185706296847
JOR,Jordan,1993,8334.81403079152,4348020,11.44,20.5331802368164,72.34,,77.8575009481257
JOR,Jordan,1992,8402.68031410694,4127693,11.406,20.1491394042969,72.112,,77.2093821104241
JOR,Jordan,1991,7747.14378568886,3915149,11.142,20.1145095825195,71.868,,76.2935259644948
JOR,Jordan,1990,8241.80478655254,3621908,11.201,20.8662395477295,71.608,,75.1493682468269
KAZ,Kazakhstan,2024,35973.9633287017,20592571,65.291,58.382587764246,78.515,,62.072531584162
KAZ,Kazakhstan,2023,34703.2349286604,20330104,65.029,59.9310187694943,78.394,489.71456909,61.7560919499181
KAZ,Kazakhstan,2022,33506.2614893237,20034609,64.743,63.15518036521,77.752,421.60028076,61.444157327248
KAZ,Kazakhstan,2021,32945.8515725823,19743603,64.068,65.0919364629015,74.07,391.81536865,61.030254280267
KAZ,Kazakhstan,2020,32011.5491499004,19482117,63.607,67.9651341780338,75.468,329.57086182,59.9871193541692
KAZ,Kazakhstan,2019,33298.2123695035,19209555,64.661,62.8662608612947,77.743,263.61331177,59.0832474269546
KAZ,Kazakhstan,2018,32330.2274546567,18932727,64.818,56.8632416667494,77.503,266.92147827,58.2388038921695
KAZ,Kazakhstan,2017,31524.4416339794,18651931,65.018,54.9374917142779,77.215,272.98272705,57.4586448748837
KAZ,Kazakhstan,2016,30758.3227260598,18363600,65.205,49.9797136641103,76.876,255.84049988,56.7476265001667
KAZ,Kazakhstan,2015,30893.7594851041,18084169,65.46,53.3817275538811,76.482,310.01428223,56.1106048930882
KAZ,Kazakhstan,2014,30986.4379168995,17816285,65.71,56.2437528967015,76.031,369.68508911,55.5524361787178
KAZ,Kazakhstan,2013,30177.4887221736,17556502,65.892,50.3136509780666,75.526,358.91342163,55.0779764821252
KAZ,Kazakhstan,2012,28881.2417563728,17306106,66.037,58.0417542618071,74.971,365.04208374,54.69208192838
KAZ,Kazakhstan,2011,27946.1603432944,17066002,66.207,56.1058247885356,74.382,293.73300171,54.3996086425518
KAZ,Kazakhstan,2010,26374.8407672795,16836810,66.333,52.2161304685783,73.776,240.6149292,54.2054127497102
KAZ,Kazakhstan,2009,24901.3527260084,16619846,66.47,,73.195,240.99569702,54.1167144748885
KAZ,Kazakhstan,2008,24895.6645683245,16426525,66.716,,72.642,245.79397583,54.1287736358813
KAZ,Kazakhstan,2007,24351.3464102542,16257214,65.859,,72.146,174.33786011,54.2346203341799
KAZ,Kazakhstan,2006,22574.3429577665,16103716,65.019,62.3720092773438,71.705,170.9365387,54.4137278108953
KAZ,Kazakhstan,2005,20565.5294470866,15968117,64.626,,71.311,139.57885742,54.6481873472392
KAZ,Kazakhstan,2004,18886.5811908122,15850159,64.826,,70.943,108.43822479,54.9200902244233
KAZ,Kazakhstan,2003,17344.752672995,15747380,65.085,,70.614,72.90396881,55.2115277236592
KAZ,Kazakhstan,2002,15960.8738450013,15656677,64.993,,70.284,56.88095856,55.5045911261585
KAZ,Kazakhstan,2001,14612.0290050498,15575550,65.29,,69.963,49.36683273,55.7813717131331
KAZ,Kazakhstan,2000,12935.864368308,15501103,65.834,32.7738990783691,69.665,49.093647,56.0239607657944
KAZ,Kazakhstan,1999,11815.7732115429,15455874,66.336,25.4092998504639,69.413,,56.2102542327601
KAZ,Kazakhstan,1998,11364.0307809315,15647785,66.567,,69.227,,56.3528764778678
KAZ,Kazakhstan,1997,11298.5805497095,16043251,66.588,,69.132,,56.4887303910647
KAZ,Kazakhstan,1996,10857.4353898737,16416027,66.838,31.6747493743896,69.137,,56.6232468416365
KAZ,Kazakhstan,1995,10600.3302270095,16730536,66.993,36.2093696594238,69.209,,56.7529543748356
KAZ,Kazakhstan,1994,11334.9831283773,17043771,66.528,35.7982215881348,69.388,,56.8743815359144
KAZ,Kazakhstan,1993,12795.8746425372,17274487,65.814,,69.575,,56.9840568701253
KAZ,Kazakhstan,1992,14045.1035780375,17332625,65.371,,69.766,,57.0785089227206
KAZ,Kazakhstan,1991,14877.5273541269,17278600,65.143,,69.922,,57.1542662389527
KAZ,Kazakhstan,1990,16837.690749004,17154054,64.779,,70.022,,57.2078573640742
KEN,Kenya,2024,5841.59866001706,56432944,63.012,9.22833239610256,66.122,,31.8937831721599
KEN,Kenya,2023,5691.82513474417,55339003,62.946,7.29617444896105,65.92,84.958992,31.6330340816429
KEN,Kenya,2022,5491.69378280246,54252461,62.832,,65.869,91.18416595,31.4307820066946
KEN,Kenya,2021,5338.85243382781,53219166,62.668,,63.636,94.20249176,31.2879334021971
KEN,Kenya,2020,5057.40115537429,52217334,62.167,,64.24,86.5921936,31.2063494632616
KEN,Kenya,2019,5171.71264279257,51202827,62.817,,65.1,85.64528656,31.1895566421135
KEN,Kenya,2018,5017.66784674664,50207107,65.814,,65.003,75.27681732,31.3940041639796
KEN,Kenya,2017,4846.86210851932,49197766,68.685,9.87902250081384,64.933,66.46552277,31.5383650847102
KEN,Kenya,2016,4770.31046388086,48139687,71.417,9.45202482086448,64.669,73.88768005,31.6502520105647
KEN,Kenya,2015,4679.62182831938,47088526,71.356,7.62795677618623,64.344,70.94755554,31.7338026039958
KEN,Kenya,2014,4558.55155266374,46051440,71.295,,63.969,72.84589386,31.7931545274563
KEN,Kenya,2013,4443.371215682,44986791,71.235,,63.615,67.59809875,31.8324454433988
KEN,Kenya,2012,4387.93790075409,43888303,71.175,,63.37,64.48231506,31.8558130142761
KEN,Kenya,2011,4307.10611556858,42758461,71.114,,63.057,57.02286911,31.8673949025409
KEN,Kenya,2010,4211.52462957784,41598567,71.055,,62.575,58.8164711,31.8713287706458
KEN,Kenya,2009,4012.19428382397,40408891,70.995,3.28626990318298,62.052,55.455616,31.8603086707305
KEN,Kenya,2008,4002.88364073792,39206351,70.936,,61.455,54.35681915,31.4230276259143
KEN,Kenya,2007,4116.45094720856,38036349,70.877,,60.81,49.44605255,30.4153861196239
KEN,Kenya,2006,3970.73349887685,36904008,70.819,,60.229,40.3040123,28.9830768551925
KEN,Kenya,2005,3844.73557120578,35796484,70.761,2.23710989952087,59.517,30.9943428,27.2686745625048
KEN,Kenya,2004,3743.56785736929,34713455,70.703,2.22143006324768,58.853,27.65002823,25.4147539714454
KEN,Kenya,2003,3674.08592758409,33652223,70.646,,58.18,25.64012337,23.563889811899
KEN,Kenya,2002,3681.2569427491,32629808,70.588,2.00716996192932,57.605,22.28772163,21.8586568137501
KEN,Kenya,2001,3778.25854755615,31619170,70.531,2.01213002204895,57.261,22.11487579,20.4416297068833
KEN,Kenya,2000,3756.63622296879,30642890,70.474,1.98087000846863,56.76,21.53400993,19.4553832211834
KEN,Kenya,1999,3848.46470612727,29733408,70.418,,56.624,,19.0288523643308
KEN,Kenya,1998,3871.82176322447,28888057,70.327,,56.315,,18.8798697768976
KEN,Kenya,1997,3853.37139280354,28101768,70.248,,56.168,,18.7575952945971
KEN,Kenya,1996,3941.40919481353,27344211,70.169,,56.263,,18.6611020359295
KEN,Kenya,1995,3890.0985511465,26601751,70.092,,56.872,,18.5827604922377
KEN,Kenya,1994,3833.22357838589,25857130,70.012,,57.379,,18.5149411548647
KEN,Kenya,1993,3844.92029783599,25117188,69.932,,58.214,,18.4500145151536
KEN,Kenya,1992,3946.84093437851,24382460,69.859,,58.798,,18.3803510644475
KEN,Kenya,1991,4102.47677512965,23646514,69.795,,59.489,,18.2983212940893
KEN,Kenya,1990,4177.48603310346,22892651,69.733,,60.006,,18.1962956954221
KIR,Kiribati,2024,3275.00186630433,134518,,6.91193008422852,68.324,,62.4620431275642
KIR,Kiribati,2023,3175.02475728903,132530,,,68.17,238.12675476,61.5244676194408
KIR,Kiribati,2022,3127.17745381556,130469,,,67.896,217.68276978,60.5739126559419
KIR,Kiribati,2021,3024.21029665634,128377,,,65.773,263.09573364,59.6364645301985
KIR,Kiribati,2020,2839.17274622563,126099,,,67.129,239.24353027,58.4123714112748
KIR,Kiribati,2019,2926.59366475855,123921,,,67.498,177.93025208,56.2846727145489
KIR,Kiribati,2018,2875.41766341166,122084,,,67.436,208.73831177,54.5004023142497
KIR,Kiribati,2017,2822.02092296284,120275,,,67.407,179.57881165,52.9734697275451
KIR,Kiribati,2016,2762.28741039854,118478,,,67.406,157.72897339,51.7710553002321
KIR,Kiribati,2015,2616.17635911711,116815,,,67.426,118.3345871,50.9541970402064
KIR,Kiribati,2014,2381.65349253168,115326,,,67.454,155.38656616,50.3909308922385
KIR,Kiribati,2013,2382.67559474112,113838,,,67.476,154.34346008,49.9687043258795
KIR,Kiribati,2012,2242.30105765006,112284,,,67.484,146.6194458,49.5800786695548
KIR,Kiribati,2011,2150.65854434166,110647,,,67.473,141.5138092,49.1228169536795
KIR,Kiribati,2010,2119.91176706204,108704,,,67.442,133.15927124,48.4603839564718
KIR,Kiribati,2009,2138.23987425041,106467,,,67.396,167.97206116,47.3510238975116
KIR,Kiribati,2008,2172.63601744656,104222,,,67.338,190.33927917,45.9461325515373
KIR,Kiribati,2007,2286.73943693111,102068,,,67.274,148.0586853,44.6212141757087
KIR,Kiribati,2006,2264.4516846113,100017,,,67.205,126.86061859,43.7349826427011
KIR,Kiribati,2005,2184.06094408808,98035,,,67.126,131.88641357,43.5443274444527
KIR,Kiribati,2004,2199.95258272342,96085,,,67.03,132.29045105,43.5238025326975
KIR,Kiribati,2003,2258.32313744125,94175,,,66.908,102.43731689,43.510668313316
KIR,Kiribati,2002,2341.99557733328,92264,,,66.751,92.96794891,43.4985457088421
KIR,Kiribati,2001,2357.88396425016,90335,,,66.556,85.88798523,43.4777440627131
KIR,Kiribati,2000,2481.73318329794,88613,,,66.323,65.61151886,43.3274808848011
KIR,Kiribati,1999,2364.64913231153,87126,,,66.055,,42.2976634213444
KIR,Kiribati,1998,2503.18275861743,85657,,,65.756,,40.5328905371864
KIR,Kiribati,1997,2439.722674441,84147,,,65.432,,38.6030123331399
KIR,Kiribati,1996,2455.81569397419,82623,,,65.081,,37.0518305378991
KIR,Kiribati,1995,2499.10778181477,81234,,,64.759,,36.3333481846524
KIR,Kiribati,1994,2469.03750427619,80021,,,64.423,,35.9876137513594
KIR,Kiribati,1993,2455.76448938155,78841,,,64.047,,35.7162203273478
KIR,Kiribati,1992,2496.31621103546,77641,,,63.624,,35.4883396105748
KIR,Kiribati,1991,2047.41606309396,76367,,,63.154,,35.2581279892105
KIR,Kiribati,1990,2213.82383793259,74855,,,62.64,,34.9862195296306
PRK,"Korea, Dem. People's Rep.",2024,,26498823,77.722,,75.88,,63.8589748211522
PRK,"Korea, Dem. People's Rep.",2023,,26418204,77.724,,75.744,,63.5382165423021
PRK,"Korea, Dem. People's Rep.",2022,,26328845,77.693,,75.72,,63.2274365906829
PRK,"Korea, Dem. People's Rep.",2021,,26232534,76.483,,75.487,,62.926560562457
PRK,"Korea, Dem. People's Rep.",2020,,26136312,76.306,,75.691,,62.6355140538495
PRK,"Korea, Dem. People's Rep.",2019,,26037632,77.787,,75.863,,62.3542226611578
PRK,"Korea, Dem. People's Rep.",2018,,25931147,77.788,17.9555892944336,75.64,,62.0826119807623
PRK,"Korea, Dem. People's Rep.",2017,,25817709,77.622,,75.461,,61.8206076091402
PRK,"Korea, Dem. People's Rep.",2016,,25698326,77.484,,75.198,,61.5681351428803
PRK,"Korea, Dem. People's Rep.",2015,,25575350,77.608,19.7659301757812,74.992,,61.3247571174501
PRK,"Korea, Dem. People's Rep.",2014,,25451262,77.556,,74.684,,61.0940947540873
PRK,"Korea, Dem. People's Rep.",2013,,25329451,77.582,,74.304,,60.8843063158034
PRK,"Korea, Dem. People's Rep.",2012,,25211728,77.61,,73.92,,60.6781140779735
PRK,"Korea, Dem. People's Rep.",2011,,25097874,77.646,,73.57,,60.4836230684404
PRK,"Korea, Dem. People's Rep.",2010,,24987258,77.663,,73.257,,60.307007469148
PRK,"Korea, Dem. People's Rep.",2009,,24878332,77.635,20.1261501312256,72.957,,60.1544414620403
PRK,"Korea, Dem. People's Rep.",2008,,24764618,77.59,,72.789,,60.0310692203612
PRK,"Korea, Dem. People's Rep.",2007,,24646383,77.684,,72.643,,59.926906023448
PRK,"Korea, Dem. People's Rep.",2006,,24524507,77.626,,72.741,,59.8339025655097
PRK,"Korea, Dem. People's Rep.",2005,,24396433,77.572,,72.813,,59.7506437119853
PRK,"Korea, Dem. People's Rep.",2004,,24254943,77.685,,72.897,,59.6753901274401
PRK,"Korea, Dem. People's Rep.",2003,,24090380,77.736,,72.95,,59.6064024764394
PRK,"Korea, Dem. People's Rep.",2002,,23943973,77.782,,63.924,,59.5419414235486
PRK,"Korea, Dem. People's Rep.",2001,,23815358,77.808,,63.914,,59.4802676333329
PRK,"Korea, Dem. People's Rep.",2000,,23665910,77.922,,63.904,,59.4196417703576
PRK,"Korea, Dem. People's Rep.",1999,,23497599,77.913,,63.871,,59.358324499188
PRK,"Korea, Dem. People's Rep.",1998,,23311564,78.105,,63.813,,59.2945764843893
PRK,"Korea, Dem. People's Rep.",1997,,23110830,78.042,,63.76,,59.2266583905269
PRK,"Korea, Dem. People's Rep.",1996,,22895746,77.766,,63.683,,59.1528308821661
PRK,"Korea, Dem. People's Rep.",1995,,22669304,77.612,,63.588,,59.0713546238722
PRK,"Korea, Dem. People's Rep.",1994,,22393975,77.416,,73.69,,58.9804902802104
PRK,"Korea, Dem. People's Rep.",1993,,22073352,77.298,,73.786,,58.8749864094298
PRK,"Korea, Dem. People's Rep.",1992,,21750911,77.099,,73.791,,58.7491836666181
PRK,"Korea, Dem. People's Rep.",1991,,21428638,76.817,,73.278,,58.6006169603097
PRK,"Korea, Dem. People's Rep.",1990,,21112137,76.635,,73.004,,58.4355762737958
KOR,"Korea, Rep.",2024,55070.9386194121,51751065,56.826,105.185653686523,86.6,3136.78564453,81.1682528469686
KOR,"Korea, Rep.",2023,54029.3434990785,51712619,56.038,99.2188186645508,86.4,3043.87329102,81.1645551720421
KOR,"Korea, Rep.",2022,53228.6035655365,51672569,55.03,94.4947814941406,85.6,3078.55151367,81.1624941626873
KOR,"Korea, Rep.",2021,51718.2518656631,51769539,53.65,91.6238479614258,86.6,3125.82714844,81.1616526507785
KOR,"Korea, Rep.",2020,49374.0926148025,51836239,53.137,87.7054290771484,86.5,2699.6640625,81.1759595622913
KOR,"Korea, Rep.",2019,49790.8679884821,51764822,53.772,84.5599365234375,86.3,2602.4831543,81.2901063535619
KOR,"Korea, Rep.",2018,48834.4471157733,51585058,53.224,83.1325073242188,85.7,2523.04003906,81.3823523035196
KOR,"Korea, Rep.",2017,47536.7898568851,51361911,53.073,82.671630859375,85.7,2258.15307617,81.471030429984
KOR,"Korea, Rep.",2016,46088.2430785383,51217803,52.568,82.147087097168,85.4,2042.72949219,81.5559241797057
KOR,"Korea, Rep.",2015,44849.106767089,51014947,52.391,81.904052734375,85.2,1950.89575195,81.639489860678
KOR,"Korea, Rep.",2014,43806.9250985661,50746659,51.839,81.6551284790039,85.0,1922.98803711,81.7315682816954
KOR,"Korea, Rep.",2013,42709.9751857887,50428893,50.805,82.8079605102539,84.6,1738.80847168,81.8269383502703
KOR,"Korea, Rep.",2012,41537.6728611117,50199853,50.29,83.8895874023438,84.2,1603.93432617,81.9087898200378
KOR,"Korea, Rep.",2011,40719.2273771671,49936638,49.994,85.3423614501953,84.0,1570.54943848,81.9615408086376
KOR,"Korea, Rep.",2010,39574.0500732947,49554112,49.767,85.1834182739258,83.6,1417.10913086,81.9685075986486
KOR,"Korea, Rep.",2009,37176.1939270969,49307835,49.575,84.7031784057617,83.4,1150.97253418,81.9245045084002
KOR,"Korea, Rep.",2008,37064.1518484106,49054708,50.353,84.2002105712891,83.0,1186.375,81.8350833138518
KOR,"Korea, Rep.",2007,36257.3401689702,48683638,50.648,82.6704330444336,82.5,1256.36437988,81.712125801927
KOR,"Korea, Rep.",2006,34429.6222013137,48438292,50.833,78.9022827148438,82.1,1130.53796387,81.566462110512
KOR,"Korea, Rep.",2005,32886.0472450743,48184561,50.664,74.0774078369141,81.6,944.55078125,81.3901352283669
KOR,"Korea, Rep.",2004,31579.5283048867,48082519,50.637,69.0488128662109,81.2,764.49401855,81.104386778171
KOR,"Korea, Rep.",2003,30142.4605585814,47892330,49.477,64.1331787109375,80.8,684.79833984,80.707793508044
KOR,"Korea, Rep.",2002,29395.2766036796,47644736,50.369,60.8071594238281,80.3,536.91662598,80.2766294544335
KOR,"Korea, Rep.",2001,27440.6564915847,47370164,50.001,57.5034294128418,80.1,503.15795898,79.8787704357425
KOR,"Korea, Rep.",2000,26404.1588575745,47008111,49.35,54.803539276123,79.7,475.2520752,79.579960745642
KOR,"Korea, Rep.",1999,24382.2508517369,46616677,47.675,,79.2,,79.3623394908518
KOR,"Korea, Rep.",1998,22000.3387603516,46286503,47.124,,79.0,,79.1812369650495
KOR,"Korea, Rep.",1997,23311.0420901741,45953580,49.826,,78.7,,78.9918025094803
KOR,"Korea, Rep.",1996,22139.7963785414,45524681,48.948,,78.3,,78.7508147919442
KOR,"Korea, Rep.",1995,20697.8969808345,45092991,48.449,,77.9,,78.400437187912
KOR,"Korea, Rep.",1994,19052.2990926264,44641540,47.906,,77.7,,77.8585649228147
KOR,"Korea, Rep.",1993,17595.9036148432,44194628,47.16,,77.3,,77.1082857281795
KOR,"Korea, Rep.",1992,16613.4907015983,43747962,47.199,,76.8,,76.1960694185519
KOR,"Korea, Rep.",1991,15784.4668669974,43295704,47.219,,76.4,,75.1606018983188
KOR,"Korea, Rep.",1990,14377.8839203268,42869283,47.207,,75.9,,73.9851161168568
XKX,Kosovo,2024,15716.2925564586,1594353,,,80.281,,50.3214443938994
XKX,Kosovo,2023,14240.2030320365,1682668,,,80.118,,49.1105579101515
XKX,Kosovo,2022,13022.4627441502,1768096,,,79.811,,47.8001996538455
XKX,Kosovo,2021,12362.4210181213,1786079,,,76.996,,46.4995789423362
XKX,Kosovo,2020,11137.5028560404,1790151,,,76.635,,45.2268625263391
XKX,Kosovo,2019,11774.1178510908,1788891,,,79.363,,44.0002171565695
XKX,Kosovo,2018,11188.2244627966,1797086,,,79.177,,42.8378095837429
XKX,Kosovo,2017,10856.2902074239,1791019,,,79.056,,41.7578065585746
XKX,Kosovo,2016,10434.8888259268,1777568,,,78.864,,40.7783748317802
XKX,Kosovo,2015,9824.99105955319,1788274,,,78.306,,39.917681154075
XKX,Kosovo,2014,9150.74997293883,1812788,,,78.501,,39.1938922761744
XKX,Kosovo,2013,8828.27683251638,1818119,,,78.38,,38.6251749487938
XKX,Kosovo,2012,8431.66232694657,1807126,,,77.908,,38.2296959226488
XKX,Kosovo,2011,8359.93621479336,1791949,,,77.535,,38.0255184272137
XKX,Kosovo,2010,7877.10199850556,1788743,,,76.946,,37.929940798209
XKX,Kosovo,2009,7481.45889832785,1794681,,,76.961,,37.8480031463455
XKX,Kosovo,2008,7098.40301909042,1800858,,,76.902,,37.7783181358957
XKX,Kosovo,2007,,1807094,,,76.582,,37.7193962866165
XKX,Kosovo,2006,,1813079,,,75.664,,37.6697481182649
XKX,Kosovo,2005,,1818354,,,75.297,,37.627884150598
XKX,Kosovo,2004,,1822773,,,75.078,,37.5923149033726
XKX,Kosovo,2003,,1826434,,,74.678,,37.5615508963458
XKX,Kosovo,2002,,1829462,,,74.231,,37.5341026492746
XKX,Kosovo,2001,,1820009,,,73.788,,37.508480681916
XKX,Kosovo,2000,,1802493,,,73.344,,37.4831955140268
XKX,Kosovo,1999,,1871524,,,66.314,,37.4567576653642
XKX,Kosovo,1998,,2078964,,,71.922,,37.4276776556851
XKX,Kosovo,1997,,2197284,,,71.786,,37.3944660047464
XKX,Kosovo,1996,,2168753,,,71.272,,37.3556332323052
XKX,Kosovo,1995,,2137514,,,70.822,,37.3096898581184
XKX,Kosovo,1994,,2105256,,,70.73,,37.2551464019431
XKX,Kosovo,1993,,2072664,,,70.209,,37.1905133835362
XKX,Kosovo,1992,,2039723,,,69.506,,37.1143013226547
XKX,Kosovo,1991,,2005362,,,68.817,,37.0273860392739
XKX,Kosovo,1990,,1973790,,,68.422,,36.8905281278828
KWT,Kuwait,2024,46664.2195116056,4897263,47.336,,85.4,,100.0
KWT,Kuwait,2023,47790.1933239144,4853420,48.179,,83.7,1679.12353516,100.0
KWT,Kuwait,2022,51379.8833194119,4589643,49.616,,81.1,1683.39929199,100.0
KWT,Kuwait,2021,50651.9575337091,4360865,47.507,65.9408689214824,79.3,1829.13134766,100.0
KWT,Kuwait,2020,49372.8187938552,4400267,46.538,73.6753293712972,80.4,1542.72143555,100.0
KWT,Kuwait,2019,51380.6455354631,4442316,49.32,72.0643503604847,83.03,1643.16491699,100.0
KWT,Kuwait,2018,51623.8078622052,4323515,49.614,74.5099989061366,81.435,1658.60375977,100.0
KWT,Kuwait,2017,52285.5871175696,4154812,49.868,77.4231910735153,81.236,1351.72387695,100.0
KWT,Kuwait,2016,56936.620842726,4004096,49.532,83.8888888888889,80.997,1292.71984863,100.0
KWT,Kuwait,2015,57763.5174574395,3834574,49.648,80.4249421600295,80.718,1259.55786133,100.0
KWT,Kuwait,2014,60065.6544076232,3665876,49.539,73.2873775520301,80.452,1293.8326416,100.0
KWT,Kuwait,2013,62458.8089221249,3507844,49.289,,80.178,1235.29321289,100.0
KWT,Kuwait,2012,64908.262639237,3337109,48.889,,79.927,1216.8684082,100.0
KWT,Kuwait,2011,64844.5019019408,3132814,48.147,,79.701,1147.15539551,100.0
KWT,Kuwait,2010,62956.2152904125,2943372,47.287,,79.502,1050.41589355,100.0
KWT,Kuwait,2009,67896.2680451995,2795484,46.689,,79.329,1025.90490723,100.0
KWT,Kuwait,2008,77036.5083833055,2651421,46.272,,79.182,1069.46472168,100.0
KWT,Kuwait,2007,79474.7611346377,2507887,46.049,,79.061,880.71105957,100.0
KWT,Kuwait,2006,79521.3484338455,2364733,46.028,,78.959,782.20379639,100.0
KWT,Kuwait,2005,78193.9012127585,2236788,46.087,,78.868,727.25366211,100.0
KWT,Kuwait,2004,73298.0621819477,2157320,45.921,28.715950012207,78.778,649.42504883,99.94716743531
KWT,Kuwait,2003,67984.3145062554,2109881,45.617,28.8520603179932,78.679,626.35095215,99.7655794280652
KWT,Kuwait,2002,59348.6172741565,2059974,45.016,28.4298801422119,78.563,578.41534424,99.5090276880805
KWT,Kuwait,2001,59099.6653133601,2008121,44.533,27.368049621582,78.428,553.75134277,99.2347539628831
KWT,Kuwait,2000,60585.3026788164,1954709,44.177,,78.289,425.20968628,99.0
KWT,Kuwait,1999,59533.9542752452,1900030,43.937,29.0053997039795,78.159,,98.7836741452018
KWT,Kuwait,1998,62450.0884424765,1844302,43.786,,78.052,,98.5480279188186
KWT,Kuwait,1997,62151.9518270333,1787683,43.687,28.7182807922363,77.98,,98.325317830217
KWT,Kuwait,1996,62665.2243536425,1730246,43.595,29.5979690551758,77.96,,98.1478003887634
KWT,Kuwait,1995,64093.5178778949,1681513,43.109,28.1337108612061,77.964,,98.0496205617356
KWT,Kuwait,1994,61753.8489990065,1664361,42.38,22.2743606567383,77.972,,98.0197679829403
KWT,Kuwait,1993,56684.1863309395,1672151,41.106,21.1479797363281,77.963,,98.0014588573446
KWT,Kuwait,1992,43266.9328651676,1634961,40.678,21.8927803039551,77.918,,97.9889439981594
KWT,Kuwait,1991,28633.9695922465,1351399,41.195,,77.614,,97.980345036988
KWT,Kuwait,1990,38932.9435275146,1684819,41.395,16.7447700500488,76.876,,97.9737836054336
KGZ,Kyrgyz Republic,2024,7210.57669830499,7221868,44.256,59.4297558866073,76.6,,34.7219977865937
KGZ,Kyrgyz Republic,2023,6575.77541290499,7099750,43.495,58.4761976216379,76.5,96.65081787,34.706439175362
KGZ,Kyrgyz Republic,2022,6139.77788825006,6975220,45.238,57.3295174557447,76.3,88.07954407,34.7003053497743
KGZ,Kyrgyz Republic,2021,5736.47883415154,6851224,43.997,56.1375383402996,76.1,72.58779144,34.7521210171204
KGZ,Kyrgyz Republic,2020,5537.79547319377,6726596,43.877,50.10201538797,76.0,61.25272751,34.8174315392111
KGZ,Kyrgyz Republic,2019,6087.60193826927,6590211,44.04,46.022590263451,75.8,61.39657974,34.8805205758044
KGZ,Kyrgyz Republic,2018,5951.82876758606,6444079,44.016,44.7212161347249,75.6,65.34625244,34.9408997219466
KGZ,Kyrgyz Republic,2017,5861.22200040503,6306696,42.44,45.3427305911039,75.4,76.60479736,34.9980805726839
KGZ,Kyrgyz Republic,2016,5715.01041179003,6175338,46.17,48.6948857002869,75.1,71.52179718,35.0515747230627
KGZ,Kyrgyz Republic,2015,5600.2143342846,6040036,47.459,51.0750477664643,74.8,79.54891205,35.1008937681291
KGZ,Kyrgyz Republic,2014,5513.7544695252,5905848,47.601,50.9556439528104,74.5,93.15830994,35.1455493029297
KGZ,Kyrgyz Republic,2013,5418.54061993935,5777150,45.843,53.4510962860239,74.3,103.59209442,35.1850529225105
KGZ,Kyrgyz Republic,2012,4993.39431683528,5652076,50.03,49.7378162653605,74.1,98.66984558,35.218916221918
KGZ,Kyrgyz Republic,2011,5092.85165751678,5546587,52.124,46.8004070454196,73.7,78.73632813,35.2466507961984
KGZ,Kyrgyz Republic,2010,4876.47964886483,5467059,51.445,47.7446087202185,73.5,60.67642975,35.267768240398
KGZ,Kyrgyz Republic,2009,4969.96132720374,5389643,51.098,49.5684509277344,73.2,59.93972397,35.2815523593591
KGZ,Kyrgyz Republic,2008,4894.9427801376,5318729,51.43,51.7609214782715,72.6,62.77722549,35.2897130588983
KGZ,Kyrgyz Republic,2007,4558.71267894172,5268385,52.888,45.5744094848633,72.3,49.61043167,35.2954926466692
KGZ,Kyrgyz Republic,2006,4240.17017797554,5218373,54.428,45.0560913085938,72.1,44.5950737,35.2997926803498
KGZ,Kyrgyz Republic,2005,4156.95849230116,5162640,54.886,43.6173286437988,71.9,34.93693161,35.3030968124082
KGZ,Kyrgyz Republic,2004,4211.52248307857,5104713,54.64,40.9934387207031,72.2,26.37302399,35.3058886953128
KGZ,Kyrgyz Republic,2003,3982.92722017802,5043308,55.843,41.3604202270508,72.2,21.68980598,35.3086519815317
KGZ,Kyrgyz Republic,2002,3760.53239965257,4990704,57.114,43.333911895752,72.1,14.4122982,35.3118703235333
KGZ,Kyrgyz Republic,2001,3795.89059344129,4945073,56.929,38.5882110595703,72.6,12.87845421,35.3160273737858
KGZ,Kyrgyz Republic,2000,3638.46314292227,4898362,57.886,32.5980682373047,72.4,12.0349474,35.3216067847574
KGZ,Kyrgyz Republic,1999,3491.93773268741,4840422,58.82,27.5285091400146,72.6,,35.3281527012343
KGZ,Kyrgyz Republic,1998,3419.22330736215,4769015,59.303,28.4098796844482,71.2,,35.377704663362
KGZ,Kyrgyz Republic,1997,3399.93427126665,4696421,59.439,25.2856502532959,71.4,,35.5531340123269
KGZ,Kyrgyz Republic,1996,3138.66615671114,4628438,61.306,23.2240104675293,71.0,,35.830952932877
KGZ,Kyrgyz Republic,1995,2974.71163891294,4560454,62.588,22.2478408813477,70.4,,36.1812142869325
KGZ,Kyrgyz Republic,1994,3176.92381882726,4515069,61.029,23.5769290924072,70.7,,36.5739709364138
KGZ,Kyrgyz Republic,1993,3973.88323931033,4516777,55.977,24.4106903076172,71.7,,36.9792757432412
KGZ,Kyrgyz Republic,1992,4701.99138098658,4515400,52.522,,72.2,,37.367181569335
KGZ,Kyrgyz Republic,1991,5520.42979891313,4463634,49.559,,72.7,,37.7077412766154
KGZ,Kyrgyz Republic,1990,6095.68108610235,4391236,47.9,,72.6,,37.9710077270028
LAO,Lao PDR,2024,8600.3245466568,7769819,61.466,,71.53,,39.5552154401406
LAO,Lao PDR,2023,8372.15591874407,7664993,61.407,12.6891498565674,71.25,27.41773605,38.8070088517156
LAO,Lao PDR,2022,8183.03286472653,7559007,61.37,13.8471889323409,71.0,41.34779739,38.0682382805397
LAO,Lao PDR,2021,8080.43553249923,7453194,60.323,13.3323283839577,70.072,68.61697388,37.338778268357
LAO,Lao PDR,2020,7995.59502527818,7346533,58.68,13.5463160686123,71.045,51.96581268,36.6185033569111
LAO,Lao PDR,2019,8075.27502377003,7237636,58.125,14.6763594753094,70.156,67.57865143,35.9072880879451
LAO,Lao PDR,2018,7775.08574451883,7128045,57.066,15.1543085945674,69.815,57.1708374,35.2050070032013
LAO,Lao PDR,2017,7432.4596330485,7018147,56.02,15.8843137478738,69.561,61.42248535,34.5115346444216
LAO,Lao PDR,2016,7063.25545347926,6908802,56.106,17.1474893352804,69.26,54.3762207,33.8267455533474
LAO,Lao PDR,2015,6703.74124348885,6801645,56.202,17.8083221104104,68.896,52.04236603,33.1240204432199
LAO,Lao PDR,2014,6341.2122967032,6703172,56.311,17.853631047193,68.553,45.53330612,32.6638235172635
LAO,Lao PDR,2013,5974.47368943414,6611385,56.437,17.7961753129667,68.001,43.49770355,32.2264033448341
LAO,Lao PDR,2012,5608.96956337059,6518978,56.58,15.7861364549263,67.452,32.46548843,31.7422801040872
LAO,Lao PDR,2011,5266.87866924206,6426590,56.731,14.8946694010488,66.882,27.11878395,31.2146877128668
LAO,Lao PDR,2010,4946.10563678173,6334194,56.892,14.475640296936,66.083,34.52460861,30.6468600890172
LAO,Lao PDR,2009,4625.07173324518,6241642,57.075,14.40505027771,65.432,35.71521378,30.0420311503825
LAO,Lao PDR,2008,4367.162880257,6148969,57.24,11.4731597900391,64.692,26.74945259,29.4034348148069
LAO,Lao PDR,2007,4112.25301659759,6056236,57.421,9.50275993347168,64.222,24.56666374,28.7343050001346
LAO,Lao PDR,2006,3881.53736632657,5963200,57.604,7.14925003051758,63.57,19.22654533,28.0378756242097
LAO,Lao PDR,2005,3630.55878769378,5869523,57.826,6.36629009246826,63.07,17.33082581,27.3224977292697
LAO,Lao PDR,2004,3441.16999706515,5781626,58.012,4.30999994277954,62.376,16.23278809,26.5371091732139
LAO,Lao PDR,2003,3282.9853971272,5697945,58.182,3.49166011810303,61.705,17.59125519,25.5945881340707
LAO,Lao PDR,2002,3143.22327579556,5610889,58.343,2.94503998756409,61.114,12.90540886,24.5247834668291
LAO,Lao PDR,2001,3015.63258480614,5521482,58.503,2.26731991767883,60.568,14.46665001,23.3728884682287
LAO,Lao PDR,2000,2899.01961879748,5431212,58.658,1.82859003543854,59.875,14.10313892,22.1840964350091
LAO,Lao PDR,1999,2786.52039703471,5340784,58.818,1.51186001300812,59.324,,21.0036006639099
LAO,Lao PDR,1998,2642.56618699585,5248266,59.039,1.21580994129181,59.02,,19.8765944516706
LAO,Lao PDR,1997,2589.20762864101,5152011,59.126,1.5508199930191,58.695,,18.8482710950308
LAO,Lao PDR,1996,2473.77285753148,5045678,59.324,1.44766998291016,58.175,,17.9638238907301
LAO,Lao PDR,1995,2368.05475182536,4929409,59.518,0.945969998836517,57.693,,17.2790469212159
LAO,Lao PDR,1994,2267.78215521397,4809220,59.715,0.718389987945557,57.082,,16.7622074371706
LAO,Lao PDR,1993,2152.2765966407,4685060,59.959,0.790210008621216,56.798,,16.3205402025163
LAO,Lao PDR,1992,2088.02004083238,4559646,60.104,,56.253,,15.9255067602307
LAO,Lao PDR,1991,2033.58258303281,4435118,60.233,,55.825,,15.5691704902549
LAO,Lao PDR,1990,2005.50049410401,4311955,60.303,0.73387998342514,55.145,,15.2435947725302
LVA,Latvia,2024,37615.0762450744,1866124,55.516,99.4980316162109,81.5,,68.4839492628509
LVA,Latvia,2023,37277.7217221317,1883710,55.436,101.502548217773,80.6,1645.4152832,68.3586316343061
LVA,Latvia,2022,37718.7097958367,1879383,55.299,108.475112915039,79.4,1642.47131348,68.2570218109034
LVA,Latvia,2021,36912.0130602161,1884490,54.167,108.810440063477,78.0,1897.95275879,68.1808791463693
LVA,Latvia,2020,34225.8976044058,1900449,55.844,109.43717956543,80.0,1313.35412598,68.1211222872228
LVA,Latvia,2019,35208.1934590859,1913822,55.474,111.019950866699,80.1,1183.1151123,68.066323694246
LVA,Latvia,2018,34729.7062763057,1927174,55.639,111.845207214355,79.7,1101.49243164,68.0160346376376
LVA,Latvia,2017,33036.3915943437,1942248,55.064,105.058967590332,79.7,932.50158691,67.9706866054779
LVA,Latvia,2016,31668.5148442662,1959537,54.863,98.1053314208984,79.6,874.79772949,67.9307110858472
LVA,Latvia,2015,30599.6133134147,1977527,54.029,91.1335601806641,79.5,775.86431885,67.8965395668259
LVA,Latvia,2014,29243.7412502629,1993782,53.301,83.7770690917969,79.4,856.76654053,67.8686035364944
LVA,Latvia,2013,28375.1842887263,2012647,53.773,83.7531204223633,78.9,807.13000488,67.847334482933
LVA,Latvia,2012,27496.5454583635,2034319,54.088,81.6425323486328,78.9,745.51745605,67.8331638942219
LVA,Latvia,2011,25308.7322074626,2059709,52.909,84.8251419067383,78.8,764.59179688,67.8266897008267
LVA,Latvia,2010,24119.7307848939,2097555,53.73,88.4324493408203,78.4,689.07720947,67.8270681752453
LVA,Latvia,2009,24520.6791475489,2141669,54.357,95.3236999511719,78.1,744.66162109,67.8323653539295
LVA,Latvia,2008,28726.9722869522,2177322,54.841,95.6201934814453,77.9,913.52148438,67.8420335208058
LVA,Latvia,2007,29423.7371235063,2200325,52.909,95.5410079956055,76.5,775.19146729,67.8558853865191
LVA,Latvia,2006,26431.8140222767,2218357,51.945,96.5535736083984,76.5,552.30163574,67.873733661714
LVA,Latvia,2005,23213.3539355881,2238799,50.386,97.2924270629883,77.4,440.8097229,67.8953910570353
LVA,Latvia,2004,20574.118201251,2263122,50.405,94.5926971435547,77.2,393.29806519,67.9206702831277
LVA,Latvia,2003,18717.6675525538,2287955,50.516,89.2535400390625,76.9,280.50878906,67.9493840506358
LVA,Latvia,2002,17096.5594440255,2310173,51.07,84.9314193725586,76.8,237.29516602,67.9813450702046
LVA,Latvia,2001,15695.906718153,2337170,49.936,79.8180618286133,76.6,205.02047729,68.0163660524785
LVA,Latvia,2000,14554.2131724037,2367550,48.977,,76.0,181.57072449,68.0520561441955
LVA,Latvia,1999,13619.098799485,2390482,49.84,,75.29,,68.1257188379637
LVA,Latvia,1998,13138.4012524255,2410019,51.577,,74.8,,68.2946532826521
LVA,Latvia,1997,12215.0151940189,2432851,51.891,,75.05,,68.5431100935952
LVA,Latvia,1996,11077.8618422597,2457222,52.416,,74.8,,68.8495525824891
LVA,Latvia,1995,10707.5149969006,2485056,52.75,,73.06,,69.1924440610299
LVA,Latvia,1994,10656.609005478,2520742,53.03,,72.62,,69.5502478409138
LVA,Latvia,1993,10255.1419301566,2563290,53.559,,73.33,,69.9014272338369
LVA,Latvia,1992,10582.2074616453,2614338,53.839,,74.44,,70.2244455514955
LVA,Latvia,1991,15376.0911858137,2650581,53.413,,74.6,,70.4977661055857
LVA,Latvia,1990,17508.7871005399,2663151,53.782,,74.6,,70.6998522078036
LBN,Lebanon,2024,10469.2210966932,5805962,,,79.857,,90.703695784554
LBN,Lebanon,2023,11330.2687387422,5773493,22.234,,79.734,260.8119812,90.4524074197598
LBN,Lebanon,2022,11474.7505845558,5744489,22.339,,79.864,230.39093018,90.206313713022
LBN,Lebanon,2021,11599.7755083765,5718122,23.882,,76.357,189.8581543,89.965362045441
LBN,Lebanon,2020,12507.4366368078,5702398,25.944,,78.669,303.48632813,89.729499798117
LBN,Lebanon,2019,15659.5661040012,5794594,29.286,57.1435211987779,80.048,798.13421631,89.4986743521503
LBN,Lebanon,2018,16290.0516478592,5984119,28.47,54.2066617357206,80.093,740.38696289,89.272833088641
LBN,Lebanon,2017,16128.5838196051,6160128,27.67,50.4894604066163,80.13,671.77996826,89.0519233886895
LBN,Lebanon,2016,15572.3611739774,6323060,26.885,48.7059189063228,80.171,640.96563721,88.835892633396
LBN,Lebanon,2015,14980.020515614,6472469,26.114,41.060400495244,80.096,572.07220459,88.6246882038608
LBN,Lebanon,2014,15205.873265402,6346990,25.401,48.8564987182617,79.968,569.97937012,88.4182574811842
LBN,Lebanon,2013,16396.4969302163,5743436,24.74,53.6362311135502,79.861,576.87176514,88.2165478464663
LBN,Lebanon,2012,17323.3013764282,5235742,24.089,49.8551689551413,79.762,588.83917236,88.0195066808075
LBN,Lebanon,2011,17353.1960845294,5096020,23.448,49.194798280977,79.6,640.69805908,87.8270813653079
LBN,Lebanon,2010,17390.7584012958,5041288,22.817,46.2761695308238,79.386,567.25506592,87.6392192810679
LBN,Lebanon,2009,16264.3506182706,4992287,22.195,45.9728393554688,79.154,496.88284302,87.4558678091878
LBN,Lebanon,2008,14955.1413563252,4925354,21.585,46.6957397460938,78.877,462.17767334,87.2769743307677
LBN,Lebanon,2007,13941.5614244767,4844118,20.984,44.7081108093262,78.656,438.71112061,87.1024862269079
LBN,Lebanon,2006,13003.680803908,4751136,20.745,41.4483299255371,78.277,401.43670654,86.9323508787087
LBN,Lebanon,2005,13024.6648924956,4671102,20.51,39.8582916259766,77.979,347.40252686,86.7665156672703
LBN,Lebanon,2004,12882.0757995163,4599279,20.281,37.3158683776855,77.563,368.01425171,86.6049279736931
LBN,Lebanon,2003,12272.3440677497,4525508,20.091,36.4742698669434,77.136,373.35971069,86.4475351790771
LBN,Lebanon,2002,12053.8341563826,4463504,19.959,36.0026817321777,76.692,391.74139404,86.2942846645228
LBN,Lebanon,2001,11817.9305012844,4401918,19.829,33.7775001525879,76.161,416.57485962,86.1451238111303
LBN,Lebanon,2000,11571.7326041085,4329340,19.698,29.7559299468994,75.608,425.70095825,86.0
LBN,Lebanon,1999,11617.2497708538,4255277,19.612,28.9260005950928,75.173,,85.9041501933228
LBN,Lebanon,1998,11885.3072278409,4181281,19.559,,74.814,,85.7699966430664
LBN,Lebanon,1997,11668.4006854372,4108405,19.431,,74.528,,85.5958792159991
LBN,Lebanon,1996,11757.2824887935,4034781,19.353,21.7807502746582,74.171,,85.3833099446618
LBN,Lebanon,1995,10762.4426963776,3960735,19.092,,73.867,,85.1331347636015
LBN,Lebanon,1994,10294.812771264,3889799,18.917,,73.478,,84.8461996073652
LBN,Lebanon,1993,9695.31549182752,3820647,18.713,,72.937,,84.5233504104997
LBN,Lebanon,1992,8924.15264553271,3747371,18.453,23.0771808624268,72.408,,84.1654331075521
LBN,Lebanon,1991,7828.17201077656,3668912,18.045,,72.07,,83.7732936330693
LBN,Lebanon,1990,5345.51209718413,3595175,17.975,,71.196,,83.3477779215982
LSO,Lesotho,2024,2697.62738436647,2337423,48.457,,60.438,,43.6780334209246
LSO,Lesotho,2023,2592.4570129526,2311472,48.426,,60.007,122.63982391,42.6781596804785
LSO,Lesotho,2022,2577.54544127769,2286110,48.441,,59.43,133.32562256,41.6703965165322
LSO,Lesotho,2021,2544.78249551214,2261542,48.252,,56.796,115.81448364,40.6551760851997
LSO,Lesotho,2020,2517.11044486593,2235727,48.489,,57.669,96.84536743,39.6329305425532
LSO,Lesotho,2019,2773.28639887236,2209405,48.958,,57.674,235.94372559,38.6040920446259
LSO,Lesotho,2018,2846.41828124649,2183603,50.356,11.9503822035062,57.055,130.93614197,37.569092747415
LSO,Lesotho,2017,2924.68096193272,2157110,51.753,12.6036303540458,56.269,115.43321228,36.5283648068846
LSO,Lesotho,2016,3057.26091568162,2130422,53.146,,55.325,91.0127182,35.5077950709441
LSO,Lesotho,2015,2986.95866729879,2104611,54.532,11.5503523730611,54.355,104.59999847,34.0903875831861
LSO,Lesotho,2014,2930.61724036206,2080089,55.91,12.0933497104755,53.252,121.21549988,32.6404409096604
LSO,Lesotho,2013,2914.37515966739,2056504,57.277,12.1472403198182,51.959,131.35578918,31.2407460933407
LSO,Lesotho,2012,2894.22705048142,2034354,58.036,12.7649536647009,50.703,125.37831116,29.8970340055453
LSO,Lesotho,2011,2749.31958166573,2014009,58.789,,49.431,117.67031097,28.6150355175921
LSO,Lesotho,2010,2651.37804898226,1996251,59.537,,48.303,85.87903595,27.4004815007995
LSO,Lesotho,2009,2538.19341751854,1980883,60.28,,47.367,80.82315063,26.2591028264855
LSO,Lesotho,2008,2589.16635854686,1966541,61.017,,46.608,69.06710052,25.1966303659683
LSO,Lesotho,2007,2470.31462127885,1953268,61.747,,46.086,65.80387878,24.2187949905661
LSO,Lesotho,2006,2381.02024562073,1945063,62.474,3.99251008033752,44.849,49.67809296,23.3329886243114
LSO,Lesotho,2005,2275.01614419256,1953076,63.198,3.85121989250183,45.9,41.66717911,22.5317981562788
LSO,Lesotho,2004,2178.66474674332,1971129,63.912,,46.319,41.18851089,21.7993659097494
LSO,Lesotho,2003,2127.37302160132,1985059,64.622,3.23760008811951,47.028,32.02215576,21.1231084926925
LSO,Lesotho,2002,2024.78727304864,1994679,65.325,2.53930997848511,48.109,23.20003891,20.4926272688562
LSO,Lesotho,2001,2004.03350215955,2000853,66.021,2.80514001846314,49.483,28.22144127,19.8975236019886
LSO,Lesotho,2000,1932.15793223415,2003913,66.709,2.50554990768433,51.146,23.71122551,19.3273988558381
LSO,Lesotho,1999,1860.70052178612,2003234,67.389,2.39379000663757,53.009,,18.7718543941527
LSO,Lesotho,1998,1856.69078488714,1998049,67.241,,55.042,,18.2204915806807
LSO,Lesotho,1997,1837.69657049966,1988130,67.104,,56.938,,17.6629117791702
LSO,Lesotho,1996,1786.182290166,1972418,66.993,2.56231999397278,58.618,,17.0902459734706
LSO,Lesotho,1995,1709.69433512939,1951437,66.901,2.56272006034851,60.075,,16.4690150432199
LSO,Lesotho,1994,1675.5977232422,1927707,66.814,2.62216997146606,61.264,,15.7760595640817
LSO,Lesotho,1993,1602.59633239095,1901793,66.741,2.49783992767334,62.132,,15.0395726644187
LSO,Lesotho,1992,1571.8270420314,1873274,66.691,2.3105800151825,62.8,,14.2909128296309
LSO,Lesotho,1991,1494.24032446777,1842379,66.662,1.45051002502441,63.277,,13.5614385451186
LSO,Lesotho,1990,1422.15056881284,1809696,66.654,1.39252996444702,63.616,,12.882508296282
LBR,Liberia,2024,1646.05861366601,5612817,72.021,,63.629,,55.5387986654968
LBR,Liberia,2023,1616.92373356695,5493031,71.966,,63.444,103.94123077,54.997863482224
LBR,Liberia,2022,1578.99837069175,5373294,71.919,,63.209,100.49607086,54.4591057083
LBR,Liberia,2021,1539.20892304674,5259323,71.703,,62.419,88.54867554,53.9224618859098
LBR,Liberia,2020,1497.37692436272,5149463,71.393,,62.624,76.11009979,53.3878685572381
LBR,Liberia,2019,1575.76665001238,5043721,72.08,,62.437,51.1932373,52.85526226447
LBR,Liberia,2018,1647.97443793846,4944726,72.024,,62.173,68.88298798,52.3245795497906
LBR,Liberia,2017,1661.30290782171,4848925,71.983,,61.937,67.8789978,51.7957569553849
LBR,Liberia,2016,1653.31050211233,4755608,71.953,,61.628,67.68016052,51.2687310234384
LBR,Liberia,2015,1714.09047960464,4659431,71.923,,60.368,68.89793396,50.7434382961363
LBR,Liberia,2014,1750.1438489328,4564293,71.905,,60.351,54.82420349,50.2198153156642
LBR,Liberia,2013,1774.5205777394,4470239,71.908,,61.158,48.72935104,49.6977986242077
LBR,Liberia,2012,1668.97289588776,4373043,71.931,8.2363200134004,60.97,46.67208862,49.1773247639526
LBR,Liberia,2011,1601.03374045996,4221178,71.865,,60.795,47.58517075,48.6583302770849
LBR,Liberia,2010,1538.85083488512,4058890,71.772,6.15912230625749,60.706,40.8739624,48.1407517057907
LBR,Liberia,2009,1492.99817384053,3943028,71.767,,60.533,40.21982574,47.6245255922562
LBR,Liberia,2008,1463.12408187297,3821003,71.759,,60.129,26.30083656,47.1080497871025
LBR,Liberia,2007,1422.10019670004,3669050,71.76,,59.621,15.8568964,46.6104850769043
LBR,Liberia,2006,1364.60347323709,3490787,71.782,,58.955,18.34446335,46.2322959899902
LBR,Liberia,2005,1335.61728880785,3301015,71.802,,58.219,19.14579582,45.8510093035277
LBR,Liberia,2004,1326.53565502695,3156892,71.814,,57.377,16.7787571,45.4344781497244
LBR,Liberia,2003,1308.15090140274,3119532,71.816,,55.312,5.76429653,45.0004573003041
LBR,Liberia,2002,1887.64601570733,3094782,71.811,,55.552,6.59576607,44.566701526991
LBR,Liberia,2001,1867.11910921753,3015338,71.801,,54.614,6.46313238,44.1509656015089
LBR,Liberia,2000,1868.17975587618,2928117,71.785,13.03125,53.46,7.93455124,43.7710042955819
LBR,Liberia,1999,1507.31470254594,2821684,71.766,2.96334004402161,52.385,,43.4445723809339
LBR,Liberia,1998,1308.40568305294,2670124,71.744,,51.217,,43.189424629289
LBR,Liberia,1997,1111.93760251371,2412989,71.718,,50.148,,43.0233158123711
LBR,Liberia,1996,582.677982536092,2232289,71.683,,47.476,,42.9640007019043
LBR,Liberia,1995,534.809715165406,2169162,71.643,,46.947,,44.5277446289062
LBR,Liberia,1994,563.640361196647,2149928,71.594,,45.368,,48.256672454834
LBR,Liberia,1993,718.683238814764,2155126,71.547,,45.392,,52.7073282470703
LBR,Liberia,1992,1115.03770816852,2072461,71.507,,45.973,,56.436256072998
LBR,Liberia,1991,1819.49785292522,1956518,71.476,,45.368,,58.0
LBR,Liberia,1990,1866.40548125833,2223667,71.45,,44.724,,43.3351173400879
LBY,Libya,2024,12583.8338726816,7381023,33.28,,72.679,,87.8854066107749
LBY,Libya,2023,12476.5974944083,7305659,33.465,,70.416,470.4034729,87.8647197919848
LBY,Libya,2022,11450.0598552928,7223805,33.631,,77.152,284.0262146,87.8486088593786
LBY,Libya,2021,12641.5097714075,7135175,31.353,,74.938,298.84338379,87.8365018271835
LBY,Libya,2020,9978.66400110743,7045399,31.009,,75.7,472.62240601,87.8278267096263
LBY,Libya,2019,14337.1962987582,6951033,33.993,,76.203,552.73168945,87.8220115209342
LBY,Libya,2018,16385.164476127,6849055,34.039,,76.17,544.88079834,87.818484275334
LBY,Libya,2017,15428.1164411854,6738770,34.08,,75.875,466.08538818,87.8166729870528
LBY,Libya,2016,11831.8257669559,6632126,34.111,,75.483,464.47531128,87.8160056703177
LBY,Libya,2015,12195.3486990421,6531819,34.132,,75.248,433.06808472,87.8159103393555
LBY,Libya,2014,12499.0829968523,6427252,34.135,,75.018,462.19216919,88.0142059326172
LBY,Libya,2013,16557.500941665,6304628,34.07,,75.078,594.65338135,88.0451431274414
LBY,Libya,2012,20601.0026641,6179328,33.94,,74.982,592.46356201,88.0727920532227
LBY,Libya,2011,10741.9206751908,6343203,34.062,,73.714,305.20037842,88.0970458984375
LBY,Libya,2010,21115.5259846154,6497839,34.081,,74.606,380.58596802,88.1177139282227
LBY,Libya,2009,20518.9642412838,6366686,33.737,,74.417,342.20449829,88.1345825195312
LBY,Libya,2008,21915.1976208274,6235430,33.363,,74.248,312.11196899,88.1474456787109
LBY,Libya,2007,22422.0117594762,6104380,32.971,,74.029,269.63085938,88.1560287475586
LBY,Libya,2006,21545.2986384419,5980211,32.554,,73.846,231.11968994,88.1599560242948
LBY,Libya,2005,20649.4624580172,5858798,32.175,,73.689,209.878479,88.135773324416
LBY,Libya,2004,18851.2039109963,5736693,31.834,,73.463,200.83604431,88.0371675280346
LBY,Libya,2003,18422.7336032405,5619398,31.471,62.3365707397461,73.242,189.72729492,87.8659880500458
LBY,Libya,2002,16629.4364346005,5508410,31.107,60.3186683654785,73.029,181.7310791,87.6256192750746
LBY,Libya,2001,17115.9888564264,5403639,30.757,53.5710601806641,72.835,255.77108765,87.3194455877457
LBY,Libya,2000,17747.0188855832,5305021,30.43,47.4500503540039,72.672,247.1134491,86.9508513726842
LBY,Libya,1999,17402.5683820479,5218038,30.049,51.3968391418457,72.692,,86.5232210145148
LBY,Libya,1998,17532.9261043755,5140704,29.602,,72.723,,86.0399388978625
LBY,Libya,1997,18451.6998451345,5064639,29.153,,72.815,,85.5043894073521
LBY,Libya,1996,17809.1519222171,4987393,28.707,,72.866,,84.9199569276086
LBY,Libya,1995,17723.2679211029,4906843,28.275,,72.871,,84.2900258432567
LBY,Libya,1994,18444.5133617859,4822037,27.868,,72.788,,83.6179805389214
LBY,Libya,1993,18434.641128465,4733045,27.489,,72.608,,82.9072053992275
LBY,Libya,1992,19538.138704794,4640352,27.138,14.3870697021484,72.41,,82.1610848088
LBY,Libya,1991,20506.8762691578,4544400,26.814,,72.142,,81.3830031522637
LBY,Libya,1990,18126.5869612606,4445239,26.513,,71.84,,80.5763448142435
LIE,Liechtenstein,2024,,40450,,,86.3,,14.657584904886
LIE,Liechtenstein,2023,,39846,,,86.9,11494.95898438,14.6783761234077
LIE,Liechtenstein,2022,,39493,,,85.3,10591.59277344,14.6923070071538
LIE,Liechtenstein,2021,,39182,,36.329231262207,86.4,10912.36132813,14.6989159370696
LIE,Liechtenstein,2020,,38901,,31.7431201934814,83.4,10004.52832031,14.6666622853765
LIE,Liechtenstein,2019,,38563,,29.8840293884277,85.8,9686.88378906,14.6070830005951
LIE,Liechtenstein,2018,,38246,,27.5909099578857,85.5,9736.24316406,14.5565184941154
LIE,Liechtenstein,2017,,37962,,27.3550701141357,86.0,9715.07519531,14.5144332791067
LIE,Liechtenstein,2016,,37716,,24.751579284668,84.0,9703.75878906,14.4802918687379
LIE,Liechtenstein,2015,,37494,,21.8891906738281,84.5,9639.75195313,14.4535587761782
LIE,Liechtenstein,2014,,37248,,24.1410503387451,83.2,10096.85351563,14.4336985145967
LIE,Liechtenstein,2013,,36984,,,83.9,9956.29785156,14.4201755971624
LIE,Liechtenstein,2012,,36657,,30.0724601745606,85.2,,14.4124545370445
LIE,Liechtenstein,2011,,36312,,29.9351291656494,84.2,,14.4099998474121
LIE,Liechtenstein,2010,,36022,,27.3576107025146,84.3,,14.4154354105611
LIE,Liechtenstein,2009,,35742,,22.5471706390381,83.6,,14.4314852298684
LIE,Liechtenstein,2008,,35473,,24.8353691101074,85.5,,14.4577640001239
LIE,Liechtenstein,2007,,35262,,20.1317005157471,83.6,,14.4938864161177
LIE,Liechtenstein,2006,,35037,,18.071159362793,83.1,,14.5394671726401
LIE,Liechtenstein,2005,,34753,,14.3667297363281,84.1,,14.594120964481
LIE,Liechtenstein,2004,,34447,,13.2586402893066,85.1,,14.6574624864307
LIE,Liechtenstein,2003,,34079,,11.3984699249268,81.6,,14.7291064332791
LIE,Liechtenstein,2002,,33694,,,82.3,,14.8086674998164
LIE,Liechtenstein,2001,,33194,,,82.4,,14.8957603808328
LIE,Liechtenstein,2000,,32645,,,79.9,,14.9899997711182
LIE,Liechtenstein,1999,,32221,,,82.9,,15.1807585027303
LIE,Liechtenstein,1998,,31668,,,82.1,,15.5030549446521
LIE,Liechtenstein,1997,,31232,,,80.4,,15.8749720970618
LIE,Liechtenstein,1996,,31033,,,81.6,,16.2145929601375
LIE,Liechtenstein,1995,,30776,,,79.9,,16.4400005340576
LIE,Liechtenstein,1994,,30470,,,81.7,,16.560019266569
LIE,Liechtenstein,1993,,30089,,,81.58,,16.6500852753784
LIE,Liechtenstein,1992,,29627,,,81.754,,16.7281990656039
LIE,Liechtenstein,1991,,29209,,,81.819,,16.8123611423634
LIE,Liechtenstein,1990,,28742,,,81.837,,16.9214495973985
LTU,Lithuania,2024,47462.0039386975,2888278,57.86,90.1217575073242,81.6,2232.47631836,68.8285833315315
LTU,Lithuania,2023,46333.9006965206,2871585,57.914,91.756950378418,81.9,2044.18371582,68.575454583199
LTU,Lithuania,2022,46642.5947251086,2831639,58.035,92.4614105224609,80.1,1831.27734375,68.2866452426813
LTU,Lithuania,2021,45897.3715026327,2808380,57.369,89.6342010498047,78.8,1844.33154297,68.1912117004395
LTU,Lithuania,2020,43108.1976060283,2810369,57.363,86.1513519287109,80.1,1511.79626465,67.4254608154297
LTU,Lithuania,2019,43078.7118585461,2811089,57.226,86.6990127563477,81.2,1361.20288086,67.245735168457
LTU,Lithuania,2018,41035.4018152732,2819200,56.494,88.5589599609375,80.7,1241.38574219,67.1464742010457
LTU,Lithuania,2017,38789.2463179035,2842639,55.821,87.6285171508789,80.5,1073.95800781,67.1012954711914
LTU,Lithuania,2016,36632.0832798438,2877325,55.606,85.2355194091797,80.1,986.13311768,67.1894226074219
LTU,Lithuania,2015,35264.7149248316,2911109,54.428,84.4187316894531,79.7,918.50750732,67.2282485961914
LTU,Lithuania,2014,33988.0148951198,2937253,53.871,85.344596862793,80.1,1019.7121582,67.1514937628023
LTU,Lithuania,2013,32487.0008217277,2961250,52.927,88.8712005615234,79.6,958.04650879,67.0092086791992
LTU,Lithuania,2012,30932.0983180261,2989139,53.2,95.5258865356445,79.6,896.93707275,66.8536758422852
LTU,Lithuania,2011,29251.8774718539,3028115,52.699,101.427978515625,79.3,925.47161865,66.7518340055756
LTU,Lithuania,2010,26897.7243702338,3097282,52.31,104.551567077637,78.8,805.2244873,66.7712860107422
LTU,Lithuania,2009,26227.5230201039,3162916,52.019,107.205062866211,78.6,864.73638916,66.7816619873047
LTU,Lithuania,2008,30457.3682543436,3198231,50.469,104.033790588379,77.6,936.50933838,66.7527770996094
LTU,Lithuania,2007,29381.9521464971,3231294,50.067,100.372177124023,77.2,704.29315186,66.7184982299805
LTU,Lithuania,2006,26139.2837773621,3269909,50.075,100.451858520508,77.1,536.05737305,66.6381530761719
LTU,Lithuania,2005,23953.8150681702,3322528,50.639,97.5385589599609,77.4,438.93267822,66.5784912109375
LTU,Lithuania,2004,21875.6085796224,3377075,51.337,91.5104522705078,77.8,366.95968628,66.6022567749023
LTU,Lithuania,2003,20310.7119582322,3415213,54.789,84.9788436889648,77.9,338.86306763,66.7596664428711
LTU,Lithuania,2002,18223.4782620215,3443067,52.171,77.3059310913086,77.6,254.36688232,66.8887100219727
LTU,Lithuania,2001,16939.467059225,3470818,53.333,69.8163070678711,77.6,218.81802368,66.9286097501613
LTU,Lithuania,2000,15777.4293800236,3499536,54.916,,77.5,217.1761322,66.9768374826555
LTU,Lithuania,1999,15148.9570325637,3524238,55.158,,77.0,,67.0382460801258
LTU,Lithuania,1998,15208.6978530701,3549331,53.402,,76.7,,67.1089563241809
LTU,Lithuania,1997,14050.349878771,3575137,54.208,,76.62,,67.1859759231267
LTU,Lithuania,1996,12878.1001468209,3601613,55.013,,75.86,,67.2663125852689
LTU,Lithuania,1995,12168.8332695478,3629102,55.764,,75.04,,67.3469740189134
LTU,Lithuania,1994,11690.8861051725,3657144,56.516,,74.82,,67.4249679323659
LTU,Lithuania,1993,12866.5897896196,3682613,57.335,,74.98,,67.4973020339323
LTU,Lithuania,1992,15286.2039647381,3700114,58.211,,75.93,,67.5609840319184
LTU,Lithuania,1991,19392.1950657963,3704134,59.11,,75.86,,67.6130216346299
LTU,Lithuania,1990,20594.0623779042,3697838,59.999,,76.17,,67.6504225503728
LUX,Luxembourg,2024,128475.283540415,677012,57.645,24.4200897216797,85.5,8169.91259766,94.8438702866393
LUX,Luxembourg,2023,130048.922273147,666430,57.196,23.4462203979492,85.0,7510.99414063,94.8015300320787
LUX,Luxembourg,2022,132570.832272626,653103,56.998,23.1678009033203,85.2,7022.62695313,94.7605400940185
LUX,Luxembourg,2021,136772.443753292,640064,56.929,22.6259899139404,84.8,7632.57275391,94.5861743396533
LUX,Luxembourg,2020,129865.631871124,630419,55.927,21.7460994720459,84.5,6785.86230469,93.8600689970981
LUX,Luxembourg,2019,132724.754668303,620001,54.933,20.7035408020019,85.2,6221.73876953,93.2589839734767
LUX,Luxembourg,2018,131733.884471489,607950,54.798,20.6177406311035,84.6,6227.08398438,92.6709441899184
LUX,Luxembourg,2017,132169.829576174,596336,54.011,20.4209308624268,84.4,5713.11865234,92.0963768119916
LUX,Luxembourg,2016,133661.734541281,582014,53.625,20.6729602813721,85.4,5475.13964844,91.5357090052649
LUX,Luxembourg,2015,130097.338289025,569604,54.247,21.0337390899658,84.7,5421.93212891,90.9893679353068
LUX,Luxembourg,2014,130249.550482759,556319,52.214,,85.2,6547.03466797,90.4577807676859
LUX,Luxembourg,2013,129947.336184196,543360,51.459,,83.9,6356.64453125,89.9413746679705
LUX,Luxembourg,2012,128897.403218507,530946,51.173,20.3895397186279,83.8,6029.47460938,89.4405768017292
LUX,Luxembourg,2011,129887.626962873,518347,49.499,,83.6,7174.73925781,88.9562814837254
LUX,Luxembourg,2010,131434.360018803,506953,48.847,19.2855205535889,83.5,7459.83544922,88.48791681658
LUX,Luxembourg,2009,129004.508948877,497783,49.05,,83.3,7670.59375,88.0379076027949
LUX,Luxembourg,2008,135814.608862354,488650,47.181,10.5122299194336,83.1,7578.74951172,87.6037664162874
LUX,Luxembourg,2007,138683.319852878,479993,46.658,,82.2,6671.26513672,87.1831946460401
LUX,Luxembourg,2006,130290.174082751,472637,46.144,10.4247999191284,81.9,6070.73583984,86.7738936810355
LUX,Luxembourg,2005,124871.952523256,465158,45.66,,82.3,5818.14599609,86.3735649102561
LUX,Luxembourg,2004,123725.755122536,458095,44.598,,82.4,5610.35351563,85.9799097226846
LUX,Luxembourg,2003,120403.002017933,451630,42.877,13.0791902542114,80.8,4607.40283203,85.5906295073034
LUX,Luxembourg,2002,118764.331507238,446175,42.78,,81.5,3600.86743164,85.203425653095
LUX,Luxembourg,2001,116265.230369162,441525,41.579,10.687629699707,81.0,3109.20141602,84.8173254067976
LUX,Luxembourg,2000,114148.353907645,436300,41.485,,81.1,2901.19995117,84.4182155177842
LUX,Luxembourg,1999,108186.852973076,430475,39.873,,81.1,,83.9860397252884
LUX,Luxembourg,1998,101369.82339661,424700,37.854,,80.5,,83.5316200221732
LUX,Luxembourg,1997,96216.9038688184,419450,37.566,,79.8,,83.0703531966602
LUX,Luxembourg,1996,92421.5791788935,414225,36.489,,79.9,,82.6176360369709
LUX,Luxembourg,1995,92396.3982654612,408625,35.361,,80.2,,82.1888653313266
LUX,Luxembourg,1994,92380.4162945065,402925,37.826,,79.7,,81.799437867949
LUX,Luxembourg,1993,90200.6012709212,397475,37.047,,79.4,,81.4647504350596
LUX,Luxembourg,1992,87734.2029842352,392175,38.356,,79.1,,81.2001998208798
LUX,Luxembourg,1991,87318.4976692868,387000,35.977,,79.1,,81.025113008349
LUX,Luxembourg,1990,81455.0312264957,381850,34.261,,77.422,,80.9240540529049
MAC,"Macao SAR, China",2024,111693.502831434,687000,63.512,149.559405940594,86.2,,100.0
MAC,"Macao SAR, China",2023,104815.20003062,678800,62.631,134.410891089109,86.1,,100.0
MAC,"Macao SAR, China",2022,59921.441691873,677300,60.026,121.582089552239,86.0,,100.0
MAC,"Macao SAR, China",2021,73374.4486829589,682500,64.072,106.266990291262,86.7,,100.0
MAC,"Macao SAR, China",2020,59662.4855864551,685400,63.655,93.4193548387097,87.1,,100.0
MAC,"Macao SAR, China",2019,133453.896026037,672000,64.713,86.7757847533632,86.9,,100.0
MAC,"Macao SAR, China",2018,139541.157248769,658900,64.995,84.0675675675676,86.7,,100.0
MAC,"Macao SAR, China",2017,133322.632677744,648400,64.912,90.3415841584158,86.6,,100.0
MAC,"Macao SAR, China",2016,120530.052858314,652500,65.602,90.9949494949495,86.4,,100.0
MAC,"Macao SAR, China",2015,123194.067291275,642900,66.133,87.4949494949495,86.4,,100.0
MAC,"Macao SAR, China",2014,162813.439348589,621700,66.331,78.18779342723,86.3,,100.0
MAC,"Macao SAR, China",2013,174569.523171267,591900,65.994,69.3362831858407,86.0,,100.0
MAC,"Macao SAR, China",2012,164239.261923457,567900,65.318,59.4958944401324,85.8,,100.0
MAC,"Macao SAR, China",2011,155385.324208541,549600,65.77,74.6792130025663,85.8,,100.0
MAC,"Macao SAR, China",2010,130758.2806979,537000,64.435,65.7892439322507,85.5,,100.0
MAC,"Macao SAR, China",2009,104911.140336462,535000,64.736,56.2412300109863,85.3,,100.0
MAC,"Macao SAR, China",2008,102474.668562926,540700,63.874,47.4863891601562,85.1,,100.0
MAC,"Macao SAR, China",2007,102879.639164559,520900,62.641,44.3361015319824,84.7,,100.0
MAC,"Macao SAR, China",2006,93828.3198758417,498900,58.923,44.6375617980957,84.7,,100.0
MAC,"Macao SAR, China",2005,87185.5254441553,473500,57.006,47.8370895385742,83.8,,100.0
MAC,"Macao SAR, China",2004,84004.4558061302,454700,54.973,54.6205215454102,83.4,,100.0
MAC,"Macao SAR, China",2003,67994.777526459,443600,53.53,55.636791229248,83.4,,100.0
MAC,"Macao SAR, China",2002,61625.9560068114,438400,56.3,44.4923515319824,83.2,,100.0
MAC,"Macao SAR, China",2001,57173.8590987063,433900,56.389,41.3308601379395,83.2,,99.9998984128371
MAC,"Macao SAR, China",2000,55994.760697993,430600,56.452,,83.0,,99.9957926704194
MAC,"Macao SAR, China",1999,53348.0126915655,427400,55.47,,81.3,,99.9860147432315
MAC,"Macao SAR, China",1998,55296.5007644986,422300,54.317,,80.5,,99.9715700365331
MAC,"Macao SAR, China",1997,58639.5250296819,417300,54.518,,79.9,,99.9534353925978
MAC,"Macao SAR, China",1996,59115.2336138336,415100,52.984,,79.9,,99.9325876536988
MAC,"Macao SAR, China",1995,60205.7086394147,409300,51.392,,78.5,,99.9100036621094
MAC,"Macao SAR, China",1994,60120.6582440409,396800,49.77,,79.808,,99.8785393830042
MAC,"Macao SAR, China",1993,59589.975909516,384000,48.162,,79.432,,99.8314167744386
MAC,"Macao SAR, China",1992,58652.7899194928,370900,46.597,,79.085,,99.770161668007
MAC,"Macao SAR, China",1991,54602.0544901621,351650,46.142,,78.744,,99.6962998953038
MAC,"Macao SAR, China",1990,55300.7442649888,334950,45.643,,78.428,,99.6113572879236
MDG,Madagascar,2024,1659.15030770194,31964956,82.915,,65.601,,32.4339893339844
MDG,Madagascar,2023,1629.6055225489,31195932,82.866,6.22109620045972,65.377,17.44003487,31.9799438860946
MDG,Madagascar,2022,1602.42805197529,30437261,82.83,5.94058421676303,64.801,15.85809231,31.5397813465886
MDG,Madagascar,2021,1577.43246056529,29691083,82.807,5.27691406426029,64.256,17.17938805,31.1137123216036
MDG,Madagascar,2020,1545.72714379204,28953556,82.152,5.1342173018565,64.576,16.78295326,30.7019474167548
MDG,Madagascar,2019,1707.83153830039,28219554,82.916,5.24686002731323,65.142,15.50084877,30.3046972370204
MDG,Madagascar,2018,1678.78623269491,27494926,82.971,5.04084893972312,65.102,21.12731934,29.9181125346909
MDG,Madagascar,2017,1669.72764267278,26788375,83.044,4.94873146573807,65.05,23.62072182,29.671033028335
MDG,Madagascar,2016,1648.91226979296,26099952,83.137,4.51584530813,65.047,24.20793915,29.4239466316878
MDG,Madagascar,2015,1627.5806134224,25426702,83.249,4.47684205028905,64.984,22.29386139,29.1731079210354
MDG,Madagascar,2014,1620.357889066,24764348,83.414,4.53893552360297,64.91,22.56570244,28.9185894345838
MDG,Madagascar,2013,1610.6023078966,24109290,83.566,4.10063151623992,64.789,19.33186913,28.6604637105393
MDG,Madagascar,2012,1617.79082882481,23462438,83.696,3.9214584577518,64.625,19.30151749,28.3988032871081
MDG,Madagascar,2011,1614.55137773785,22822300,83.812,3.88667637950955,64.449,22.88667488,28.1336807024963
MDG,Madagascar,2010,1635.24511473059,22183340,83.908,3.48259681035386,64.148,21.13975906,27.8651684949103
MDG,Madagascar,2009,1673.15551466723,21547280,83.983,3.30970001220703,63.811,19.56957817,27.5933392025561
MDG,Madagascar,2008,1794.40235887329,20923840,84.04,3.08628988265991,63.49,20.91898537,27.31826536364
MDG,Madagascar,2007,1731.61751794976,20318583,84.08,2.9741199016571,62.926,19.33553123,27.0400195163682
MDG,Madagascar,2006,1686.86335460016,19730909,84.104,2.58142995834351,62.511,16.44085503,26.7586741989468
MDG,Madagascar,2005,1648.17631554009,19159707,84.114,2.41854000091553,61.997,15.9498682,26.4743019495822
MDG,Madagascar,2004,1620.11953793293,18606608,84.094,2.33033990859985,61.46,14.29298973,26.1869753064804
MDG,Madagascar,2003,1584.74925232364,18071854,84.064,1.92070996761322,60.941,17.64075851,25.8967668078478
MDG,Madagascar,2002,1486.43429741771,17549913,84.029,1.76224005222321,60.346,15.02957344,25.6037489918904
MDG,Madagascar,2001,1748.50350929178,17032939,83.976,1.73543000221252,59.85,13.13894939,25.3079943968146
MDG,Madagascar,2000,1701.44320253582,16516338,83.936,1.8856600522995,59.162,11.1882658,25.0095755608264
MDG,Madagascar,1999,1681.35933226493,16000506,83.898,1.83204996585846,58.769,,24.7085650221322
MDG,Madagascar,1998,1658.88849253066,15489364,83.861,1.87270998954773,58.213,,24.405035318938
MDG,Madagascar,1997,1649.44809006306,14990814,83.828,1.65606999397278,57.61,,24.0990589894502
MDG,Madagascar,1996,1643.32579628891,14510711,83.803,1.83931994438171,57.062,,23.7907085718749
MDG,Madagascar,1995,1661.27062467061,14051275,83.788,2.00131988525391,56.471,,23.4800566044183
MDG,Madagascar,1994,1686.34190833351,13613850,83.79,2.38110995292664,55.853,,23.1671756252866
MDG,Madagascar,1993,1740.29513594203,13197345,83.804,,55.359,,22.8521676960516
MDG,Madagascar,1992,1757.29459775259,12800870,83.824,,54.585,,22.5358190363254
MDG,Madagascar,1991,1789.84169366249,12421412,83.848,2.71430993080139,54.228,,22.2183660531674
MDG,Madagascar,1990,1968.27239771424,12055639,83.871,2.83422994613648,53.86,,21.8992042589258
MWI,Malawi,2024,1634.24660266597,21655286,58.534,,70.773,,17.268503531213
MWI,Malawi,2023,1649.29873234551,21104482,58.644,,70.562,41.26664734,16.9748746665356
MWI,Malawi,2022,1659.95933825168,20568728,58.75,2.22621093042937,69.379,40.03453827,16.7146031979436
MWI,Malawi,2021,1687.59358179651,20047258,58.786,1.90035076155277,68.246,46.41017532,16.4881925800694
MWI,Malawi,2020,1656.43985192533,19533888,63.125,1.86576323450354,68.813,42.37881851,16.2961471756409
MWI,Malawi,2019,1687.28944917892,19025752,59.03,,68.428,36.91519165,16.1383746619001
MWI,Malawi,2018,1638.91665761076,18528081,58.895,1.25608480247629,67.918,36.70302963,16.0221486554255
MWI,Malawi,2017,1613.0593571462,18039715,58.774,,67.064,37.60110092,15.9634281867266
MWI,Malawi,2016,1593.59549264808,17557739,60.514,,66.201,34.0307579,15.899632938282
MWI,Malawi,2015,1597.69145324855,17085587,62.23,0.864512621743075,65.244,34.97310638,15.8338504946918
MWI,Malawi,2014,1597.56484331405,16621538,63.917,0.719755824189568,64.501,35.33760452,15.766154187056
MWI,Malawi,2013,1555.50607410511,16161816,65.572,,63.557,39.54008484,15.6966173464742
MWI,Malawi,2012,1518.14803849238,15709577,67.192,0.66076647408398,62.369,32.53762817,15.6253133040464
MWI,Malawi,2011,1533.22889572405,15265022,68.774,1.20770701229103,61.178,39.29234314,15.5523153908723
MWI,Malawi,2010,1504.37514113215,14826463,70.49,0.927127035881374,59.898,33.99194336,15.4776969380518
MWI,Malawi,2009,1449.72601522136,14395788,72.149,,58.57,35.56456757,15.4015312766848
MWI,Malawi,2008,1378.42886690465,13976417,73.747,,57.433,32.73482132,15.3238029928378
MWI,Malawi,2007,1318.33196397214,13576343,75.281,0.301079988479614,56.34,25.0216465,15.2477960727861
MWI,Malawi,2006,1237.27386519947,13198701,76.752,0.303519994020462,55.434,20.95070648,15.1753987017157
MWI,Malawi,2005,1214.7426419188,12840031,78.159,0.303420007228851,54.275,17.24028015,15.1041793656241
MWI,Malawi,2004,1208.2196975075,12500737,78.157,0.311980009078979,52.781,15.94395351,15.0316039821946
MWI,Malawi,2003,1176.12385998737,12181574,78.146,,51.317,12.3155899,14.9551384691108
MWI,Malawi,2002,1140.84274642418,11880440,78.133,0.218130007386208,49.755,11.17413807,14.8722487440558
MWI,Malawi,2001,1149.58039601898,11593058,78.122,,48.742,7.42542601,14.780400724713
MWI,Malawi,2000,1239.39174838676,11315942,78.106,0.180120006203651,47.762,8.84964848,14.6770603287659
MWI,Malawi,1999,1249.77523298871,11047804,78.086,0.168830007314682,46.618,,14.5596934738978
MWI,Malawi,1998,1241.52433181826,10792876,78.086,,45.801,,14.4227423983849
MWI,Malawi,1997,1221.09404555353,10562035,78.102,,45.592,,14.2291934921491
MWI,Malawi,1996,1200.32058232422,10352228,78.109,0.353370010852814,45.283,,13.9614023621682
MWI,Malawi,1995,1140.75609365079,10150117,78.119,0.33772000670433,44.997,,13.6354392091488
MWI,Malawi,1994,975.849640143399,10164894,78.143,0.297930002212524,45.044,,13.2653578035145
MWI,Malawi,1993,1074.58485213269,10284024,78.181,0.247380003333092,44.921,,12.8652119156892
MWI,Malawi,1992,994.036504790471,10135079,78.232,0.270759999752045,44.987,,12.4490553160965
MWI,Malawi,1991,1104.3904622212,9844227,78.29,0.262430012226105,44.983,,12.0309417751603
MWI,Malawi,1990,1047.46436351132,9545852,78.352,0.251720011234283,45.067,,11.6249250633042
MYS,Malaysia,2024,34116.2317848885,35557673,51.617,45.8486961220143,79.521,,76.9170296648992
MYS,Malaysia,2023,32857.6676600774,35126298,51.592,44.304019878896,79.37,450.33853149,76.4434752105739
MYS,Malaysia,2022,32129.2217820113,34695493,51.597,43.6954292890075,78.193,458.21963501,75.9741357073003
MYS,Malaysia,2021,29822.8491831618,34282399,51.371,45.2424409799554,76.712,476.94366455,75.5088628191907
MYS,Malaysia,2020,29200.452632127,33889558,51.371,47.2760564169745,78.769,406.52005005,75.0511895575672
MYS,Malaysia,2019,31300.5086554849,33440596,51.783,48.4906218464001,78.604,419.32568359,74.8377707734042
MYS,Malaysia,2018,30459.9655338061,32910967,51.625,50.3532516763836,78.431,409.84710693,74.5634625145296
MYS,Malaysia,2017,29551.5457597197,32355644,51.285,47.9160265205655,78.262,366.36639404,74.2354806421432
MYS,Malaysia,2016,28425.3707609412,31789685,50.986,51.5270260861918,78.13,350.71160889,73.8588978909614
MYS,Malaysia,2015,27699.6278860387,31232798,50.83,52.4177910183718,78.032,368.77331543,73.4387869957006
MYS,Malaysia,2014,26818.4317281659,30696137,50.475,45.8097147200288,78.061,414.4392395,72.9802206910773
MYS,Malaysia,2013,25736.3525554142,30174265,48.76,45.3599493093105,78.133,381.69210815,72.4882717118078
MYS,Malaysia,2012,25006.3587781537,29662831,47.029,43.2930500802723,78.218,371.76046753,71.9680127926087
MYS,Malaysia,2011,24115.8181203958,29162039,45.295,41.3590168181122,78.17,343.45877075,71.4245166681964
MYS,Malaysia,2010,23307.9698543785,28655776,44.792,43.1949462902931,78.063,285.64263916,70.8625314831025
MYS,Malaysia,2009,22106.6417311801,28124778,44.31,40.7257385253906,77.962,245.64353943,70.2462628363839
MYS,Malaysia,2008,22898.0027575442,27570059,43.866,38.4592590332031,77.837,263.67819214,69.5438130147565
MYS,Malaysia,2007,22305.118263117,26998389,43.436,34.3667984008789,77.658,230.5599823,68.7649673902807
MYS,Malaysia,2006,21444.4857715028,26417909,43.027,31.803430557251,77.394,200.54800415,67.9191992840997
MYS,Malaysia,2005,20767.5857243346,25836071,42.637,31.806489944458,77.112,162.17677307,67.0159820173565
MYS,Malaysia,2004,20168.5062099425,25256772,42.255,34.4758605957031,76.788,153.86297607,66.0647889111941
MYS,Malaysia,2003,19329.0062757538,24679602,41.868,37.2695503234863,76.505,142.21202087,65.0750932867555
MYS,Malaysia,2002,18708.8694877279,24102477,41.471,33.040470123291,76.231,121.61391449,64.056368465184
MYS,Malaysia,2001,18186.4411330146,23526538,41.052,30.1860408782959,75.878,114.91710663,63.0180877676224
MYS,Malaysia,2000,18532.9096706227,22967816,40.593,28.8742008209229,75.581,111.8384552,61.9694564490726
MYS,Malaysia,1999,17428.6256563043,22435531,40.062,24.7786293029785,75.331,,60.8799480156331
MYS,Malaysia,1998,16817.1719190401,21906713,39.505,23.9480800628662,75.281,,59.7202602034782
MYS,Malaysia,1997,18604.514527465,21375218,38.973,,75.143,,58.5008138949148
MYS,Malaysia,1996,17771.7118795056,20850087,38.438,,74.887,,57.2317705759929
MYS,Malaysia,1995,16568.5160590209,20330599,37.913,,74.69,,55.9232917327627
MYS,Malaysia,1994,15474.0144648307,19820446,37.403,,74.515,,54.5855388512742
MYS,Malaysia,1993,14533.790397007,19322664,36.91,,74.287,,53.2286734175775
MYS,Malaysia,1992,13567.8936121181,18834572,36.422,,73.982,,51.8628569177227
MYS,Malaysia,1991,12795.0498964228,18342464,35.941,,73.682,,50.4923459184952
MYS,Malaysia,1990,12013.6969483112,17833171,35.83,,73.407,,49.0330672220994
MDV,Maldives,2024,23034.4098404839,527799,40.455,,83.0,,41.9982152717385
MDV,Maldives,2023,22333.0477138175,525994,40.311,,82.819,1159.02819824,41.5096832933973
MDV,Maldives,2022,21357.8112511153,524106,40.171,79.9435223432219,82.546,883.91467285,41.0641769690663
MDV,Maldives,2021,19052.6224904311,516154,37.995,40.5823133193308,79.699,901.09185791,40.7398648710483
MDV,Maldives,2020,14242.9750701162,502118,37.104,45.7099384466422,80.386,845.82440186,40.3985147902839
MDV,Maldives,2019,21855.501224579,487731,40.76,39.8286090969018,81.514,880.79962158,40.0492764783282
MDV,Maldives,2018,21072.5805249694,473099,40.382,,81.136,833.21575928,39.6923354428279
MDV,Maldives,2017,20036.7165354949,458287,39.781,57.24045382457,80.788,961.57415771,39.32787719143
MDV,Maldives,2016,19345.1792343541,443308,38.986,,80.403,1017.99908447,38.9560872317815
MDV,Maldives,2015,18829.4481529112,428154,38.573,,80.146,837.47290039,38.5771510715291
MDV,Maldives,2014,18765.3592118344,413617,38.163,20.9319401299068,79.788,707.39245605,38.1938859868107
MDV,Maldives,2013,17986.8907361645,400070,37.756,,79.507,671.65325928,37.8257075155926
MDV,Maldives,2012,17390.1474995422,386818,37.361,,79.152,647.11553955,37.475963433544
MDV,Maldives,2011,17581.7676697752,373674,36.983,,78.806,588.20758057,37.1274623517731
MDV,Maldives,2010,16730.0144200167,360792,36.624,,78.443,608.87176514,36.7646137762553
MDV,Maldives,2009,16230.0089361263,348275,36.285,,78.05,679.66296387,36.3718272129661
MDV,Maldives,2008,18344.4866455436,336170,36.495,13.4752798080444,77.7,775.14593506,35.9335121678807
MDV,Maldives,2007,17439.9504862625,324479,36.73,13.5900201797485,77.361,478.24349976,35.4340781469745
MDV,Maldives,2006,16829.9768208157,313851,36.958,,76.862,403.94284058,34.8678636610379
MDV,Maldives,2005,13942.8753891662,306429,37.066,,76.321,335.13778687,34.0715178283824
MDV,Maldives,2004,15958.6557759464,301413,37.065,,74.337,304.5932312,32.8541942827704
MDV,Maldives,2003,15316.1192814998,296491,37.061,0.306950002908707,74.803,240.54026794,31.3913356462169
MDV,Maldives,2002,13689.8065561949,291616,37.054,,73.812,249.48114014,29.8881681908815
MDV,Maldives,2001,12977.9990665612,286767,37.045,,73.068,229.80044556,28.5499181889238
MDV,Maldives,2000,13738.2809408875,282019,37.037,,72.195,219.8586731,27.6038586493758
MDV,Maldives,1999,13449.2026730153,277412,35.085,,71.475,,27.0010708398356
MDV,Maldives,1998,12884.7223193763,272723,33.18,,70.63,,26.4739351451229
MDV,Maldives,1997,12210.9687208916,267707,31.318,,69.855,,26.0259604516629
MDV,Maldives,1996,11495.0988639063,262347,29.501,,69.078,,25.7015358485339
MDV,Maldives,1995,10894.1730236585,256649,27.726,,68.268,,25.5476431837694
MDV,Maldives,1994,9866.07502836993,250822,26.06,,67.468,,25.555709993512
MDV,Maldives,1993,9378.52243653043,244884,24.427,,66.647,,25.624629080355
MDV,Maldives,1992,9120.9918309279,238543,22.852,,65.832,,25.7170257695718
MDV,Maldives,1991,8799.25510927462,231802,21.338,,65.012,,25.8030978579167
MDV,Maldives,1990,8945.80478665277,224762,19.882,,64.199,,25.8521000475719
MLI,Mali,2024,2917.93245883671,24478595,53.093,,62.15,,31.6075621182225
MLI,Mali,2023,2861.48058063314,23769127,53.06,,61.9,33.9802475,31.0031889023235
MLI,Mali,2022,2813.81095962565,23072640,53.009,,61.527,31.0949192,30.4015705681899
MLI,Mali,2021,2796.22793795431,22388630,52.981,,60.406,30.55883217,29.7049638253978
MLI,Mali,2020,2796.41038444386,21713836,50.63,,60.316,28.20211601,29.0205972994693
MLI,Mali,2019,2916.17167791084,21068405,53.387,,60.424,31.4089489,28.3520715749509
MLI,Mali,2018,2862.40728987476,20442030,55.62,,60.064,31.16962242,27.6999185916288
MLI,Mali,2017,2816.19423901587,19813011,57.877,,59.671,28.49467659,27.0646702892896
MLI,Mali,2016,2759.11051293341,19191289,59.554,,59.302,27.58086205,26.4468586077195
MLI,Mali,2015,2686.56065073799,18593022,61.216,3.03322587061689,58.914,28.97842216,25.847015486705
MLI,Mali,2014,2609.16733048395,18020267,60.137,3.26409457550764,58.525,35.7261734,25.2656728660325
MLI,Mali,2013,2528.5300676726,17459615,60.158,3.49127476457015,58.146,30.06661987,24.7033626854883
MLI,Mali,2012,2520.52931086804,16957033,60.22,3.61130253173431,57.715,27.53120613,24.1606168848588
MLI,Mali,2011,2623.34627008698,16469049,60.296,2.95069756395742,57.305,31.67968369,23.6379674039304
MLI,Mali,2010,2632.2646821909,15945198,60.35,3.20700711918684,56.893,31.36436844,23.1359461824894
MLI,Mali,2009,2575.54549773648,15435539,60.4,3.10860991477966,56.46,34.64731598,22.6557955217884
MLI,Mali,2008,2523.19961270039,14940782,60.442,3.02621006965637,56.072,33.21391678,22.1922849560871
MLI,Mali,2007,2515.94692366143,14457775,60.478,,55.578,29.63545799,21.7398043631622
MLI,Mali,2006,2555.07476258805,13990139,60.508,,55.089,26.93190002,21.2987608960246
MLI,Mali,2005,2546.33281405861,13538647,60.536,,54.544,23.97353554,20.8706715422205
MLI,Mali,2004,2565.9774456147,13102409,60.555,,53.956,21.72010231,20.4570532892964
MLI,Mali,2003,2611.8368552722,12684955,60.559,,53.211,18.76944542,20.0594231247985
MLI,Mali,2002,2455.61935702417,12288050,60.552,1.26546001434326,52.477,15.89499378,19.6792980362731
MLI,Mali,2001,2458.46155673065,11912158,60.534,1.26839005947113,51.673,13.15901566,19.3181950112665
MLI,Mali,2000,2187.71894207161,11559290,60.512,1.15618002414703,50.87,14.00473022,18.977631037325
MLI,Mali,1999,2269.08741151657,11227415,60.489,1.12267994880676,50.651,,18.6591231019948
MLI,Mali,1998,2228.20055527642,10919573,60.461,0.549880027770996,50.167,,18.3643952818488
MLI,Mali,1997,2142.78769300012,10646495,60.437,0.545090019702911,49.576,,18.0945692720314
MLI,Mali,1996,2105.27530135189,10407278,60.422,0.343190014362335,48.917,,17.8491309532752
MLI,Mali,1995,2022.40378268201,10185365,60.413,0.271100014448166,48.678,,17.6234008749003
MLI,Mali,1994,2051.75478429108,9967031,60.409,,48.25,,17.412833441504
MLI,Mali,1993,1985.3806486371,9754786,60.419,0.267879992723465,47.717,,17.2128830576835
MLI,Mali,1992,1942.72857140951,9553540,60.441,0.211480006575584,47.412,,17.0190041280359
MLI,Mali,1991,2087.9190293852,9362888,60.477,0.164130002260208,47.033,,16.8266510571585
MLI,Mali,1990,1890.50212990708,9178830,60.519,0.16329999268055,46.769,,16.6312782496484
MLT,Malta,2024,62398.4892388947,568847,55.894,,84.8,,95.6546264490509
MLT,Malta,2023,60459.7655182644,552747,55.525,101.422912597656,85.2,3623.4609375,95.6272277147965
MLT,Malta,2022,56874.4339327368,531113,55.307,94.2648773193359,84.5,3362.42382813,95.6003155132879
MLT,Malta,2021,56823.9958525022,518150,52.216,91.2288513183594,84.0,3641.03833008,95.5145343617045
MLT,Malta,2020,50389.6963309289,515490,51.25,77.3546524047852,84.3,3140.77026367,95.1841082280263
MLT,Malta,2019,53393.4231642463,503912,49.326,72.1765365600586,84.4,2947.24023438,94.9332032524644
MLT,Malta,2018,53419.0022708322,483903,48.214,70.2283935546875,84.4,2759.91186523,94.7242373261706
MLT,Malta,2017,51628.2677400365,467106,46.159,65.0447769165039,84.5,2562.88574219,94.5691806330314
MLT,Malta,2016,46967.3486291212,454505,44.653,58.8669395446777,84.3,2326.67016602,94.4800033569336
MLT,Malta,2015,46171.8893420758,444220,43.02,57.209228515625,84.0,2249.00463867,94.4387696268011
MLT,Malta,2014,43163.1473000396,433481,42.259,52.3021087646484,84.2,2466.89111328,94.412512773898
MLT,Malta,2013,40921.3167795062,424810,40.724,51.2214813232422,84.0,2127.0612793,94.3906567856206
MLT,Malta,2012,38937.1487755674,420028,38.681,48.9565505981445,83.0,1898.50866699,94.3626256493653
MLT,Malta,2011,37740.8473665429,416268,35.559,45.6674613952637,83.0,1962.20556641,94.3155916422812
MLT,Malta,2010,37528.7341525511,414508,34.347,42.6853981018066,83.6,1735.48693848,94.2412435620154
MLT,Malta,2009,35512.6774555483,412477,33.577,41.7492980957031,82.7,1683.5435791,94.1423744490362
MLT,Malta,2008,36287.726099619,409379,33.129,39.5072402954102,82.3,1759.8626709,94.0294765354989
MLT,Malta,2007,34981.7020970372,406724,32.084,41.2065811157227,82.2,1606.22094727,93.9118231189546
MLT,Malta,2006,33420.7141096927,405308,30.178,36.9678916931152,82.0,1480.1126709,93.7986874969541
MLT,Malta,2005,32776.9683721182,403834,29.883,37.5927581787109,81.4,1378.2388916,93.6985189936163
MLT,Malta,2004,32062.7641222076,401268,27.775,30.5835704803467,81.2,1227.28881836,93.6081858790552
MLT,Malta,2003,32147.8757483202,398582,30.112,35.1978492736816,80.8,1082.75085449,93.5241031580205
MLT,Malta,2002,31207.4322052709,395969,30.571,28.3178005218506,81.3,830.64630127,93.4431095912187
MLT,Malta,2001,30602.1099973654,393028,29.365,28.0745296478271,81.2,685.98400879,93.3621924014528
MLT,Malta,2000,31068.0784498241,390087,29.754,,80.5,647.10150146,93.278338811526
MLT,Malta,1999,26127.0614292927,387578,30.073,,79.6,,93.1885360442413
MLT,Malta,1998,25097.8083418163,385287,29.742,,80.2,,93.089771322402
MLT,Malta,1997,24029.7879284425,382791,29.544,,80.3,,92.979031868811
MLT,Malta,1996,23003.0667186164,379905,28.933,,79.8,,92.8533049062716
MLT,Malta,1995,22311.7929397361,377419,28.386,,79.8,,92.6973466192341
MLT,Malta,1994,21127.8495305273,374797,28.177,,79.186,,92.4710310230744
MLT,Malta,1993,20185.6644858263,371308,27.944,,79.088,,92.1649070648702
MLT,Malta,1992,19513.9107402762,367618,27.458,,78.87,,91.8075628458526
MLT,Malta,1991,18832.8308204007,363845,27.014,,78.766,,91.4221778816616
MLT,Malta,1990,18208.1055963545,354170,26.827,,78.254,,91.0319316879368
MHL,Marshall Islands,2024,7236.8679376649,37548,,43.9267886855241,69.476,,78.7325660244112
MHL,Marshall Islands,2023,6774.78265578378,38827,,,69.334,894.21533203,78.3593928884282
MHL,Marshall Islands,2022,6937.75357050514,40077,,47.2116946399567,69.115,859.050354,77.9855966195187
MHL,Marshall Islands,2021,6768.82579129624,41367,,,67.841,782.16351318,77.6163157431143
MHL,Marshall Islands,2020,6418.00663822416,42706,,,68.086,687.02435303,77.285864607515
MHL,Marshall Islands,2019,6405.89632387105,44007,,39.4962216624685,68.448,793.66851807,76.9422712042154
MHL,Marshall Islands,2018,5636.02954937672,45285,,,68.227,702.8359375,76.5886712229035
MHL,Marshall Islands,2017,5200.01066532485,46529,,,68.01,553.06298828,76.2253071645634
MHL,Marshall Islands,2016,4897.14934002038,47709,,37.2539121655729,67.799,619.35668945,75.8524215301796
MHL,Marshall Islands,2015,4670.70755785577,48800,,35.5701311806256,67.596,557.35211182,75.4702568207363
MHL,Marshall Islands,2014,4492.56749211821,49796,,,67.376,449.90563965,75.0790555372177
MHL,Marshall Islands,2013,4470.42630092843,50681,,,67.227,445.42425537,74.6790601806083
MHL,Marshall Islands,2012,4244.58812838612,51419,,29.5723384895359,67.064,410.4979248,74.2705132518924
MHL,Marshall Islands,2011,4259.66173142969,51907,,,66.913,376.39205933,73.8553711172585
MHL,Marshall Islands,2010,4269.9054604506,52044,,,66.746,548.59899902,73.4115658761809
MHL,Marshall Islands,2009,4047.74537243531,52019,,,66.637,543.67626953,72.9115832892586
MHL,Marshall Islands,2008,3903.80571323423,52030,,,66.557,536.23034668,72.3673018695269
MHL,Marshall Islands,2007,4222.95393537643,52035,,,66.514,485.01657104,71.7941991662501
MHL,Marshall Islands,2006,4076.09863045701,51992,,,66.55,613.29852295,71.2077527286922
MHL,Marshall Islands,2005,4075.6807928036,51906,,,66.571,490.59927368,70.6234401061174
MHL,Marshall Islands,2004,4012.85859698975,51791,,,66.604,363.40332031,70.0567388477898
MHL,Marshall Islands,2003,4041.17284358405,51639,,,66.624,338.22610474,69.5231265029735
MHL,Marshall Islands,2002,4122.36777186234,51425,,18.365140914917,66.622,309.72741699,69.0380806209326
MHL,Marshall Islands,2001,4001.24312059454,51123,,,66.582,269.22146606,68.6170787509313
MHL,Marshall Islands,2000,3772.69913192999,50706,,,66.176,306.73342896,68.2755984422337
MHL,Marshall Islands,1999,3719.28760761623,50202,,,66.277,,68.0299788487724
MHL,Marshall Islands,1998,3806.3745586576,49717,,,65.999,,67.8615149809697
MHL,Marshall Islands,1997,3867.83838576288,49259,,,65.715,,67.7300752850655
MHL,Marshall Islands,1996,4175.34883541971,48775,,,65.432,,67.6257676815771
MHL,Marshall Islands,1995,4704.03569964567,48266,,,65.195,,67.5397939409419
MHL,Marshall Islands,1994,4397.47802009698,47712,,,65.067,,67.4633558335976
MHL,Marshall Islands,1993,4207.94886487463,47093,,,64.996,,67.3876551299815
MHL,Marshall Islands,1992,4029.85752552856,46388,,,64.968,,67.3038936005312
MHL,Marshall Islands,1991,3828.95408868903,45568,,,65.051,,67.2032730156839
MHL,Marshall Islands,1990,3906.08626688762,44629,,,65.192,,67.0769951458774
MRT,Mauritania,2024,6482.69016635936,5169395,26.239,,70.729,,60.6068586411829
MRT,Mauritania,2023,6276.47521075653,5022441,26.198,,70.484,92.11444092,59.7142464747058
MRT,Mauritania,2022,6053.26178124768,4875637,26.05,,70.261,91.54125977,58.8120996197226
MRT,Mauritania,2021,5836.56580821897,4734874,26.069,,68.689,73.6309433,57.901535141641
MRT,Mauritania,2020,5963.23549724988,4600131,25.873,4.35593332639211,68.897,53.89974594,56.9836701058893
MRT,Mauritania,2019,6162.21044455969,4467708,26.263,4.24485670693191,69.518,54.63365555,56.0596215779146
MRT,Mauritania,2018,6153.63790241704,4337685,26.234,3.41422544061761,69.258,49.68307495,55.1305077000081
MRT,Mauritania,2017,6050.62180325299,4210600,26.215,3.25820312299947,68.954,55.22446442,54.1970448502004
MRT,Mauritania,2016,5866.28144674129,4086657,26.447,3.51679138865337,68.771,49.90084076,52.9185627319946
MRT,Mauritania,2015,5969.54239289516,3965959,26.679,3.68973087242865,68.555,57.1233139,51.6680350049622
MRT,Mauritania,2014,5837.85203095508,3848514,26.909,,68.327,59.39431381,50.4694791226856
MRT,Mauritania,2013,5769.72870902318,3734318,27.139,3.32334795683097,68.09,55.47412872,49.3553973225913
MRT,Mauritania,2012,5716.25195414285,3619034,27.353,3.10156379379687,68.003,49.2515831,48.2732447351525
MRT,Mauritania,2011,5653.21720092427,3502811,27.427,2.82328740445007,68.01,47.77469254,47.1350407023691
MRT,Mauritania,2010,5605.76388862715,3390965,27.505,2.57369088102797,67.881,43.759655,45.9541923109942
MRT,Mauritania,2009,5639.78744910419,3284448,27.589,2.28288006782532,67.734,44.64679718,44.7591814741371
MRT,Mauritania,2008,5813.35608502791,3183269,27.68,2.27083992958069,67.443,49.2858696,43.5784901049073
MRT,Mauritania,2007,6002.77832134488,3093059,27.77,,67.056,40.41820145,42.4406001164139
MRT,Mauritania,2006,6284.70209004217,3013660,27.854,1.77523994445801,66.621,35.14922333,41.3739934217664
MRT,Mauritania,2005,5445.82950903243,2939059,27.934,1.50257003307343,66.022,34.00539017,40.407151934074
MRT,Mauritania,2004,5139.22552032468,2868664,28.011,1.57597005367279,65.356,31.47280884,39.5685575664461
MRT,Mauritania,2003,5023.65213216804,2802046,28.086,1.40945994853973,64.823,29.51877594,38.8866922319919
MRT,Mauritania,2002,4806.89853329148,2738655,28.159,1.31336998939514,64.168,25.96999741,38.3900378438208
MRT,Mauritania,2001,4847.41085992453,2678760,28.228,1.17595994472504,63.527,23.28163338,38.1070763150421
MRT,Mauritania,2000,5008.60806518774,2613441,28.317,,62.832,23.00290108,38.0555858542174
MRT,Mauritania,1999,5359.98881964397,2541698,27.996,1.46800005435944,62.206,,38.1000816090317
MRT,Mauritania,1998,5310.15819056524,2474651,27.676,1.28163003921509,61.657,,38.1919255436732
MRT,Mauritania,1997,5302.36663255523,2411306,27.36,1.23809003829956,60.986,,38.3206912812037
MRT,Mauritania,1996,5650.34118025632,2358188,27.045,1.30181002616882,60.389,,38.4770292471417
MRT,Mauritania,1995,5446.26956021532,2312017,26.733,1.17334997653961,60.324,,38.6515898670056
MRT,Mauritania,1994,5097.20838953702,2249454,26.425,1.20245003700256,60.23,,38.8350235663137
MRT,Mauritania,1993,5439.82228683144,2174328,26.121,1.04607999324799,60.181,,39.0179807705844
MRT,Mauritania,1992,5350.11803590657,2088135,25.822,0.86693000793457,60.051,,39.1911119053361
MRT,Mauritania,1991,5456.55575948293,2009738,25.526,0.782190024852753,59.749,,39.3450673960873
MRT,Mauritania,1990,5519.61033558343,1951878,25.23,0.70907998085022,59.581,,39.4704976683562
MUS,Mauritius,2024,27844.8956114831,1245779,47.45,55.1337764144513,77.4,,39.0162147027917
MUS,Mauritius,2023,26471.0351422892,1248647,47.644,52.3138578358996,76.89,616.20739746,39.0039901092226
MUS,Mauritius,2022,25005.0666145723,1262523,42.521,51.070355664797,77.1,590.91522217,39.0000125885784
MUS,Mauritius,2021,23010.2013826906,1266334,40.56,53.0658639779401,77.24,593.77947998,39.077147315722
MUS,Mauritius,2020,22272.5398696677,1266014,43.111,50.8637797413883,77.66,541.95184326,39.1607039074325
MUS,Mauritius,2019,25958.4900281465,1265985,46.423,50.1405142401745,77.56,639.18286133,39.2509492806955
MUS,Mauritius,2018,25243.886462031,1265577,45.604,47.1685140428369,77.72,640.62182617,39.3474905591359
MUS,Mauritius,2017,24258.988821567,1264887,45.716,46.2599720371741,77.89,594.86120605,39.4499348663789
MUS,Mauritius,2016,23357.230006621,1263747,45.414,43.029141877584,77.76,540.39239502,39.5578893260494
MUS,Mauritius,2015,22499.0254570551,1262879,46.371,42.7746707559084,77.79,515.72247314,39.6709610617726
MUS,Mauritius,2014,21721.3096444788,1261208,45.217,44.2254702288247,77.58,544.44122314,39.7887571971735
MUS,Mauritius,2013,20952.3775734986,1258927,44.956,45.6660977813472,77.5,440.00280762,39.9108848558771
MUS,Mauritius,2012,20313.0328941469,1255882,43.028,46.2135370114569,77.5,387.1026001,40.0369511615085
MUS,Mauritius,2011,19678.6022639733,1252404,42.612,39.1053111244692,76.97,385.76248169,40.1665923228716
MUS,Mauritius,2010,18925.5713852829,1250400,43.465,36.3384911408643,76.65,357.17382813,40.3046131827718
MUS,Mauritius,2009,18171.6870025783,1247429,41.912,34.1985015869141,76.56,301.67260742,40.4548202346069
MUS,Mauritius,2008,17627.1121948078,1244121,41.439,29.960470199585,76.11,312.88540649,40.6154231740954
MUS,Mauritius,2007,16774.5685137565,1239630,40.492,26.5234794616699,76.11,229.2313385,40.7846600109183
MUS,Mauritius,2006,15932.8192222795,1233996,41.482,23.724739074707,75.91,203.24180603,40.9607687547567
MUS,Mauritius,2005,15264.5981839157,1228254,41.199,21.4139003753662,75.91,192.13858032,41.1419874152917
MUS,Mauritius,2004,15087.0687832797,1221003,39.769,17.0333003997803,75.8,184.74328613,41.3265540022042
MUS,Mauritius,2003,14551.8784442579,1213370,41.132,15.1450901031494,75.6,157.68417358,41.5127065251754
MUS,Mauritius,2002,13837.6258025605,1204621,37.844,14.9546003341675,75.5,132.38633728,41.6986829938864
MUS,Mauritius,2001,13712.5793901042,1196287,36.231,18.2270603179932,75.3,116.36106873,41.8827214180181
MUS,Mauritius,2000,13373.655799097,1186873,38.661,10.1597995758057,75.3,115.89820862,42.063123063288
MUS,Mauritius,1999,12481.8622000201,1175267,38.706,8.76173973083496,74.7,,42.2588287425674
MUS,Mauritius,1998,12319.8866544456,1160421,38.739,,74.5,,42.4821872861094
MUS,Mauritius,1997,11737.4151476327,1148284,38.746,6.10950994491577,74.4,,42.7217837556441
MUS,Mauritius,1996,11245.7059722003,1133996,38.739,,74.4,,42.9662655387302
MUS,Mauritius,1995,10760.058004935,1122457,38.735,6.0925498008728,74.28,,43.2042800229269
MUS,Mauritius,1994,10406.771389602,1112846,38.567,5.12314987182617,74.0,,43.4244745957928
MUS,Mauritius,1993,10134.3273767613,1097374,38.41,,74.0,,43.615496644887
MUS,Mauritius,1992,9759.21929141358,1084441,38.262,,73.9,,43.7659935577684
MUS,Mauritius,1991,9283.84516043242,1070266,38.12,3.47250008583069,73.9,,43.8646127219959
MUS,Mauritius,1990,8986.03307171492,1058775,37.994,2.59219002723694,73.4,,43.9000015220485
MEX,Mexico,2024,21970.3520412926,130861007,47.414,52.4420204162598,77.999,,79.7538805976118
MEX,Mexico,2023,21864.9236104145,129739759,47.317,51.6074905395508,77.811,760.98840332,79.4734935748046
MEX,Mexico,2022,21391.8573698845,128613117,46.004,50.2553291320801,76.966,650.97070313,79.199683215791
MEX,Mexico,2021,20782.5877440905,127648148,44.615,48.4712982177734,73.352,606.13415527,78.9324007418057
MEX,Mexico,2020,19728.4817827455,126799054,41.704,47.0619583129883,74.109,535.11669922,78.677960602824
MEX,Mexico,2019,21704.185952748,125762982,45.573,44.3526802062988,77.422,549.72601318,78.355984332992
MEX,Mexico,2018,21997.7730219494,124573711,44.134,42.5822601318359,77.13,528.26306152,78.0271223924494
MEX,Mexico,2017,21777.5225127275,123400057,43.627,40.8725509643555,76.972,512.54974365,77.7206924598541
MEX,Mexico,2016,21578.263354126,122251351,43.988,38.8265113830566,76.962,489.92230225,77.4405087351486
MEX,Mexico,2015,21408.9283216195,121072306,43.928,31.771110534668,76.929,553.91259766,77.1903854182753
MEX,Mexico,2014,21069.7661653886,119784261,43.55,30.9848003387451,76.886,609.82232666,76.9741367091766
MEX,Mexico,2013,20805.3480406564,118343573,44.48,30.025239944458,76.819,625.59765625,76.7955768077952
MEX,Mexico,2012,20898.935720908,116818208,44.48,29.0923099517822,76.727,582.48297119,76.6585199140734
MEX,Mexico,2011,20457.6001677783,115243504,43.413,27.7940101623535,76.524,565.31738281,76.5667802279537
MEX,Mexico,2010,20058.3854882301,113623895,42.946,26.9379100799561,76.293,534.08520508,76.5244441414713
MEX,Mexico,2009,19385.5437251877,111999721,43.08,25.9799900054932,76.135,492.59887695,76.5143930040295
MEX,Mexico,2008,20992.5602662364,110374288,42.568,25.4762992858887,76.119,573.11114502,76.5090428271033
MEX,Mexico,2007,21102.2688338349,108774360,42.718,24.7962207794189,76.144,558.06530762,76.5047326234761
MEX,Mexico,2006,20965.8256087044,107253666,42.334,24.1733093261719,76.025,514.29864502,76.4982455683657
MEX,Mexico,2005,20277.2552852007,105811504,41.15,23.7190494537354,75.877,483.97970581,76.4748624380269
MEX,Mexico,2004,20127.2242902968,104394131,40.098,23.1233406066894,75.664,446.13604736,76.3274397419019
MEX,Mexico,2003,19701.4633898714,102978515,38.975,22.2903308868408,75.548,411.83197021,76.046170340551
MEX,Mexico,2002,19744.7933675609,101548624,38.314,21.3952693939209,75.382,385.61471558,75.6840752828994
MEX,Mexico,2001,20078.2183931307,100099099,38.229,20.3622798919678,75.24,364.39672852,75.2907557567987
MEX,Mexico,2000,20470.4937669158,98625552,38.866,19.4431095123291,74.972,319.34719849,74.9203113970256
MEX,Mexico,1999,19793.2852863293,97115707,38.527,,74.708,,74.5904740522037
MEX,Mexico,1998,19573.0654561328,95575245,39.316,,74.358,,74.2716464717421
MEX,Mexico,1997,18737.6426464292,94021207,39.641,,74.085,,73.9513082519844
MEX,Mexico,1996,17775.8727889128,92452702,37.684,,73.742,,73.6269922663634
MEX,Mexico,1995,17028.1215022837,90862455,37.613,,73.468,,73.2962313883119
MEX,Mexico,1994,18422.8199296267,89259205,36.366,,73.152,,72.9565584912625
MEX,Mexico,1993,17970.5871869693,87653807,35.836,,72.905,,72.6055064486481
MEX,Mexico,1992,17796.4059662866,86044809,34.988,,72.642,,72.2406081339013
MEX,Mexico,1991,17511.7313112492,84430572,34.216,,72.373,,71.859396420455
MEX,Mexico,1990,17169.5925859795,82820170,33.981,,72.025,,71.4590077199915
FSM,"Micronesia, Fed. Sts.",2024,3911.26631940407,113160,,,71.277,,22.4562830235421
FSM,"Micronesia, Fed. Sts.",2023,3841.27116510816,112630,,,71.119,507.7762146,22.4334012451903
FSM,"Micronesia, Fed. Sts.",2022,3815.79465699672,112114,,,70.738,468.53509521,22.4122701819053
FSM,"Micronesia, Fed. Sts.",2021,3955.73141317971,111624,,,69.792,399.43988037,22.3928762855411
FSM,"Micronesia, Fed. Sts.",2020,3861.29319570301,110916,,,69.659,403.03540039,22.3752060036598
FSM,"Micronesia, Fed. Sts.",2019,3965.05377269396,110282,,,69.548,425.28103638,22.359245777081
FSM,"Micronesia, Fed. Sts.",2018,3838.64054793262,109909,,,69.151,428.00738525,22.3449820355433
FSM,"Micronesia, Fed. Sts.",2017,3838.04534289261,109481,,,68.84,409.11758423,22.332401189542
FSM,"Micronesia, Fed. Sts.",2016,3774.03193396948,109075,,,68.588,399.77108765,22.3214896137555
FSM,"Micronesia, Fed. Sts.",2015,3739.35968767448,108716,,,68.255,362.27624512,22.3122336099411
FSM,"Micronesia, Fed. Sts.",2014,3592.81901389543,108396,,,68.279,345.01589966,22.3046193122479
FSM,"Micronesia, Fed. Sts.",2013,3696.74550378941,108121,,,68.18,354.82269287,22.2986323961146
FSM,"Micronesia, Fed. Sts.",2012,3847.14743528337,107890,,,68.098,372.10220337,22.2942568788425
FSM,"Micronesia, Fed. Sts.",2011,3917.44641481482,107698,,,68.029,378.15283203,22.2914664135472
FSM,"Micronesia, Fed. Sts.",2010,3780.25132792653,107540,,,67.957,361.96511841,22.2903529875138
FSM,"Micronesia, Fed. Sts.",2009,3702.36131622048,107957,,,67.96,325.56570435,22.2995385016606
FSM,"Micronesia, Fed. Sts.",2008,3622.04886559734,108936,,,67.96,289.50195313,22.3111192453232
FSM,"Micronesia, Fed. Sts.",2007,3684.20209326281,109880,,,67.978,258.64785767,22.3208324539882
FSM,"Micronesia, Fed. Sts.",2006,3717.65782403635,110729,,,68.009,245.42320251,22.3275140420008
FSM,"Micronesia, Fed. Sts.",2005,3710.19849742597,111412,,,68.047,397.91644287,22.3299999237061
FSM,"Micronesia, Fed. Sts.",2004,3594.57718999286,111925,,,68.049,257.98867798,22.3299999237061
FSM,"Micronesia, Fed. Sts.",2003,3701.13265140057,112285,,,68.095,208.84524536,22.3299999237061
FSM,"Micronesia, Fed. Sts.",2002,3631.74876153373,112448,,,66.797,169.95617676,22.3299999237061
FSM,"Micronesia, Fed. Sts.",2001,3618.3939602241,112365,,,68.029,181.29023743,22.3299999237061
FSM,"Micronesia, Fed. Sts.",2000,3563.89180484484,112044,,,67.541,161.47862244,22.3299999237061
FSM,"Micronesia, Fed. Sts.",1999,3417.46540014415,111680,,,67.932,,22.4803417382757
FSM,"Micronesia, Fed. Sts.",1998,3388.51252228873,111377,,,67.849,,23.0414720747208
FSM,"Micronesia, Fed. Sts.",1997,3304.11609456279,111071,,,67.732,,23.8305797418484
FSM,"Micronesia, Fed. Sts.",1996,3534.41608856405,110710,,,67.648,,24.6466898360747
FSM,"Micronesia, Fed. Sts.",1995,3672.43126126526,110230,,,67.598,,25.2888274538158
FSM,"Micronesia, Fed. Sts.",1994,3468.05346941417,109075,,,67.538,,25.5767394695015
FSM,"Micronesia, Fed. Sts.",1993,3552.11499566208,107066,,,67.411,,25.6947718399376
FSM,"Micronesia, Fed. Sts.",1992,3355.54826553826,104806,,,67.33,,25.8110870472152
FSM,"Micronesia, Fed. Sts.",1991,3290.66674033392,102754,,,67.245,,25.917706940169
FSM,"Micronesia, Fed. Sts.",1990,3119.81174628461,100888,,,67.075,,26.0146992260968
MDA,Moldova,2024,16393.8633257184,2402306,72.177,84.7645531389845,75.672,,43.516471862793
MDA,Moldova,2023,15980.5668889856,2457783,70.064,81.7232329363875,75.535,451.73007202,43.0011825561523
MDA,Moldova,2022,15350.3120408391,2528654,71.543,79.5397278683017,76.206,394.42373657,42.4048843383789
MDA,Moldova,2021,15682.0703284653,2595809,70.665,71.7426824144531,73.115,403.87823486,41.8115425109863
MDA,Moldova,2020,13559.2600217483,2635130,68.085,65.2269949491231,74.223,305.48913574,41.3368530273438
MDA,Moldova,2019,14621.2401362286,2664224,68.337,62.484816225143,74.622,283.98425293,40.772289276123
MDA,Moldova,2018,13895.5043655692,2707203,66.419,59.8775016198638,74.665,276.4697876,40.3258094787598
MDA,Moldova,2017,13118.8219369605,2755189,67.43,58.3591348205201,74.892,243.94540405,39.9736557006836
MDA,Moldova,2016,12377.366678394,2803186,68.93,60.2475985857469,74.65,171.18476868,39.7373237609863
MDA,Moldova,2015,11691.0797484184,2835978,69.413,58.9923646570802,74.528,186.43643188,39.6954040527344
MDA,Moldova,2014,11641.1208436577,2857815,69.207,58.2979830139099,74.561,230.76982117,39.6298484802246
MDA,Moldova,2013,11080.0634585341,2859558,65.586,46.6365127627885,74.554,231.66229248,39.4275512695312
MDA,Moldova,2012,10158.3854676883,2860324,65.277,45.7063421973637,74.55,223.61895752,39.3614196777344
MDA,Moldova,2011,10217.3087761255,2860699,64.365,45.412855438457,74.341,214.98246765,39.3469161987305
MDA,Moldova,2010,9649.9509930271,2862354,62.695,43.7339224466463,74.011,198.28894043,39.2804946899414
MDA,Moldova,2009,9001.23432081622,2865213,59.929,,73.507,208.53004456,39.3255348205566
MDA,Moldova,2008,9563.69814290939,2868833,59.244,,73.06,185.56115723,39.3710708618164
MDA,Moldova,2007,8854.83397616724,2874299,58.868,,72.693,135.44366455,39.4315032958984
MDA,Moldova,2006,8577.02858037286,2880967,57.263,,72.385,100.10816193,39.2182388305664
MDA,Moldova,2005,8161.47344724765,2888985,55.022,,72.102,79.33213043,39.3704032897949
MDA,Moldova,2004,7573.6178454751,2896023,54.583,,71.876,64.60713959,39.4460945129395
MDA,Moldova,2003,7034.35784911687,2903198,56.09,,71.718,38.43836975,39.5945358276367
MDA,Moldova,2002,6580.27841436838,2911385,54.827,,71.582,33.9242363,39.620719909668
MDA,Moldova,2001,6090.03474356112,2918135,54.803,,71.445,25.3985939,39.6744270324707
MDA,Moldova,2000,5727.07922525352,2924668,56.428,,71.218,21.37988663,40.4185981750488
MDA,Moldova,1999,5597.46512850295,2930622,56.559,,70.953,,40.5269088745117
MDA,Moldova,1998,5783.48593751483,2935227,56.374,,70.586,,40.7304458618164
MDA,Moldova,1997,6185.83952473232,2936413,56.0,,70.264,,44.9134635925293
MDA,Moldova,1996,6063.14051693664,2947293,56.111,,70.032,,45.0867500305176
MDA,Moldova,1995,6428.83979448752,2953200,55.815,,69.998,,45.7191925048828
MDA,Moldova,1994,6490.35310271769,2966745,55.848,,70.052,,45.865348815918
MDA,Moldova,1993,9363.59309935118,2975966,55.705,,70.356,,46.0907783508301
MDA,Moldova,1992,9461.42772606577,2980965,55.555,,70.652,,46.3824577331543
MDA,Moldova,1991,13342.0600237962,2981566,55.218,,71.08,,46.9094772338867
MDA,Moldova,1990,15902.8943232278,2977912,54.757,,71.308,,46.9786033630371
MCO,Monaco,2024,,38631,,99.271842956543,88.626,,100.0
MCO,Monaco,2023,,38956,,,88.504,8004.16845703,100.0
MCO,Monaco,2022,,38931,,,87.915,7674.09814453,100.0
MCO,Monaco,2021,,38527,,,87.294,8225.38769531,100.0
MCO,Monaco,2020,,38050,,,88.27,7582.41552734,100.0
MCO,Monaco,2019,,38109,,,88.323,7517.25341797,100.0
MCO,Monaco,2018,,38154,,,88.369,7621.97021484,100.0
MCO,Monaco,2017,,37678,,,88.357,7101.640625,100.0
MCO,Monaco,2016,,37276,,66.2216262817383,88.29,7157.92578125,100.0
MCO,Monaco,2015,,36757,,,88.199,7354.13183594,100.0
MCO,Monaco,2014,,36128,,,88.097,8691.6953125,100.0
MCO,Monaco,2013,,35447,,,87.914,8459.11328125,100.0
MCO,Monaco,2012,,34711,,,87.604,7869.89453125,100.0
MCO,Monaco,2011,,33946,,,87.276,8314.45996094,100.0
MCO,Monaco,2010,,33163,,,87.071,8025.15917969,100.0
MCO,Monaco,2009,,32364,,,86.951,8190.71191406,100.0
MCO,Monaco,2008,,31836,,,87.027,8342.875,100.0
MCO,Monaco,2007,,31837,,,87.222,7035.9453125,100.0
MCO,Monaco,2006,,32057,,,87.546,6146.87744141,100.0
MCO,Monaco,2005,,32210,,,87.811,5878.00683594,100.0
MCO,Monaco,2004,,32307,,,87.903,5681.51171875,100.0
MCO,Monaco,2003,,32374,,,87.569,4833.08740234,100.0
MCO,Monaco,2002,,32422,,,86.995,3375.89013672,100.0
MCO,Monaco,2001,,32447,,,86.271,3050.57739258,100.0
MCO,Monaco,2000,,32455,,,85.804,2975.82250977,100.0
MCO,Monaco,1999,,32410,,,85.546,,100.0
MCO,Monaco,1998,,32267,,,85.438,,100.0
MCO,Monaco,1997,,32063,,,85.3,,100.0
MCO,Monaco,1996,,31837,,,85.135,,100.0
MCO,Monaco,1995,,31609,,,84.949,,100.0
MCO,Monaco,1994,,31375,,,84.73,,100.0
MCO,Monaco,1993,,31136,,,84.452,,100.0
MCO,Monaco,1992,,30887,,,84.12,,100.0
MCO,Monaco,1991,,30625,,,83.743,,100.0
MCO,Monaco,1990,,30358,,,83.351,,100.0
MNG,Mongolia,2024,16842.6505873797,3524788,52.1,87.7940368652344,77.1,,70.9566040039062
MNG,Mongolia,2023,16222.8638898529,3481145,52.467,85.6669090196632,76.85,359.60980225,70.4464492797852
MNG,Mongolia,2022,15310.4349469163,3433748,54.629,85.4626108206415,76.7,448.24212646,69.783805847168
MNG,Mongolia,2021,14792.2509086422,3383741,53.158,84.4189664335619,76.47,330.03753662,69.2153244018555
MNG,Mongolia,2020,14801.3420829185,3327204,56.048,83.2342377293253,76.22,188.77464294,68.0894771770775
MNG,Mongolia,2019,15790.6961126441,3267673,57.902,82.439453125,75.96,197.57131958,67.8277299551557
MNG,Mongolia,2018,15230.2408828847,3208189,51.717,76.9988098144531,75.78,188.64115906,67.8683444833372
MNG,Mongolia,2017,14401.5375067562,3148917,52.687,76.2100601196289,75.44,160.4889679,67.9260583223672
MNG,Mongolia,2016,13898.1456953585,3088856,52.092,76.1775436401367,75.1,168.41404724,67.9776754820979
MNG,Mongolia,2015,13974.5967260365,3026864,53.429,81.7774505615234,75.84,165.19296265,67.9999999906095
MNG,Mongolia,2014,13943.4277148653,2963113,53.531,78.707389831543,75.49,176.69651794,67.9941357229626
MNG,Mongolia,2013,13210.0945665668,2899011,53.647,76.2954788208008,75.01,180.41543579,67.9776750055915
MNG,Mongolia,2012,12078.9185320062,2839705,53.787,72.68212890625,74.32,169.6519928,67.9522782537785
MNG,Mongolia,2011,10960.0959283864,2786317,53.903,68.1630042033954,73.76,135.98664856,67.9196058798676
MNG,Mongolia,2010,9507.118823625,2738622,53.202,68.2062301635742,72.26,99.50933838,67.8298018313254
MNG,Mongolia,2009,9095.9769892529,2691115,53.541,64.8740081787109,71.79,76.7000351,67.3659050254095
MNG,Mongolia,2008,9379.85489687765,2643201,53.369,60.0678405761719,70.98,97.26833344,66.4693095486742
MNG,Mongolia,2007,8750.13407442299,2601850,54.032,56.9383316040039,70.23,66.17643738,65.2590695004873
MNG,Mongolia,2006,8043.99678108557,2567168,53.928,56.8646697998047,69.38,49.52784348,63.8388366340039
MNG,Mongolia,2005,7499.84803935428,2536407,53.887,53.4340896606445,68.61,38.04277039,62.3122627023789
MNG,Mongolia,2004,7070.667158451,2508412,53.878,48.9718589782715,67.77,33.7024498,60.7829994587671
MNG,Mongolia,2003,6463.78966651762,2480374,53.946,46.0966682434082,66.5,27.18718147,59.3546986563236
MNG,Mongolia,2002,6117.9824222592,2449027,53.967,44.0185317993164,66.47,30.67812347,58.1310120482033
MNG,Mongolia,2001,5917.07088396343,2417751,53.93,41.9685897827148,66.26,27.85225105,57.2155913875612
MNG,Mongolia,2000,5818.24307842901,2388299,53.834,37.1560516357422,66.13,28.13583946,56.7305447074496
MNG,Mongolia,1999,5829.16641455929,2356813,53.654,33.4235000610352,65.476,,56.6496432310004
MNG,Mongolia,1998,5735.84383645771,2323809,53.492,27.5095691680908,64.747,,56.6674861290427
MNG,Mongolia,1997,5628.10663484223,2291750,53.335,24.2862300872803,64.228,,56.6994985490115
MNG,Mongolia,1996,5494.32133981897,2259507,53.198,21.6863307952881,64.018,,56.7421259611535
MNG,Mongolia,1995,5457.68501570005,2224945,53.016,,63.979,,56.7918138357155
MNG,Mongolia,1994,5213.84632608076,2189395,52.968,,63.925,,56.8450076429443
MNG,Mongolia,1993,5162.0998701038,2165130,52.803,,63.755,,56.8981528530866
MNG,Mongolia,1992,5324.48759689987,2167790,52.489,,63.257,,56.9476949363892
MNG,Mongolia,1991,5874.25558231388,2165342,51.968,,62.525,,56.9900793630989
MNG,Mongolia,1990,6637.81926731198,2098710,51.433,,61.397,,57.0217516034624
MNE,Montenegro,2024,28105.5927726624,623525,51.429,,80.4,,65.5422314706266
MNE,Montenegro,2023,27243.404228981,623529,51.777,66.92431640625,80.2,1147.69787598,65.4731667624849
MNE,Montenegro,2022,25583.3155690619,623591,48.489,67.8495407104492,78.8,1032.91149902,65.4012965440866
MNE,Montenegro,2021,23689.9791090651,625053,41.433,67.0347137451172,77.0,1024.2565918,65.3266031317675
MNE,Montenegro,2020,20904.5999314513,626590,43.343,66.8359069824219,78.8,896.24884033,65.2490688418027
MNE,Montenegro,2019,24585.1159529158,626753,46.888,64.2352600097656,79.5,754.77441406,65.1686759904159
MNE,Montenegro,2018,23562.1762558957,626438,45.52,66.6246719360352,80.6,745.7520752,65.0854068937869
MNE,Montenegro,2017,22513.7807637171,625982,45.296,68.5246734619141,79.4,623.68841553,64.9992438680584
MNE,Montenegro,2016,21834.0918741924,625353,45.699,65.9782028198242,79.0,604.88665771,64.9101692293409
MNE,Montenegro,2015,21131.8410316247,624651,46.123,70.6787490844727,78.6,582.18743896,64.8181652937171
MNE,Montenegro,2014,20641.7645176561,623744,45.008,70.1430206298828,78.9,581.40106201,64.7232143772459
MNE,Montenegro,2013,20201.2916344369,622587,42.866,67.4687271118164,79.0,597.17596436,64.6252987959653
MNE,Montenegro,2012,19576.412051459,621418,42.801,68.3278198242188,78.4,535.16223145,64.5244008658951
MNE,Montenegro,2011,20110.4869725048,620345,41.589,65.4289398193359,78.9,571.65600586,64.4210914835811
MNE,Montenegro,2010,19476.1626179487,619428,41.589,61.5461387634277,78.5,,64.3069625751293
MNE,Montenegro,2009,18984.9379136097,618294,41.62,58.533748626709,77.5,,64.1131468872325
MNE,Montenegro,2008,20238.9216459135,616969,41.828,48.8135299682617,77.8,,63.8414387962647
MNE,Montenegro,2007,18966.4529580465,615875,41.693,42.5273590087891,76.9,,63.5035790981749
MNE,Montenegro,2006,17727.3660449403,615025,41.638,35.8447608947754,76.4,,63.111308588912
MNE,Montenegro,2005,16348.8994494652,614261,41.711,30.6462097167969,76.8,,62.6763680644251
MNE,Montenegro,2004,15716.0755725572,613353,41.87,27.4713096618652,77.246,,62.210498320663
MNE,Montenegro,2003,15076.6513903781,612267,42.081,22.3323097229004,77.133,,61.6986616237464
MNE,Montenegro,2002,14770.255224547,609828,42.276,20.6275806427002,77.127,,61.0261817231895
MNE,Montenegro,2001,14552.4956785923,607389,42.402,21.7918205261231,76.722,,60.1387879596705
MNE,Montenegro,2000,14452.2161423496,604950,42.421,19.732889175415,76.597,,59.0899260145706
MNE,Montenegro,1999,13993.3577435418,606001,42.493,,76.446,,57.919903994793
MNE,Montenegro,1998,15402.9879966714,607662,42.342,,76.594,,56.6690300072411
MNE,Montenegro,1997,14638.7363489702,609520,42.493,,76.557,,55.3776121588181
MNE,Montenegro,1996,,611003,42.66,,76.585,,54.0859585564272
MNE,Montenegro,1995,,611712,42.905,,76.613,,52.8343773069715
MNE,Montenegro,1994,,611389,43.232,,76.768,,51.6631765173545
MNE,Montenegro,1993,,610170,43.554,,77.038,,50.6126642944792
MNE,Montenegro,1992,,608516,43.724,,76.954,,49.7231487452489
MNE,Montenegro,1991,,607105,43.81,,77.075,,49.0415573735914
MNE,Montenegro,1990,,606372,43.832,,77.147,,48.541693005835
MAR,Morocco,2024,9162.7470703125,38081173,19.827,53.4796749973273,77.777,,62.7998124018197
MAR,Morocco,2023,8915.3515625,37712505,19.671,51.8200104174748,77.6,232.24751282,62.673750838878
MAR,Morocco,2022,8690.4482421875,37329064,19.584,49.4333879081328,77.403,201.81098938,62.5118468550703
MAR,Morocco,2021,8623.265625,36954442,20.697,45.1439525155155,75.659,209.57344055,62.3173276600289
MAR,Morocco,2020,8054.56298828125,36584208,20.688,40.9987555033672,75.718,192.04043579,62.0933436005366
MAR,Morocco,2019,8768.17578125,36210898,21.999,38.4051990422671,76.391,178.73939514,61.8430450233765
MAR,Morocco,2018,8611.75,35839760,22.23,35.2085552985923,75.994,175.70518494,61.5695822753314
MAR,Morocco,2017,8450.0087890625,35446392,22.45,33.0600862856825,75.553,166.8500061,61.2761057031842
MAR,Morocco,2016,8141.9404296875,35023457,23.275,30.8941714412006,75.064,162.21507263,60.9657656537179
MAR,Morocco,2015,8198.80859375,34607588,24.362,28.0365406774835,74.722,162.85198975,60.6417124737154
MAR,Morocco,2014,7951.79833984375,34204780,24.779,25.0591708021193,74.356,188.6415863,60.3030486171654
MAR,Morocco,2013,7839.0322265625,33787571,24.718,22.1497192382812,73.961,179.81974792,59.9083499302469
MAR,Morocco,2012,7628.64404296875,33355241,24.358,18.594068707251,73.514,172.04353333,59.4348555979895
MAR,Morocco,2011,7503.79296875,32912588,25.118,15.5196313141869,73.014,179.00019836,58.902576690412
MAR,Morocco,2010,7210.63671875,32467016,25.546,13.5493332175636,72.484,168.36595154,58.3287516486646
MAR,Morocco,2009,7063.72705078125,32030778,25.909,12.5205802917481,72.143,165.50694275,57.7306189138977
MAR,Morocco,2008,6901.95068359375,31606767,26.278,12.4914503097534,71.768,153.23677063,57.1254169272616
MAR,Morocco,2007,6620.59033203125,31186468,26.029,11.1429100036621,71.365,131.86448669,56.5303841299064
MAR,Morocco,2006,6488.673828125,30771178,25.784,11.4979295730591,70.924,110.22368622,55.9627589629824
MAR,Morocco,2005,6103.42236328125,30358144,25.54,10.5286903381348,70.454,97.19748688,55.4397798676399
MAR,Morocco,2004,5996.39013671875,29953018,25.293,10.1724395751953,69.917,91.17259979,54.9787569660869
MAR,Morocco,2003,5810.05322265625,29571415,25.041,9.69301986694336,69.638,77.74629211,54.5782811140771
MAR,Morocco,2002,5544.07177734375,29198142,24.788,9.30527973175049,69.287,63.57953644,54.222745830177
MAR,Morocco,2001,5417.57861328125,28814643,25.365,9.05414009094238,68.927,56.55395889,53.8972613497219
MAR,Morocco,2000,5100.11572265625,28423435,24.934,8.55527973175049,68.54,54.63968277,53.58724711125
MAR,Morocco,1999,5043.6650390625,28027179,24.753,7.9677300453186,68.122,,53.2781225532994
MAR,Morocco,1998,5033.92333984375,27621648,24.618,7.60536003112793,67.666,,52.9553071144083
MAR,Morocco,1997,4766.1103515625,27213337,24.2,9.42784976959229,67.251,,52.6042202331149
MAR,Morocco,1996,4916.47998046875,26808107,24.236,,66.86,,52.2102813479572
MAR,Morocco,1995,4444.228515625,26399429,23.557,9.17057037353516,66.364,,51.7589098974736
MAR,Morocco,1994,4771.0927734375,26000822,23.8,8.5750904083252,65.983,,51.2177079462615
MAR,Morocco,1993,4379.76416015625,25614586,23.177,8.2710599899292,65.487,,50.4392204284668
MAR,Morocco,1992,4483.24951171875,25212468,23.163,7.76493978500366,64.956,,49.8101539611816
MAR,Morocco,1991,4656.1259765625,24799014,23.234,7.65607976913452,64.486,,49.1526794433594
MAR,Morocco,1990,4418.66015625,24375551,22.819,7.95197010040283,63.959,,48.4338645935059
MOZ,Mozambique,2024,1500.70758504856,34631766,77.206,,66.743,,36.4332337447237
MOZ,Mozambique,2023,1512.66729609671,33635160,77.269,,66.544,52.96166611,35.7149783148407
MOZ,Mozambique,2022,1476.73432917026,32656246,77.198,,65.867,47.69813538,35.0536638047945
MOZ,Mozambique,2021,1457.23540930922,31707800,76.785,,63.142,44.09894943,34.4499259401554
MOZ,Mozambique,2020,1466.12476474476,30783688,76.87,,64.17,34.92252731,33.9044006416285
MOZ,Mozambique,2019,1528.88988354373,29884380,77.735,,63.736,41.01906586,33.4177241517032
MOZ,Mozambique,2018,1538.83512127022,29018644,77.84,6.68452621110757,63.093,41.29206467,32.9902559073541
MOZ,Mozambique,2017,1532.0073576114,28166393,77.942,6.46613871536304,62.33,36.75825882,32.6274411492675
MOZ,Mozambique,2016,1537.90853271216,27337105,78.041,6.44375209786436,61.521,31.85357285,32.3819234395234
MOZ,Mozambique,2015,1512.5997455554,26547572,78.143,5.65854611379355,60.659,40.35658646,32.1372836259918
MOZ,Mozambique,2014,1449.92926632722,25788475,79.107,5.17963876444828,59.792,43.50259018,31.8972245802342
MOZ,Mozambique,2013,1385.83254864214,25051611,80.04,4.45499040594225,58.897,41.5031395,31.6619153976179
MOZ,Mozambique,2012,1338.51594866104,24337846,80.944,4.06505010886004,58.041,35.24672699,31.4315251735105
MOZ,Mozambique,2011,1275.52959822581,23649039,81.819,3.74581259918652,57.195,30.42516136,31.2062230032794
MOZ,Mozambique,2010,1224.23020471309,22999235,82.665,3.61581881325625,56.403,26.26061249,30.9861779822921
MOZ,Mozambique,2009,1178.70909947834,22391745,83.482,2.90311002731323,55.678,27.68954468,30.7715592059159
MOZ,Mozambique,2008,1141.94256161019,21819036,84.273,2.68006992340088,55.012,24.48562622,30.5625357695184
MOZ,Mozambique,2007,1095.12568701598,21287635,85.036,2.28687000274658,54.431,19.29700851,30.3598131347122
MOZ,Mozambique,2006,1041.80471709595,20787087,85.772,1.97942996025085,53.908,18.05057144,30.1740801725307
MOZ,Mozambique,2005,970.38995609863,20304569,86.481,0.935440003871918,53.516,18.40718079,30.0098613217248
MOZ,Mozambique,2004,934.133964844421,19840313,87.166,0.71916002035141,53.083,14.12452602,29.8592114813982
MOZ,Mozambique,2003,883.239121472194,19392475,87.825,0.581589996814728,52.653,11.03660774,29.7146340268639
MOZ,Mozambique,2002,842.645266172761,18958338,87.691,0.398530006408691,52.185,10.00207806,29.5686323334348
MOZ,Mozambique,2001,785.790173616246,18537729,87.558,0.327210009098053,51.488,8.53719139,29.4137097764239
MOZ,Mozambique,2000,711.976393527396,18129653,87.427,0.32056000828743,50.624,7.00877714,29.2423697311441
MOZ,Mozambique,1999,722.305561379979,17734506,87.296,,49.992,,29.0471155729086
MOZ,Mozambique,1998,660.650177820748,17340464,87.165,,49.411,,28.8204506770301
MOZ,Mozambique,1997,612.371551265915,16949982,87.035,,49.133,,28.5523811697494
MOZ,Mozambique,1996,562.857456341656,16492480,87.024,0.231539994478226,48.361,,28.1699399959342
MOZ,Mozambique,1995,525.418671837499,15960530,86.972,0.231839999556541,47.787,,27.6270913060259
MOZ,Mozambique,1994,546.209688164263,15033853,86.914,0.243090003728867,47.374,,26.9444395784199
MOZ,Mozambique,1993,549.048759770955,14051192,86.864,0.218759998679161,47.008,,26.1405953505588
MOZ,Mozambique,1992,510.82282292831,13613316,86.831,0.202559992671013,46.504,,25.2341691598851
MOZ,Mozambique,1991,563.512103416232,13352090,86.813,,46.139,,24.2437715438413
MOZ,Mozambique,1990,547.622781432196,13094537,86.794,,45.765,,23.1880130398699
MMR,Myanmar,2024,5276.29433987853,54500091,40.959,,70.378,,30.4499084074136
MMR,Myanmar,2023,5364.13797034429,54133798,41.051,,70.164,56.18909836,30.3820718069466
MMR,Myanmar,2022,5350.47666899931,53756787,41.071,,69.935,57.96875763,30.311095757938
MMR,Myanmar,2021,5178.44718217164,53387102,41.042,,68.824,96.86240387,30.2368812529698
MMR,Myanmar,2020,5926.83450206681,53016522,44.726,,69.702,66.02284241,30.1593049968842
MMR,Myanmar,2019,6562.98898478625,52640713,46.289,,69.478,53.72147369,30.0782436945232
MMR,Myanmar,2018,6201.26341429803,52272247,48.438,24.3676490783691,69.224,60.83261871,29.993574050729
MMR,Myanmar,2017,5877.87465558175,51894938,47.659,,68.918,59.51782608,29.9051727703437
MMR,Myanmar,2016,5580.98977273232,51495696,49.229,,68.673,59.67910385,29.8129165582094
MMR,Myanmar,2015,5313.88615901476,51089056,50.799,,68.352,63.62335968,29.7166821191682
MMR,Myanmar,2014,5006.50667149767,50681634,50.951,,68.026,54.28113556,29.6164342116462
MMR,Myanmar,2013,4666.95376141392,50262658,51.14,,67.595,37.68575287,29.5103946237239
MMR,Myanmar,2012,4340.99945069174,49837446,51.346,15.4824600219727,67.252,37.25568008,29.3956289363345
MMR,Myanmar,2011,4078.61220919965,49419820,51.532,16.8034896850586,66.892,27.40522575,29.2724765136213
MMR,Myanmar,2010,3893.79030665874,49024382,51.675,,66.456,20.23270416,29.1415329218024
MMR,Myanmar,2009,3578.17424704515,48660459,51.95,,66.067,18.70313454,29.0033937270962
MMR,Myanmar,2008,3254.738978881,48390793,52.281,,57.592,14.70817947,28.8586544957208
MMR,Myanmar,2007,2968.3033151236,48125043,52.622,13.046799659729,65.365,9.91384029,28.7079107938945
MMR,Myanmar,2006,2669.32700379999,47785135,53.031,,65.076,8.47415161,28.5517581878355
MMR,Myanmar,2005,2377.90258162976,47438365,53.504,,64.778,7.65254498,28.390792243762
MMR,Myanmar,2004,2110.23728495831,47068772,54.022,,64.533,7.01517916,28.2256085278922
MMR,Myanmar,2003,1874.17128269389,46667192,54.568,,64.325,6.57480383,28.0568026064444
MMR,Myanmar,2002,1661.73588517132,46232653,55.154,,64.092,7.0817728,27.8849700456368
MMR,Myanmar,2001,1498.31163236525,45771139,55.683,,63.799,4.62700701,27.7107064116875
MMR,Myanmar,2000,1359.93038778036,45290841,56.2,,63.509,4.47214985,27.5346072708149
MMR,Myanmar,1999,1209.01642809997,44787724,56.857,,63.208,,27.3572681892371
MMR,Myanmar,1998,1102.79096369399,44257793,57.393,9.17535972595215,63.005,,27.1792847331724
MMR,Myanmar,1997,1054.76742791265,43708798,57.658,,62.612,,27.001252468839
MMR,Myanmar,1996,1011.15993423274,43154860,57.914,,62.151,,26.823766962455
MMR,Myanmar,1995,962.209421824521,42605338,58.22,7.05711984634399,61.513,,26.6474237802388
MMR,Myanmar,1994,911.468427954616,42055143,58.562,,61.087,,26.4728184884086
MMR,Myanmar,1993,859.345526733596,41502429,58.943,6.72241020202637,60.696,,26.3005466531825
MMR,Myanmar,1992,821.327755047125,40950342,59.24,5.25736999511719,60.353,,26.1312038407788
MMR,Myanmar,1991,759.282764169726,40394154,59.769,,59.948,,25.9653856174157
MMR,Myanmar,1990,775.328254381998,39817251,59.627,,59.657,,25.8036875493115
NAM,Namibia,2024,10276.3686426386,3030131,54.911,,71.477,,50.4088030252155
NAM,Namibia,2023,10126.2359555611,2963095,54.828,,71.337,397.09063721,49.9545837830821
NAM,Namibia,2022,9953.09752403491,2889662,54.735,33.1193265907429,68.072,418.53683472,49.5291037671807
NAM,Namibia,2021,9709.09930646771,2810548,53.111,34.7552830370206,64.551,449.95172119,49.0571881483796
NAM,Namibia,2020,9652.24827219463,2728762,52.45,34.1721952361302,68.035,370.81643677,48.547381745659
NAM,Namibia,2019,10813.3044681944,2650494,55.322,34.4533310909955,67.299,419.14828491,48.0019807724839
NAM,Namibia,2018,11214.38604306,2577327,55.388,31.4071009316772,66.183,457.6807251,47.4232814423189
NAM,Namibia,2017,11408.7253099967,2506853,55.436,29.7372632031477,65.099,447.95223999,46.8135799686288
NAM,Namibia,2016,11846.7880832757,2439213,55.497,27.0290477878594,64.091,409.78051758,46.1751725648784
NAM,Namibia,2015,12166.5658392058,2374300,56.351,24.7542862096123,63.105,476.50784302,45.5103554445325
NAM,Namibia,2014,11982.6963648348,2312139,57.204,22.888670733252,62.269,452.2585144,44.8214248210559
NAM,Namibia,2013,11593.5753768689,2252508,58.57,21.6024647045696,61.478,539.41345215,44.1106769079132
NAM,Namibia,2012,11266.6089486464,2194654,53.096,20.4403963670892,60.728,606.36633301,43.3804079185694
NAM,Namibia,2011,10965.2729759535,2146325,52.612,,59.438,624.59814453,42.6276075621535
NAM,Namibia,2010,10614.6201576671,2109811,52.125,,58.672,567.35003662,41.7946176561991
NAM,Namibia,2009,10166.2899453939,2077394,51.637,,57.85,420.74865723,40.8524900328246
NAM,Namibia,2008,10286.5124067605,2047056,51.149,10.6072101593018,57.296,443.17068481,39.8328120256318
NAM,Namibia,2007,10162.2400708746,2018600,50.661,,56.343,493.60388184,38.763436210037
NAM,Namibia,2006,9773.29833199798,1991888,50.174,6.21438980102539,55.226,437.56240845,37.6722151614564
NAM,Namibia,2005,9245.1365329555,1966582,49.688,6.54872989654541,54.288,402.20068359,36.5870014553064
NAM,Namibia,2004,9130.82442337694,1942082,49.202,,53.893,373.46408081,35.5356476670033
NAM,Namibia,2003,8237.36597245597,1917464,48.717,6.71930980682373,53.506,278.70162964,34.5460063719633
NAM,Namibia,2002,8017.28134128559,1889970,48.233,6.92790985107422,53.638,187.86433411,33.6459301456028
NAM,Namibia,2001,7786.54169496761,1857048,47.749,6.68791007995605,53.612,201.46917725,32.8575058425719
NAM,Namibia,2000,7858.38789521253,1818647,47.264,,54.502,217.55029297,32.1168956399877
NAM,Namibia,1999,7773.94354148714,1776368,47.134,,55.746,,31.3724065469765
NAM,Namibia,1998,7709.89004370134,1732745,47.005,6.89436006546021,56.42,,30.6417040777766
NAM,Namibia,1997,7656.32512542986,1689264,46.878,5.58547019958496,57.607,,29.9386684524006
NAM,Namibia,1996,7538.92462342201,1646103,47.333,,58.652,,29.2771798908614
NAM,Namibia,1995,7506.10484034086,1602170,47.789,8.52346038818359,59.75,,28.6711186131719
NAM,Namibia,1994,7437.33529036109,1556304,48.245,7.52825021743774,60.883,,28.1343648393447
NAM,Namibia,1993,7541.56081791845,1508697,48.237,,62.064,,27.6807987893929
NAM,Namibia,1992,7911.01025804281,1461322,48.232,,62.982,,27.3243006833291
NAM,Namibia,1991,7618.33278184449,1415684,48.232,3.57934999465942,63.741,,27.0715773259609
NAM,Namibia,1990,7281.77892577888,1369303,48.217,,64.32,,26.8671654353929
NRU,Naoero,2024,11957.8785504229,11947,,,64.187,,100.0
NRU,Naoero,2023,11858.5184696436,11875,,,64.003,2292.37329102,100.0
NRU,Naoero,2022,12019.3492868791,11801,,,64.005,2264.07055664,100.0
NRU,Naoero,2021,12113.787764494,11709,,,63.417,1636.45788574,100.0
NRU,Naoero,2020,11306.0207729999,11643,,,64.025,1270.52563477,100.0
NRU,Naoero,2019,11184.5284927206,11587,,,64.05,1213.86804199,100.0
NRU,Naoero,2018,10402.6131019197,11477,,,64.093,1220.0769043,100.0
NRU,Naoero,2017,10633.2766406018,11324,,,64.128,1127.47509766,100.0
NRU,Naoero,2016,11531.3630078665,11150,,,64.165,978.48120117,100.0
NRU,Naoero,2015,11271.9122695363,10954,,,64.171,973.30883789,100.0
NRU,Naoero,2014,11114.3912279587,10742,,,64.149,736.00012207,100.0
NRU,Naoero,2013,9799.7380290632,10517,,,64.093,808.10583496,100.0
NRU,Naoero,2012,9640.80144364362,10267,,,63.978,873.81658936,100.0
NRU,Naoero,2011,7882.14105570292,10098,,,63.776,672.27624512,100.0
NRU,Naoero,2010,6909.24218919312,10043,,,63.563,626.21124268,100.0
NRU,Naoero,2009,6927.86734285808,10016,,,63.338,575.39526367,100.0
NRU,Naoero,2008,7340.51910638777,10009,,,63.165,809.65649414,100.0
NRU,Naoero,2007,6110.38387689914,10020,,,63.001,586.8157959,100.0
NRU,Naoero,2006,7830.71818547398,10034,,,62.905,363.46365356,100.0
NRU,Naoero,2005,7209.75436644373,10049,,,62.849,328.92779541,100.0
NRU,Naoero,2004,7201.87093721601,10060,,,62.866,216.23666382,100.0
NRU,Naoero,2003,7527.37549326971,10059,,,62.931,273.59832764,100.0
NRU,Naoero,2002,7488.89152702519,10082,,,63.013,298.91278076,100.0
NRU,Naoero,2001,8278.92548134223,10130,,,63.101,349.01687622,100.0
NRU,Naoero,2000,8846.08124781221,10168,,,63.203,463.77734375,100.0
NRU,Naoero,1999,9479.51290136533,10187,,,63.324,,100.0
NRU,Naoero,1998,10134.9731859484,10198,,,63.455,,100.0
NRU,Naoero,1997,11490.4622972958,10197,,,63.57,,100.0
NRU,Naoero,1996,12637.7953328118,10183,,,63.655,,100.0
NRU,Naoero,1995,14363.6403386489,10165,,,63.685,,100.0
NRU,Naoero,1994,15642.761261834,10137,,,63.631,,100.0
NRU,Naoero,1993,16328.2267186109,10102,,,63.496,,100.0
NRU,Naoero,1992,19622.902992555,10021,,,63.296,,100.0
NRU,Naoero,1991,23840.0138998462,9850,,,63.016,,100.0
NRU,Naoero,1990,30127.2258767039,9622,,,62.823,,100.0
NPL,Nepal,2024,5047.42449022702,29651054,27.378,23.8673282040859,72.138,,66.772343163029
NPL,Nepal,2023,4861.230303797,29694614,27.302,20.7927142124166,71.837,83.96018982,66.5432933453944
NPL,Nepal,2022,4763.38751073946,29715436,27.24,15.4465766254912,71.56,87.34230042,66.2992968721053
NPL,Nepal,2021,4546.22970006289,29475010,27.256,15.8438277796352,69.89,69.1880188,66.144235274522
NPL,Nepal,2020,4412.5420439395,28966574,27.209,14.6295022771819,70.772,59.07941437,66.1050886088505
NPL,Nepal,2019,4607.52454717112,28414064,27.537,14.6051144391071,70.7,53.61107254,65.9873929484157
NPL,Nepal,2018,4371.38571771897,28079689,27.628,13.5467400994562,70.422,51.16546249,65.8104229225551
NPL,Nepal,2017,4071.70431755798,28011258,27.53,12.027398847636,70.092,49.63085556,65.5768928085184
NPL,Nepal,2016,3743.7445783578,27955462,27.346,11.5605136534984,69.771,47.1232872,65.2895168835553
NPL,Nepal,2015,3745.26182249477,27823629,27.006,12.7530032886272,68.593,46.49585342,64.9510094249155
NPL,Nepal,2014,3621.73168937112,27672370,26.575,13.3450575254451,69.158,41.9739151,64.5640847098488
NPL,Nepal,2013,3426.5579593796,27589996,26.161,14.3621987475489,68.975,35.14327621,64.1314570156048
NPL,Nepal,2012,3316.50073452021,27534915,25.73,,68.787,33.64963913,63.6558406194333
NPL,Nepal,2011,3176.65040602417,27464494,25.22,10.6250641214452,68.563,34.14775085,63.139949798584
NPL,Nepal,2010,3085.31407004502,27341952,24.652,10.4082662831279,68.35,29.62231827,62.0156581578338
NPL,Nepal,2009,2961.83900365912,27173035,24.107,7.9840898513794,68.354,20.86620903,59.8638612146309
NPL,Nepal,2008,2852.60983167965,26990037,23.611,8.05395030975342,68.299,18.86374855,56.9108061152324
NPL,Nepal,2007,2708.7143922589,26788492,23.184,,68.103,17.13900185,53.3827400058951
NPL,Nepal,2006,2641.34799494749,26565425,22.826,5.41719007492065,67.877,13.68047714,49.5059100328759
NPL,Nepal,2005,2580.23106308364,26309458,22.502,5.23797988891602,67.317,14.14693356,45.5065633424317
NPL,Nepal,2004,2521.54105171428,26016656,22.211,3.13632988929748,66.856,12.92468262,41.6109470808194
NPL,Nepal,2003,2439.49479601556,25688758,21.954,2.38656997680664,66.239,11.06888008,38.045308394296
NPL,Nepal,2002,2380.24424587571,25328981,21.723,2.08160996437073,65.63,10.46419716,35.0358944291182
NPL,Nepal,2001,2413.8142127556,24946748,21.497,,64.964,10.26854038,32.808952331543
NPL,Nepal,2000,2340.81563141298,24546509,21.283,2.30977010726929,64.157,8.34249592,31.0994241803849
NPL,Nepal,1999,2242.65011822095,24125199,21.106,,63.456,,29.4919855909549
NPL,Nepal,1998,2188.2220157023,23680357,20.951,,63.047,,27.9874840142543
NPL,Nepal,1997,2166.3126334505,23219463,20.84,,62.379,,26.5867669012845
NPL,Nepal,1996,2105.50832713857,22741862,20.794,,61.58,,25.2906817030471
NPL,Nepal,1995,2043.60517160069,22245439,20.814,,60.688,,24.1000758705435
NPL,Nepal,1994,2023.11519682155,21717479,20.839,,59.903,,23.0157968547751
NPL,Nepal,1993,1916.94352666156,21180159,20.847,,58.881,,22.0386921067433
NPL,Nepal,1992,1896.97166297747,20609707,20.791,,57.763,,21.1696090774496
NPL,Nepal,1991,1874.27513595212,20036500,20.689,2.75705003738403,56.472,,20.4093952178955
NPL,Nepal,1990,1808.26490041654,19524573,20.63,2.34034991264343,55.343,,19.7619358653766
NLD,Netherlands,2024,70493.9051219267,17993485,62.882,,83.4,6845.14208984,95.6396517079336
NLD,Netherlands,2023,70198.9546022361,17877117,63.079,94.4388198852539,83.4,6371.85595703,95.3221682092129
NLD,Netherlands,2022,71324.0360229425,17700982,62.565,,83.1,5967.90429688,94.9856177734136
NLD,Netherlands,2021,68573.5648786447,17533044,61.894,96.5341415405273,83.0,6718.88964844,94.6294783220315
NLD,Netherlands,2020,64862.1890353474,17441500,61.776,91.2969284057617,83.1,5865.90527344,94.2532277765935
NLD,Netherlands,2019,67847.8818461095,17344874,61.656,,83.7,5340.61279297,93.8898028856479
NLD,Netherlands,2018,66758.2454283317,17231624,61.139,88.6447677612305,83.4,5330.66015625,92.6062472401044
NLD,Netherlands,2017,65665.9910229578,17131296,60.887,88.58984375,83.4,4934.57519531,91.1219700676602
NLD,Netherlands,2016,64267.7476553623,17030314,60.816,84.4458694458008,83.2,4644.02099609,90.5803239452777
NLD,Netherlands,2015,63081.4083495966,16939923,60.755,85.2260589599609,83.2,4676.56201172,90.2787737214621
NLD,Netherlands,2014,62045.849197561,16865008,60.271,,83.5,5601.88574219,89.8364787097165
NLD,Netherlands,2013,61281.3125686741,16804432,61.038,,83.2,5532.72607422,89.1749992370605
NLD,Netherlands,2012,61480.8416416324,16754962,61.08,79.0309295654297,83.0,5284.64990234,88.5342462391333
NLD,Netherlands,2011,62318.1391154389,16693074,60.534,79.5243835449219,83.1,5562.12109375,88.0059204972573
NLD,Netherlands,2010,61518.5768954231,16615394,60.276,67.1528472900391,82.7,5191.69384766,87.3502790247129
NLD,Netherlands,2009,61029.7329801783,16530388,60.136,64.7013626098633,82.7,5282.74316406,86.2223179632671
NLD,Netherlands,2008,63678.4005491428,16445593,60.233,64.0393676757812,82.3,5382.44580078,85.6149582464487
NLD,Netherlands,2007,62601.6612832425,16381696,59.953,63.220100402832,82.3,4696.14160156,85.4089231499726
NLD,Netherlands,2006,60391.5155033324,16346101,59.755,62.2325782775879,81.9,4080.21972656,84.6532280358545
NLD,Netherlands,2005,58422.0304069674,16319868,59.523,60.9890098571777,81.6,3823.48095703,83.5048949725161
NLD,Netherlands,2004,57391.3516342059,16281779,59.759,58.8667411804199,81.4,3689.46435547,82.250953139759
NLD,Netherlands,2003,56452.8695506734,16225302,59.915,57.211109161377,80.9,3244.35644531,81.3011308878582
NLD,Netherlands,2002,56664.4027354437,16148929,59.843,55.9926109313965,80.7,2544.81347656,80.8085275226169
NLD,Netherlands,2001,56887.3976406444,16046180,59.537,54.3806610107422,80.7,2175.73046875,80.1840578652121
NLD,Netherlands,2000,56016.8327946434,15925513,58.952,,80.6,2028.18139648,78.4826828427081
NLD,Netherlands,1999,54134.3514543153,15812088,58.288,,80.5,,77.06074312186
NLD,Netherlands,1998,51879.3596710206,15707209,57.667,,80.7,,76.75231877333
NLD,Netherlands,1997,49881.8947516083,15610650,57.214,,80.55,,75.5542374231759
NLD,Netherlands,1996,48095.986838021,15530498,56.787,,80.35,,72.423330585432
NLD,Netherlands,1995,46720.2819318959,15459006,56.429,,80.36,,70.6936274148982
NLD,Netherlands,1994,45532.7986659915,15382838,56.465,,80.31,,70.4100572065956
NLD,Netherlands,1993,44490.7504466441,15290368,56.342,,80.0,,69.7586743487312
NLD,Netherlands,1992,44245.5198247957,15184166,56.13,,80.28,,69.3087428522066
NLD,Netherlands,1991,43833.4785051351,15069798,55.609,,80.15,,69.207275104499
NLD,Netherlands,1990,43128.3071656086,14951510,55.163,,80.11,,68.9873866123858
NCL,New Caledonia,2024,,292639,51.608,,81.409,,67.9514695585577
NCL,New Caledonia,2023,,289870,52.221,,81.286,,67.751522311337
NCL,New Caledonia,2022,,287123,52.586,,80.365,,67.5720305021282
NCL,New Caledonia,2021,,285214,52.953,,80.314,,67.4130776539646
NCL,New Caledonia,2020,,284176,53.377,,79.53,,67.2747261065933
NCL,New Caledonia,2019,,283606,53.254,,80.498,,67.1574673707832
NCL,New Caledonia,2018,,283541,54.368,,80.368,,67.0588809757675
NCL,New Caledonia,2017,,283546,55.488,,80.287,,66.9683393293094
NCL,New Caledonia,2016,,283423,56.622,,80.231,,66.8902054658406
NCL,New Caledonia,2015,,283168,57.768,,80.174,,66.8278045547803
NCL,New Caledonia,2014,,281224,58.874,,80.091,,66.7846387072769
NCL,New Caledonia,2013,,276822,59.065,,79.957,,66.7584127864925
NCL,New Caledonia,2012,,271633,59.156,,79.754,,66.7417059914448
NCL,New Caledonia,2011,,266543,59.239,,79.497,,66.726209122213
NCL,New Caledonia,2010,,261582,59.168,,79.208,,66.703836218007
NCL,New Caledonia,2009,,257250,58.928,,78.909,,66.6631859586932
NCL,New Caledonia,2008,,253825,59.019,,78.624,,66.3257509774158
NCL,New Caledonia,2007,,250725,59.166,,78.377,,65.6204802173329
NCL,New Caledonia,2006,,247547,59.12,,78.165,,64.7508025811084
NCL,New Caledonia,2005,,244381,59.013,,77.976,,63.918391040144
NCL,New Caledonia,2004,,240852,59.031,,77.796,,63.3117500793361
NCL,New Caledonia,2003,,236678,59.06,,77.576,,62.8540725422625
NCL,New Caledonia,2002,,232236,59.079,,77.405,,62.4118035339378
NCL,New Caledonia,2001,,227707,59.158,,77.17,,61.9960127034469
NCL,New Caledonia,2000,,223098,59.295,,76.903,,61.6103287085477
NCL,New Caledonia,1999,,218527,59.308,,76.603,,61.2583802069977
NCL,New Caledonia,1998,,214047,59.402,,76.268,,60.9437958565548
NCL,New Caledonia,1997,,209560,59.821,,75.899,,60.6702043149765
NCL,New Caledonia,1996,,205034,59.758,,75.499,,60.4419641547703
NCL,New Caledonia,1995,,200379,59.78,,75.081,,60.255212474193
NCL,New Caledonia,1994,,195614,59.389,,74.66,,60.0984210798572
NCL,New Caledonia,1993,,190857,59.253,,74.255,,59.9626647131005
NCL,New Caledonia,1992,,186072,59.264,,73.882,,59.8400221071013
NCL,New Caledonia,1991,,181238,59.279,,73.556,,59.7225719950378
NCL,New Caledonia,1990,,176456,59.016,,73.268,,59.6023931100883
NZL,New Zealand,2024,48325.3650985684,5290000,66.255,96.2561416625977,83.7,5022.03271484,83.9370658833132
NZL,New Zealand,2023,49592.5875512098,5200000,66.922,95.5678100585938,83.5,4997.24316406,83.8898991461229
NZL,New Zealand,2022,49842.9845334162,5081700,66.366,97.0273971557617,83.7,5138.33789063,83.8547305017812
NZL,New Zealand,2021,48202.0913368233,5084600,65.596,99.2572784423828,84.0,4749.04199219,83.8299382585905
NZL,New Zealand,2020,46326.3804672976,5072400,64.693,93.1885223388672,84.1,3887.71264648,83.8138977095908
NZL,New Zealand,2019,47392.1933135172,4970300,65.314,94.8604583740234,83.9,3679.59692383,83.804965871667
NZL,New Zealand,2018,46974.6818400482,4900600,65.221,97.6879425048828,83.5,3706.80273438,83.8017846685577
NZL,New Zealand,2017,46285.9810980642,4813600,64.928,96.9074325561523,83.6,3702.09985352,84.1701025874108
NZL,New Zealand,2016,45746.135981069,4714100,64.048,97.1180801391602,83.4,3516.93481445,84.691365594
NZL,New Zealand,2015,45097.016468387,4609400,62.855,96.9223480224609,83.4,3433.59643555,85.1518763760531
NZL,New Zealand,2014,44369.7664241859,4516500,62.829,95.237678527832,83.27,3997.43237305,85.5076659530411
NZL,New Zealand,2013,43453.2814172317,4442100,61.923,95.1123275756836,83.3,3833.82226563,85.7080129786455
NZL,New Zealand,2012,42693.4234516571,4408100,62.023,,83.2,3682.94213867,85.777700676896
NZL,New Zealand,2011,41961.9202263641,4384000,61.873,,83.0,3501.22045898,85.8233151875134
NZL,New Zealand,2010,41395.370375582,4350700,61.387,,82.8,3072.73608398,85.8614043258228
NZL,New Zealand,2009,41250.9985717425,4302600,61.519,,82.7,2582.28100586,85.8918345477824
NZL,New Zealand,2008,41682.2459069155,4259800,61.45,,82.4,2708.65625,85.9144723093505
NZL,New Zealand,2007,42473.1182614499,4223800,61.148,,82.2,2705.66430664,85.9291840664852
NZL,New Zealand,2006,41596.8311289998,4184600,60.655,,82.2,2304.06518555,85.9356841665703
NZL,New Zealand,2005,40970.295838255,4133900,60.095,,81.9,2295.37182617,85.9299325780946
NZL,New Zealand,2004,40091.1399487332,4087500,59.107,,81.7,1981.9720459,85.9017708294597
NZL,New Zealand,2003,39092.3455202712,4027200,58.614,,81.4,1610.73034668,85.857962055807
NZL,New Zealand,2002,38072.2713835052,3948500,58.305,,81.1,1250.12634277,85.8061578183401
NZL,New Zealand,2001,36995.0603198774,3880500,57.605,,81.1,1053.73632813,85.7545174444303
NZL,New Zealand,2000,35984.6288016116,3857700,56.721,,81.3,1054.28100586,85.7059660456056
NZL,New Zealand,1999,35187.2357200331,3835100,56.624,,80.4,,85.6555096232176
NZL,New Zealand,1998,33565.7312220905,3815000,56.304,,80.8,,85.6005599181034
NZL,New Zealand,1997,33577.7254994905,3781300,56.404,,80.1,,85.5395698424773
NZL,New Zealand,1996,33329.5301011769,3732000,56.512,,79.4,,85.4708430476733
NZL,New Zealand,1995,32687.4657703706,3673400,55.188,,79.5,,85.392759490696
NZL,New Zealand,1994,31669.5406509196,3620000,54.42,,79.7,,85.3021313465976
NZL,New Zealand,1993,30532.5880166798,3572200,53.291,,79.2,,85.1983223757834
NZL,New Zealand,1992,29029.5811361611,3531700,53.383,,79.3,,85.0806768441581
NZL,New Zealand,1991,29014.1499420181,3495100,53.666,,78.9,,84.9503136860067
NZL,New Zealand,1990,30785.701752556,3329800,53.354,,78.4,,84.7840783188668
NIC,Nicaragua,2024,7661.09410113202,6916140,51.082,,77.577,,59.2628402709961
NIC,Nicaragua,2023,7496.53056557505,6823613,50.728,35.6554985046387,77.418,216.55238342,59.1250953674316
NIC,Nicaragua,2022,7277.82041652584,6730654,50.144,,76.935,208.56825256,58.9954376220703
NIC,Nicaragua,2021,7119.16874782601,6644741,49.078,,73.446,204.21273804,58.8592529296875
NIC,Nicaragua,2020,6523.36944661195,6565267,48.119,,74.03,165.88038635,58.7045922689128
NIC,Nicaragua,2019,6756.59334024487,6483657,48.634,,76.416,166.49009705,58.5405671448072
NIC,Nicaragua,2018,7049.02709828403,6400080,48.852,,76.628,172.9760437,58.3683858659405
NIC,Nicaragua,2017,7391.19638215265,6316231,49.116,,75.98,181.75810242,58.1892567408822
NIC,Nicaragua,2016,7158.75755467501,6232666,48.728,,75.845,171.5748291,58.0043880782023
NIC,Nicaragua,2015,6939.03243274344,6149417,48.342,,75.642,165.18948364,57.8149881864705
NIC,Nicaragua,2014,6712.21708286288,6066492,47.937,,75.564,156.22232056,57.6222653742564
NIC,Nicaragua,2013,6494.14920922407,5983845,47.063,,75.507,140.20372009,57.4274279501299
NIC,Nicaragua,2012,6275.78730248003,5901287,46.189,,75.381,133.64489746,57.2316842226606
NIC,Nicaragua,2011,5976.25247519395,5819051,45.316,,75.036,125.13540649,57.0362425004184
NIC,Nicaragua,2010,5701.12754906379,5737450,44.445,,74.684,117.70147705,56.842311091973
NIC,Nicaragua,2009,5538.36555049931,5656601,43.576,,74.496,112.75749207,56.651098305894
NIC,Nicaragua,2008,5809.09928522386,5576593,42.708,,74.342,109.20231628,56.4638124507513
NIC,Nicaragua,2007,5697.2107429964,5497243,41.843,,74.173,93.93821716,56.2816618351146
NIC,Nicaragua,2006,5500.40543544526,5418855,40.979,,73.957,79.3536377,56.1058547675536
NIC,Nicaragua,2005,5356.95817825808,5342105,40.118,,73.398,73.65701294,55.9375480421093
NIC,Nicaragua,2004,5204.38170601052,5272912,39.261,,72.523,66.54763794,55.7791779253789
NIC,Nicaragua,2003,5000.61145616409,5210963,38.409,,71.774,62.13036346,55.6308042935869
NIC,Nicaragua,2002,4935.48508468148,5149909,37.562,18.4696197509766,70.991,58.15333939,55.4894961947237
NIC,Nicaragua,2001,4958.32740448527,5087825,36.72,,70.054,57.69081879,55.3522521763064
NIC,Nicaragua,2000,4878.2474679883,5022633,35.885,,69.384,53.29532623,55.2160707858522
NIC,Nicaragua,1999,4750.94857427409,4954018,35.058,,68.921,,55.0779505708784
NIC,Nicaragua,1998,4502.59808761279,4883655,34.241,,66.672,,54.9348900789023
NIC,Nicaragua,1997,4408.32862712595,4809573,33.963,10.9702796936035,68.547,,54.7838878574412
NIC,Nicaragua,1996,4311.49290177286,4729974,33.694,,68.233,,54.6219424540121
NIC,Nicaragua,1995,4130.28587120845,4642931,33.388,10.4880695343018,67.922,,54.4454415882899
NIC,Nicaragua,1994,3979.9850907218,4549316,33.025,,67.645,,54.2592490118693
NIC,Nicaragua,1993,3934.09251375615,4453732,32.839,,67.222,,54.0713283349293
NIC,Nicaragua,1992,4037.27523925249,4357026,32.909,7.88317012786865,66.839,,53.8816325285926
NIC,Nicaragua,1991,4113.68724441326,4259637,32.942,7.10584020614624,66.56,,53.689220220561
NIC,Nicaragua,1990,4217.60862404171,4162559,33.026,7.55998992919922,66.072,,53.4931500385358
NER,Niger,2024,1795.65266888022,27032412,72.787,,62.405,,18.0497398450803
NER,Niger,2023,1712.97031726521,26159867,72.501,,62.129,26.01301575,17.7506873295237
NER,Niger,2022,1724.89699425215,25311973,72.608,,61.344,26.50681686,17.477207007512
NER,Niger,2021,1587.84784907329,24502140,67.799,,60.523,35.39406204,17.2295936666686
NER,Niger,2020,1622.27873602911,23717613,63.669,,61.018,35.75537109,17.0081420003794
NER,Niger,2019,1605.19476569029,22947757,60.214,3.21490820419114,60.947,31.89424324,16.813146499685
NER,Niger,2018,1565.01970005142,22188069,60.589,2.51978807256106,60.658,30.61364555,16.6449011799221
NER,Niger,2017,1515.48307317618,21435446,60.962,2.40203387946764,60.409,29.09627533,16.5036987906896
NER,Niger,2016,1488.08648074655,20685753,61.334,2.46882980868999,60.106,22.68474007,16.3898280543236
NER,Niger,2015,1480.39815168147,19939498,61.705,2.1003126011113,59.731,25.96905327,16.3035606587493
NER,Niger,2014,1471.50554729559,19215909,62.074,,59.445,25.09494019,16.2450424611665
NER,Niger,2013,1431.71115490341,18519898,64.262,,59.042,24.61338997,16.2162595696064
NER,Niger,2012,1411.52001409831,17836769,66.419,0.87824976333068,58.612,22.71487427,16.2141284004355
NER,Niger,2011,1325.92646987416,17176283,68.533,0.837622758302125,58.2,24.84123039,16.2303066053496
NER,Niger,2010,1344.4988701596,16548835,68.551,0.792381177870649,57.615,23.47736168,16.2416301279116
NER,Niger,2009,1285.27757373191,15943675,68.578,0.745140016078949,56.997,24.54927635,16.2511180003032
NER,Niger,2008,1308.2751730424,15361915,68.612,0.628210008144379,56.375,24.86141586,16.2586706998252
NER,Niger,2007,1260.18545165015,14803610,68.652,0.529320001602173,55.539,20.96952438,16.2641887037781
NER,Niger,2006,1267.601412271,14268581,68.697,0.5242800116539,54.643,19.9213028,16.2675724894628
NER,Niger,2005,1241.20064789059,13756192,68.746,0.577049970626831,53.699,18.67140198,16.2687225341797
NER,Niger,2004,1199.15937505794,13265836,68.798,0.448069989681244,52.734,14.06374931,16.2687225341797
NER,Niger,2003,1238.58780880353,12796984,68.852,0.462159991264343,51.869,12.55038452,16.2687225341797
NER,Niger,2002,1256.23701340852,12349144,68.906,,50.934,10.84433079,16.2687206268311
NER,Niger,2001,1240.385444402,11920647,68.958,,50.171,9.68088055,16.2687225341797
NER,Niger,2000,1197.63477205432,11509630,69.009,,49.475,9.04467964,16.1307678222656
NER,Niger,1999,1255.05402413613,11117411,69.057,,48.804,,16.0515403747559
NER,Niger,1998,1301.84495065524,10741413,69.102,,48.158,,15.9723119735718
NER,Niger,1997,1224.5393437877,10383969,69.141,,47.456,,15.8930797576904
NER,Niger,1996,1246.83503070085,10044852,69.174,,46.668,,15.8138437271118
NER,Niger,1995,1287.93637668331,9714529,69.194,,45.866,,15.7991333007812
NER,Niger,1994,1299.34992459816,9398258,69.206,,45.004,,15.7277612686157
NER,Niger,1993,1317.38596790337,9100789,69.215,,44.172,,15.656964302063
NER,Niger,1992,1355.33099264922,8817633,69.223,,43.361,,15.5867443084717
NER,Niger,1991,1370.83565180587,8546900,69.231,,42.542,,15.5171031951904
NER,Niger,1990,1420.23063248259,8286059,69.238,0.19310000538826,41.854,,15.448037147522
NGA,Nigeria,2024,7994.03754470824,232679478,80.714,,54.939,,62.9755675573659
NGA,Nigeria,2023,7843.00399007675,227882945,80.693,,54.743,66.82009125,62.1746763155343
NGA,Nigeria,2022,7752.26206495247,223150896,76.927,,54.375,89.62958527,61.3727650622225
NGA,Nigeria,2021,7588.47885587002,218529286,75.893,,53.741,81.87322235,60.5698545383604
NGA,Nigeria,2020,7664.21099575168,213996181,74.894,,53.432,67.91384888,59.7659654848781
NGA,Nigeria,2019,8361.78664836,209485641,76.597,,53.24,67.6254425,58.9611186427056
NGA,Nigeria,2018,8362.62330860296,204938755,76.355,,52.914,63.60244751,58.1553347527729
NGA,Nigeria,2017,8396.78452243227,200254579,76.156,,52.639,70.31814575,57.3486345560101
NGA,Nigeria,2016,8534.69281482375,195443700,75.887,,52.429,75.52328491,56.541038793347
NGA,Nigeria,2015,8892.05798673631,190671878,75.759,,52.243,92.91207123,55.7325682057138
NGA,Nigeria,2014,8884.77428628672,185896915,75.662,,52.306,102.39888763,54.9232435340404
NGA,Nigeria,2013,8581.20782264031,181049443,75.766,,52.178,97.29588318,54.1130855192568
NGA,Nigeria,2012,8265.90551181051,176200625,75.916,,52.018,87.89523315,53.302114902293
NGA,Nigeria,2011,8153.53178650271,171379598,75.937,7.95963251582982,51.861,80.2377243,52.490352424079
NGA,Nigeria,2010,7962.63957281031,166642886,76.357,7.82234701118863,51.768,73.008255,51.6778188255446
NGA,Nigeria,2009,7581.40572089092,162049464,76.452,,51.568,65.71811676,50.86453484762
NGA,Nigeria,2008,7215.76946195762,157595014,76.59,,51.194,77.45053101,50.0505212312351
NGA,Nigeria,2007,6949.42650711567,153267261,76.71,,50.921,66.90659332,49.2357987173198
NGA,Nigeria,2006,6702.94533333874,149077334,76.729,,50.419,63.63072205,48.424271994461
NGA,Nigeria,2005,6496.93228175977,145017253,76.755,8.32108974456787,50.078,52.24337006,47.5656414756863
NGA,Nigeria,2004,6275.29894506434,141057045,76.993,7.84289979934692,49.51,42.81798172,46.6994804889599
NGA,Nigeria,2003,5905.31482781101,137202644,77.134,7.51090002059937,49.063,37.91439438,45.8372080921761
NGA,Nigeria,2002,5654.89706044216,133471989,77.38,,48.539,17.53752899,44.9793025536893
NGA,Nigeria,2001,5039.54869754112,129862595,77.4,,48.231,17.96053314,44.1262421418539
NGA,Nigeria,2000,4889.00321921229,126382494,77.553,,48.038,17.15887642,43.2785051250243
NGA,Nigeria,1999,4781.67310983975,123047320,77.628,5.05866003036499,47.541,,42.4365697715547
NGA,Nigeria,1998,4880.87997109799,119846254,77.553,,47.188,,41.6009143497997
NGA,Nigeria,1997,4884.0474326173,116754792,77.624,,47.245,,40.7720171281134
NGA,Nigeria,1996,4869.82113323478,113754779,77.554,,47.265,,39.9503563748504
NGA,Nigeria,1995,4797.5115213682,110819428,77.721,,47.398,,39.1364103583649
NGA,Nigeria,1994,4929.26827912601,107935714,77.541,,47.338,,38.3306573470114
NGA,Nigeria,1993,5154.7575789977,105122069,76.759,,47.375,,37.5335756091442
NGA,Nigeria,1992,5403.15311796788,102372770,76.264,,47.042,,36.7456434131176
NGA,Nigeria,1991,5301.3634227925,99720162,75.406,,46.96,,35.9657628204929
NGA,Nigeria,1990,5423.80689586993,97120925,74.633,,47.128,,35.1866181650421
MKD,North Macedonia,2024,24203.1855800189,1824359,42.884,,78.86,,62.5645376928533
MKD,North Macedonia,2023,23455.2221318176,1827816,42.158,64.9685974121094,77.58,639.41693115,62.2518322545779
MKD,North Macedonia,2022,22822.2333994259,1831712,42.206,63.171070098877,76.74,561.69281006,61.9530566607267
MKD,North Macedonia,2021,22144.1924252732,1837114,40.931,53.0327911376953,75.5,636.65447998,61.6841975628139
MKD,North Macedonia,2020,20971.4421033593,1856124,41.861,51.6091117858887,76.7,510.81011963,61.1593302746435
MKD,North Macedonia,2019,21766.8842062487,1876262,42.856,50.4959182739258,78.6,469.47344971,60.6286848102132
MKD,North Macedonia,2018,20805.9221192555,1889051,41.277,50.1948585510254,78.8,426.57290649,60.1580316016216
MKD,North Macedonia,2017,20121.0510180726,1898657,41.241,49.8592796325684,77.9,375.3303833,59.7437719356273
MKD,North Macedonia,2016,19825.7724685057,1906313,41.114,,77.5,347.44271851,59.3823070989891
MKD,North Macedonia,2015,19215.0740381192,1912430,42.307,46.9957008361816,77.4,322.25213623,59.0700383784659
MKD,North Macedonia,2014,18452.2062280148,1917557,42.995,44.0122108459473,77.5,357.63867188,58.8033670608162
MKD,North Macedonia,2013,17758.2275594412,1922716,43.551,43.7372093200684,77.5,361.13168335,58.578694432799
MKD,North Macedonia,2012,17189.9956305456,1929821,42.408,43.6376609802246,76.9,317.978302,58.3924217811729
MKD,North Macedonia,2011,17201.236162644,1937398,42.815,,77.2,335.13171387,58.2409503926967
MKD,North Macedonia,2010,16731.0901838425,1946298,40.714,41.3069190979004,77.2,308.09429932,58.1206815541291
MKD,North Macedonia,2009,16084.2279730567,1958782,42.205,43.3540000915527,76.7,297.88058472,58.0280165522288
MKD,North Macedonia,2008,16038.0413530579,1971493,42.32,43.2716484069824,76.5,313.61117554,57.9593566737547
MKD,North Macedonia,2007,15118.2436719552,1982933,42.73,39.4445304870605,75.9,263.25378418,57.9111032054655
MKD,North Macedonia,2006,14118.2297877525,1994287,41.555,33.9977188110352,76.2,242.60142517,57.8796574341199
MKD,North Macedonia,2005,13354.4611473701,2005330,42.567,34.6949081420898,75.9,229.81243896,57.8614206464767
MKD,North Macedonia,2004,12683.3809111151,2016186,42.49,33.1546401977539,75.8,230.68000793,57.8527941292946
MKD,North Macedonia,2003,12077.849005462,2022725,42.44,32.2467384338379,75.7,214.29603577,57.8501791693323
MKD,North Macedonia,2002,11830.2626132426,2020157,41.436,30.3702297210693,75.6,172.87971497,57.8726144171205
MKD,North Macedonia,2001,11571.8112316434,2034882,41.163,27.8749103546143,76.1,150.4312439,58.0943199277127
MKD,North Macedonia,2000,11988.2448826829,2026350,40.873,25.2396697998047,75.2,162.68013,58.4918382392587
MKD,North Macedonia,1999,11518.9567330226,2017142,40.275,23.3990898132324,75.3,,58.9458313681452
MKD,North Macedonia,1998,11092.8286175909,2007523,40.89,21.2579193115234,74.5,,59.3418252359274
MKD,North Macedonia,1997,10787.5306257229,1996869,41.528,20.4756202697754,74.7,,59.5653457641602
MKD,North Macedonia,1996,10551.5225095076,2012553,42.15,19.7720203399658,74.8,,59.6584367661814
MKD,North Macedonia,1995,10501.0888473538,1998534,42.736,19.5055294036865,74.0,,59.7277853696842
MKD,North Macedonia,1994,10650.7391780911,1992666,43.369,17.8950901031494,74.1,,59.7558735093252
MKD,North Macedonia,1993,10764.7022358488,2006854,44.089,16.5951309204102,74.135,,59.3634005625664
MKD,North Macedonia,1992,11486.7282993524,2032523,44.866,16.3218307495117,73.481,,58.5568077404273
MKD,North Macedonia,1991,12153.4983960276,2055994,45.666,16.1135692596436,73.771,,57.9279731988744
MKD,North Macedonia,1990,12904.4868211184,2063689,45.469,16.8691291809082,73.268,,57.4735520982155
MNP,Northern Mariana Islands,2024,,44278,,,80.867,,92.0747260922394
MNP,Northern Mariana Islands,2023,,45143,,,80.74,,91.9754112887573
MNP,Northern Mariana Islands,2022,,46078,,,80.472,,91.8785788645608
MNP,Northern Mariana Islands,2021,,46979,,,80.103,,91.7842137303802
MNP,Northern Mariana Islands,2020,,47528,,,79.997,,91.6908367362908
MNP,Northern Mariana Islands,2019,,48129,,,79.817,,91.6162852134162
MNP,Northern Mariana Islands,2018,,49077,,,79.474,,91.5444506155168
MNP,Northern Mariana Islands,2017,,49959,,,79.506,,91.4720215898621
MNP,Northern Mariana Islands,2016,,50773,,,79.429,,91.3990047853283
MNP,Northern Mariana Islands,2015,,51514,,,79.408,,91.3254068507915
MNP,Northern Mariana Islands,2014,,52178,,,79.444,,91.2512344351276
MNP,Northern Mariana Islands,2013,,52758,,,79.512,,91.1764941872129
MNP,Northern Mariana Islands,2012,,53234,,,79.614,,91.1011927559234
MNP,Northern Mariana Islands,2011,,53608,,,79.725,,91.0253367901352
MNP,Northern Mariana Islands,2010,,54091,,,79.815,,90.9488180328106
MNP,Northern Mariana Islands,2009,,55325,,,79.912,,90.8729232264729
MNP,Northern Mariana Islands,2008,,57150,,,79.909,,90.7990126104496
MNP,Northern Mariana Islands,2007,,58941,,,79.78,,90.726220848958
MNP,Northern Mariana Islands,2006,,60682,,,79.561,,90.6534562341057
MNP,Northern Mariana Islands,2005,,62354,,,79.131,,90.5796270580004
MNP,Northern Mariana Islands,2004,,63938,,,78.51,,90.5036416127499
MNP,Northern Mariana Islands,2003,,65421,,,78.299,,90.4244081904616
MNP,Northern Mariana Islands,2002,,66778,,,77.873,,90.3408350832433
MNP,Northern Mariana Islands,2001,,67984,,,77.655,,90.2518305832026
MNP,Northern Mariana Islands,2000,,68356,,,77.788,,90.1578212649113
MNP,Northern Mariana Islands,1999,,65916,,,77.837,,90.0362235307544
MNP,Northern Mariana Islands,1998,,61337,,,77.732,,89.8728262435101
MNP,Northern Mariana Islands,1997,,56596,,,77.446,,89.708154992241
MNP,Northern Mariana Islands,1996,,51706,,,77.056,,89.5865309072347
MNP,Northern Mariana Islands,1995,,48176,,,76.364,,89.5508930843623
MNP,Northern Mariana Islands,1994,,46730,,,75.612,,89.5732787274411
MNP,Northern Mariana Islands,1993,,45952,,,74.79,,89.617537095238
MNP,Northern Mariana Islands,1992,,45181,,,73.919,,89.6693094968231
MNP,Northern Mariana Islands,1991,,44393,,,73.087,,89.7144497477592
MNP,Northern Mariana Islands,1990,,43342,,,72.382,,89.7384626797676
NOR,Norway,2024,94803.6704931641,5572279,62.292,115.420120239258,84.8,,83.3293737928469
NOR,Norway,2023,94364.9641754336,5519601,62.371,114.607200622559,84.6,8296.35546875,83.0718560702166
NOR,Norway,2022,95109.8201605729,5457127,62.358,118.181251525879,84.2,8692.57617188,82.9563661816034
NOR,Norway,2021,92205.7698636049,5408320,62.182,113.759750366211,84.7,9163.13867188,82.8612877226956
NOR,Norway,2020,89012.2723804504,5379475,62.481,105.44522857666,84.9,7824.57714844,82.7029885700532
NOR,Norway,2019,90772.9017041865,5347896,62.64,103.331268310547,84.7,8007.35546875,82.4935894878281
NOR,Norway,2018,90064.0687974358,5311916,62.625,102.747032165527,84.5,8271.859375,82.2452112401723
NOR,Norway,2017,89664.9086415829,5276968,62.638,101.069969177246,84.3,7815.78710938,81.9699745912375
NOR,Norway,2016,88041.6414808956,5234519,62.972,98.5099411010742,84.2,7492.07666016,81.6800003051758
NOR,Norway,2015,87688.1196708993,5188607,63.205,94.625862121582,84.2,7566.56152344,81.2378240971353
NOR,Norway,2014,86790.7924625691,5137232,63.176,92.9894714355469,84.2,9116.37792969,80.6117159535579
NOR,Norway,2013,85973.7694976801,5079623,63.593,91.6439895629883,83.8,9241.265625,79.9723980455359
NOR,Norway,2012,85925.8723352057,5018573,63.542,88.3658599853516,83.5,8970.11914063,79.4905925441617
NOR,Norway,2011,84670.8344398355,4953088,63.764,87.4236907958984,83.6,8900.37207031,79.311620451463
NOR,Norway,2010,84604.5143891947,4889252,63.773,89.4883270263672,83.2,7859.51611328,79.245002746582
NOR,Norway,2009,84812.6851277638,4828726,64.319,91.2951889038086,83.1,7301.95996094,79.0570820210427
NOR,Norway,2008,87297.3980291813,4768212,64.55,91.5216522216797,83.0,7768.05029297,78.7541006020666
NOR,Norway,2007,87670.8617980792,4709153,64.497,94.8026428222656,82.7,6895.56005859,78.4072502632828
NOR,Norway,2006,85653.1367825864,4660677,64.012,95.1598510742188,82.7,5892.98730469,78.0877227783203
NOR,Norway,2005,83955.3365007578,4623291,63.318,95.1597366333008,82.5,5584.68896484,77.8260148882032
NOR,Norway,2004,82091.1935035949,4591910,63.079,95.3977127075195,82.3,5097.34423828,77.5684593888498
NOR,Norway,2003,79150.3962863661,4564855,62.565,94.8216094970703,81.9,4632.56835938,77.2600021362305
NOR,Norway,2002,78752.5931631095,4538159,62.262,87.8197708129883,81.6,3889.95947266,76.7955442460288
NOR,Norway,2001,78041.0146260585,4513751,61.699,84.3133392333984,81.5,3099.00341797,76.3958619273785
NOR,Norway,2000,76775.9420600924,4490967,61.266,,81.4,2948.93164063,76.1338922449534
NOR,Norway,1999,74703.5199133097,4461913,60.578,,81.1,,75.8399963378906
NOR,Norway,1998,73610.1896687065,4431464,59.561,,81.3,,75.3306335451989
NOR,Norway,1997,72084.8139194678,4405157,58.543,,80.97,,74.7024361307612
NOR,Norway,1996,68964.9756218258,4381336,57.433,,81.07,,74.1999969482422
NOR,Norway,1995,66033.8837831197,4359184,56.185,,80.82,,73.9197422341132
NOR,Norway,1994,63730.8964637618,4336613,55.448,,80.64,,73.6500015258789
NOR,Norway,1993,61019.8161031696,4311991,54.486,,80.23,,73.2031436754498
NOR,Norway,1992,59669.7590202519,4286401,53.797,,80.36,,72.6495385440231
NOR,Norway,1991,57949.698676313,4261732,53.287,,80.1,,72.1586354507439
NOR,Norway,1990,56608.2547514372,4241473,52.775,,79.8,,71.8768588741127
OMN,Oman,2024,36721.0804548374,5281538,30.061,56.5868186950684,82.046,,79.4440302814714
OMN,Oman,2023,37793.6163957515,5049269,30.321,,81.882,732.04089355,79.5702973228932
OMN,Oman,2022,39780.2122774985,4730226,30.795,,79.332,712.06097412,80.0117053152301
OMN,Oman,2021,38719.4587682049,4500424,29.564,52.9462515450918,77.704,843.01953125,80.1239942103569
OMN,Oman,2020,37560.5998714953,4522497,29.074,58.2401474222055,79.477,859.24987793,80.0176378922722
OMN,Oman,2019,38292.3859682752,4591241,30.19,56.3356093694527,81.873,730.08325195,79.5780017545962
OMN,Oman,2018,38673.6045360857,4597877,30.37,57.4878074857514,81.793,639.78082275,78.9655839720276
OMN,Oman,2017,38691.1077105097,4537396,30.484,57.0111419257529,81.669,704.6295166,78.3142260040136
OMN,Oman,2016,39860.9893909688,4390877,30.269,62.3419173582992,81.498,714.48864746,77.7521362304688
OMN,Oman,2015,39813.7887054675,4184895,29.621,57.8076444388781,81.282,767.04455566,77.3025363037955
OMN,Oman,2014,39639.9870514802,4002439,28.935,52.0412424359763,81.019,726.64660645,76.8892576748951
OMN,Oman,2013,40854.4853548905,3833913,28.245,42.6161270121929,80.71,587.71075439,76.4914234214313
OMN,Oman,2012,41964.0828578552,3547106,27.61,,80.359,561.1171875,76.088156621068
OMN,Oman,2011,44440.3092616125,3076763,27.045,34.8990686240297,79.98,563.23632813,75.6585803514688
OMN,Oman,2010,48191.6145135737,2757446,26.53,30.4687438975809,79.591,583.57073975,75.1579724666274
OMN,Oman,2009,48304.1178923167,2684659,26.081,25.835880279541,79.209,510.08691406,74.5338635149003
OMN,Oman,2008,46586.3955926767,2626529,25.695,,78.852,466.60375977,73.807772368029
OMN,Oman,2007,43696.9691440917,2570174,25.373,21.8022804260254,78.388,397.21173096,73.0679250158092
OMN,Oman,2006,42540.4398485334,2514795,25.111,20.3098106384277,78.247,341.97601318,72.3920261203777
OMN,Oman,2005,41551.1413844552,2459802,24.907,18.1676807403564,77.989,326.909729,71.8577803438712
OMN,Oman,2004,41351.7687385072,2404821,24.75,16.084379196167,77.742,306.42941284,71.5428923484265
OMN,Oman,2003,41247.5873733105,2363796,24.597,12.1856899261475,77.434,290.38589478,71.4926171971641
OMN,Oman,2002,42654.1482671623,2337140,24.261,,77.207,274.11166382,71.5013318111475
OMN,Oman,2001,43492.2863754557,2310217,23.987,,76.921,259.59085083,71.5179623016414
OMN,Oman,2000,42086.0431536301,2282131,23.917,,76.596,261.88265991,71.5400835229196
OMN,Oman,1999,40145.9312841691,2252909,23.896,,76.24,,71.5655594157832
OMN,Oman,1998,40574.674486189,2222489,23.675,7.44471979141235,75.855,,71.5922539210329
OMN,Oman,1997,41191.0312402444,2190720,23.445,6.26020002365112,75.44,,71.6180309794696
OMN,Oman,1996,39455.8264119985,2156926,23.431,5.3320198059082,74.998,,71.6407545318941
OMN,Oman,1995,38946.7742715175,2120528,23.34,5.89588022232056,74.528,,71.6582885191073
OMN,Oman,1994,37782.723828978,2081834,23.337,5.38024997711182,74.031,,71.66849688191
OMN,Oman,1993,37455.340258395,2021675,23.228,5.03514003753662,73.506,,71.64228414407
OMN,Oman,1992,36841.4011555658,1938238,23.09,5.08348989486694,72.953,,71.4364862570961
OMN,Oman,1991,35574.6761369599,1851473,23.01,4.17974996566772,72.37,,71.0040009041544
OMN,Oman,1990,35201.5524871089,1763954,22.864,3.9162700176239,71.752,,70.3642795175068
PAK,Pakistan,2024,5502.0736120186,251269164,23.989,11.0115437876872,70.322,,39.1734368360905
PAK,Pakistan,2023,5418.7693189297,247504495,23.997,10.3220983854533,70.163,30.48608398,38.8191861872791
PAK,Pakistan,2022,5526.27928310213,243700667,24.027,10.3365841854167,69.928,38.76602173,38.3740439760816
PAK,Pakistan,2021,5367.27364714762,239477801,24.365,12.1243085469687,68.299,42.79639816,37.9333395514173
PAK,Pakistan,2020,5135.01459288839,235001746,23.406,11.6463074890907,68.447,36.9091301,37.5080192948099
PAK,Pakistan,2019,5295.95295138203,230800899,23.241,10.9927440427846,69.2,36.01374817,37.1091631735769
PAK,Pakistan,2018,5255.06350681272,226928892,21.571,7.62736108185228,68.938,40.09578323,36.7478511550359
PAK,Pakistan,2017,5031.56060738433,223273967,22.358,8.02246919716147,68.674,42.07228851,36.4351548223399
PAK,Pakistan,2016,4886.61212115378,220138869,23.162,7.76139543943741,68.396,36.46934128,36.1597184900333
PAK,Pakistan,2015,4645.28631071145,217290883,23.983,7.8903341132853,68.086,33.99359894,35.9017325715342
PAK,Pakistan,2014,4520.23463399286,214264647,22.987,9.06785594506927,67.817,32.11787415,35.6595549759128
PAK,Pakistan,2013,4407.14705841377,211073978,22.79,8.67075952092268,67.533,28.20998955,35.4315352494366
PAK,Pakistan,2012,4292.02110293486,207667125,22.508,8.18370330760234,67.283,25.59742928,35.2160229383731
PAK,Pakistan,2011,4246.06710882497,203746065,22.228,7.05077532901543,67.033,25.02491379,35.0113675889897
PAK,Pakistan,2010,4228.7817715945,199239047,22.036,6.45373704790289,66.746,23.62846184,34.8159187475539
PAK,Pakistan,2009,4270.43882264229,194376534,20.98,5.47784996032715,66.491,23.14643288,34.6280259603331
PAK,Pakistan,2008,4233.34830715497,189499113,19.851,4.4710898399353,66.227,24.34272766,34.4460387735948
PAK,Pakistan,2007,4257.92556870432,184493231,19.308,4.53946018218994,65.867,26.14198685,34.2683067336065
PAK,Pakistan,2006,4185.86655659206,179682690,18.947,4.02148008346558,65.459,24.43647003,34.0931793866356
PAK,Pakistan,2005,4042.15457513378,175453212,18.348,4.01072978973389,63.926,19.58962631,33.9190062789495
PAK,Pakistan,2004,3859.64601808903,171286000,17.777,2.61125993728638,64.514,15.53542328,33.7441369568158
PAK,Pakistan,2003,3668.77938852508,167110248,16.995,2.10269999504089,64.106,14.34851551,33.5669209665019
PAK,Pakistan,2002,3563.67846926558,163222549,16.224,,63.726,14.98332214,33.3857078542752
PAK,Pakistan,2001,3559.72784658715,159270907,16.17,,63.335,13.41587162,33.1988471664032
PAK,Pakistan,2000,3531.71291531612,154879127,16.13,,62.936,15.36755657,33.0046884491535
PAK,Pakistan,1999,3484.45678319813,150565377,15.686,,62.503,,32.8015812487933
PAK,Pakistan,1998,3454.17665330544,146522356,15.245,,62.035,,32.5871723893723
PAK,Pakistan,1997,3462.58145605889,142531804,14.936,,61.552,,32.3647607033211
PAK,Pakistan,1996,3526.14160875155,138557092,13.706,,61.278,,32.1402116675762
PAK,Pakistan,1995,3462.47336165841,134582253,12.553,,61.031,,31.9144613917436
PAK,Pakistan,1994,3395.50432067539,130748083,14.476,,60.933,,31.6870914038941
PAK,Pakistan,1993,3369.23795906028,127020117,14.175,,60.826,,31.4576832320988
PAK,Pakistan,1992,3404.12138406329,123546848,13.795,0.81700998544693,60.854,,31.2258184044289
PAK,Pakistan,1991,3252.35104026309,120060406,13.768,,60.9,,30.9910784489553
PAK,Pakistan,1990,3199.72962609833,116155576,11.195,1.63998997211456,60.845,,30.753044893749
PLW,Palau,2024,18499.9921921281,17695,,86.5497076023392,71.943,,79.2095042878667
PLW,Palau,2023,16487.15375427,17727,,49.6957403651116,71.798,1683.8458252,79.1531991438847
PLW,Palau,2022,16258.6271292912,17759,,57.7494692144374,71.577,2077.734375,79.1134831712956
PLW,Palau,2021,16312.190220013,17783,,,71.348,1931.31152344,79.0890798782416
PLW,Palau,2020,18509.2491855913,17792,,,71.926,1938.33837891,79.0796884006264
PLW,Palau,2019,19685.6037989273,17798,,,72.041,1928.91564941,79.2803814152827
PLW,Palau,2018,19608.9617027822,17814,,,72.192,1809.22070313,79.5520868568744
PLW,Palau,2017,19693.4082379382,17812,,,72.37,1775.32849121,79.8284579022498
PLW,Palau,2016,20408.2613269723,17797,,,72.497,1704.62316895,80.1089335766065
PLW,Palau,2015,20104.2315379069,17770,,,72.604,1554.91186523,80.388246269234
PLW,Palau,2014,18574.7889489655,17715,,,72.666,1481.35656738,80.7338640362566
PLW,Palau,2013,17891.3784371353,17648,,84.0870971679688,72.618,1399.29931641,81.0756895339142
PLW,Palau,2012,18024.7540996872,17765,,,72.586,1239.99304199,81.1285663568435
PLW,Palau,2011,17354.9336767951,18078,,,72.417,1072.56323242,80.9747231246263
PLW,Palau,2010,16313.4287679398,18396,,,72.18,1093.30786133,80.6626667312304
PLW,Palau,2009,16541.1206311875,18709,,,71.891,947.12615967,80.2186712923386
PLW,Palau,2008,17355.2423019079,19009,,,71.512,880.83892822,79.6639213135968
PLW,Palau,2007,18096.7989531775,19302,,,71.153,897.35339355,79.019601300651
PLW,Palau,2006,17706.3673621904,19593,,,70.826,852.00756836,78.306895759147
PLW,Palau,2005,17464.6208167636,19819,,,70.535,810.10369873,77.574268209537
PLW,Palau,2004,16974.0682933412,19820,,,70.297,765.0546875,76.445323887982
PLW,Palau,2003,16538.7688424505,19659,,,70.09,638.3067627,74.5444848058291
PLW,Palau,2002,17033.490272996,19503,,51.5966415405273,69.861,609.03295898,72.3817031907384
PLW,Palau,2001,16393.4521014909,19352,,50.4966888427734,69.659,640.58422852,70.5337109001769
PLW,Palau,2000,15410.1740281683,19178,,68.3250427246094,69.42,675.54473877,69.5876201801789
PLW,Palau,1999,16054.0503540764,18901,,,69.171,,69.6896962372638
PLW,Palau,1998,17315.8341787596,18524,,,68.921,,70.1693100482288
PLW,Palau,1997,17366.3122783479,18108,,,68.787,,70.7652327658767
PLW,Palau,1996,17412.4278443017,17654,,,68.692,,71.2484528378583
PLW,Palau,1995,16193.1449208057,17195,,,68.71,,71.3933455111353
PLW,Palau,1994,14971.6205907545,16770,,,68.812,,71.2273418983072
PLW,Palau,1993,14292.2383036506,16372,,,68.966,,70.8789048721161
PLW,Palau,1992,16687.1163206872,15989,,,69.148,,70.4277022862451
PLW,Palau,1991,18256.2992047553,15614,,,69.331,,69.9517325157421
PLW,Palau,1990,17807.5300818664,15259,,,69.474,,69.5314760089153
PAN,Panama,2024,36394.9235366316,4515577,54.832,,82.707,,65.9958447685488
PAN,Panama,2023,35872.9719200069,4458759,52.694,66.3187931744362,82.557,1557.81286621,65.8601271176084
PAN,Panama,2022,33915.1693306309,4400773,52.137,71.8576144417,82.313,1572.93017578,65.8211343914956
PAN,Panama,2021,30932.7627780514,4345405,48.894,65.1054740149614,80.256,1417.1541748,65.8092302689169
PAN,Panama,2020,26881.8277221689,4293261,55.932,55.0252578404546,79.822,1358.4498291,65.7862999591993
PAN,Panama,2019,33163.7172814857,4234700,56.345,,81.567,1339.45153809,65.752985396379
PAN,Panama,2018,32681.4729886331,4167860,54.501,,81.412,1227.30554199,65.7099285144924
PAN,Panama,2017,31979.8246437748,4098707,52.246,,80.866,1126.96154785,65.6577712475758
PAN,Panama,2016,30765.2490653506,4029086,52.16,59.5478401291885,80.911,1056.68481445,65.5971555296656
PAN,Panama,2015,29933.1671530011,3960035,51.485,58.5642636718388,80.609,982.06530762,65.5287232947981
PAN,Panama,2014,28931.8156401199,3892101,50.661,55.088111503828,80.685,919.2946167,65.4531164770096
PAN,Panama,2013,28135.3387835383,3825329,50.208,,80.355,805.78985596,65.3709770103365
PAN,Panama,2012,26926.8956928065,3759256,48.671,53.3564873497947,80.308,725.01544189,65.2829468288151
PAN,Panama,2011,24999.4702655482,3693505,46.159,51.1891605286861,80.177,664.97564697,65.1896678664818
PAN,Panama,2010,22739.1194141341,3628535,48.359,53.4766208352644,79.934,607.42242432,65.0926097647906
PAN,Panama,2009,21822.996136155,3564381,47.013,52.2682800292969,79.76,550.80755615,64.9730405510737
PAN,Panama,2008,21867.8272186787,3500648,48.586,52.4450187683105,79.347,506.78494263,64.8088713516952
PAN,Panama,2007,20208.8293911964,3437490,47.576,52.9944686889648,79.018,472.08703613,64.6019807394311
PAN,Panama,2006,18190.281154717,3375024,46.8,52.9913101196289,78.73,370.62973022,64.355408255933
PAN,Panama,2005,16867.9674513124,3313026,47.954,51.8925285339355,78.401,323.0513916,64.0721934428526
PAN,Panama,2004,15875.1188201453,3251155,47.255,53.9963302612305,78.052,344.4079895,63.7553758418416
PAN,Panama,2003,14957.5590503323,3189807,46.927,54.6007690429688,77.775,303.45755005,63.4079949945516
PAN,Panama,2002,14507.1494232714,3129344,46.414,51.5600700378418,77.402,308.58657837,63.0330904426342
PAN,Panama,2001,14427.8355424862,3069537,45.634,52.8568801879883,77.073,296.75146484,62.6337017277411
PAN,Panama,2000,14572.9808700068,3010369,44.853,53.744068145752,76.697,300.66052246,62.2165370013582
PAN,Panama,1999,14261.7464595428,2951822,44.074,48.8114013671875,76.372,,61.7013699766382
PAN,Panama,1998,13826.5376778781,2893914,44.198,45.863899230957,76.173,,61.0086248345759
PAN,Panama,1997,13013.8959932208,2836695,42.378,,75.943,,60.1745220874573
PAN,Panama,1996,12327.8562890077,2780227,41.898,,75.674,,59.2406037081197
PAN,Panama,1995,12086.6481153656,2724557,41.434,,75.385,,58.2484116694001
PAN,Panama,1994,12123.3539257861,2669546,40.446,31.3334293365479,75.303,,57.2394879441357
PAN,Panama,1993,12032.8122579156,2615099,39.627,,75.106,,56.2553745051635
PAN,Panama,1992,11649.8002384174,2561336,38.659,,74.757,,55.3376133253207
PAN,Panama,1991,10994.5538811637,2508265,37.691,,74.44,,54.5277463774443
PAN,Panama,1990,10263.6928426466,2455583,32.404,,74.312,,53.8712763235306
PNG,Papua New Guinea,2024,4292.71205430013,10576502,50.697,,69.211,,15.4061816403333
PNG,Papua New Guinea,2023,4206.37834691367,10389635,50.644,,69.085,85.15021515,15.0581017891206
PNG,Papua New Guinea,2022,4126.03032145403,10203169,50.645,,68.284,81.11356354,14.7358658260841
PNG,Papua New Guinea,2021,3977.44297360749,10012896,50.567,,67.449,61.02529907,14.4398342822353
PNG,Papua New Guinea,2020,4078.15378358566,9815746,49.809,,68.368,55.92817688,14.1703677185729
PNG,Papua New Guinea,2019,4302.16255230002,9609010,49.962,,68.43,59.89566803,13.9278267446947
PNG,Papua New Guinea,2018,4211.68504310327,9394513,49.709,,68.167,59.04003525,13.7125720532162
PNG,Papua New Guinea,2017,4322.77662200998,9178714,49.297,,68.011,55.24723816,13.5249644881888
PNG,Papua New Guinea,2016,4276.29643263164,8961718,49.008,,67.769,53.98646545,13.3653651942392
PNG,Papua New Guinea,2015,4155.05563962107,8743246,48.779,,67.516,45.18995285,13.2341359836319
PNG,Papua New Guinea,2014,3999.13038811865,8523441,48.584,,67.135,89.08061218,13.1316404025265
PNG,Papua New Guinea,2013,3615.74646029074,8302698,48.617,,66.762,76.75310516,13.0582475733094
PNG,Papua New Guinea,2012,3577.91014722774,8081390,48.328,,66.338,70.27664948,13.0143796071362
PNG,Papua New Guinea,2011,3515.28312517363,7859346,48.065,,65.941,52.49456787,13.0000025015364
PNG,Papua New Guinea,2010,3579.63000710983,7633523,47.67,,65.467,39.3453064,13.0021920069407
PNG,Papua New Guinea,2009,3350.07263964739,7406438,47.919,,65.076,36.5436821,13.008427139986
PNG,Papua New Guinea,2008,3234.33247673,7183002,48.056,,64.732,34.69308472,13.0185611592166
PNG,Papua New Guinea,2007,3346.27900337124,6963345,47.923,,64.344,33.18586731,13.0324481284965
PNG,Papua New Guinea,2006,3202.89763507367,6747720,48.095,,64.189,30.03865242,13.04994211169
PNG,Papua New Guinea,2005,3136.98756942536,6535905,48.178,,64.023,27.49723434,13.0708971726612
PNG,Papua New Guinea,2004,3046.72321896172,6328041,48.297,,63.981,25.73586273,13.0951673752744
PNG,Papua New Guinea,2003,3064.83667344612,6123997,48.272,,63.925,21.9858036,13.1226067833938
PNG,Papua New Guinea,2002,3101.1924006365,5924003,48.224,,63.837,20.55322266,13.1530694608835
PNG,Papua New Guinea,2001,3212.17084845522,5728435,48.083,,63.867,18.19814301,13.1864094716078
PNG,Papua New Guinea,2000,3327.22485837041,5537064,47.944,,63.803,18.84121323,13.2228772276955
PNG,Papua New Guinea,1999,3532.1120397137,5349333,47.717,1.4094899892807,63.74,,13.3157511360166
PNG,Papua New Guinea,1998,3590.56011797751,5166390,47.655,1.46463000774384,62.514,,13.4991868296818
PNG,Papua New Guinea,1997,3864.72542324923,4987883,47.392,,63.603,,13.7491727353146
PNG,Papua New Guinea,1996,4167.57013807001,4813361,47.138,2.83889007568359,63.489,,14.0420569362263
PNG,Papua New Guinea,1995,4009.23567052359,4644278,47.264,2.05499005317688,63.378,,14.3541875157278
PNG,Papua New Guinea,1994,4298.44184540518,4480208,47.036,,63.2,,14.6619125571302
PNG,Papua New Guinea,1993,4206.96808195882,4320872,47.103,,62.984,,14.9415801437447
PNG,Papua New Guinea,1992,3690.81786572429,4166699,47.548,,62.833,,15.1695383588822
PNG,Papua New Guinea,1991,3358.61893269232,4021837,47.899,,62.521,,15.3221352858539
PNG,Papua New Guinea,1990,3164.55429204087,3896481,48.134,,62.478,,15.3756788160602
PRY,Paraguay,2024,16367.4940166481,6929153,58.944,,77.09,,69.8622585886961
PRY,Paraguay,2023,15831.5849831308,6844146,58.994,,76.953,526.5098877,69.3466081733694
PRY,Paraguay,2022,15222.8920228598,6760464,58.986,,75.414,480.02862549,68.6396537819458
PRY,Paraguay,2021,15400.9446332428,6684182,59.85,,71.335,480.11322021,67.3058612772421
PRY,Paraguay,2020,14989.7667130162,6603739,57.105,,76.063,411.81765747,66.116520986009
PRY,Paraguay,2019,15319.3889991221,6515058,60.256,,76.796,416.84432983,64.9845298299929
PRY,Paraguay,2018,15591.0142663085,6427382,59.414,,76.745,422.13101196,63.9248988239553
PRY,Paraguay,2017,15318.4012187276,6338660,57.843,,76.648,406.60488892,62.9526389826574
PRY,Paraguay,2016,14824.7906280812,6249126,56.466,,76.599,385.52297974,62.0827613208606
PRY,Paraguay,2015,14425.777586033,6159103,54.827,,76.517,393.42440796,61.3302768533263
PRY,Paraguay,2014,14217.5580896983,6069811,54.388,,76.445,440.85821533,60.7101965948157
PRY,Paraguay,2013,13698.9722320262,5982445,57.676,,76.233,391.80084229,60.2375315600901
PRY,Paraguay,2012,12833.1801619413,5897008,59.861,,75.944,368.7868042,59.9212909454702
PRY,Paraguay,2011,13107.8104435989,5814626,54.453,,75.536,337.81317139,59.693499539898
PRY,Paraguay,2010,12736.9672867807,5737971,53.036,44.2648335006551,75.257,258.43127441,59.5122792618786
PRY,Paraguay,2009,11599.8198579092,5671236,55.126,47.2082710266113,74.939,217.7858429,59.3666109432844
PRY,Paraguay,2008,11749.6546354418,5613574,53.755,42.7313385009766,74.625,220.90351868,59.2442256780564
PRY,Paraguay,2007,11140.4629098064,5559386,54.017,35.9525718688965,74.33,161.25285339,59.1328545601355
PRY,Paraguay,2006,10671.6449984385,5505148,50.993,,74.033,122.45078278,59.0202286834627
PRY,Paraguay,2005,10288.800866577,5448097,55.653,29.6558609008789,73.744,95.1805954,58.894079141979
PRY,Paraguay,2004,10185.9074387779,5388175,56.882,31.3066692352295,73.454,88.10053253,58.7421370296254
PRY,Paraguay,2003,9902.19918003817,5326436,51.514,31.4198493957519,73.16,70.85758209,58.5521334403429
PRY,Paraguay,2002,9609.53364585336,5261328,51.724,33.2344512939453,72.864,65.0742569,58.3089732866691
PRY,Paraguay,2001,9748.02702767691,5187689,51.598,22.5359802246094,72.559,91.8441391,57.9686577349574
PRY,Paraguay,2000,9997.3297251405,5100868,51.653,20.0411796569824,72.273,104.49077606,57.5141169408231
PRY,Paraguay,1999,10434.0803694109,5003135,51.985,16.6659297943115,71.986,,56.9637104476634
PRY,Paraguay,1998,10801.1950460495,4900025,52.264,,71.715,,56.3338701365719
PRY,Paraguay,1997,11031.6219154476,4794412,52.407,,71.474,,55.6410278886419
PRY,Paraguay,1996,10823.9199218797,4687543,52.069,11.147029876709,71.224,,54.9016155849672
PRY,Paraguay,1995,10906.894612986,4579806,52.094,,70.9,,54.1320651066411
PRY,Paraguay,1994,10457.768545827,4471417,51.534,,70.579,,53.3488083347573
PRY,Paraguay,1993,10177.1689434494,4362696,51.198,10.0589599609375,70.271,,52.5682771504092
PRY,Paraguay,1992,9947.16439036842,4253600,50.964,,69.962,,51.8012367901724
PRY,Paraguay,1991,10039.0438461622,4144364,51.201,,69.648,,50.9890243427719
PRY,Paraguay,1990,9961.22171124749,4035747,51.305,,69.184,,50.0918634104713
PER,Peru,2024,15708.8329440963,34217848,64.939,,80.3,,85.1912729600355
PER,Peru,2023,15342.2741359642,33845617,65.083,,80.123,445.52667236,84.7810255849745
PER,Peru,2022,15566.5242612563,33475438,66.725,,78.726,445.10473633,84.3663554951194
PER,Peru,2021,15285.7706852395,33155882,64.845,,74.714,455.3560791,83.9480118272361
PER,Peru,2020,13607.7640705828,32838579,59.864,,77.976,399.13800049,83.5267437189637
PER,Peru,2019,15461.4572585466,32449303,70.044,,78.576,367.98739624,83.1033003087105
PER,Peru,2018,15384.1846082423,31897584,69.85,,78.259,362.75994873,82.6854929960921
PER,Peru,2017,15067.489279382,31324637,69.388,74.0077133178711,78.264,332.54321289,82.1931650502403
PER,Peru,2016,14915.4366324454,30866494,67.721,74.7200164794922,78.209,311.33517456,81.4192362241943
PER,Peru,2015,14540.8313160635,30457600,67.657,,78.028,310.60983276,80.698277662669
PER,Peru,2014,14242.6444760801,30115826,69.302,,77.576,332.18841553,79.9945465682649
PER,Peru,2013,14050.2420319137,29817919,70.2,,76.922,320.96490479,79.3105527820586
PER,Peru,2012,13393.5923851679,29550366,70.91,,76.278,309.31439209,78.6488061451268
PER,Peru,2011,12724.8832049429,29304086,71.205,,75.572,264.46487427,78.0118164985462
PER,Peru,2010,12057.3912963716,29086019,72.014,,75.234,241.43280029,77.4020936833934
PER,Peru,2009,11202.8654418496,28896811,70.561,,74.962,209.1973877,76.822147540745
PER,Peru,2008,11150.0262166889,28719041,70.266,,75.07,191.42611694,76.2744879116779
PER,Peru,2007,10284.9672238506,28530699,70.087,,74.94,158.55148315,75.7615250588738
PER,Peru,2006,9546.62529545456,28324491,67.54,34.781551361084,74.611,136.14295959,75.2766672012397
PER,Peru,2005,8948.74710742664,28101180,64.315,32.7204704284668,74.24,123.25354004,74.8162354830832
PER,Peru,2004,8494.84031217202,27852190,62.915,32.4300498962402,73.674,105.16587067,74.3769516383133
PER,Peru,2003,8173.27672987692,27580490,61.491,31.2872104644775,73.331,97.352211,73.9558750733136
PER,Peru,2002,7930.50980631714,27288217,60.045,31.2079792022705,72.748,97.6605072,73.5500651944675
PER,Peru,2001,7610.63949294843,26964601,58.578,29.5239601135254,72.113,89.36621857,73.1565814081586
PER,Peru,2000,7668.06078201131,26598331,53.528,,71.558,83.63842773,72.7724831207703
PER,Peru,1999,7584.30465257181,26186504,57.65,,71.0,,72.3948297386861
PER,Peru,1998,7602.78356076635,25738095,54.985,,70.372,,72.0206806682894
PER,Peru,1997,7772.77834225556,25274147,54.186,,69.913,,71.6470953159639
PER,Peru,1996,7436.18931908276,24811171,51.655,,69.445,,71.271133088093
PER,Peru,1995,7371.04799020402,24348919,49.1,,68.927,,70.8898533910601
PER,Peru,1994,6996.76185617847,23881493,46.074,,68.399,,70.5003156312488
PER,Peru,1993,6354.40466195469,23413783,44.734,,67.826,,70.0997909655959
PER,Peru,1992,6160.80456813974,22946340,43.393,,67.295,,69.7000538774584
PER,Peru,1991,6321.7220102527,22483775,43.703,,66.546,,69.3117215938287
PER,Peru,1990,6316.2269138715,22014771,43.739,,66.359,,68.9308005041295
PHL,Philippines,2024,10378.1717703535,115843670,50.511,53.2985582335097,72.962,,55.4520983215477
PHL,Philippines,2023,9898.53294588106,114891199,50.445,50.9499907329313,72.819,194.05484009,55.1242716168851
PHL,Philippines,2022,9457.10395402883,113964338,50.38,44.8304989112463,72.446,182.93432617,54.7902343568327
PHL,Philippines,2021,8857.78995115514,113100950,44.203,38.0290931957121,69.7,208.192276,54.4504102510776
PHL,Philippines,2020,8455.18457134106,112081264,42.675,34.9776942092469,72.76,166.61218262,54.1077719895977
PHL,Philippines,2019,9452.2939715981,110804683,46.566,33.6724362657156,72.702,141.6925354,53.7157859948017
PHL,Philippines,2018,9016.28659637608,109465287,45.532,31.8172905767181,72.807,125.27716827,53.2088897464754
PHL,Philippines,2017,8584.13622709699,108119693,45.045,38.286150336618,73.421,120.32259369,52.6010482354344
PHL,Philippines,2016,8131.82537948653,106735719,48.19,43.5571209645523,72.749,118.05981445,51.9114748151175
PHL,Philippines,2015,7691.76308685047,105312992,48.67,41.0613047431901,72.527,113.4342804,51.1549047745227
PHL,Philippines,2014,7340.361585912,103767130,49.121,38.6201723309521,72.401,106.16293335,50.2392400212368
PHL,Philippines,2013,7016.53846470436,102076336,48.338,36.1084692595744,72.332,118.87432098,49.1313688766206
PHL,Philippines,2012,6697.55620962768,100175512,48.459,33.1844648171482,72.373,109.2149353,47.9182784810426
PHL,Philippines,2011,6388.31296959977,98248614,48.935,32.6842752204727,72.229,95.95716095,46.6833632464759
PHL,Philippines,2010,6273.03927731515,96337125,48.119,31.269762641133,72.112,89.35166931,45.5208176726647
PHL,Philippines,2009,5965.30730902221,94384250,47.866,29.7430095672607,71.966,77.64539337,44.3356772609527
PHL,Philippines,2008,5987.03757861835,92699095,47.063,30.427770614624,71.949,75.69056702,43.1547492407016
PHL,Philippines,2007,5840.06810169965,91075184,47.605,,71.88,64.27903748,42.3470499959497
PHL,Philippines,2006,5578.57225112139,89508986,47.6,29.4652309417725,71.541,53.87452698,41.8308558715226
PHL,Philippines,2005,5386.81653712891,88015962,47.449,28.8131008148193,72.143,45.67607498,41.3297701258519
PHL,Philippines,2004,5229.45080700165,86394504,46.711,30.1653099060059,71.885,33.50411606,40.8507057988121
PHL,Philippines,2003,5003.38317718716,84731835,47.034,30.9651603698731,71.497,31.60413551,40.3928506135438
PHL,Philippines,2002,4856.49948429567,83068889,47.108,32.4361801147461,71.409,26.76997948,39.9553922931877
PHL,Philippines,2001,4778.4008437474,81401488,47.148,30.3209400177002,71.2,27.60987473,39.5375185608843
PHL,Philippines,2000,4740.43891694569,79625397,47.176,,71.215,32.10300446,39.1384171397742
PHL,Philippines,1999,4650.75926947589,77753257,47.234,31.0941905975342,70.917,,38.757275752998
PHL,Philippines,1998,4616.67292900617,75791024,47.269,30.6889495849609,70.605,,38.3932821236964
PHL,Philippines,1997,4758.70845808515,73908810,47.204,,70.404,,38.0456239750098
PHL,Philippines,1996,4631.77197705972,72190242,47.279,33.1530113220215,70.142,,37.713489030079
PHL,Philippines,1995,4477.32317711022,70546246,47.374,31.5585193634033,69.73,,37.3960650120444
PHL,Philippines,1994,4374.06721651165,69019291,47.432,,69.43,,37.0925396440467
PHL,Philippines,1993,4283.15967786629,67530621,47.483,,69.146,,36.8021006492264
PHL,Philippines,1992,4293.71810131081,65926125,47.48,30.181770324707,68.773,,36.5239357507243
PHL,Philippines,1991,4378.39532090518,64382249,47.429,,68.155,,36.2572326716808
PHL,Philippines,1990,4504.46230383567,62854666,47.352,,67.907,,36.0011791352366
POL,Poland,2024,45153.0439773281,36559233,51.913,99.4695434570312,82.2,2014.12780762,59.9705468695101
POL,Poland,2023,43672.7668014946,36687353,52.209,93.4927291870117,82.1,1577.98168945,59.8859561370214
POL,Poland,2022,43405.0215797441,36821749,51.594,91.932861328125,81.1,1219.29125977,59.8315488048321
POL,Poland,2021,41059.5847829682,36981559,50.969,87.2527313232422,79.5,1183.30236816,59.8096513205543
POL,Poland,2020,37852.8021313639,37515748,49.333,85.6289215087891,80.6,1025.98486328,59.8738141138092
POL,Poland,2019,38181.6230334689,37965475,49.596,86.2605895996094,81.9,1014.03820801,59.9626184068963
POL,Poland,2018,36500.4114282584,37974750,49.857,85.9320526123047,81.7,978.73565674,60.0533306480907
POL,Poland,2017,34354.5987616319,37974826,49.757,85.0777893066406,81.8,909.57818604,60.145888199417
POL,Poland,2016,32675.3052259954,37970087,49.64,84.1125717163086,82.0,816.08618164,60.2402284228997
POL,Poland,2015,31700.3682364154,37986412,49.527,83.5581130981445,81.6,803.95965576,60.3362886805635
POL,Poland,2014,30334.8786569618,38011735,49.534,85.1421737670898,81.7,911.29815674,60.4340063344328
POL,Poland,2013,29168.624211075,38040196,49.227,89.6087188720703,81.2,878.08837891,60.5333187465323
POL,Poland,2012,28952.9157305301,38063164,49.354,91.733528137207,81.1,815.1418457,60.6341632788866
POL,Poland,2011,28521.6612623568,38063255,48.967,92.7133026123047,81.1,866.09466553,60.7357090652544
POL,Poland,2010,27112.1333797381,38042794,48.879,92.4768371582031,80.6,809.19940186,60.8474783987677
POL,Poland,2009,26204.410367111,38151603,47.813,85.7129898071289,80.1,759.60577393,60.9800753477
POL,Poland,2008,25553.9058406534,38125759,47.117,82.4250411987305,80.0,892.59698486,61.1258760375274
POL,Poland,2007,24484.0656663756,38120560,46.706,78.2333297729492,79.7,660.92468262,61.2756005207604
POL,Poland,2006,22921.1975887696,38141267,46.917,76.1325378417969,79.6,524.09747314,61.4199688499096
POL,Poland,2005,21568.9476594356,38165445,47.653,74.7063369750977,79.4,465.70019531,61.5497010774856
POL,Poland,2004,20878.6545002534,38182222,47.719,72.3196105957031,79.2,392.00338745,61.6555172559989
POL,Poland,2003,19855.6317989181,38204570,48.245,71.3152084350586,78.9,339.33520508,61.7281374379602
POL,Poland,2002,19166.9137058143,38230364,48.686,70.1371383666992,78.8,315.83145142,61.7581534555696
POL,Poland,2001,18800.6018648402,38248076,49.542,66.4961318969727,78.4,282.8210144,61.7557708646056
POL,Poland,2000,18566.3546288772,38258629,48.629,,78.0,238.00448608,61.7459160613903
POL,Poland,1999,17556.0026927987,38660271,49.181,,77.5,,61.7291881056396
POL,Poland,1998,16766.6492883267,38663481,49.533,,77.3,,61.7057783335144
POL,Poland,1997,16031.7211485265,38649660,49.805,,77.0,,61.6758780811754
POL,Poland,1996,15083.09812162,38624370,50.86,,76.6,,61.6396786847836
POL,Poland,1995,14227.5663687798,38594998,51.458,,76.4,,61.5973714804995
POL,Poland,1994,13200.1614164951,38542652,52.502,,76.1,,61.5491478044841
POL,Poland,1993,12563.1045363124,38461408,52.826,,76.0,,61.4951989928981
POL,Poland,1992,12141.2351323725,38363667,53.346,,75.7,,61.4357163819024
POL,Poland,1991,11879.7539252619,38246193,53.616,,75.3,,61.3708913076577
POL,Poland,1990,12821.4636316574,38110782,53.509,,75.5,,61.3009151063249
PRT,Portugal,2024,42228.1580446502,10694681,54.888,,85.2,2971.03930664,61.3281907341332
PRT,Portugal,2023,41768.2583096874,10578174,54.719,85.4132080078125,85.3,2762.26293945,61.2048652633664
PRT,Portugal,2022,41070.8611529744,10434332,53.799,82.4211883544922,84.5,2600.56665039,61.1259255772782
PRT,Portugal,2021,38657.6677223429,10361831,52.886,79.4649200439453,84.4,2764.04296875,61.0951249296597
PRT,Portugal,2020,36852.2287338103,10297081,53.157,74.8123474121094,84.3,2328.35571289,61.1042566768691
PRT,Portugal,2019,40188.2868799223,10286263,54.511,72.4340209960938,84.8,2209.50219727,61.114927250613
PRT,Portugal,2018,39123.6151282575,10283822,54.337,71.0603485107422,84.5,2206.71240234,61.1233069673808
PRT,Portugal,2017,37943.1150505677,10300300,54.028,69.8033294677734,84.6,1991.32263184,61.1296726507436
PRT,Portugal,2016,36636.2978441636,10325452,53.484,68.3242874145508,84.3,1870.31848145,61.1343011242723
PRT,Portugal,2015,35803.3575649772,10358076,53.7,66.9648818969727,84.3,1787.03759766,61.137469211538
PRT,Portugal,2014,35097.4098263232,10401062,53.777,,84.4,2056.61474609,61.1394537361116
PRT,Portugal,2013,34651.7719455059,10457295,54.157,,84.0,2027.42089844,61.1405315215642
PRT,Portugal,2012,34804.6333340484,10514844,54.674,,83.6,1976.91479492,61.1409793914666
PRT,Portugal,2011,36127.2949766157,10557560,54.621,,83.8,2255.96923828,61.1410698395502
PRT,Portugal,2010,36703.1141882825,10573100,55.835,,82.1,2259.30371094,61.0788867241731
PRT,Portugal,2009,36092.8109314688,10568247,55.59,,81.8,2346.54199219,60.8066368745822
PRT,Portugal,2008,37291.5048969664,10558177,55.787,,81.7,2391.98120117,60.3510029424595
PRT,Portugal,2007,37226.4702626704,10542964,55.919,,81.6,2112.52880859,59.7481128966109
PRT,Portugal,2006,36387.5367379523,10522288,55.517,,81.8,1857.64526367,59.0340947058419
PRT,Portugal,2005,35870.3092741502,10503330,55.269,,81.4,1814.35449219,58.2450763389585
PRT,Portugal,2004,35658.1298257507,10483861,54.28,,81.0,1723.74401855,57.4171857647664
PRT,Portugal,2003,35115.379514413,10458821,54.783,,80.6,1443.37792969,56.5865509520713
PRT,Portugal,2002,35578.5200309,10419631,54.08,,80.6,1139.4029541,55.789299869679
PRT,Portugal,2001,35500.2266804093,10362722,53.478,,80.4,1015.54956055,55.0679833009212
PRT,Portugal,2000,35069.8275705133,10289898,52.728,,79.9,995.34210205,54.4051635389142
PRT,Portugal,1999,34018.9637066508,10217828,52.28,,79.6,,53.7396730104491
PRT,Portugal,1998,32925.6638725861,10160196,51.886,,79.4,,53.063097347651
PRT,Portugal,1997,31574.4021979124,10108977,50.474,,79.1,,52.3795796967868
PRT,Portugal,1996,30378.7557756391,10063945,49.536,,79.0,,51.6932632041232
PRT,Portugal,1995,29460.8141864854,10026176,49.08,,79.0,,51.008291015927
PRT,Portugal,1994,28348.8658386375,9991525,49.148,,78.5,,50.3288062784649
PRT,Portugal,1993,28153.6155177218,9964675,48.803,,78.2,,49.6589521380037
PRT,Portugal,1992,28776.0475772622,9952494,48.598,,78.0,,49.0028717408102
PRT,Portugal,1991,28443.7945360375,9960235,50.134,,77.6,,48.365859825148
PRT,Portugal,1990,27190.5720267046,9983218,48.05,,77.5,,47.7384263697872
PRI,Puerto Rico (US),2024,44216.4333367133,3202521,36.681,,85.376,,94.2539505199436
PRI,Puerto Rico (US),2023,42837.872737145,3203794,36.29,95.9290709290709,85.243,,94.1774359275881
PRI,Puerto Rico (US),2022,42310.8139725719,3220148,35.916,101.106042989595,83.58,,94.1110923054937
PRI,Puerto Rico (US),2021,40559.226188957,3262731,35.6,108.967997053636,83.821,,94.0550712597302
PRI,Puerto Rico (US),2020,40171.3744461738,3281591,33.797,105.542665635473,83.951,,94.0116144995587
PRI,Puerto Rico (US),2019,41656.3291581369,3302691,33.291,113.391128365296,85.14,,93.9519912222253
PRI,Puerto Rico (US),2018,41119.3088051648,3290690,32.997,126.872957639181,84.616,,93.8986961132283
PRI,Puerto Rico (US),2017,41479.9977732034,3410837,32.498,117.311124330756,82.225,,93.8561953815964
PRI,Puerto Rico (US),2016,41858.2626698462,3480432,32.231,116.798725309364,83.803,,93.8232738004303
PRI,Puerto Rico (US),2015,41737.6068571153,3535167,31.876,117.422670888309,84.04,,93.7987161428303
PRI,Puerto Rico (US),2014,41593.6798280708,3585017,31.866,113.911146434828,83.539,,93.7813071818968
PRI,Puerto Rico (US),2013,41556.7852350074,3631427,32.484,112.584171129694,83.53,,93.7698316907305
PRI,Puerto Rico (US),2012,41347.4542013586,3661045,32.758,111.211180831127,82.651,,93.7630744424317
PRI,Puerto Rico (US),2011,40972.5364074959,3693464,33.028,108.991985066445,82.383,,93.7598202101009
PRI,Puerto Rico (US),2010,40777.6892825687,3724465,33.856,108.283341532723,82.179,,93.7588772214391
PRI,Puerto Rico (US),2009,40772.3514249612,3740410,34.884,105.435363769531,82.011,,93.7692762093964
PRI,Puerto Rico (US),2008,41358.0689136668,3760866,36.166,102.630813598633,81.516,,93.8114589079331
PRI,Puerto Rico (US),2007,41888.6232716478,3782995,37.02,96.7324676513672,81.384,,93.8788197135489
PRI,Puerto Rico (US),2006,42133.9682748773,3805214,37.921,,81.106,,93.9636036518786
PRI,Puerto Rico (US),2005,42555.7081189669,3821362,37.572,,80.267,,94.058055748557
PRI,Puerto Rico (US),2004,43355.8226365269,3826878,36.235,,80.462,,94.1544210292187
PRI,Puerto Rico (US),2003,39876.0670237773,3826095,36.728,,80.471,,94.2449445194985
PRI,Puerto Rico (US),2002,39879.7295566967,3823701,35.99,,80.512,,94.3218712450313
PRI,Puerto Rico (US),2001,39568.5528383032,3818774,35.359,,79.867,,94.3774462314518
PRI,Puerto Rico (US),2000,37298.5450447133,3810605,34.734,,79.278,,94.4035182032107
PRI,Puerto Rico (US),1999,36216.8380896225,3800081,36.372,,79.123,,94.3221244129435
PRI,Puerto Rico (US),1998,34537.1851859472,3781101,34.742,,79.048,,93.9680239270876
PRI,Puerto Rico (US),1997,32915.7905705568,3759430,34.868,,78.835,,93.3576670087639
PRI,Puerto Rico (US),1996,31677.2302541644,3724655,33.969,,78.403,,92.5150878038331
PRI,Puerto Rico (US),1995,31310.1801642693,3683103,33.488,,78.282,,91.464320458156
PRI,Puerto Rico (US),1994,30225.7807602628,3649237,33.724,,78.194,,90.2293991175933
PRI,Puerto Rico (US),1993,29282.1121792431,3615497,33.963,,78.039,,88.8343579280057
PRI,Puerto Rico (US),1992,28219.1160498293,3585176,31.926,,77.925,,87.303231035254
PRI,Puerto Rico (US),1991,27162.1507880615,3562110,31.168,,78.208,,85.660052585199
PRI,Puerto Rico (US),1990,26738.8144405273,3537000,30.609,,76.217,,83.9288567237013
QAT,Qatar,2024,111314.250355891,2857822,61.78,69.3779830932617,83.479,,99.3219891728394
QAT,Qatar,2023,116159.142564088,2656032,63.308,72.1567687988281,83.368,1804.35424805,99.2835325193835
QAT,Qatar,2022,114740.12361423,2657333,63.54,77.3432021815349,82.804,1781.50390625,99.243997525719
QAT,Qatar,2021,116832.570294098,2504910,60.582,68.185647914109,82.184,1847.00231934,99.203408908243
QAT,Qatar,2020,103061.913422502,2794148,59.452,75.1430222479052,82.165,1967.15197754,99.1617913833034
QAT,Qatar,2019,113160.973779334,2638657,59.083,70.1104594886978,84.064,2007.51525879,99.1191696672067
QAT,Qatar,2018,114909.945485127,2580734,58.369,65.8024691358025,83.8,1966.55712891,99.0755684762244
QAT,Qatar,2017,115064.943662853,2545820,57.571,62.7524220847438,83.51,1911.95361328,99.0310125265978
QAT,Qatar,2016,120054.408736518,2477113,56.79,47.9673181513398,83.19,2072.06103516,98.9855265345423
QAT,Qatar,2015,123070.887876565,2344557,55.988,49.8616836623997,82.837,2422.64453125,98.9382407681154
QAT,Qatar,2014,128013.987050891,2151745,54.571,51.5663185958676,82.448,2252.4140625,98.901627838826
QAT,Qatar,2013,138046.596315458,1916426,53.302,43.4209667949638,82.019,2029.8659668,98.8357621827901
QAT,Qatar,2012,147077.406092637,1722438,52.914,35.5400366555015,81.552,1712.67089844,98.7428010471968
QAT,Qatar,2011,149025.116325024,1624761,52.429,34.0203694113585,81.054,1482.28308105,98.6300610210909
QAT,Qatar,2010,132502.281828313,1616832,50.779,31.9231473010064,80.533,1309.79272461,98.5066232166665
QAT,Qatar,2009,114069.652335284,1608903,49.08,34.4635810852051,79.999,1325.43005371,98.3494885340955
QAT,Qatar,2008,114879.221727674,1426938,49.177,33.9013900756836,79.461,1292.60046387,98.1295193937322
QAT,Qatar,2007,115272.510003238,1208595,49.405,31.7337493896484,78.928,1301.49682617,97.8663125111735
QAT,Qatar,2006,121378.43895737,972831,47.426,30.6244392395019,78.41,1378.9296875,97.5827378795062
QAT,Qatar,2005,113384.267001706,825408,47.704,30.4664096832275,77.918,1386.015625,97.3016654918171
QAT,Qatar,2004,112583.929924606,773332,47.904,32.0311012268066,77.46,1261.61999512,97.0472579559041
QAT,Qatar,2003,98068.1232492499,744682,49.618,29.2537593841553,77.047,1115.45336914,96.8311182064009
QAT,Qatar,2002,99001.4939977461,711205,49.253,31.0748691558838,76.689,668.85986328,96.6424497593905
QAT,Qatar,2001,96901.5943725606,677925,49.246,33.5701293945312,76.388,598.73602295,96.4674307551724
QAT,Qatar,2000,98028.5232918526,644989,48.853,,76.133,553.08605957,96.2942718926638
QAT,Qatar,1999,95556.8522490874,612500,48.921,39.7879600524902,75.915,,96.1111838707823
QAT,Qatar,1998,96675.8124711663,580540,48.624,42.7648315429688,75.725,,95.9063773884453
QAT,Qatar,1997,91667.4239830935,550500,49.179,47.7898597717285,75.553,,95.6663501954995
QAT,Qatar,1996,73369.8292439364,529019,51.451,47.1252593994141,75.388,,95.3885119686424
QAT,Qatar,1995,72303.4779620852,514325,51.508,44.8696212768555,75.227,,95.0736862740883
QAT,Qatar,1994,72711.0242088213,499459,51.36,42.8206405639648,75.065,,94.7227105489626
QAT,Qatar,1993,73900.5913615776,484545,51.085,43.6833686828613,74.897,,94.3339062703838
QAT,Qatar,1992,77267.1145459223,469657,50.511,40.2318382263184,74.72,,93.9055949154706
QAT,Qatar,1991,71662.2042981946,454853,51.01,38.9541893005371,74.532,,93.4360979613416
QAT,Qatar,1990,75303.560170822,440175,50.382,40.2312889099121,74.334,,92.9237368851153
ROU,Romania,2024,40503.8323253789,19051804,41.904,,80.3,,52.1674778928768
ROU,Romania,2023,40116.6891416904,19061062,42.172,62.9621315002441,80.4,1050.99755859,52.1645747011867
ROU,Romania,2022,39256.8260854977,19048502,43.223,66.3239898681641,79.2,902.2677002,52.1634832477272
ROU,Romania,2021,37534.0002643549,19122059,42.751,62.7675590515137,76.6,963.01287842,52.2321512130811
ROU,Romania,2020,35283.6060358241,19265250,42.742,60.1372108459473,78.3,809.58880615,52.611947245178
ROU,Romania,2019,36399.4746080793,19371648,42.958,58.6149597167969,79.5,738.5581665,52.8931835224862
ROU,Romania,2018,34828.8958637884,19473970,42.932,57.525390625,79.2,687.15411377,53.1445711571868
ROU,Romania,2017,32852.6355672255,19588715,43.175,55.6918601989746,79.0,555.11309814,53.3648643239046
ROU,Romania,2016,30189.147723024,19702267,42.123,55.4084510803223,79.0,476.24505615,53.5528171972639
ROU,Romania,2015,29181.8781722441,19815616,42.473,54.7528800964355,78.6,442.24038696,53.7071839518893
ROU,Romania,2014,28156.1307843293,19908979,42.049,57.0798797607422,78.7,503.34753418,53.8267187624053
ROU,Romania,2013,26941.9318849595,19983693,41.706,57.4266204833984,78.7,495.23623657,53.9101758034365
ROU,Romania,2012,26767.4556487181,20058035,41.763,61.6491394042969,78.1,401.67105103,53.9563092496073
ROU,Romania,2011,26150.7476231736,20147528,41.865,77.3923568725586,78.2,426.59973145,53.9608874244169
ROU,Romania,2010,24902.9044891466,20246871,41.865,87.8167419433594,77.3,472.20751953,53.9038227941329
ROU,Romania,2009,25761.6305517205,20367487,38.904,94.9386215209961,77.1,449.37692261,53.7875150259042
ROU,Romania,2008,27039.6000864291,20537875,42.91,85.2448806762695,76.1,521.31561279,53.6297858153706
ROU,Romania,2007,24328.3931332788,20882982,42.447,69.3181610107422,76.1,415.06790161,53.4472789126416
ROU,Romania,2006,22354.5637860053,21193760,42.202,61.514289855957,75.8,291.00408936,53.2566380678272
ROU,Romania,2005,20570.925514681,21319685,42.069,50.705379486084,75.6,254.52961731,53.074507031037
ROU,Romania,2004,19532.4800205184,21451748,42.091,46.7262802124023,75.3,190.7950592,52.9175295523808
ROU,Romania,2003,17587.462617764,21574326,42.148,43.1249389648438,75.1,143.54553223,52.8023493819682
ROU,Romania,2002,17061.6293695412,21730496,42.143,37.4910697937012,74.8,96.57698822,52.7466427937759
ROU,Romania,2001,15848.3039143162,22131970,42.249,30.6334209442139,74.9,78.8175354,52.764808691157
ROU,Romania,2000,14853.6063681531,22442971,42.361,,74.8,69.89345551,52.8619549004535
ROU,Romania,1999,14478.0493538392,22472040,42.305,,74.2,,53.0197228815939
ROU,Romania,1998,14509.9931843509,22507344,42.124,,73.7,,53.2201892003114
ROU,Romania,1997,14779.9977262321,22553978,41.873,,73.0,,53.4454304223393
ROU,Romania,1996,15488.557478307,22619004,41.57,,73.1,,53.677523113411
ROU,Romania,1995,14863.1855937298,22684270,41.635,,73.4,,53.8985438392597
ROU,Romania,1994,13962.7738625239,22730211,41.85,,73.3,,54.0905691656188
ROU,Romania,1993,13415.0188040185,22763280,41.958,,73.2,,54.2356756582215
ROU,Romania,1992,13195.0418065067,22794284,41.909,,73.17,,54.3130567791968
ROU,Romania,1991,14332.9706803349,23001155,41.559,,73.17,,54.3126803188199
ROU,Romania,1990,16316.8446680419,23201835,41.399,,73.05,,54.213790243794
RUS,Russian Federation,2024,41891.171875,143669648,55.214,62.6677276020072,78.88,,75.1119136177067
RUS,Russian Federation,2023,39881.44921875,143826130,55.363,98.1264801025391,78.73,1003.33166504,74.9805047873279
RUS,Russian Federation,2022,38214.69140625,144236933,55.3,57.0857197011313,77.77,1082.82104492,74.8544893625017
RUS,Russian Federation,2021,38638.4296875,144746762,55.132,59.3233560101108,74.51,881.74395752,74.7516840220252
RUS,Russian Federation,2020,36376.3359375,145245148,54.63,61.8148169554409,76.43,814.94451904,74.6932216791674
RUS,Russian Federation,2019,37319.3203125,145453291,54.794,87.8579508523661,78.17,650.47058105,74.6222859951926
RUS,Russian Federation,2018,36536.6953125,145398106,55.416,88.5227821031978,77.82,606.11401367,74.5442926137992
RUS,Russian Federation,2017,35570.703125,145293260,55.335,88.6435886426534,77.64,577.06811523,74.460036813029
RUS,Russian Federation,2016,35005.4453125,145015460,55.684,90.727754902259,77.06,463.29275513,74.3703138709243
RUS,Russian Federation,2015,35037.15234375,144640716,55.555,91.7894045081223,76.71,496.94955444,74.275919065527
RUS,Russian Federation,2014,35853.24609375,144237223,55.858,91.8706493487323,76.47,736.32177734,74.1776476748791
RUS,Russian Federation,2013,36260.06640625,143805638,55.985,91.33984375,76.3,805.52130127,74.0762949770228
RUS,Russian Federation,2012,35740.69921875,143378447,56.272,90.0499429654167,75.86,755.48553467,73.97265625
RUS,Russian Federation,2011,34444.64453125,143018195,56.336,91.6911816234277,75.61,681.04345703,73.8534851074219
RUS,Russian Federation,2010,33063.5859375,142849468,56.019,,74.88,564.30065918,73.6696307887624
RUS,Russian Federation,2009,31654.00390625,142785348,56.352,89.3014831542969,74.79,513.91033936,73.5288696289062
RUS,Russian Federation,2008,34342.2265625,142742366,56.159,88.7412796020508,74.28,606.77508545,73.4822463989258
RUS,Russian Federation,2007,32630.369140625,142805114,56.152,86.8497085571289,74.02,459.60296631,73.3856048583984
RUS,Russian Federation,2006,30022.671875,143049637,55.583,84.0957107543945,73.34,350.84014893,73.2439193725586
RUS,Russian Federation,2005,27656.658203125,143518814,55.155,83.1037292480469,72.47,270.1439209,73.1613922119141
RUS,Russian Federation,2004,25894.146484375,144067316,54.719,80.5133438110352,72.36,207.61283875,73.3065795898438
RUS,Russian Federation,2003,24057.927734375,144648618,54.12,78.2475433349609,71.85,163.31135559,73.4057388305664
RUS,Russian Federation,2002,22319.677734375,145306497,54.308,74.9065399169922,71.9,140.05729675,73.2929008030615
RUS,Russian Federation,2001,21219.904296875,145976482,53.51,68.4797515869141,72.17,117.87785339,73.22998046875
RUS,Russian Federation,2000,20104.75,146596869,54.659,,72.26,95.20859528,73.1568222045898
RUS,Russian Federation,1999,18200.3203125,147214776,54.487,,72.4,,72.96533203125
RUS,Russian Federation,1998,17052.755859375,147670784,51.031,,73.13,,73.1912078857422
RUS,Russian Federation,1997,17977.3515625,147915361,51.71,,72.84,,73.1156616210938
RUS,Russian Federation,1996,17699.869140625,148160129,52.735,,72.4,,73.0623092651367
RUS,Russian Federation,1995,18363.712890625,148375787,53.582,,71.59,,72.9352798461914
RUS,Russian Federation,1994,19153.36328125,148407912,54.034,,71.73,,72.9541091918945
RUS,Russian Federation,1993,21899.517578125,148458777,55.963,51.0162811279297,71.2,,73.0590972900391
RUS,Russian Federation,1992,23965.244140625,148538197,58.014,53.6274909973145,71.99,,73.3822937011719
RUS,Russian Federation,1991,28066.921875,148394216,59.301,56.4744682312012,73.75,,73.7095108032227
RUS,Russian Federation,1990,29643.595703125,147969406,59.955,,74.3,,73.7116088867188
RWA,Rwanda,2024,3325.00769683815,14256567,57.099,8.4032417181163,70.138,,29.8849714294083
RWA,Rwanda,2023,3168.03075281515,13954471,58.044,7.74449892974717,69.886,52.65630722,28.8555310645477
RWA,Rwanda,2022,2983.10774007304,13651030,54.695,6.41267055461099,69.625,57.83102036,27.7806702737761
RWA,Rwanda,2021,2776.39276387923,13355260,52.58,,68.922,51.64677429,26.1049092762833
RWA,Rwanda,2020,2617.70706034364,13065837,56.652,6.66873886891361,69.063,45.15266418,24.5029761132966
RWA,Rwanda,2019,2753.53959810856,12776103,51.87,5.70377770174193,68.809,39.81322098,22.9711026997362
RWA,Rwanda,2018,2577.69730366075,12487996,54.156,6.00708820625593,68.421,42.11674881,21.5418444579064
RWA,Rwanda,2017,2441.08540816509,12202060,54.723,6.91370625402598,68.245,40.76682663,20.2477568101111
RWA,Rwanda,2016,2386.74841002826,11919183,54.612,6.60169809168391,67.756,43.54212189,19.1213951786548
RWA,Rwanda,2015,2313.09716940962,11640022,54.516,6.60785042893964,67.386,48.81296921,18.1953149858416
RWA,Rwanda,2014,2176.09492014666,11364757,54.433,6.64965564712805,67.031,50.63835144,17.5020716539756
RWA,Rwanda,2013,2109.74668811567,11093340,54.357,5.49002187851732,66.51,47.75388718,17.0742206053612
RWA,Rwanda,2012,2063.66474823031,10829901,54.283,5.88864566828169,65.938,57.26393127,16.9410248882148
RWA,Rwanda,2011,1945.53705383878,10573733,54.209,5.81574010848999,65.264,51.64939499,16.9323586881273
RWA,Rwanda,2010,1846.86326840066,10317553,54.141,4.95028467918223,64.476,47.96871567,16.9255580310614
RWA,Rwanda,2009,1764.63484961094,10060432,54.086,4.3277997970581,63.727,43.99641418,16.9206894426355
RWA,Rwanda,2008,1704.25449057727,9804269,54.053,,62.586,39.94568634,16.9170867063804
RWA,Rwanda,2007,1573.96811218011,9549933,54.039,,61.272,33.50738907,16.9140836058266
RWA,Rwanda,2006,1501.7646218593,9299246,54.026,,59.976,27.1564312,16.9110139245047
RWA,Rwanda,2005,1412.06107949967,9054528,53.997,,58.444,25.02086639,16.9072114459454
RWA,Rwanda,2004,1325.79557312503,8816844,53.935,1.96843004226685,56.793,20.23413277,16.9020099536792
RWA,Rwanda,2003,1266.94449487196,8586875,53.836,1.57158005237579,54.663,17.25927353,16.8947432312369
RWA,Rwanda,2002,1267.19396540218,8400180,53.674,1.17926001548767,52.465,7.32393837,16.8778847116752
RWA,Rwanda,2001,1134.78453153468,8287094,53.416,0.97136002779007,50.888,7.86746025,16.5487399668155
RWA,Rwanda,2000,1055.35042339776,8213931,53.087,,48.997,9.00399399,15.7804474645996
RWA,Rwanda,1999,981.722501554685,8147912,52.737,,47.085,,14.6733549679289
RWA,Rwanda,1998,948.490660501395,8081681,52.39,,45.371,,13.3253915215227
RWA,Rwanda,1997,907.980685925245,7755238,52.117,,44.274,,11.8344861701004
RWA,Rwanda,1996,921.92827675502,6708764,51.934,,44.24,,10.2985679583814
RWA,Rwanda,1995,966.810405419343,5674118,51.76,,43.728,,8.81556593108499
RWA,Rwanda,1994,597.262798593604,6792352,51.81,,13.325,,7.48340913293057
RWA,Rwanda,1993,1021.6713088588,7981132,51.975,,45.528,,6.4000266086375
RWA,Rwanda,1992,1154.92927021895,7683266,51.879,,47.253,,5.66334740292516
RWA,Rwanda,1991,1113.51791998185,7526966,51.799,,49.052,,5.36287370946222
RWA,Rwanda,1990,1165.72605253503,7375307,51.773,0.216920003294945,50.344,,5.27494050180917
WSM,Samoa,2024,7687.23425552485,218019,31.145,22.7220306396484,73.822,,17.5029115108018
WSM,Samoa,2023,7384.69163688613,216663,31.158,21.8301579821768,73.662,292.81085205,17.5012799804602
WSM,Samoa,2022,6450.19151677842,215261,31.149,25.4783126526346,73.486,259.95404053,17.5007949951039
WSM,Samoa,2021,6350.92787033711,213779,33.491,25.7871422056927,73.016,285.65393066,17.5672426452007
WSM,Samoa,2020,6746.15667963109,211944,35.207,19.7499122578118,72.881,252.77748108,18.0516608994722
WSM,Samoa,2019,7034.42233036815,209780,37.466,17.2390341985818,72.195,242.91064453,18.4147344481283
WSM,Samoa,2018,6805.91709392797,207582,39.417,18.7854709234405,73.028,200.40919495,18.7241267935467
WSM,Samoa,2017,6919.90225366914,205415,41.376,17.6517756892984,73.014,220.82336426,18.9657191879831
WSM,Samoa,2016,6888.18769751001,203499,41.385,,73.092,238.35044861,19.126462366749
WSM,Samoa,2015,6433.1839621351,201782,41.422,,73.231,232.50479126,19.2340105383551
WSM,Samoa,2014,6248.70534550413,200037,41.461,,73.404,252.30943298,19.3126679480432
WSM,Samoa,2013,6263.12610411359,198268,41.461,,73.598,247.41108704,19.3865949620667
WSM,Samoa,2012,6312.76944621145,196498,41.437,,73.581,197.01564026,19.478718368689
WSM,Samoa,2011,6617.61889509588,194713,41.41,,73.967,211.88684082,19.6174273708146
WSM,Samoa,2010,6428.13508590333,193023,41.495,,74.118,185.43850708,19.8302101862085
WSM,Samoa,2009,6104.90962936041,191513,41.61,,71.846,172.45288086,20.1045321482817
WSM,Samoa,2008,6183.55546849942,190107,41.65,,74.313,156.89399719,20.4038457706991
WSM,Samoa,2007,6014.046762066,188753,41.753,,74.482,147.84771729,20.6944481303605
WSM,Samoa,2006,6018.2480546697,187709,41.812,,74.539,133.41867065,20.9567957063672
WSM,Samoa,2005,5915.6475736791,186978,41.864,,74.415,121.24176788,21.2352904191687
WSM,Samoa,2004,5569.06081180669,186249,41.978,,74.477,104.42662811,21.5282844040566
WSM,Samoa,2003,5426.13899111084,185430,42.037,,74.479,81.95996094,21.7806875309864
WSM,Samoa,2002,5184.11871218152,184471,42.148,,74.302,72.41275024,21.9431903680112
WSM,Samoa,2001,4941.74832450316,183166,42.289,,74.141,56.09679031,21.9749895503804
WSM,Samoa,2000,4639.18880250252,181685,42.495,6.69305992126465,73.941,60.4606514,21.9529698020724
WSM,Samoa,1999,4448.88973694004,180275,42.631,10.9683799743652,73.74,,21.9068983405159
WSM,Samoa,1998,4387.08119898787,178905,42.64,8.14535045623779,73.52,,21.8409099914022
WSM,Samoa,1997,4325.69239692206,177547,42.63,,73.285,,21.7585739054982
WSM,Samoa,1996,4334.06811985266,176071,42.559,,73.026,,21.6634592335707
WSM,Samoa,1995,4078.51336477469,174571,42.784,,72.739,,21.5591351263865
WSM,Samoa,1994,3854.53321958721,173159,43.052,,72.431,,21.4491707347126
WSM,Samoa,1993,3986.96465991694,171774,42.9,,72.094,,21.3371352093158
WSM,Samoa,1992,3862.38380056991,170331,43.083,,71.781,,21.2265977009629
WSM,Samoa,1991,3892.12846832793,169368,43.096,,71.243,,21.1123265721407
WSM,Samoa,1990,3991.43806561639,169042,43.033,,71.036,,20.9620088291213
SMR,San Marino,2024,,33977,,57.7331759149941,87.215,,97.1560555881096
SMR,San Marino,2023,70951.7919690715,33860,,48.187134502924,87.1,3923.5234375,97.1317310361655
SMR,San Marino,2022,70887.5780565982,33755,,48.7603305785124,87.127,3874.98535156,97.1141889380465
SMR,San Marino,2021,64745.1322795901,34252,,53.3807829181495,85.172,4033.1027832,97.1035668453272
SMR,San Marino,2020,55998.0734625278,34770,,49.5662949194548,85.115,3758.609375,97.0999984741211
SMR,San Marino,2019,60171.0506033928,34663,,44.472049689441,86.787,3801.21044922,97.0999984741211
SMR,San Marino,2018,59194.04440794,34522,,39.1699092088197,86.648,3969.36474609,97.0999984741211
SMR,San Marino,2017,59524.5606827202,33825,,,86.525,3672.30322266,97.0999984741211
SMR,San Marino,2016,60669.8228947966,33101,,,86.421,3621.23266602,97.0999984741211
SMR,San Marino,2015,59647.6600146934,32897,,,86.266,3530.04614258,97.0999984741211
SMR,San Marino,2014,58743.5863890151,32655,,,86.117,4120.02685547,97.0999984741211
SMR,San Marino,2013,58467.9789128485,33041,,,85.933,4113.46679688,97.0999984741211
SMR,San Marino,2012,58176.3797454761,33469,,69.8863636363636,85.769,4310.10009766,97.0999984741211
SMR,San Marino,2011,64214.120906595,32620,,77.3049645390071,85.573,4550.35058594,97.0999984741211
SMR,San Marino,2010,68669.2549485757,33270,,79.100145137881,85.327,3813.88354492,97.074615769187
SMR,San Marino,2009,73093.8341489444,33066,,,85.107,4242.50341797,96.8391666956869
SMR,San Marino,2008,85120.2897275883,31662,,78.7296905517578,84.805,4378.24853516,96.3901700249324
SMR,San Marino,2007,86785.0210208274,31211,,,84.53,3804.50634766,95.8182890221867
SMR,San Marino,2006,83781.550199101,30184,,,84.189,3242.24291992,95.2084276028853
SMR,San Marino,2005,81632.1776324722,29836,,,83.871,3055.63232422,94.6454896824635
SMR,San Marino,2004,80724.8114711728,29457,,,83.568,2958.87963867,94.2143791763566
SMR,San Marino,2003,81688.3814188309,27843,,,83.319,2506.68334961,94.0
SMR,San Marino,2002,79649.5350498753,27491,,,83.135,2253.21850586,93.9488167294543
SMR,San Marino,2001,80420.7725451516,27143,,,82.944,2202.07763672,93.9000015258789
SMR,San Marino,2000,77149.4185798293,26799,,68.0399475097656,82.761,2176.20825195,93.7709762556799
SMR,San Marino,1999,76474.1322767635,26459,,,82.563,,93.5437131502544
SMR,San Marino,1998,71024.5618775074,26125,,,82.402,,93.2390030501725
SMR,San Marino,1997,66923.0325833928,25800,,,82.171,,92.8776367960046
SMR,San Marino,1996,,25482,,,81.868,,92.4804052283208
SMR,San Marino,1995,,25158,,,81.593,,92.0680991876912
SMR,San Marino,1994,,24823,,,81.309,,91.6615095146862
SMR,San Marino,1993,,24472,,,81.025,,91.2814270498757
SMR,San Marino,1992,,24125,,,80.777,,90.9486426338301
SMR,San Marino,1991,,23797,,,80.564,,90.6839471071196
SMR,San Marino,1990,,23475,,,80.4,,90.5081313103143
STP,Sao Tome and Principe,2024,5511.87785469752,235536,22.771,,73.909,,68.8710170184884
STP,Sao Tome and Principe,2023,5541.3016760535,230871,22.874,,73.728,171.05166626,68.6043921103568
STP,Sao Tome and Principe,2022,5632.13890715047,226305,23.014,,73.289,139.02836609,68.3720919798341
STP,Sao Tome and Principe,2021,5732.69456061536,221961,22.936,,71.978,187.06524658,68.1738967895508
STP,Sao Tome and Principe,2020,5742.94724858826,217435,22.649,,72.049,159.84396362,68.0436706542969
STP,Sao Tome and Principe,2019,5702.08347071236,213392,23.25,,71.865,106.86884308,67.9129943847656
STP,Sao Tome and Principe,2018,5674.72379094011,210187,23.092,,71.335,108.87628937,67.7828826904297
STP,Sao Tome and Principe,2017,5521.20249597413,206970,22.955,,70.628,117.07767487,67.6520004272461
STP,Sao Tome and Principe,2016,5388.5091334891,203689,22.844,,69.986,109.73142242,67.5218887329102
STP,Sao Tome and Principe,2015,5210.2037755431,200291,22.768,13.0036401748657,69.312,85.37828827,67.3915710449219
STP,Sao Tome and Principe,2014,5223.09572886388,196767,22.731,8.58220958709717,68.638,118.70980835,67.2606735229492
STP,Sao Tome and Principe,2013,5072.11200195866,193148,22.728,,67.976,124.59179688,67.1306686401367
STP,Sao Tome and Principe,2012,4919.55294386577,189439,22.752,7.24072980880737,67.406,86.29039001,67.0335889448132
STP,Sao Tome and Principe,2011,4876.47315792145,185649,22.754,,66.898,69.45979309,66.7275977610702
STP,Sao Tome and Principe,2010,4882.04796466341,181802,22.727,4.1741099357605,66.534,60.94829941,66.0572200728291
STP,Sao Tome and Principe,2009,4919.19529822865,177853,22.719,3.77591991424561,66.278,64.90551758,65.0832313370367
STP,Sao Tome and Principe,2008,4873.1813112046,173793,22.73,,65.932,64.58831787,63.8690133423199
STP,Sao Tome and Principe,2007,4698.08416961839,169700,22.746,,65.717,59.71631241,62.4779478773056
STP,Sao Tome and Principe,2006,4644.18044669991,165638,22.752,,65.281,57.2040329,60.9734167306206
STP,Sao Tome and Principe,2005,4371.49721644128,161639,22.742,,64.571,80.13071442,59.4188016908917
STP,Sao Tome and Principe,2004,4202.56186898775,157705,22.721,,64.649,71.05591583,57.8774845467458
STP,Sao Tome and Principe,2003,4161.63833167542,153814,22.691,,64.21,71.20994568,56.4128470868097
STP,Sao Tome and Principe,2002,3942.76040695115,149922,22.652,,63.879,50.61143494,55.0882710997103
STP,Sao Tome and Principe,2001,3907.0192818698,146375,22.612,,63.562,47.14751816,53.9612039920776
STP,Sao Tome and Principe,2000,3852.89042721453,144018,22.502,,63.295,49.63587952,52.9663437052108
STP,Sao Tome and Principe,1999,3878.13108525246,142442,22.317,,63.087,,52.0194206257004
STP,Sao Tome and Principe,1998,3828.99823839083,140751,22.144,,62.921,,51.1117219088898
STP,Sao Tome and Principe,1997,3784.7902343178,138922,21.997,,62.793,,50.2308830666086
STP,Sao Tome and Principe,1996,3801.08164933857,136962,21.881,,62.7,,49.3645396106862
STP,Sao Tome and Principe,1995,3802.29132302174,134895,21.795,,62.639,,48.5003270529522
STP,Sao Tome and Principe,1994,3788.48370442152,132732,21.734,,62.611,,47.625880905236
STP,Sao Tome and Principe,1993,3771.28612416062,130467,21.7,,62.622,,46.7288366793672
STP,Sao Tome and Principe,1992,3798.88352929514,128110,21.691,,62.656,,45.7968298871752
STP,Sao Tome and Principe,1991,3844.8963771482,125697,21.705,,62.685,,44.8152889990418
STP,Sao Tome and Principe,1990,3883.20429842266,122980,21.72,,62.55,,43.7335696403591
SAU,Saudi Arabia,2024,63194.4332528832,35300280,33.305,84.1536489533126,81.33,,84.4554020211443
SAU,Saudi Arabia,2023,64481.8441927288,33702731,34.278,,81.156,1825.2545166,84.2962388315415
SAU,Saudi Arabia,2022,67178.5902274906,32175224,34.098,78.4519577026367,80.159,1830.89074707,84.1349430023993
SAU,Saudi Arabia,2021,62690.4966645929,30784383,34.218,76.6689300537109,79.881,1654.74353027,83.9716349986538
SAU,Saudi Arabia,2020,57420.7335736424,31552510,29.308,81.1357693094557,80.055,1574.70068359,83.8064352851942
SAU,Saudi Arabia,2019,62647.7299487842,30063799,24.365,84.7451705932617,80.375,1504.55249023,83.6394643268678
SAU,Saudi Arabia,2018,61359.4653740388,30196281,21.824,79.3739530365657,80.543,1488.9753418,83.4708425884849
SAU,Saudi Arabia,2017,57942.5484983044,30977355,19.857,77.3520799295616,80.429,1400.90356445,83.300690534822
SAU,Saudi Arabia,2016,57308.4484127497,30954198,22.866,73.3711032428941,80.112,1353.21813965,83.129128630626
SAU,Saudi Arabia,2015,58498.5399040699,29816382,21.635,67.4396901306541,79.678,1309.27148438,82.9562773406163
SAU,Saudi Arabia,2014,58872.2671400126,28309273,20.278,62.4789009094238,79.21,1363.59155273,82.7822571294871
SAU,Saudi Arabia,2013,57998.4644619155,27624004,19.817,53.6598281860352,78.792,1189.67932129,82.6071884619102
SAU,Saudi Arabia,2012,59471.7001909394,26168861,19.758,47.4466896057129,78.48,1093.15588379,82.4311918025358
SAU,Saudi Arabia,2011,58645.4459416531,25091867,18.954,40.7246208190918,78.244,954.38873291,82.2543876159947
SAU,Saudi Arabia,2010,54911.547517012,23978487,17.628,40.5683030721353,78.038,765.91680908,82.0791668544465
SAU,Saudi Arabia,2009,51760.7643987566,24217654,16.418,36.2919807434082,77.81,760.19476318,81.8644480116889
SAU,Saudi Arabia,2008,54407.7081673247,23287877,16.739,35.4275283813477,77.571,663.14331055,81.6441431042994
SAU,Saudi Arabia,2007,53318.4191601834,22368313,17.042,34.9405097961426,77.23,662.00793457,81.4230015549063
SAU,Saudi Arabia,2006,54373.737695386,21459144,17.519,36.8055801391602,76.819,634.81872559,81.2008588083072
SAU,Saudi Arabia,2005,54931.7942450845,20559890,17.022,37.1544799804688,76.359,545.73571777,80.9775503092999
SAU,Saudi Arabia,2004,54196.5514152953,19669480,16.576,38.1271018981934,75.901,471.45797729,80.7542316538166
SAU,Saudi Arabia,2003,52234.649280791,18786767,16.169,37.0434303283691,75.46,457.08770752,80.5414456330177
SAU,Saudi Arabia,2002,50371.9783079834,17910910,15.793,32.1685409545898,75.055,449.84130859,80.3438134074234
SAU,Saudi Arabia,2001,53309.111388544,17041397,15.941,32.850471496582,74.689,482.10446167,80.155242811133
SAU,Saudi Arabia,2000,55962.2661342789,16177722,16.389,33.3180999755859,74.344,493.36984253,79.9704860819453
SAU,Saudi Arabia,1999,55878.1736494426,15472075,16.874,31.5200595855713,74.049,,79.7842954576591
SAU,Saudi Arabia,1998,58306.622809723,14922185,16.602,25.5131797790527,73.743,,79.5914231760733
SAU,Saudi Arabia,1997,58875.5473738828,14374943,16.333,22.2541904449463,73.433,,79.3866214749866
SAU,Saudi Arabia,1996,59612.8125993665,13831009,16.064,22.4080009460449,73.109,,79.164642592198
SAU,Saudi Arabia,1995,60058.3174503511,13289245,15.796,21.5095291137695,72.768,,78.9202387655061
SAU,Saudi Arabia,1994,62403.6937320122,12750040,15.526,18.6287403106689,72.407,,78.64816223271
SAU,Saudi Arabia,1993,64517.6652891052,12215862,15.253,19.1470794677734,72.021,,78.3431652316083
SAU,Saudi Arabia,1992,67183.9100290945,11686676,14.975,14.7243003845215,71.607,,78.0
SAU,Saudi Arabia,1991,67268.5518488763,11160744,14.905,15.8522996902466,71.152,,77.5670358381365
SAU,Saudi Arabia,1990,65196.573386053,10640691,15.024,,70.683,,77.0087350727391
SEN,Senegal,2024,4477.81736836258,18501984,37.99,16.2190068866175,71.012,,55.2368169057304
SEN,Senegal,2023,4304.76148721773,18077573,37.767,16.4575021707177,70.754,73.22670746,54.6992276190794
SEN,Senegal,2022,4228.73382643662,17651103,37.706,15.4576788978701,69.881,63.44842529,53.4435061024348
SEN,Senegal,2021,4173.67741399617,17220867,37.707,14.081579631073,68.981,71.12162781,52.2260292191155
SEN,Senegal,2020,4018.04129279044,16789219,37.075,11.7425815392774,69.693,75.16521454,51.0562950093282
SEN,Senegal,2019,4070.6122705955,16352922,37.308,10.8718727291602,69.574,64.33670807,49.9443321273477
SEN,Senegal,2018,3998.28635303867,15914498,36.353,10.0936464136807,69.243,64.37467957,48.9001692274485
SEN,Senegal,2017,3871.45146786374,15475002,35.424,8.58229405514233,68.895,56.49185944,47.9338349639053
SEN,Senegal,2016,3710.05531591559,15034521,38.726,8.15710669412768,68.543,53.90053558,47.0553579909929
SEN,Senegal,2015,3593.79477121279,14593331,34.06,8.13357505763334,68.336,53.32304382,46.2747669629858
SEN,Senegal,2014,3484.01219750661,14152102,33.969,8.07244751645281,67.976,61.40605545,45.6020905341588
SEN,Senegal,2013,3385.425906874,13710849,33.886,7.76946838167582,67.664,60.51578903,45.0398750539456
SEN,Senegal,2012,3405.10864461668,13310495,33.801,7.52453235815249,67.253,56.61458969,44.5359772452989
SEN,Senegal,2011,3362.87940538165,12958897,33.711,7.4126949441976,66.818,57.93114853,44.0689668509475
SEN,Senegal,2010,3403.56707166762,12635413,33.627,5.6250327894654,66.18,51.38805008,43.6371785059692
SEN,Senegal,2009,3371.46166689451,12337389,33.551,5.7971601486206,65.724,50.27443314,43.23773199459
SEN,Senegal,2008,3359.70567091144,12048959,33.482,5.43415021896362,64.929,49.05390167,42.867747101036
SEN,Senegal,2007,3316.42037835596,11770344,33.422,4.21682977676392,64.31,40.60185623,42.524343609533
SEN,Senegal,2006,3301.03152415011,11500094,33.369,3.44425988197327,63.465,38.28113556,42.2046413043069
SEN,Senegal,2005,3301.82076161633,11235472,33.34,,62.591,36.00606155,41.9057599695838
SEN,Senegal,2004,3240.30201670643,10975704,33.303,,61.995,41.94406128,41.6248193895895
SEN,Senegal,2003,3170.03494689265,10721176,33.262,,61.209,35.14493942,41.35893934855
SEN,Senegal,2002,3075.23157503874,10466214,33.193,,60.603,26.46221161,41.1081471561292
SEN,Senegal,2001,3149.33113704283,10212942,33.107,,59.736,23.45893669,40.8763420163126
SEN,Senegal,2000,3093.28791603382,9968260,33.026,,59.122,21.41570663,40.6667555531967
SEN,Senegal,1999,3050.17800999452,9730887,32.941,,58.616,,40.474462159108
SEN,Senegal,1998,2938.69162552253,9502952,32.851,,58.489,,40.2959748402772
SEN,Senegal,1997,2840.60808860536,9283495,32.752,,58.55,,40.1278066029348
SEN,Senegal,1996,2822.46837324556,9067014,32.65,,58.543,,39.9664704533115
SEN,Senegal,1995,2835.03272875198,8848101,32.545,,58.893,,39.808479397638
SEN,Senegal,1994,2757.86087514528,8624078,32.439,,59.121,,39.6503464421449
SEN,Senegal,1993,2834.02797282021,8396288,32.334,,59.05,,39.4885845930629
SEN,Senegal,1992,2874.00297967023,8168395,32.232,1.49512994289398,58.971,,39.3197068566225
SEN,Senegal,1991,2917.01427785749,7943085,32.138,,58.719,,39.1402262390545
SEN,Senegal,1990,2923.34412470397,7720523,32.055,,58.358,,38.9466557465895
SRB,Serbia,2024,26900.7415340646,6586476,52.619,83.0942611694336,78.35,,62.3830029804177
SRB,Serbia,2023,25735.1334774195,6623183,51.414,87.7373886108398,78.6,983.69372559,62.1434649229738
SRB,Serbia,2022,24651.8478183529,6664449,50.142,84.6325225830078,77.9,843.57733154,61.9013813540396
SRB,Serbia,2021,23406.3065657117,6834326,49.002,82.4431304931641,75.7,889.09753418,61.363899230957
SRB,Serbia,2020,21479.0788553347,6899126,46.159,80.4646682739258,77.5,670.03564453,61.223201751709
SRB,Serbia,2019,21541.1264037184,6945235,46.746,80.3879776000977,78.6,641.04754639,61.0492248535156
SRB,Serbia,2018,20454.225884367,6982604,46.379,79.3344192504883,78.4,617.08691406,60.8433609008789
SRB,Serbia,2017,19438.9917129776,7020858,46.067,77.7246932983398,78.1,515.84570313,60.621208190918
SRB,Serbia,2016,18889.3816415548,7058322,45.271,71.4048614501953,78.3,486.42944336,60.3853870034026
SRB,Serbia,2015,18247.8091057968,7095383,43.295,67.7039337158203,77.9,491.25177002,60.1388092041016
SRB,Serbia,2014,17922.4357685757,7131787,43.683,66.2785415649414,78.0,608.85858154,59.8779373168945
SRB,Serbia,2013,18163.2047330246,7166553,43.063,64.917236328125,77.9,627.53308105,59.6111068725586
SRB,Serbia,2012,17993.8147169993,7201497,42.013,61.4774208068848,77.5,559.90545654,59.3468437194824
SRB,Serbia,2011,17986.5840283539,7236519,41.669,59.5017318725586,77.2,618.89422607,59.4349187787267
SRB,Serbia,2010,17841.4312599018,7291436,41.802,56.0726318359375,77.0,545.33380127,59.3505550689338
SRB,Serbia,2009,17488.1227241581,7320807,43.136,56.7790298461914,76.7,575.262146,59.1643483956067
SRB,Serbia,2008,17983.2811855695,7350222,44.747,55.8522911071777,76.6,671.88702393,58.8944613226962
SRB,Serbia,2007,17028.0866985832,7381579,45.258,54.6703910827637,76.5,547.22723389,58.5577111784378
SRB,Serbia,2006,15727.4033683685,7411569,44.645,53.024528503418,76.1,371.506073,58.1709152910668
SRB,Serbia,2005,15077.5586462578,7440769,44.923,50.0759811401367,75.6,307.54705811,57.7508909888183
SRB,Serbia,2004,14194.3651317933,7463157,45.273,46.5990104675293,75.5,274.45532227,57.3144555999278
SRB,Serbia,2003,13273.6900656327,7480591,45.673,44.9722290039062,75.1,230.08865356,56.8784264526306
SRB,Serbia,2002,12661.9396115325,7500031,45.982,39.5959892272949,75.0,173.24946594,56.462901503343
SRB,Serbia,2001,11879.1763909711,7503433,46.332,41.454948425293,75.0,112.19754028,56.0482321112049
SRB,Serbia,2000,11105.9488237331,7516346,46.698,,74.4,56.52191544,55.5923115701625
SRB,Serbia,1999,10438.4610153954,7540401,47.065,,73.323,,55.0978653291589
SRB,Serbia,1998,11598.330749239,7567745,46.339,,75.308,,54.5737183011903
SRB,Serbia,1997,10965.4824117527,7598538,46.705,,75.722,,54.028695399253
SRB,Serbia,1996,10035.0139750021,7622185,47.416,,75.615,,53.4716215363434
SRB,Serbia,1995,9444.75162494749,7628264,48.06,,75.63,,52.9113216254578
SRB,Serbia,1994,,7622711,48.641,,75.311,,52.3566205795925
SRB,Serbia,1993,,7614328,49.164,,75.105,,51.8163433117438
SRB,Serbia,1992,,7604063,49.379,,75.083,,51.299314734908
SRB,Serbia,1991,,7595636,49.456,,75.339,,50.8151651099233
SRB,Serbia,1990,,7897937,49.296,,75.483,,50.3664886343009
SYC,Seychelles,2024,29288.019181519,121354,,20.1056804656982,80.7,,45.2898622460415
SYC,Seychelles,2023,28713.6672353088,119773,,18.5635679119606,78.8,766.28778076,45.0971081321658
SYC,Seychelles,2022,27275.6883819803,119878,,19.5909899229401,78.3,707.34448242,44.9108209981157
SYC,Seychelles,2021,29979.8272686091,99258,,41.2518482010843,75.6,629.85974121,44.6026796065539
SYC,Seychelles,2020,30056.1994300968,98462,,39.3402565668907,82.0,670.88684082,44.2936147152263
SYC,Seychelles,2019,34346.0708923483,97625,,61.9791666666667,78.4,675.47839355,44.0049304031754
SYC,Seychelles,2018,32841.4242467381,96762,,64.9737302977233,77.4,685.10827637,43.7386669014459
SYC,Seychelles,2017,31595.6680570505,95843,,66.448326055313,78.5,667.09515381,43.4968644410824
SYC,Seychelles,2016,29905.1347389952,94677,,36.4208633093525,80.2,673.19622803,43.2815632531296
SYC,Seychelles,2015,27032.2083880002,93419,,23.1338264963013,78.7,566.96704102,43.094803568632
SYC,Seychelles,2014,25379.4180707013,91359,,10.7142857142857,78.3,588.18261719,42.9386256186342
SYC,Seychelles,2013,24770.6514591794,89949,,5.02846299810247,76.5,545.24871826,42.815069634181
SYC,Seychelles,2012,24919.955210328,88303,,2.50668449197861,79.5,562.99871826,42.7261758463169
SYC,Seychelles,2011,24406.4129764105,87441,,4.6449900464499,78.0,457.16436768,42.6739844860866
SYC,Seychelles,2010,21708.7554506566,89770,,,77.5,449.52416992,42.660307244583
SYC,Seychelles,2009,21361.1307875284,87298,,,78.0,310.96310425,42.6708881192085
SYC,Seychelles,2008,21990.3685269705,86956,,,78.9,367.36502075,42.696637125589
SYC,Seychelles,2007,23117.8555224771,85033,,,77.6,428.61749268,42.7361330057413
SYC,Seychelles,2006,21341.8597526003,84600,,,75.7,487.17950439,42.7880431397027
SYC,Seychelles,2005,19917.1194534221,82858,,,77.1,457.77093506,42.8510349075107
SYC,Seychelles,2004,18356.4711447212,82475,,,76.4,444.24789429,42.9237756892027
SYC,Seychelles,2003,18825.2206936189,82781,,,76.1,394.09664917,43.0049328648162
SYC,Seychelles,2002,19777.7525249721,83723,,,75.8,340.82293701,43.0948464521927
SYC,Seychelles,2001,20147.4187656167,81202,,,79.4,334.48275757,43.2172985855685
SYC,Seychelles,2000,20633.6746950761,81131,,,77.9,340.23703003,43.3974230710038
SYC,Seychelles,1999,19969.3513746174,80410,,,78.2,,43.6406066285756
SYC,Seychelles,1998,19991.2293154949,78846,,,76.1,,43.9534538495124
SYC,Seychelles,1997,19895.1422188431,77319,,,77.0,,44.3776725669881
SYC,Seychelles,1996,17942.1733036627,76417,,,77.4,,45.4469524119701
SYC,Seychelles,1995,16552.4547815231,75304,,,79.5,,46.8516399097002
SYC,Seychelles,1994,16716.5207188923,74205,,,75.8,,47.6882836168039
SYC,Seychelles,1993,17596.8977617171,72253,,,75.0,,48.0597061439028
SYC,Seychelles,1992,16744.5080816034,70763,,,76.9,,48.3956533724673
SYC,Seychelles,1991,15695.670838946,70439,,,76.5,,48.6792044691366
SYC,Seychelles,1990,15478.8475444228,69507,,,74.1,,48.9088869731444
SLE,Sierra Leone,2024,3098.76290446676,8642022,51.815,,63.695,,45.3626823156371
SLE,Sierra Leone,2023,3034.94608192505,8460512,51.774,,63.502,35.76205063,44.809324991151
SLE,Sierra Leone,2022,2934.7332634039,8276807,51.605,,63.019,41.31875229,44.2666343543487
SLE,Sierra Leone,2021,2849.38865839009,8094602,51.472,,61.736,44.90049362,43.7345385973699
SLE,Sierra Leone,2020,2752.62615355663,7912558,51.093,,61.202,47.8861618,43.2129659123546
SLE,Sierra Leone,2019,2852.66269829967,7731991,51.584,,60.871,48.13619995,42.7018444914441
SLE,Sierra Leone,2018,2767.38003296688,7554563,51.415,,60.251,44.82733536,42.2011025267803
SLE,Sierra Leone,2017,2753.42719762222,7379299,52.644,,58.804,47.37737274,41.7106682105058
SLE,Sierra Leone,2016,2732.26093913215,7205328,53.87,,57.857,84.22316742,41.229411538771
SLE,Sierra Leone,2015,2628.17058065746,7037655,55.091,,56.338,118.66024017,40.7669565187099
SLE,Sierra Leone,2014,2812.5283210882,6876385,56.307,,55.13,143.60603333,40.3272406886245
SLE,Sierra Leone,2013,3124.72832355066,6714051,57.303,,54.954,84.93772125,39.8916422780075
SLE,Sierra Leone,2012,2792.92626459232,6551080,58.294,,54.086,51.99141312,39.4644094876975
SLE,Sierra Leone,2011,2590.52839404167,6387251,59.278,,53.503,49.6336174,39.0472153491602
SLE,Sierra Leone,2010,2459.76814343236,6222714,60.255,,52.891,37.84529114,38.6417328938613
SLE,Sierra Leone,2009,2376.58254446039,6055646,61.223,,52.304,39.29960632,38.2496351532666
SLE,Sierra Leone,2008,2404.65198710572,5894722,62.183,,51.681,37.23431396,37.8725951588418
SLE,Sierra Leone,2007,2377.80530040404,5749352,63.133,,51.029,31.90766907,37.5122859420526
SLE,Sierra Leone,2006,2342.75461064658,5624466,64.072,,50.488,29.63347244,37.1703805343647
SLE,Sierra Leone,2005,2296.65767816581,5501712,65.002,,49.18,26.04933357,36.8485519672439
SLE,Sierra Leone,2004,2260.83818892177,5355717,65.919,,48.382,23.03477859,36.5491283814755
SLE,Sierra Leone,2003,2196.28134480717,5177687,64.664,,47.704,21.7804718,36.2690511597053
SLE,Sierra Leone,2002,2089.26152672652,4971435,64.665,1.14172995090485,47.133,22.29375267,36.0082791496616
SLE,Sierra Leone,2001,1749.35086270429,4692716,64.676,1.20282995700836,46.612,19.32042122,35.763651295501
SLE,Sierra Leone,2000,1981.5060863596,4423611,64.695,1.50625002384186,46.008,17.66835022,35.5327867241975
SLE,Sierra Leone,1999,1903.32696049411,4318043,64.735,,45.521,,35.3133045627252
SLE,Sierra Leone,1998,1951.82091057926,4295785,64.785,,44.799,,35.1028239380579
SLE,Sierra Leone,1997,1936.55653047839,4253716,64.822,,45.048,,34.8989639771697
SLE,Sierra Leone,1996,2084.18222586052,4199210,64.858,,44.907,,34.6993438070346
SLE,Sierra Leone,1995,2058.07683254999,4179179,64.897,,44.38,,34.5015825546266
SLE,Sierra Leone,1994,2240.29005030091,4173105,64.937,,44.447,,34.3032993469197
SLE,Sierra Leone,1993,2293.56353968674,4157130,64.976,,44.946,,34.102113310888
SLE,Sierra Leone,1992,2257.44939799545,4166366,65.014,,44.978,,33.8956435735053
SLE,Sierra Leone,1991,2734.96862464111,4246267,65.052,,44.822,,33.6815092617457
SLE,Sierra Leone,1990,2703.59918629871,4196828,65.086,,45.105,,33.4573295025833
SGP,Singapore,2024,134548.764138482,6036860,63.136,,85.6,,100.0
SGP,Singapore,2023,130296.843789261,5917648,63.299,102.127991350812,85.3,3921.60253906,100.0
SGP,Singapore,2022,134828.001392614,5637022,62.921,103.249422302202,85.2,3902.14428711,100.0
SGP,Singapore,2021,133990.186782104,5453566,64.409,102.329468912554,85.5,4050.81054688,100.0
SGP,Singapore,2020,116684.213596572,5685807,61.72,98.270054517134,85.9,3541.36450195,100.0
SGP,Singapore,2019,120678.341978557,5703569,61.822,97.0900106709222,85.9,2924.24707031,100.0
SGP,Singapore,2018,120668.888726158,5638676,60.889,95.417817614672,85.5,2726.00683594,100.0
SGP,Singapore,2017,117492.967994526,5612253,60.807,91.1969710792811,85.4,2673.66210938,100.0
SGP,Singapore,2016,112719.947951111,5607283,61.313,90.5745224304781,85.1,2509.92163086,100.0
SGP,Singapore,2015,109894.041337341,5535002,61.305,,85.1,2330.39599609,100.0
SGP,Singapore,2014,107990.891202625,5469724,59.811,,84.8,2233.34960938,100.0
SGP,Singapore,2013,105259.693561054,5399162,58.607,,84.5,2102.97021484,100.0
SGP,Singapore,2012,102061.11936105,5312437,58.543,105.310905467206,84.3,1853.02429199,100.0
SGP,Singapore,2011,100153.729405945,5183688,57.787,98.3739506072214,84.1,1700.1685791,100.0
SGP,Singapore,2010,96280.0168756448,5076732,57.128,94.8673212691715,84.0,1510.66784668,100.0
SGP,Singapore,2009,85575.755106675,4987573,55.628,,83.7,1326.11682129,100.0
SGP,Singapore,2008,88083.2853664583,4839396,56.089,,83.3,1286.91345215,100.0
SGP,Singapore,2007,91198.1515708456,4588599,53.634,,82.9,1116.97937012,100.0
SGP,Singapore,2006,87210.0480467646,4401365,55.06,,82.6,989.73895264,100.0
SGP,Singapore,2005,82547.482835778,4265762,53.705,,82.5,908.3760376,100.0
SGP,Singapore,2004,78712.5347297388,4166664,52.641,,82.0,868.43688965,100.0
SGP,Singapore,2003,72497.86860121,4114826,52.266,,81.6,851.10961914,100.0
SGP,Singapore,2002,68328.932172058,4175950,51.499,,80.6,749.44445801,100.0
SGP,Singapore,2001,66352.1492865891,4138012,52.55,,80.3,690.01330566,100.0
SGP,Singapore,2000,68904.1280154511,4027887,52.122,,80.0,796.03100586,100.0
SGP,Singapore,1999,64296.6384874384,3958723,51.655,,79.6,,100.0
SGP,Singapore,1998,61306.7734542676,3927213,50.842,,79.4,,100.0
SGP,Singapore,1997,64846.0629277791,3796038,50.61,,79.1,,100.0
SGP,Singapore,1996,61911.5030358083,3670704,49.861,,78.9,,100.0
SGP,Singapore,1995,59997.0074442828,3524506,48.975,,78.6,,100.0
SGP,Singapore,1994,57706.871164823,3419048,47.777,,78.4,,100.0
SGP,Singapore,1993,53598.4639619519,3313471,46.907,,78.3,,100.0
SGP,Singapore,1992,49319.8192699525,3230698,46.1,,78.2,,100.0
SGP,Singapore,1991,47659.4966886953,3135083,45.176,,77.9,,100.0
SGP,Singapore,1990,45961.0598271094,3047132,44.094,,77.6,,100.0
SXM,Sint Maarten (Dutch part),2024,47303.1946453277,43350,,,79.656,,100.0
SXM,Sint Maarten (Dutch part),2023,46571.08813424,42749,,12.5537403267412,79.531,,100.0
SXM,Sint Maarten (Dutch part),2022,45515.6528430026,42139,,13.5734072022161,79.284,,100.0
SXM,Sint Maarten (Dutch part),2021,40507.0672411717,41571,,,77.614,,100.0
SXM,Sint Maarten (Dutch part),2020,39265.7616790568,41008,,,78.535,,100.0
SXM,Sint Maarten (Dutch part),2019,45996.7912346922,40385,,,78.577,,100.0
SXM,Sint Maarten (Dutch part),2018,42154.1020267504,39712,,,78.595,,100.0
SXM,Sint Maarten (Dutch part),2017,46088.3583839152,38996,,14.792899408284,78.309,,100.0
SXM,Sint Maarten (Dutch part),2016,50817.6814942681,38249,,,79.028,,100.0
SXM,Sint Maarten (Dutch part),2015,51375.6032503737,37471,,12.2481869460113,79.016,,100.0
SXM,Sint Maarten (Dutch part),2014,52439.4736756048,36672,,10.7431340872375,78.893,,100.0
SXM,Sint Maarten (Dutch part),2013,52801.4031054792,35854,,,78.547,,100.0
SXM,Sint Maarten (Dutch part),2012,53357.003462797,35023,,11.2359550561798,78.242,,100.0
SXM,Sint Maarten (Dutch part),2011,53786.2462000327,34267,,,77.962,,100.0
SXM,Sint Maarten (Dutch part),2010,52140.59965779,33794,,,77.902,,100.0
SXM,Sint Maarten (Dutch part),2009,50980.9400838983,33491,,,77.847,,100.0
SXM,Sint Maarten (Dutch part),2008,,33145,,,77.837,,100.0
SXM,Sint Maarten (Dutch part),2007,,32791,,,77.709,,100.0
SXM,Sint Maarten (Dutch part),2006,,32428,,,77.551,,100.0
SXM,Sint Maarten (Dutch part),2005,,32057,,,77.317,,100.0
SXM,Sint Maarten (Dutch part),2004,,31690,,,77.104,,100.0
SXM,Sint Maarten (Dutch part),2003,,31327,,,76.976,,100.0
SXM,Sint Maarten (Dutch part),2002,,30960,,,76.888,,100.0
SXM,Sint Maarten (Dutch part),2001,,30726,,,76.763,,100.0
SXM,Sint Maarten (Dutch part),2000,,30773,,,76.625,,100.0
SXM,Sint Maarten (Dutch part),1999,,30977,,,76.442,,100.0
SXM,Sint Maarten (Dutch part),1998,,31193,,,76.123,,100.0
SXM,Sint Maarten (Dutch part),1997,,31404,,,75.779,,100.0
SXM,Sint Maarten (Dutch part),1996,,31598,,,75.424,,100.0
SXM,Sint Maarten (Dutch part),1995,,31772,,,75.1,,100.0
SXM,Sint Maarten (Dutch part),1994,,31917,,,74.865,,100.0
SXM,Sint Maarten (Dutch part),1993,,32026,,,74.72,,100.0
SXM,Sint Maarten (Dutch part),1992,,31567,,,74.617,,100.0
SXM,Sint Maarten (Dutch part),1991,,30046,,,74.538,,100.0
SXM,Sint Maarten (Dutch part),1990,,28061,,,74.494,,100.0
SVK,Slovak Republic,2024,40302.4514288424,5422069,55.464,64.8741912841797,81.7,,53.1919702985684
SVK,Slovak Republic,2023,39501.9474231962,5426740,55.698,63.110668182373,81.5,1813.46618652,53.190805019646
SVK,Slovak Republic,2022,38648.9855746919,5431752,55.692,63.2474212646484,80.5,1642.39208984,53.1902831072528
SVK,Slovak Republic,2021,38330.302743447,5447247,54.62,60.7864608764648,78.2,1684.51550293,53.1901479870605
SVK,Slovak Republic,2020,36201.4863805533,5458827,51.796,58.1300811767578,80.4,1393.62438965,53.2481998906526
SVK,Slovak Republic,2019,37194.2104548698,5454147,52.171,58.2478485107422,81.2,1342.07580566,53.3666558664583
SVK,Slovak Republic,2018,36415.7920529507,5446771,52.241,57.8424682617188,80.8,1299.91125488,53.4881496935559
SVK,Slovak Republic,2017,35042.7858925618,5439232,52.626,59.6920318603516,80.7,1189.07983398,53.6126018237016
SVK,Slovak Republic,2016,34116.4502039273,5430798,52.511,61.0017890930176,80.7,1175.6270752,53.7399327086517
SVK,Slovak Republic,2015,33507.7913603774,5423801,51.931,64.1621398925781,80.2,1108.87817383,53.8700628001622
SVK,Slovak Republic,2014,31888.805351531,5418649,52.008,65.6846237182617,80.5,1289.34851074,54.0029125499893
SVK,Slovak Republic,2013,31078.1848215695,5413393,50.988,67.3481292724609,80.1,1370.46765137,54.1384024098892
SVK,Slovak Republic,2012,30894.3118010926,5407579,50.648,69.3736572265625,79.9,1319.43823242,54.2764528316182
SVK,Slovak Republic,2011,30468.8257049455,5398384,50.155,69.4419937133789,79.8,1352.43835449,54.4167387988534
SVK,Slovak Republic,2010,29745.9196662166,5391428,50.554,70.7367706298828,78.8,1296.54284668,54.5650740704331
SVK,Slovak Republic,2009,27880.4111227638,5386406,50.051,69.9960098266602,78.7,1320.09301758,54.7260356993483
SVK,Slovak Republic,2008,29544.090596762,5379233,50.757,66.5725173950195,78.7,1251.67724609,54.895930446636
SVK,Slovak Republic,2007,28064.2457264668,5374622,50.327,60.6976699829102,78.1,1029.30029297,55.0707354484001
SVK,Slovak Republic,2006,25331.8740217421,5373054,50.548,53.1030006408691,78.2,729.01324463,55.2464278407442
SVK,Slovak Republic,2005,23257.1758521642,5372807,51.177,46.0932807922363,77.9,601.31323242,55.4189847597721
SVK,Slovak Republic,2004,21842.9563752621,5372280,52.467,40.5371284484863,77.8,511.52990723,55.5843833415875
SVK,Slovak Republic,2003,20721.7128107535,5373374,52.907,37.4529991149902,77.6,344.47335815,55.7386007222942
SVK,Slovak Republic,2002,19748.9318737056,5376912,52.531,34.7928581237793,77.6,254.12765503,55.8776140379959
SVK,Slovak Republic,2001,18906.6014279038,5378867,52.965,32.2315711975098,77.5,212.22207642,55.9968426739371
SVK,Slovak Republic,2000,18335.6834506937,5388720,52.588,,77.2,203.50627136,56.1058893284907
SVK,Slovak Republic,1999,18167.4957173327,5396020,51.851,,77.0,,56.2168739353574
SVK,Slovak Republic,1998,18272.5224455534,5390516,51.39,,76.7,,56.3273931206821
SVK,Slovak Republic,1997,17622.7797477898,5383291,51.819,,76.7,,56.4343476181338
SVK,Slovak Republic,1996,16737.1722199043,5373361,52.286,,76.7,,56.5346381613813
SVK,Slovak Republic,1995,15805.4133298742,5361999,51.497,,76.3,,56.6251654840935
SVK,Slovak Republic,1994,14976.5773554129,5346331,51.36,,76.5,,56.7028303199392
SVK,Slovak Republic,1993,14157.1814374204,5325305,55.109,,76.7,,56.7645334025874
SVK,Slovak Republic,1992,13946.1630793919,5305016,57.464,,76.2,,56.807175465707
SVK,Slovak Republic,1991,14955.954207806,5303294,59.683,,75.17,,56.8271887773122
SVK,Slovak Republic,1990,17521.025057579,5299187,59.13,,75.44,,56.7967872243793
SVN,Slovenia,2024,48658.0265180267,2127400,52.644,,85.0,3370.53076172,55.7577708405917
SVN,Slovenia,2023,47986.4195855821,2120461,52.986,97.7710037231445,84.9,3037.7644043,55.5378927789875
SVN,Slovenia,2022,47058.8865960028,2112076,53.875,100.368392944336,84.1,2737.84936523,55.3377817873563
SVN,Slovenia,2021,45922.6632600134,2108079,53.467,100.995086669922,83.8,2779.56591797,55.3046289429588
SVN,Slovenia,2020,42471.5228031277,2102419,53.105,92.9018096923828,83.4,2417.20874023,55.384391784668
SVN,Slovenia,2019,44577.9418583069,2088385,53.382,92.9033508300781,84.5,2219.09790039,55.4523277282715
SVN,Slovenia,2018,43369.221946981,2073894,53.719,92.126838684082,84.4,2169.57885742,55.1913430955675
SVN,Slovenia,2017,41700.651085028,2066388,53.539,93.8133087158203,84.0,1925.03466797,55.2451133728027
SVN,Slovenia,2016,39674.8931561968,2065042,52.113,94.1711807250977,84.3,1838.65405273,53.647274017334
SVN,Slovenia,2015,38534.6437425951,2063531,52.275,98.1147689819336,83.9,1775.86071777,53.6612160294144
SVN,Slovenia,2014,37662.2559898098,2061980,52.531,99.9427108764648,84.1,2062.38476563,50.983470916748
SVN,Slovenia,2013,36685.7496645094,2059953,51.929,104.172607421875,83.6,2055.38134766,50.0466580754027
SVN,Slovenia,2012,37040.7082746106,2057159,52.321,106.389312744141,83.3,1974.85400391,49.7619476318359
SVN,Slovenia,2011,38233.2905622851,2052843,52.351,109.784828186035,83.3,2147.80517578,49.9463818748723
SVN,Slovenia,2010,38063.314683572,2048583,53.142,109.365478515625,82.7,2017.14660645,50.1194862794826
SVN,Slovenia,2009,37809.1735513927,2039669,53.514,106.716453552246,82.3,2125.05688477,50.2439782050416
SVN,Slovenia,2008,41286.3462491223,2021316,53.631,105.935729980469,82.3,2179.45239258,50.3620036820409
SVN,Slovenia,2007,40002.7018991991,2018122,53.514,104.678863525391,82.3,1795.95043945,50.4707127083144
SVN,Slovenia,2006,37546.4956078863,2006868,53.218,102.038948059082,81.8,1541.66430664,50.5672552816963
SVN,Slovenia,2005,35565.0427189638,2000474,52.815,96.3929672241211,81.3,1449.18920898,50.648781400021
SVN,Slovenia,2004,34304.5565023331,1997012,52.836,85.5678863525391,81.1,1368.64855957,50.7124410611224
SVN,Slovenia,2003,32833.9045969454,1995733,50.437,80.4981994628906,80.7,1203.06359863,50.7553842628349
SVN,Slovenia,2002,31836.5215656188,1994530,51.932,79.2704086303711,79.9,944.87145996,50.7744556266555
SVN,Slovenia,2001,30862.8959874504,1992060,51.133,70.7035522460938,79.6,826.22576904,50.7597503536323
SVN,Slovenia,2000,30061.2061910089,1988925,51.294,,79.1,796.64703369,50.6975029797519
SVN,Slovenia,1999,29131.350613532,1983045,51.972,,78.8,,50.6024207997953
SVN,Slovenia,1998,27693.2827424197,1981629,53.141,,78.7,,50.4899621472228
SVN,Slovenia,1997,26811.4873226649,1985956,52.538,,78.6,,50.3755853554947
SVN,Slovenia,1996,25458.8966701239,1988628,51.225,,78.3,,50.2747487580715
SVN,Slovenia,1995,24722.6569167591,1989872,51.372,,77.8,,50.2029106884133
SVN,Slovenia,1994,23752.4377245413,1989443,51.508,,77.4,,50.1755294799805
SVN,Slovenia,1993,22524.9591876226,1991746,51.554,,77.3,,50.3572006225586
SVN,Slovenia,1992,21850.057102159,1996498,51.621,,77.3,,50.6631317138672
SVN,Slovenia,1991,23078.9929501783,1999429,51.747,,77.4,,50.527096993728
SVN,Slovenia,1990,25349.79771871,1998161,51.987,,77.2,,50.5835609436035
SLB,Solomon Islands,2024,2353.54960111186,819198,82.328,,72.176,,30.6617188562194
SLB,Solomon Islands,2023,2339.87469992347,800005,82.327,,71.982,111.35532379,30.0088821088389
SLB,Solomon Islands,2022,2330.40164523401,781066,82.309,,71.814,96.74864197,29.3511689856806
SLB,Solomon Islands,2021,2450.18399709553,762591,82.26,,70.302,98.80261993,28.6889396820578
SLB,Solomon Islands,2020,2515.46369413305,744498,81.602,,70.977,100.99560547,28.0327555150022
SLB,Solomon Islands,2019,2661.95770893588,728147,82.367,,71.362,98.67025757,27.275106750276
SLB,Solomon Islands,2018,2686.46317027984,709101,82.361,,71.231,88.03850555,26.2946826684302
SLB,Solomon Islands,2017,2704.00988015555,685672,82.401,,71.118,89.29357147,25.3830535769599
SLB,Solomon Islands,2016,2715.58152252659,662379,82.447,,71.026,94.32994843,24.5047424399707
SLB,Solomon Islands,2015,2665.06620679799,639415,82.568,,70.907,91.08989716,23.6630502067213
SLB,Solomon Islands,2014,2716.77005403122,616908,82.526,,70.705,105.85440826,22.8612778264703
SLB,Solomon Islands,2013,2783.94856666363,594945,82.443,,70.771,98.99965668,22.1027262484765
SLB,Solomon Islands,2012,2743.8100151451,573606,82.491,,70.816,100.84831238,21.3906964219987
SLB,Solomon Islands,2011,2777.83439007893,552945,82.425,,70.774,95.51364136,20.7284892962955
SLB,Solomon Islands,2010,2682.62900140516,532968,82.53,,70.687,74.17661285,20.1194058206257
SLB,Solomon Islands,2009,2515.21324036507,518141,82.721,,70.501,93.879776,19.5633740998673
SLB,Solomon Islands,2008,2490.10207495758,508790,82.666,,70.49,75.66864014,19.0370010521463
SLB,Solomon Islands,2007,2384.62333040945,500156,82.747,,70.064,89.10964203,18.5333445288467
SLB,Solomon Islands,2006,2340.95143662493,491594,82.736,,70.244,87.74922943,18.0540134013038
SLB,Solomon Islands,2005,2287.56668822715,483080,82.752,,70.133,89.02578735,17.6001415877737
SLB,Solomon Islands,2004,2168.78371648018,474611,82.907,,70.026,64.72148895,17.172863006512
SLB,Solomon Islands,2003,2050.57140389822,466154,83.085,,69.952,53.52047729,16.7733115757749
SLB,Solomon Islands,2002,1960.67504793326,457671,83.222,,69.876,76.49930573,16.4026212138182
SLB,Solomon Islands,2001,2055.53771375159,449125,82.954,,69.811,60.23266602,16.0619258388978
SLB,Solomon Islands,2000,2277.11363831224,440469,82.44,,69.746,46.02681351,15.7523593692696
SLB,Solomon Islands,1999,2717.8753397965,430500,81.599,,69.68,,15.4759628886412
SLB,Solomon Islands,1998,2805.62563248922,419071,81.393,,69.608,,15.2278000948096
SLB,Solomon Islands,1997,2848.68465606706,407474,81.262,,69.53,,15.006256870651
SLB,Solomon Islands,1996,2958.19818046832,396009,81.041,,69.438,,14.8055435746538
SLB,Solomon Islands,1995,2996.65555261122,384733,80.939,,69.353,,14.620892263109
SLB,Solomon Islands,1994,2802.59157122531,373675,81.206,,69.247,,14.4475349923074
SLB,Solomon Islands,1993,2670.0180332596,362839,81.407,,69.088,,14.28070381854
SLB,Solomon Islands,1992,2644.83937124875,352205,81.444,,68.983,,14.1156307980977
SLB,Solomon Islands,1991,2418.67567698408,341738,81.856,,68.841,,13.9475479872714
SLB,Solomon Islands,1990,2352.7006203652,331435,81.999,,68.673,,13.7716874423522
SOM,"Somalia, Fed. Rep.",2024,1409.33492233283,19009151,20.722,,61.551,,54.6176465524521
SOM,"Somalia, Fed. Rep.",2023,1401.64735228455,18358615,20.707,,61.388,22.37065506,54.0714435506882
SOM,"Somalia, Fed. Rep.",2022,1387.54753732191,17801897,20.666,,56.159,16.31684875,53.5010115886789
SOM,"Somalia, Fed. Rep.",2021,1392.31782053371,17271431,20.933,,57.752,15.01879692,52.9060649733324
SOM,"Somalia, Fed. Rep.",2020,1396.05544674978,16651191,20.892,,59.176,12.79912567,52.286318011754
SOM,"Somalia, Fed. Rep.",2019,1491.29493918405,16030971,21.094,,59.31,12.99074364,51.6421170703225
SOM,"Somalia, Fed. Rep.",2018,1504.97908203481,15452487,21.056,,56.911,12.7819252,50.9506215336872
SOM,"Somalia, Fed. Rep.",2017,1527.66029071648,14916629,21.007,,54.275,13.51753426,48.3639630032265
SOM,"Somalia, Fed. Rep.",2016,1384.15517410124,14348740,20.967,,57.554,11.76618958,45.942842729174
SOM,"Somalia, Fed. Rep.",2015,1343.92517439594,13806963,20.942,,57.135,14.11613941,43.8618107408479
SOM,"Somalia, Fed. Rep.",2014,1259.27432882605,13339491,20.918,,56.557,13.15052128,42.3515167236328
SOM,"Somalia, Fed. Rep.",2013,1197.72166459722,12869594,20.893,,55.964,12.88169384,41.2593474250273
SOM,"Somalia, Fed. Rep.",2012,1114.8041489283,12461160,20.857,,51.019,,40.2722730087349
SOM,"Somalia, Fed. Rep.",2011,1054.36214979093,12348830,20.733,,33.651,,39.380318284448
SOM,"Somalia, Fed. Rep.",2010,995.225555512017,12261756,20.612,,50.797,,38.5735080618592
SOM,"Somalia, Fed. Rep.",2009,956.220325392593,11961201,20.574,,53.734,,37.8418671506609
SOM,"Somalia, Fed. Rep.",2008,919.132083453107,11663084,20.55,,53.194,,37.1754203605454
SOM,"Somalia, Fed. Rep.",2007,887.369352235607,11322582,20.567,,52.601,,36.5641925012053
SOM,"Somalia, Fed. Rep.",2006,857.993655902122,10975502,20.661,,52.555,,35.9982083823331
SOM,"Somalia, Fed. Rep.",2005,830.807245939502,10644228,20.79,,52.42,,35.4674928136211
SOM,"Somalia, Fed. Rep.",2004,803.059780580226,10280998,20.89,,52.233,,34.9620706047618
SOM,"Somalia, Fed. Rep.",2003,777.884552733128,9909157,20.954,,52.232,,34.4719665654476
SOM,"Somalia, Fed. Rep.",2002,749.913550912524,9550063,21.0,,52.255,,33.9872055053711
SOM,"Somalia, Fed. Rep.",2001,723.37973295059,9198493,21.041,,52.267,,33.5128183866634
SOM,"Somalia, Fed. Rep.",2000,702.850071117661,8838713,21.081,,52.179,,33.0596136927225
SOM,"Somalia, Fed. Rep.",1999,682.979123343615,8492059,21.122,,52.092,,32.6262825151413
SOM,"Somalia, Fed. Rep.",1998,662.674857185983,8155417,21.166,,52.221,,32.2115159455126
SOM,"Somalia, Fed. Rep.",1997,648.017163550687,7824525,21.213,,51.767,,31.8140050754292
SOM,"Somalia, Fed. Rep.",1996,663.3511315489,7554474,21.262,,52.099,,31.4324409964838
SOM,"Somalia, Fed. Rep.",1995,636.662071308104,7285007,21.317,,52.231,,31.0655148002693
SOM,"Somalia, Fed. Rep.",1994,634.727734129305,7026797,21.378,,51.807,,30.7119175783784
SOM,"Somalia, Fed. Rep.",1993,812.557291159654,6681399,21.445,,52.063,,30.3703404224041
SOM,"Somalia, Fed. Rep.",1992,803.787078571081,6495107,21.4,,26.254,,30.0394744239389
SOM,"Somalia, Fed. Rep.",1991,837.267022794963,6813760,21.231,,27.335,,29.7180106745758
SOM,"Somalia, Fed. Rep.",1990,,7082811,21.192,,51.185,,29.4046402659076
ZAF,South Africa,2024,13597.6538495998,64007187,49.801,,69.792,,63.6917984858172
ZAF,South Africa,2023,13695.3755694076,63212384,49.052,29.8434696218322,69.599,536.58843994,63.5823705163545
ZAF,South Africa,2022,13767.4967589936,62378410,47.118,29.6822978431337,69.037,570.48028564,63.4766699210327
ZAF,South Africa,2021,13681.9548144813,61502603,45.413,27.5753116109059,64.772,592.9465332,63.4503925883909
ZAF,South Africa,2020,13250.5666594456,60562381,44.148,27.5898694503346,67.948,503.46759033,63.4373088310982
ZAF,South Africa,2019,14352.6698709871,59587885,48.579,26.5858345760982,69.216,538.80438232,63.4127255007908
ZAF,South Africa,2018,14553.5615668957,58613001,48.518,26.5249645401431,68.906,558.80145264,63.3771545246841
ZAF,South Africa,2017,14573.5980840004,57635162,48.632,24.859117604055,68.58,527.52026367,63.3311078299936
ZAF,South Africa,2016,14501.2807823402,57259551,47.74,22.3406763607837,67.916,456.56936646,63.2750973439347
ZAF,South Africa,2015,14541.6748613669,56723537,47.716,22.3922535477032,67.027,491.90652466,63.2096349937231
ZAF,South Africa,2014,14643.3384782936,55594838,46.492,21.6806262162099,66.184,539.30780029,63.1352327065742
ZAF,South Africa,2013,14681.096638957,54678791,46.273,21.9044784720747,65.244,593.80157471,63.0524024097034
ZAF,South Africa,2012,14563.7624041032,53782567,45.333,21.1330153272371,64.427,646.49920654,62.9616560303263
ZAF,South Africa,2011,14434.2611456048,52995205,45.149,,63.139,686.87243652,62.850627754452
ZAF,South Africa,2010,14164.9958363115,52344051,44.76,,61.237,621.41906738,62.6299120560569
ZAF,South Africa,2009,13910.7017093394,51728516,46.384,,59.69,487.62774658,62.2592839131287
ZAF,South Africa,2008,14297.6887802632,51114599,48.062,,58.146,442.10626221,61.7692983894896
ZAF,South Africa,2007,14016.2444716386,50528584,47.968,,56.887,455.17498779,61.1840533154988
ZAF,South Africa,2006,13444.2332126058,49998277,47.846,,55.926,417.91174316,60.5276465215157
ZAF,South Africa,2005,12861.5633089114,49490033,47.708,,55.465,400.5355835,59.8241758378997
ZAF,South Africa,2004,12341.2102655828,48991421,47.539,,55.754,362.28662109,59.0977390950102
ZAF,South Africa,2003,11923.1211013633,48500348,47.33,,56.266,286.01998901,58.3724341232066
ZAF,South Africa,2002,11697.5657261687,48019415,47.089,,57.703,179.5135498,57.6723587528482
ZAF,South Africa,2001,11387.492366782,47566800,46.836,,59.491,202.81065369,57.0014339378269
ZAF,South Africa,2000,11183.825503143,47159719,46.583,,61.082,236.08114624,56.2589954883628
ZAF,South Africa,1999,10831.6589617949,46730335,46.343,,62.047,,55.4408521794673
ZAF,South Africa,1998,10693.6882326622,46223880,46.124,,62.897,,54.6562438276427
ZAF,South Africa,1997,10770.2779624828,45666838,45.934,,63.657,,54.0040163031993
ZAF,South Africa,1996,10623.8603593151,45123018,45.634,,64.462,,53.5749191516739
ZAF,South Africa,1995,10318.8385984353,44541554,45.305,,65.158,,53.2962166180026
ZAF,South Africa,1994,10130.8058233004,44004139,44.963,15.8930902481079,65.986,,53.0838026074521
ZAF,South Africa,1993,9976.96506458374,43297156,44.843,12.7188997268677,66.504,,52.893505042748
ZAF,South Africa,1992,10053.6101212292,42443509,44.877,11.7617101669312,66.807,,52.6805094926402
ZAF,South Africa,1991,10459.3559818564,41687898,44.788,11.133810043335,66.966,,52.4000015258789
ZAF,South Africa,1990,10811.1515328296,40746268,44.72,10.4369697570801,66.891,,51.9679908313922
SSD,South Sudan,2024,,11943408,,,60.749,,21.3768190444906
SSD,South Sudan,2023,,11483374,70.393,,60.627,72.75582886,21.0737755279692
SSD,South Sudan,2022,,11021177,70.628,,60.131,48.03352737,20.7752121046616
SSD,South Sudan,2021,,10865780,71.344,,59.726,34.78803635,20.4811115270532
SSD,South Sudan,2020,,10698467,70.996,,60.46,47.40253067,20.1914565476286
SSD,South Sudan,2019,,10423384,71.68,,60.474,35.18021774,19.9062299188719
SSD,South Sudan,2018,,10122977,71.286,,54.673,31.12328529,19.6254143932663
SSD,South Sudan,2017,,10259154,71.24,,38.675,28.05690956,19.3489927232944
SSD,South Sudan,2016,,10830102,71.609,,39.993,,19.0769476614377
SSD,South Sudan,2015,,11107561,71.806,,42.868,,18.8092619601773
SSD,South Sudan,2014,,11235073,71.999,,48.807,,18.5459183719929
SSD,South Sudan,2013,,11166275,72.196,,59.711,,18.2868996493633
SSD,South Sudan,2012,,10756240,72.18,,59.497,,18.0321885447664
SSD,South Sudan,2011,,10288109,72.098,,58.991,,17.7817678106789
SSD,South Sudan,2010,,9745953,71.903,,58.546,,17.535620199576
SSD,South Sudan,2009,,9243556,71.716,,57.814,,17.2937284639317
SSD,South Sudan,2008,,8817647,71.594,,57.159,,17.0301141193955
SSD,South Sudan,2007,,8388788,71.448,,56.177,,16.9986889512954
SSD,South Sudan,2006,,7976526,71.3,,55.327,,16.9509881842643
SSD,South Sudan,2005,,7590143,71.167,,54.473,,16.8695760318857
SSD,South Sudan,2004,,7233041,71.058,,53.496,,16.7569099090725
SSD,South Sudan,2003,,6903127,71.028,,52.808,,16.6154472307377
SSD,South Sudan,2002,,6596806,71.091,,50.269,,16.447645411794
SSD,South Sudan,2001,,6308391,71.154,,49.512,,16.2559618671544
SSD,South Sudan,2000,,6032267,71.173,,48.542,,16.0428540117317
SSD,South Sudan,1999,,5771628,71.158,,45.775,,15.8107792604388
SSD,South Sudan,1998,,5620068,71.09,,20.677,,15.5621950281887
SSD,South Sudan,1997,,5509136,71.029,,35.318,,15.299558729894
SSD,South Sudan,1996,,5356925,71.043,,34.474,,15.0253277804679
SSD,South Sudan,1995,,5225836,71.078,,33.952,,14.741959594823
SSD,South Sudan,1994,,5071184,71.095,,46.521,,14.4519115878723
SSD,South Sudan,1993,,4956002,71.113,,24.759,,14.1628125972768
SSD,South Sudan,1992,,4909749,71.146,,24.337,,13.8010477426381
SSD,South Sudan,1991,,4836677,71.164,,31.67,,13.2785549213056
SSD,South Sudan,1990,,4737633,71.168,,31.008,,12.6318078623073
ESP,Spain,2024,48460.2914069661,48848840,53.195,106.496101379395,86.5,,80.315199821207
ESP,Spain,2023,47322.5937004504,48352528,52.773,106.624557495117,86.7,3106.62011719,80.128491001856
ESP,Spain,2022,46733.4809780536,47786102,52.281,106.910629272461,85.9,2948.61474609,79.9548794567814
ESP,Spain,2021,44251.6658222621,47443821,52.177,106.822479248047,86.2,3188.8515625,79.7846242983598
ESP,Spain,2020,41553.4477945675,47359424,50.922,102.112808227539,85.1,2942.41943359,79.6955674617799
ESP,Spain,2019,46896.4171141424,47118501,52.039,101.078201293945,86.7,2756.62109375,79.6349761108307
ESP,Spain,2018,46325.2099441141,46782011,51.873,101.829620361328,86.3,2784.16308594,79.5580057813361
ESP,Spain,2017,45446.2508575695,46571232,52.281,100.899528503418,86.1,2564.55834961,79.4663233085683
ESP,Spain,2016,44274.6676149922,46458139,52.485,98.2253799438477,86.3,2378.13598633,79.3615955277997
ESP,Spain,2015,43053.761430314,46422303,52.62,96.5407485961914,85.7,2383.85302734,79.2454892743023
ESP,Spain,2014,41339.4111169417,46460733,52.629,96.267951965332,86.2,2716.5793457,79.1196713833488
ESP,Spain,2013,40594.914008768,46604197,52.831,93.5691909790039,86.1,2664.48339844,78.9858086902112
ESP,Spain,2012,41034.0481566356,46773055,52.895,91.1131286621094,85.5,2620.84204102,78.8455680301618
ESP,Spain,2011,42271.8346788238,46742697,52.29,89.1767425537109,85.6,2938.18041992,78.695397956495
ESP,Spain,2010,42695.5274189933,46576897,51.711,84.4513473510742,84.7,2816.84350586,78.5138156234888
ESP,Spain,2009,42852.220888454,46362946,51.013,79.269660949707,84.6,2962.48266602,78.2919921861701
ESP,Spain,2008,44926.348951812,45954106,49.934,76.9493179321289,84.3,3019.7578125,78.0421438998777
ESP,Spain,2007,45301.2843416374,45226803,48.547,76.6395721435547,84.1,2625.55664063,77.7738937890987
ESP,Spain,2006,44572.6815459931,44397319,47.598,76.1726303100586,84.1,2256.68066406,77.4968648783202
ESP,Spain,2005,43570.7652574033,43653155,46.176,75.080207824707,83.5,2074.33081055,77.2206801920294
ESP,Spain,2004,42793.3902326006,42921895,44.756,74.4489669799805,83.2,1932.21398926,76.9549627547133
ESP,Spain,2003,42223.130174522,42187645,43.378,71.3997116088867,83.0,1648.05712891,76.709335590859
ESP,Spain,2002,41766.0378188791,41431558,41.891,69.3970031738281,83.0,1174.5793457,76.4934217249538
ESP,Spain,2001,41224.2924057393,40850412,39.439,65.5563735961914,82.8,1045.05065918,76.3156889510385
ESP,Spain,2000,39945.8971298178,40567864,40.657,,82.5,1005.28399658,76.1650552349602
ESP,Spain,1999,38141.316878689,40386875,39.117,,82.2,,76.0330694840356
ESP,Spain,1998,36679.0942334698,40223509,38.425,,82.2,,75.9145056905294
ESP,Spain,1997,35312.0862854389,40057389,38.067,,82.21,,75.804258976453
ESP,Spain,1996,34232.3786868602,39889852,37.279,,81.88,,75.6972244638181
ESP,Spain,1995,33501.7314182929,39724050,36.77,,81.73,,75.588297274636
ESP,Spain,1994,32746.9287826598,39549108,36.312,,81.62,,75.4723725309182
ESP,Spain,1993,32137.3138437727,39361262,35.025,,81.26,,75.3443453546763
ESP,Spain,1992,32641.082719936,39157685,34.455,,81.19,,75.1991108679216
ESP,Spain,1991,32499.3481371902,38966376,33.435,,80.7,,75.0307020244923
ESP,Spain,1990,31773.2267420042,38867322,33.351,,80.51,,74.8374358949045
LKA,Sri Lanka,2024,13793.0669827677,21916000,30.998,,80.746,,20.2996997058686
LKA,Sri Lanka,2023,13065.0698305722,22037000,29.6,26.0459119158667,80.593,134.23654175,20.1455348442463
LKA,Sri Lanka,2022,13249.0650505201,22181000,31.605,27.9987717724198,80.451,130.09327698,19.9877933196367
LKA,Sri Lanka,2021,14316.1352225567,22156000,31.329,25.7765700149303,79.522,202.75497437,19.8266275195269
LKA,Sri Lanka,2020,13886.6513728689,21919000,31.663,25.2725966040444,80.066,159.71383667,19.6621898312161
LKA,Sri Lanka,2019,14637.4442912676,21803000,34.051,24.2916605543996,79.888,147.01193237,19.4946326418437
LKA,Sri Lanka,2018,14759.8248945226,21670000,33.105,21.6236986688194,79.812,154.64622498,19.3241083384127
LKA,Sri Lanka,2017,14572.4858214616,21453000,36.094,20.9174393582259,79.592,142.32518005,19.1507693078088
LKA,Sri Lanka,2016,13845.6146782218,21209000,35.252,21.0396442696657,79.507,145.32496643,18.9747679368162
LKA,Sri Lanka,2015,13329.779343882,20970000,35.33,22.1602766607732,79.395,144.29077148,18.796256612131
LKA,Sri Lanka,2014,12909.9663068113,20778000,33.211,20.2054193584713,79.194,132.82194519,18.6153877203724
LKA,Sri Lanka,2013,12249.7223347846,20585000,33.869,21.5443014474671,78.934,133.15968323,18.4323136480916
LKA,Sri Lanka,2012,11447.6937737782,21169458,32.649,19.9433029892854,78.624,110.03600311,18.2617686748284
LKA,Sri Lanka,2011,10618.4925999722,21009048,33.946,18.3154506230886,78.342,115.51642609,17.7881192817964
LKA,Sri Lanka,2010,9832.18622335265,20879089,33.965,20.1378920279043,78.2,105.07371521,17.2486209380693
LKA,Sri Lanka,2009,9156.31906481264,20756435,34.191,,75.335,97.26274872,16.7428136405592
LKA,Sri Lanka,2008,8897.82686005016,20629378,34.415,,77.69,90.00082397,16.2762363395441
LKA,Sri Lanka,2007,8454.20675331505,20492545,34.644,,77.34,71.38779449,15.8544279853018
LKA,Sri Lanka,2006,7970.6649101939,20352411,34.876,,77.173,63.2890892,15.4829275281105
LKA,Sri Lanka,2005,7452.7423412297,20216524,35.111,,77.061,55.40001297,15.167273918248
LKA,Sri Lanka,2004,7059.91098067102,20087605,35.35,,71.037,49.14835358,14.9130061059922
LKA,Sri Lanka,2003,6741.01248848024,19951521,35.59,,76.624,40.82443619,14.7256630416211
LKA,Sri Lanka,2002,6409.86278892115,19805752,35.831,,76.734,41.24043274,14.6107836754127
LKA,Sri Lanka,2001,6230.03051863559,19600362,36.077,,76.481,39.87185287,14.5739539539707
LKA,Sri Lanka,2000,6428.61341889128,19293054,36.331,,76.292,42.54893112,14.6196895000898
LKA,Sri Lanka,1999,6176.23548454667,18944731,37.649,,75.762,,14.7436316733772
LKA,Sri Lanka,1998,6032.62212629246,18596003,41.33,,75.49,,14.9379455930521
LKA,Sri Lanka,1997,5871.72297556048,18248200,35.263,,75.251,,15.1948401614719
LKA,Sri Lanka,1996,5624.02393649431,17905018,35.489,,75.041,,15.5065242809941
LKA,Sri Lanka,1995,5523.31225392817,17564068,35.6,,75.041,,15.8652068539762
LKA,Sri Lanka,1994,5322.72963126043,17275773,37.9,3.1265299320221,74.963,,16.2630967827755
LKA,Sri Lanka,1993,5114.43630395889,17025918,37.676,,74.777,,16.6924029697495
LKA,Sri Lanka,1992,4866.23941152126,16739284,36.913,,74.574,,17.1453343172557
LKA,Sri Lanka,1991,4735.81940022694,16475354,41.002,,74.359,,17.6140997276515
LKA,Sri Lanka,1990,4561.57913260491,16352458,45.149,,74.187,,18.0909081032944
KNA,St. Kitts and Nevis,2024,30656.4410109367,46843,,,76.156,,31.795061903951
KNA,St. Kitts and Nevis,2023,30616.577281386,46758,,,76.023,1294.88391113,31.7007809622822
KNA,St. Kitts and Nevis,2022,29749.8700864823,46709,,,74.2,1161.22058105,31.6156404983167
KNA,St. Kitts and Nevis,2021,26896.6177065978,46763,,,73.172,1132.58447266,31.5393525093972
KNA,St. Kitts and Nevis,2020,26736.9283563771,46870,,,75.384,1067.84997559,31.4716289738952
KNA,St. Kitts and Nevis,2019,31512.1943105684,46952,,,75.476,1224.18933105,31.4121818392285
KNA,St. Kitts and Nevis,2018,30576.2486749244,47008,,,75.327,1121.13977051,31.3607229995076
KNA,St. Kitts and Nevis,2017,29948.9200065682,47050,,,75.264,1186.42663574,31.3169642505921
KNA,St. Kitts and Nevis,2016,29867.0265589791,47075,,,75.173,1161.87097168,31.2806171906169
KNA,St. Kitts and Nevis,2015,28729.566447667,47087,,122.765510559082,75.091,1042.15063477,31.2513929695583
KNA,St. Kitts and Nevis,2014,28530.3072249013,47089,,89.0461196899414,74.959,962.25469971,31.2290015317909
KNA,St. Kitts and Nevis,2013,26532.1016561725,47069,,,74.859,938.89459229,31.2131485582887
KNA,St. Kitts and Nevis,2012,25114.0572603244,47033,,,74.774,880.91064453,31.2035138804223
KNA,St. Kitts and Nevis,2011,25380.0087348215,46886,,,74.72,922.20574951,31.2000648379646
KNA,St. Kitts and Nevis,2010,24997.5672513428,46846,,,74.718,867.4453125,31.3056125693165
KNA,St. Kitts and Nevis,2009,24973.8045286303,46916,,,74.714,872.67474365,31.4311032932653
KNA,St. Kitts and Nevis,2008,25898.7823620981,46835,,26.9212894439697,74.713,881.09844971,31.5615339709202
KNA,St. Kitts and Nevis,2007,23330.0442404195,46706,,,74.722,707.96960449,31.6967077874804
KNA,St. Kitts and Nevis,2006,23258.9842253211,46569,,,74.628,689.44549561,31.8364279281447
KNA,St. Kitts and Nevis,2005,22612.7126559455,46437,,,74.428,556.97229004,31.9804975781124
KNA,St. Kitts and Nevis,2004,20661.3458642993,46315,,,74.268,491.62530518,32.1287199225823
KNA,St. Kitts and Nevis,2003,19927.1818314137,46176,,,73.987,482.87136841,32.2808981467536
KNA,St. Kitts and Nevis,2002,20813.4050029806,46020,,,73.507,465.07720947,32.4368354358251
KNA,St. Kitts and Nevis,2001,20648.7889741472,45761,,,73.01,440.21563721,32.5960599951138
KNA,St. Kitts and Nevis,2000,19840.5800645267,45248,,,72.306,446.66659546,32.764294564989
KNA,St. Kitts and Nevis,1999,18291.4229188676,44601,,,71.583,,32.9466380234133
KNA,St. Kitts and Nevis,1998,17963.6992379347,43998,,,70.498,,33.1397511212637
KNA,St. Kitts and Nevis,1997,18288.4943671657,43428,,,70.433,,33.3399008645055
KNA,St. Kitts and Nevis,1996,17340.2234624221,42877,,,70.142,,33.543354259104
KNA,St. Kitts and Nevis,1995,16596.2656266287,42326,,,69.975,,33.7463783110243
KNA,St. Kitts and Nevis,1994,15955.8375010028,41776,,,69.836,,33.9452400262317
KNA,St. Kitts and Nevis,1993,15348.6887799847,41242,,11.5219697952271,69.58,,34.1362064106915
KNA,St. Kitts and Nevis,1992,14557.184258305,40715,,6.65932989120483,69.022,,34.315544470369
KNA,St. Kitts and Nevis,1991,14084.6831940102,40358,,,68.38,,34.4786979982536
KNA,St. Kitts and Nevis,1990,14326.0410656507,40432,,,67.842,,34.6369138371462
LCA,St. Lucia,2024,24699.9694711589,179744,61.885,,76.45,,29.0973354237452
LCA,St. Lucia,2023,23636.0265940253,179285,62.135,20.5900497436523,76.304,641.07495117,29.0976313248036
LCA,St. Lucia,2022,22811.2524480383,178781,62.68,22.510440826416,76.304,622.07244873,29.097678526676
LCA,St. Lucia,2021,19141.3272253168,178522,60.375,,72.917,654.8918457,27.4443458949551
LCA,St. Lucia,2020,17247.9578674753,178250,49.331,22.9689903259277,76.195,589.63696289,25.7524386560998
LCA,St. Lucia,2019,22445.2080507874,177661,64.312,21.9631900787354,76.089,506.03204346,24.2476974658382
LCA,St. Lucia,2018,22761.1613461447,177017,63.882,19.7267208099365,76.271,497.48629761,22.9261241055144
LCA,St. Lucia,2017,22207.2131041263,176342,63.695,28.0970306396484,76.156,504.96411133,21.783720356472
LCA,St. Lucia,2016,21566.3058799575,175646,63.595,26.6836395263672,75.87,479.8744812,20.8164880000551
LCA,St. Lucia,2015,20939.8810312364,174905,63.495,22.7824306488037,76.042,473.24108887,20.0204288176073
LCA,St. Lucia,2014,21010.6981919895,174138,63.394,23.6271190643311,75.833,470.48123169,19.3915445904726
LCA,St. Lucia,2013,20827.2886025849,173369,63.293,19.1719493865967,75.569,485.6628418,18.9258370999948
LCA,St. Lucia,2012,21309.2251296295,172587,64.477,14.487099647522,75.434,456.06369019,18.6193081275177
LCA,St. Lucia,2011,21430.0225948015,171801,61.673,21.2698001861572,75.613,462.20251465,18.4743479557314
LCA,St. Lucia,2010,20648.7861045765,170906,60.848,18.4499893188477,75.629,438.23928833,18.5125070971313
LCA,St. Lucia,2009,20706.505527623,169869,60.025,25.7081203460693,76.127,432.087677,18.9805947108213
LCA,St. Lucia,2008,21443.2592977841,168808,59.208,22.2016296386719,75.92,430.23074341,19.8192937163625
LCA,St. Lucia,2007,20559.8974830119,167758,58.39,12.0923595428467,75.887,439.59280396,20.9268897953144
LCA,St. Lucia,2006,20353.6533720188,166639,57.567,16.2439498901367,75.92,389.94595337,22.2016686292365
LCA,St. Lucia,2005,19303.9921315127,165450,56.739,18.9968395233154,75.682,333.37374878,23.5419158996884
LCA,St. Lucia,2004,19526.4461369718,164239,55.909,20.859260559082,75.576,309.42208862,24.8459172882296
LCA,St. Lucia,2003,18344.5919258071,162976,55.078,,75.31,317.27593994,26.0119584764195
LCA,St. Lucia,2002,17739.5766779723,161641,54.247,,74.79,299.7996521,26.9383251458178
LCA,St. Lucia,2001,17820.7964312951,160237,53.416,,74.086,285.04898071,27.5160334778671
LCA,St. Lucia,2000,18638.117705755,158616,52.897,,73.042,285.84280396,27.8532282391838
LCA,St. Lucia,1999,18856.576335563,156702,52.385,,72.461,,28.1643646320887
LCA,St. Lucia,1998,18606.5360149924,154677,51.88,,71.996,,28.4550646075721
LCA,St. Lucia,1997,17747.9002859129,152569,51.375,,72.156,,28.7212347336928
LCA,St. Lucia,1996,18125.3575537673,150436,50.868,25.4536209106445,72.965,,28.9587815785097
LCA,St. Lucia,1995,17875.410141117,148208,50.362,,73.665,,29.1636117100817
LCA,St. Lucia,1994,17847.4137671755,145890,49.856,,73.55,,29.3316316964674
LCA,St. Lucia,1993,17831.0913239805,143726,49.349,7.01592016220093,73.647,,29.4587481057258
LCA,St. Lucia,1992,17991.7093213106,141617,48.843,,73.474,,29.5408675059156
LCA,St. Lucia,1991,16916.7265576984,139520,48.343,,72.541,,29.5736982837359
LCA,St. Lucia,1990,17056.7184904705,137857,48.209,,72.151,,29.5389632139216
MAF,St. Martin (French part),2024,,26129,,,83.963,,100.0
MAF,St. Martin (French part),2023,,27515,,,83.839,,100.0
MAF,St. Martin (French part),2022,,28870,,,83.845,,100.0
MAF,St. Martin (French part),2021,,29961,,,83.85,,100.0
MAF,St. Martin (French part),2020,,31786,,,83.851,,100.0
MAF,St. Martin (French part),2019,,34267,,,83.843,,100.0
MAF,St. Martin (French part),2018,,36012,,,83.849,,100.0
MAF,St. Martin (French part),2017,,36837,,,82.251,,100.0
MAF,St. Martin (French part),2016,,37175,,,83.701,,100.0
MAF,St. Martin (French part),2015,,37369,,,83.588,,100.0
MAF,St. Martin (French part),2014,,37450,,,83.432,,100.0
MAF,St. Martin (French part),2013,,37419,,,83.197,,100.0
MAF,St. Martin (French part),2012,,37276,,,82.993,,100.0
MAF,St. Martin (French part),2011,,37069,,,82.798,,100.0
MAF,St. Martin (French part),2010,,36856,,,82.572,,100.0
MAF,St. Martin (French part),2009,,36502,,,82.376,,100.0
MAF,St. Martin (French part),2008,,35958,,,82.216,,100.0
MAF,St. Martin (French part),2007,,35337,,,82.04,,100.0
MAF,St. Martin (French part),2006,,34658,,,81.858,,100.0
MAF,St. Martin (French part),2005,,33928,,,81.692,,100.0
MAF,St. Martin (French part),2004,,33171,,,81.521,,100.0
MAF,St. Martin (French part),2003,,32395,,,81.35,,100.0
MAF,St. Martin (French part),2002,,31604,,,81.177,,100.0
MAF,St. Martin (French part),2001,,30803,,,80.998,,100.0
MAF,St. Martin (French part),2000,,29996,,,80.806,,100.0
MAF,St. Martin (French part),1999,,29284,,,80.597,,100.0
MAF,St. Martin (French part),1998,,29107,,,80.369,,100.0
MAF,St. Martin (French part),1997,,29323,,,80.127,,100.0
MAF,St. Martin (French part),1996,,29443,,,79.892,,100.0
MAF,St. Martin (French part),1995,,29470,,,79.684,,100.0
MAF,St. Martin (French part),1994,,29413,,,79.482,,100.0
MAF,St. Martin (French part),1993,,29282,,,79.292,,100.0
MAF,St. Martin (French part),1992,,29081,,,79.115,,100.0
MAF,St. Martin (French part),1991,,28800,,,78.943,,100.0
MAF,St. Martin (French part),1990,,28224,,,78.746,,100.0
VCT,St. Vincent and the Grenadines,2024,18714.198849353,100616,59.253,,74.476,,47.8487050456749
VCT,St. Vincent and the Grenadines,2023,17858.2446468702,101323,58.568,,74.315,469.20709229,47.7169922340041
VCT,St. Vincent and the Grenadines,2022,16835.023514541,102046,57.595,63.9955481357819,74.288,437.94085693,47.585897833353
VCT,St. Vincent and the Grenadines,2021,16200.8994597845,102841,56.463,56.0312331717825,72.83,454.784729,47.4554100739049
VCT,St. Vincent and the Grenadines,2020,15763.7054382539,103526,56.109,49.9735589635114,74.459,406.3571167,47.3255171858432
VCT,St. Vincent and the Grenadines,2019,16365.3255785124,104167,56.844,45.7098685905694,73.993,372.05615234,47.1962073993512
VCT,St. Vincent and the Grenadines,2018,16139.0661084965,104926,56.362,38.861013547416,74.166,358.53372192,47.0674689446123
VCT,St. Vincent and the Grenadines,2017,15533.2212821544,105663,55.748,38.5158150851582,74.177,337.89614868,46.9392900518098
VCT,St. Vincent and the Grenadines,2016,15197.7482513352,106349,55.3,36.0640301318267,73.654,313.66229248,46.8116589511271
VCT,St. Vincent and the Grenadines,2015,14508.8609465459,106960,54.737,30.5839595794678,74.283,302.58422852,46.6845638727475
VCT,St. Vincent and the Grenadines,2014,14040.2460690452,107535,54.296,34.0004386901855,73.955,299.33129883,46.5579930468544
VCT,St. Vincent and the Grenadines,2013,13804.1837951887,108135,53.95,29.1459459459459,73.626,300.01953125,46.4319347036311
VCT,St. Vincent and the Grenadines,2012,13397.9632982701,108736,53.515,28.7591555364067,73.777,298.78082275,46.3063114823836
VCT,St. Vincent and the Grenadines,2011,13168.8964291743,109349,53.128,30.6479481641469,73.665,276.15722656,46.18402928344
VCT,St. Vincent and the Grenadines,2010,13175.7230154228,109959,52.809,18.0699481865285,73.534,281.91867065,46.0626395961215
VCT,St. Vincent and the Grenadines,2009,13723.7838252622,110508,52.778,,73.473,264.6159668,45.9420760438477
VCT,St. Vincent and the Grenadines,2008,13850.3936790063,111028,52.531,,73.333,256.13983154,45.8223405756329
VCT,St. Vincent and the Grenadines,2007,13732.3622591495,111531,52.159,,73.229,244.32910156,45.7034351404912
VCT,St. Vincent and the Grenadines,2006,13233.4068930431,112014,51.569,,73.251,209.83639526,45.5853616874371
VCT,St. Vincent and the Grenadines,2005,12320.0710011077,112450,50.719,,73.306,197.63206482,45.4681221654846
VCT,St. Vincent and the Grenadines,2004,11979.907294501,112835,50.231,,73.281,188.43644714,45.3517185236482
VCT,St. Vincent and the Grenadines,2003,11475.3312414531,113141,49.651,,73.25,178.1368866,45.236152710942
VCT,St. Vincent and the Grenadines,2002,10736.0878714164,113347,48.896,,73.052,175.48046875,45.1214266763803
VCT,St. Vincent and the Grenadines,2001,10177.8094583896,113501,48.262,,73.172,162.93431091,45.0076571524878
VCT,St. Vincent and the Grenadines,2000,9999.05879203685,113545,47.946,,73.125,149.9225769,44.8903114926141
VCT,St. Vincent and the Grenadines,1999,9853.34736551962,113366,47.697,,73.071,,44.7664602420497
VCT,St. Vincent and the Grenadines,1998,9609.10378620502,113180,47.35,,72.97,,44.6390594079879
VCT,St. Vincent and the Grenadines,1997,9234.69888368764,113141,46.862,,73.043,,44.5111967229227
VCT,St. Vincent and the Grenadines,1996,8923.70555514296,113119,46.427,,72.957,,44.3859599193481
VCT,St. Vincent and the Grenadines,1995,8815.84871825748,113047,46.181,,72.898,,44.2664367297579
VCT,St. Vincent and the Grenadines,1994,8189.84362711098,112918,45.456,,72.915,,44.155714886646
VCT,St. Vincent and the Grenadines,1993,8306.77527139188,112735,45.416,,72.922,,44.0568821225065
VCT,St. Vincent and the Grenadines,1992,7984.07959662088,112509,44.913,,72.36,,43.9730261698332
VCT,St. Vincent and the Grenadines,1991,7524.58477815963,112222,44.24,,72.902,,43.9075600985447
VCT,St. Vincent and the Grenadines,1990,7467.37874657239,111812,44.001,8.55115985870361,72.876,,43.857023029613
SDN,Sudan,2024,1861.39794921875,50448963,,,69.825,,34.8673015510839
SDN,Sudan,2023,2181.0791015625,50042791,,,69.626,21.0830822,34.7960076976764
SDN,Sudan,2022,3132.0771484375,49383346,14.452,,68.569,25.75139618,34.7209852053086
SDN,Sudan,2021,3248.9755859375,48066924,15.807,,67.354,21.69141006,34.6421563427994
SDN,Sudan,2020,3401.24975585938,46789231,17.008,,68.153,22.91861534,34.5594433789246
SDN,Sudan,2019,3625.52319335938,45548175,18.466,,68.642,31.79406929,34.4727685824236
SDN,Sudan,2018,3816.65991210938,44230596,19.704,,68.381,33.88366699,34.382054222005
SDN,Sudan,2017,4061.01831054688,42714306,20.9,,68.024,67.75476837,34.2872225663509
SDN,Sudan,2016,4174.56103515625,41259892,22.088,,67.678,89.39633942,34.1881958841213
SDN,Sudan,2015,4159.1943359375,40024431,23.304,15.8987197875977,67.342,93.69657135,34.0914394628597
SDN,Sudan,2014,4207.50048828125,38823318,24.517,16.3193206787109,66.961,88.78498077,33.7624582408117
SDN,Sudan,2013,4130.48583984375,37785849,25.747,17.3809108734131,66.566,97.4931488,33.4264777958103
SDN,Sudan,2012,4145.931640625,36923178,27.022,15.4713897705078,66.235,75.40776825,33.1425561614901
SDN,Sudan,2011,4467.6259765625,36140806,28.33,14.5731496810913,65.924,80.37197876,32.9059760141986
SDN,Sudan,2010,4219.8369140625,35414399,27.404,15.6484603881836,65.659,73.60398865,32.7174026591513
SDN,Sudan,2009,4188.0546875,34569113,26.503,15.1542797088623,65.366,80.00441742,32.5774622972843
SDN,Sudan,2008,4446.40966796875,33623980,25.6,14.6046304702759,64.219,82.84276581,32.4816230749746
SDN,Sudan,2007,4415.78515625,32764135,25.869,13.7525901794434,64.205,81.79016876,32.4759528252296
SDN,Sudan,2006,4299.97412109375,31992435,26.141,14.1254501342773,63.4,55.32660294,32.4702930558327
SDN,Sudan,2005,4152.32275390625,31262444,26.411,12.248649597168,61.071,37.07490158,32.4603150404146
SDN,Sudan,2004,4041.05712890625,30556637,26.68,10.9776000976562,60.791,29.30404472,32.4459598296403
SDN,Sudan,2003,3946.92260742188,29896035,26.959,9.15211963653564,61.708,22.58504868,32.4271684741748
SDN,Sudan,2002,3814.31323242188,29228727,27.245,9.96938991546631,62.265,16.70709991,32.4038820246832
SDN,Sudan,2001,3701.548828125,28516770,27.532,8.75790023803711,61.911,15.18372345,32.3760415318304
SDN,Sudan,2000,3575.85205078125,27816745,27.819,7.30965995788574,61.437,13.99440289,32.3435880462815
SDN,Sudan,1999,3459.22998046875,27130613,28.106,6.8613600730896,61.148,,32.3064626187016
SDN,Sudan,1998,3441.17919921875,26458999,28.391,,61.194,,32.2646062997555
SDN,Sudan,1997,3380.18676757813,25799821,28.674,,60.91,,32.2179601401085
SDN,Sudan,1996,2924.29077148438,25231528,28.962,,60.561,,32.1664651904255
SDN,Sudan,1995,2824.63208007813,24672143,27.992,,60.295,,32.1100625013715
SDN,Sudan,1994,2736.47192382813,24043948,27.049,,59.673,,32.0486931236115
SDN,Sudan,1993,2777.27490234375,23445592,26.136,,58.667,,31.9884478944617
SDN,Sudan,1992,2709.7900390625,22927355,25.256,,58.501,,31.7438179745549
SDN,Sudan,1991,2591.869140625,22470676,24.405,,58.341,,31.0353531909027
SDN,Sudan,1990,2460.18872070313,22021481,23.58,,58.69,,29.9502388129759
SUR,Suriname,2024,19179.101839106,634431,44.887,2.96852122986823,76.979,,65.7641857200885
SUR,Suriname,2023,19020.8663751009,628886,44.348,6.06664974435218,76.835,297.04589844,65.7562408447266
SUR,Suriname,2022,18742.5873760369,623164,43.957,6.90915671371697,76.5,344.74603271,65.8985443115234
SUR,Suriname,2021,18458.234999681,617896,43.581,11.2917960898959,72.14,270.37786865,65.9853973388672
SUR,Suriname,2020,19091.3617184226,612317,42.93,5.89439976169199,76.22,409.86743164,66.00830078125
SUR,Suriname,2019,22966.7405999124,605768,46.005,5.83237657864524,75.08,588.83825684,66.0370492311305
SUR,Suriname,2018,22938.5353715545,599513,45.863,,74.798,440.32211304,66.0693060442846
SUR,Suriname,2017,22070.5137570835,593713,45.334,,74.53,322.00415039,66.1046467051207
SUR,Suriname,2016,21950.4122148625,587757,45.14,,74.324,338.24822998,66.1426466980469
SUR,Suriname,2015,23327.5252497447,581627,44.378,,73.939,511.91244507,66.1828815074718
SUR,Suriname,2014,24414.3554759734,575373,43.618,,73.753,440.95263672,66.2249266178037
SUR,Suriname,2013,24624.0219854601,569020,42.86,,73.571,434.50332642,66.2683575134509
SUR,Suriname,2012,24193.8412373922,562633,42.103,,73.443,406.05526733,66.3132562693376
SUR,Suriname,2011,23829.5332856393,556269,41.347,,73.312,375.34957886,66.3675227342307
SUR,Suriname,2010,22772.4754543689,549923,40.594,,73.085,399.59710693,66.4338443691967
SUR,Suriname,2009,21906.4105447498,543568,39.844,,72.727,380.04019165,66.5058869102882
SUR,Suriname,2008,21515.8119551093,537245,39.098,,72.213,334.24771118,66.5776961831642
SUR,Suriname,2007,20902.1391589279,531016,38.356,,71.6,309.17565918,66.6433180134835
SUR,Suriname,2006,20113.6707547695,524997,37.618,,70.9,313.68301392,66.6967982269052
SUR,Suriname,2005,19220.2839696605,519313,36.884,,70.235,241.68415833,66.7321826490881
SUR,Suriname,2004,18585.5170864176,513923,36.154,,69.591,212.50817871,66.743604713168
SUR,Suriname,2003,17383.5015505612,506414,35.444,,68.983,166.88664246,66.7404073281911
SUR,Suriname,2002,16678.0718706582,496551,34.754,14.5424098968506,68.469,158.21212769,66.7320549534773
SUR,Suriname,2001,16556.9440609927,486560,34.072,,68.025,91.73781586,66.718959290312
SUR,Suriname,2000,16220.1790603262,476643,33.397,,67.62,166.90083313,66.7015222141811
SUR,Suriname,1999,16217.5173031438,466916,32.73,,67.262,,66.680145600571
SUR,Suriname,1998,16789.7549005356,457406,32.643,,66.961,,66.6552313249677
SUR,Suriname,1997,16754.3511427064,448067,32.558,,66.648,,66.6271812628574
SUR,Suriname,1996,16184.4999295065,438830,32.474,,66.338,,66.5963972897263
SUR,Suriname,1995,16368.311360582,429606,32.391,,66.044,,66.5632812810604
SUR,Suriname,1994,16648.5345258933,422375,32.42,,65.814,,66.5282351123459
SUR,Suriname,1993,16217.1660347103,419352,32.154,,65.621,,66.491660659069
SUR,Suriname,1992,17455.1256454322,417589,32.693,,65.452,,66.4539597967158
SUR,Suriname,1991,17493.4962257426,415013,32.652,,65.326,,66.4155344007725
SUR,Suriname,1990,17137.6509700556,412493,32.426,10.311240196228,65.225,,66.3767863467252
SWE,Sweden,2024,62558.4065876041,10569709,61.68,106.050682067871,85.6,6484.76464844,88.8559748346228
SWE,Sweden,2023,62122.5116950792,10536632,61.685,104.125679016113,85.0,6206.23046875,88.631216160938
SWE,Sweden,2022,62544.5002248644,10486941,61.05,108.326881408691,84.8,6022.39257813,88.4038576504809
SWE,Sweden,2021,62190.8526983825,10415811,60.704,111.16478729248,84.9,6894.20166016,88.1741651958315
SWE,Sweden,2020,59458.2805291969,10353442,60.587,101.560722351074,84.2,6030.53271484,87.9424046895699
SWE,Sweden,2019,61070.5243445838,10278887,61.315,95.3236923217773,84.8,5688.04492188,87.7088420242759
SWE,Sweden,2018,60124.5711994179,10175214,61.259,92.0438690185547,84.3,6042.13525391,87.4737430925296
SWE,Sweden,2017,59769.0136237,10057698,61.036,87.0724105834961,84.1,5871.52294922,87.237373786911
SWE,Sweden,2016,59460.2872722689,9923085,60.691,83.7539215087891,84.1,5719.45996094,87.0
SWE,Sweden,2015,58955.6412361461,9799186,60.562,81.0175628662109,84.1,5626.04833984,86.6158654081858
SWE,Sweden,2014,57077.6693544196,9696110,60.279,79.2230606079102,84.2,6632.23681641,86.2563838747314
SWE,Sweden,2013,56353.0856347897,9600379,60.127,80.5351715087891,83.8,6716.21484375,85.9249771259894
SWE,Sweden,2012,56193.3287488246,9519374,59.719,84.2743988037109,83.6,6280.82519531,85.6250668883122
SWE,Sweden,2011,56846.1368290625,9449213,59.526,87.0713119506836,83.8,6363.61474609,85.3600748880524
SWE,Sweden,2010,55520.4324178534,9378126,58.976,88.8150329589844,83.5,4391.1171875,85.1334228515625
SWE,Sweden,2009,52950.7103332467,9298515,59.378,87.4364318847656,83.4,4118.41650391,84.9341031919813
SWE,Sweden,2008,55777.3973050094,9219637,59.836,87.9278411865234,83.2,4609.91845703,84.7517366727063
SWE,Sweden,2007,56737.3689179302,9148092,59.706,92.5184707641602,83.0,4295.55224609,84.5906875454778
SWE,Sweden,2006,55373.9338115393,9080505,59.231,96.8832015991211,82.9,3755.67529297,84.4553200620359
SWE,Sweden,2005,53198.67120001,9029572,59.116,99.7067489624023,82.8,3546.78686523,84.3499984741211
SWE,Sweden,2004,51960.5321902953,8993531,58.466,101.149261474609,82.7,3488.65771484,84.2670710494849
SWE,Sweden,2003,50072.4736462925,8958229,58.793,97.9474334716797,82.4,3107.48876953,84.1954289653543
SWE,Sweden,2002,49331.2032555738,8924958,58.716,90.6283569335938,82.1,2456.70068359,84.1342508376823
SWE,Sweden,2001,48389.8185132591,8895960,58.578,84.3506774902344,82.1,2154.63354492,84.0827152824223
SWE,Sweden,2000,47868.5077292571,8872109,58.104,,82.0,2173.1940918,84.0400009155273
SWE,Sweden,1999,45823.3018418117,8857874,58.374,,81.9,,84.00779688509
SWE,Sweden,1998,44010.1074358278,8850974,57.358,,81.9,,83.9840819295031
SWE,Sweden,1997,42241.0607742258,8846062,58.592,,81.82,,83.96246905017
SWE,Sweden,1996,41008.3531746727,8840998,59.066,,81.52,,83.9365712484942
SWE,Sweden,1995,40385.2139711185,8826939,58.996,,81.45,,83.9000015258789
SWE,Sweden,1994,39000.8277233984,8780745,58.54,,81.37,,83.8312298868944
SWE,Sweden,1993,37762.5408221358,8718561,59.355,,80.77,,83.7269008050895
SWE,Sweden,1992,38783.6397676396,8668067,60.781,,80.78,,83.6078889853357
SWE,Sweden,1991,39469.0716472828,8617375,62.138,,80.53,,83.4950691325043
SWE,Sweden,1990,40199.7074219831,8558835,62.803,,80.4,,83.4041730411294
CHE,Switzerland,2024,85448.0585577007,9005582,62.53,78.5037384033203,86.2,,85.4615370020764
CHE,Switzerland,2023,85383.3564504008,8888822,62.375,78.7506637573242,86.0,11783.66992188,85.1854212679815
CHE,Switzerland,2022,85762.2829174304,8777088,61.931,78.8906402587891,85.5,10930.13964844,84.9206266284521
CHE,Switzerland,2021,83524.9832880195,8704546,62.631,75.9534072875977,85.8,11197.76464844,84.2006477608879
CHE,Switzerland,2020,79270.8713687141,8638167,62.636,71.1914291381836,85.1,10294.578125,82.3416838515457
CHE,Switzerland,2019,81694.630652314,8575280,63.079,68.6342697143555,85.8,9609.80273438,80.7792907322229
CHE,Switzerland,2018,81371.8944120855,8514329,63.007,66.2318420410156,85.7,9541.07421875,79.2922201625844
CHE,Switzerland,2017,79333.7437810881,8451840,62.705,64.0415267944336,85.6,9354.22070313,77.9126273688843
CHE,Switzerland,2016,78956.0667315042,8373338,62.934,61.9978904724121,85.6,9201.47460938,76.6726675773771
CHE,Switzerland,2015,78325.7487417695,8282396,62.36,61.7639312744141,85.1,9200.10058594,75.6044960143169
CHE,Switzerland,2014,78086.6805249841,8188649,61.988,58.4896507263184,85.4,9469.6640625,74.7402679059582
CHE,Switzerland,2013,77084.6656456739,8089346,61.21,56.568531036377,85.0,9247.28417969,74.1121384785551
CHE,Switzerland,2012,76570.2378987121,7996861,60.903,54.921630859375,84.9,8868.98144531,73.7522629583622
CHE,Switzerland,2011,76527.3361539945,7912398,60.613,53.1403388977051,85.0,9139.43066406,73.65058748615
CHE,Switzerland,2010,76308.8064520802,7824909,60.021,52.520679473877,84.5,7645.25732422,73.6086716419323
CHE,Switzerland,2009,74672.9512725807,7743831,61.646,50.5931816101074,84.4,7263.62695313,73.5741230920283
CHE,Switzerland,2008,77103.7188320632,7647675,61.329,49.4976196289062,84.4,7075.70751953,73.5482927401305
CHE,Switzerland,2007,76161.5600232116,7551117,59.956,45.928409576416,84.2,6124.81445313,73.5283795081459
CHE,Switzerland,2006,73901.6149628577,7483934,59.755,43.8486404418945,84.0,5657.28222656,73.5115823179813
CHE,Switzerland,2005,71414.3495582368,7437115,59.35,41.9665794372559,83.9,5661.17431641,73.4951000915434
CHE,Switzerland,2004,69812.378758031,7389625,59.132,40.5377311706543,83.7,5593.4765625,73.4761317507392
CHE,Switzerland,2003,68521.3420292943,7339001,59.497,38.2751998901367,83.2,5005.11816406,73.4518762174754
CHE,Switzerland,2002,69228.3683320733,7284753,59.358,34.8213500976562,83.1,4198.36376953,73.4195324136588
CHE,Switzerland,2001,69489.6995050103,7229854,58.797,33.7478408813477,83.1,3751.75244141,73.3762992611964
CHE,Switzerland,2000,68834.8179906591,7184250,57.595,32.7182884216309,82.6,3550.12597656,73.302430524727
CHE,Switzerland,1999,66795.8879655155,7143991,58.124,,82.5,,73.1362140280151
CHE,Switzerland,1998,66006.2566369566,7110001,58.014,,82.5,,72.8556433017258
CHE,Switzerland,1997,64414.4578915682,7088906,56.924,,82.04,,72.4834259015645
CHE,Switzerland,1996,63243.2134310286,7071850,56.867,,82.0,,72.0359167090865
CHE,Switzerland,1995,63169.2827232412,7040687,52.01,,81.69,,71.5294706058473
CHE,Switzerland,1994,61091.4960852373,6993795,51.951,,81.71,,70.9804424734025
CHE,Switzerland,1993,59202.9850165162,6938265,52.819,,81.43,,70.4051871933076
CHE,Switzerland,1992,61004.7423539695,6875364,52.186,,81.33,,69.820059647118
CHE,Switzerland,1991,62404.0627797363,6799978,51.823,,81.1,,69.2414147163891
CHE,Switzerland,1990,63921.4227334201,6715519,51.611,,80.71,,68.6623855629981
SYR,Syrian Arab Republic,2024,,24672760,12.772,,74.916,,72.0761345758254
SYR,Syrian Arab Republic,2023,,23594623,12.879,,74.412,33.34017944,72.1673803143204
SYR,Syrian Arab Republic,2022,4579.43973633341,22462173,13.02,,75.204,53.26486588,72.6124992370605
SYR,Syrian Arab Republic,2021,4765.52911357702,21628839,12.824,,74.594,53.4726181,73.0125007629395
SYR,Syrian Arab Republic,2020,4810.61072632598,21049429,12.668,,74.808,37.03173065,73.4125031102512
SYR,Syrian Arab Republic,2019,4928.02885412028,20353534,13.39,,74.253,55.2208252,73.8248788261986
SYR,Syrian Arab Republic,2018,5061.49399424562,19577845,13.137,,72.185,46.24067307,74.0612602381775
SYR,Syrian Arab Republic,2017,5083.65173888422,19224668,12.939,,71.877,35.57104874,74.5395596323392
SYR,Syrian Arab Republic,2016,5128.91822862296,19193834,12.802,47.3806610107422,71.924,27.40652657,75.15400963398
SYR,Syrian Arab Republic,2015,5414.83905242808,19424618,12.729,50.8346405029297,70.646,38.17871475,75.7529067188542
SYR,Syrian Arab Republic,2014,5414.37509688242,20273659,12.812,45.2856788635254,71.198,48.91549683,76.0
SYR,Syrian Arab Republic,2013,5648.60213025874,21666917,13.03,31.3121795654297,70.871,47.07229233,73.0620491886137
SYR,Syrian Arab Republic,2012,7296.32886794228,22759763,13.499,28.4622097015381,71.525,66.27796173,65.0896662830335
SYR,Syrian Arab Republic,2011,9854.03380162757,22878098,14.934,24.3869705200195,74.86,78.28834534,58.4817704183521
SYR,Syrian Arab Republic,2010,9749.57445219825,22482421,12.979,22.8172798156738,75.618,91.5537796,55.6962002889119
SYR,Syrian Arab Republic,2009,9481.56997895749,21976969,13.21,21.8238105773926,75.603,88.00678253,55.0293653833552
SYR,Syrian Arab Republic,2008,9093.12956891463,21636564,13.703,20.3809795379639,75.469,82.92500305,54.5858464394493
SYR,Syrian Arab Republic,2007,9017.08718303559,20884125,14.214,19.6328105926514,75.36,72.10467529,54.2883969431774
SYR,Syrian Arab Republic,2006,9074.77248149943,19637022,15.388,19.6910591125488,75.097,64.00552368,54.059770380523
SYR,Syrian Arab Republic,2005,9016.72035122178,18814091,16.538,17.0644798278809,74.85,62.29284668,53.8227202374695
SYR,Syrian Arab Republic,2004,8710.00892967907,18336875,17.747,13.8044500350952,74.552,60.20412827,53.5
SYR,Syrian Arab Republic,2003,8351.46523749691,17889296,19.01,12.3023996353149,74.167,59.87030792,53.1024010548332
SYR,Syrian Arab Republic,2002,8502.49347216329,17468332,19.616,11.5706796646118,73.656,62.74715805,52.6957745699164
SYR,Syrian Arab Republic,2001,8075.78409924022,17051338,20.241,,73.171,57.71026993,52.2854637030759
SYR,Syrian Arab Republic,2000,7973.98131632478,16637888,20.887,,72.747,53.69049835,51.876811612138
SYR,Syrian Arab Republic,1999,8120.49247797398,16228061,18.594,,72.452,,51.4751614549293
SYR,Syrian Arab Republic,1998,8636.63340064551,15820413,16.511,,72.257,,51.085856389276
SYR,Syrian Arab Republic,1997,8299.18931658219,15417542,17.723,,72.263,,50.7142395730045
SYR,Syrian Arab Republic,1996,8112.37387274033,15018104,19.043,,72.367,,50.3656541639413
SYR,Syrian Arab Republic,1995,7589.39692908815,14616801,20.484,12.1378402709961,72.523,,50.0454433199127
SYR,Syrian Arab Republic,1994,7294.86310469369,14208583,20.094,12.5198497772217,72.717,,49.7587435362079
SYR,Syrian Arab Republic,1993,7007.72494284254,13795686,19.739,13.6116104125977,72.806,,49.5009544172498
SYR,Syrian Arab Republic,1992,6803.92916498791,13385571,19.52,13.1860504150391,72.744,,49.2650458476971
SYR,Syrian Arab Republic,1991,6210.41568146904,12980821,19.062,13.553750038147,72.511,,49.0471498206329
SYR,Syrian Arab Republic,1990,5952.3583016801,12579208,18.798,13.478349685669,72.145,,48.8433810968973
TJK,Tajikistan,2024,4755.93296704719,10590927,21.946,34.6813599020052,74.141,,26.1788063651548
TJK,Tajikistan,2023,4472.3241378777,10389799,21.674,34.0234005542585,73.976,85.14702606,26.1890127571429
TJK,Tajikistan,2022,4213.75618362687,10182222,21.395,33.6035586866012,73.776,78.61326599,26.1957126615618
TJK,Tajikistan,2021,3985.91247611219,9966908,20.592,32.1675394894783,71.863,75.10315704,26.1991525151375
TJK,Tajikistan,2020,3724.7489591466,9749310,20.487,30.7710064146412,71.088,74.17329407,26.1925442328719
TJK,Tajikistan,2019,3649.88375518646,9529966,20.681,,73.182,60.51568222,26.1300735473633
TJK,Tajikistan,2018,3479.69235966041,9307333,21.43,,72.974,58.51539993,26.2338752746582
TJK,Tajikistan,2017,3312.71202243506,9085946,22.25,24.7403106689453,72.717,56.85092545,26.2731513977051
TJK,Tajikistan,2016,3169.9667820524,8865631,23.032,22.6796894073486,72.317,54.9213562,26.3718509674072
TJK,Tajikistan,2015,3041.44479553257,8643840,23.907,19.934440612793,72.156,62.75804901,26.478832244873
TJK,Tajikistan,2014,2943.08867917317,8425552,24.795,17.4420509338379,72.127,73.06859589,26.5633735656738
TJK,Tajikistan,2013,2828.38542075147,8216724,25.694,15.5088500976562,71.966,67.62356567,26.4883155822754
TJK,Tajikistan,2012,2700.09546037358,8014084,26.606,14.8713903427124,71.715,56.97117615,26.4102249145508
TJK,Tajikistan,2011,2572.48074895498,7824785,27.511,14.6670904159546,71.297,48.8431282,26.4792213439941
TJK,Tajikistan,2010,2449.27358745359,7652141,28.405,15.0943002700806,71.074,42.28567886,26.5274312963978
TJK,Tajikistan,2009,2349.50030269416,7490230,29.308,14.8808097839356,70.998,38.9187851,26.529186594207
TJK,Tajikistan,2008,2308.09430040334,7338403,31.66,14.6829996109009,70.606,41.35135651,26.5306015116451
TJK,Tajikistan,2007,2181.89798056536,7194477,34.093,14.0765600204468,70.126,28.58950996,26.5315339938424
TJK,Tajikistan,2006,2063.288508243,7057566,36.597,13.2931404113769,69.582,20.04485893,26.5321180842215
TJK,Tajikistan,2005,1965.30020458256,6924720,39.16,12.3483896255493,69.12,17.38472557,26.5324878262051
TJK,Tajikistan,2004,1878.28696227255,6790547,41.766,11.5795698165894,69.239,14.6509676,26.5327772632159
TJK,Tajikistan,2003,1736.64039749855,6658575,44.404,10.6201000213623,68.169,10.97546482,26.5331204386766
TJK,Tajikistan,2002,1594.93890470219,6531669,44.4,9.65412998199463,67.381,8.21969986,26.5336513960096
TJK,Tajikistan,2001,1467.39882474638,6407377,44.397,9.24987030029297,66.215,7.56599855,26.5345041786379
TJK,Tajikistan,2000,1365.23327447129,6284735,44.394,10.166729927063,66.086,5.90626955,26.5355104669232
TJK,Tajikistan,1999,1275.82249026045,6208370,44.385,9.63825035095215,65.668,,26.5734242965209
TJK,Tajikistan,1998,1236.67552895556,6176397,44.372,,64.832,,26.8051784145572
TJK,Tajikistan,1997,1181.28110133633,6139829,44.363,,64.403,,27.2166948515698
TJK,Tajikistan,1996,1175.79407235242,6066523,44.361,,63.521,,27.769317170259
TJK,Tajikistan,1995,1439.50277584065,5948584,44.363,,63.864,,28.4243889333252
TJK,Tajikistan,1994,1678.33851733918,5825368,44.362,,63.597,,29.1432537034689
TJK,Tajikistan,1993,2169.96747353928,5724993,44.341,,63.762,,29.8872550433905
TJK,Tajikistan,1992,2630.38658066186,5649400,44.309,,63.336,,30.6177365157904
TJK,Tajikistan,1991,3777.10750632183,5541205,44.299,,63.873,,31.2960416833691
TJK,Tajikistan,1990,4173.04607982249,5398768,44.304,,63.985,,31.8835141088268
TZA,Tanzania,2024,3713.26293945313,68560157,80.288,3.62706995010376,69.999,,36.1684458862992
TZA,Tanzania,2023,3620.79345703125,66617606,80.33,4.66307392103225,69.775,36.25619888,35.4748019434954
TZA,Tanzania,2022,3546.98095703125,64711821,80.273,4.80546023672245,69.625,35.93323135,34.8234736377147
TZA,Tanzania,2021,3493.0830078125,62830412,80.425,3.09770830644927,69.093,37.53121185,34.3500111758619
TZA,Tanzania,2020,3449.82153320313,60972798,79.344,6.54409698208139,69.961,31.7036171,33.8547246036273
TZA,Tanzania,2019,3484.63256835938,59174891,80.265,2.26994821048048,68.916,39.97783661,33.3475258518752
TZA,Tanzania,2018,3392.68872070313,57437145,80.234,3.30380313890262,68.251,41.27171326,32.8287423010834
TZA,Tanzania,2017,3318.28833007813,55652890,80.202,4.00357728903147,67.57,39.03767014,32.2987013317296
TZA,Tanzania,2016,3214.24682617188,53824013,80.164,2.74195604960671,66.844,36.65267563,31.7577303242916
TZA,Tanzania,2015,3111.44458007813,52020962,80.123,2.76781965993753,66.237,33.27184296,31.2061566592472
TZA,Tanzania,2014,3027.56909179688,50351512,80.089,,65.596,39.85456848,30.6443077170742
TZA,Tanzania,2013,2924.86328125,48824128,81.098,2.55479164054028,64.784,43.46931839,30.0725108782502
TZA,Tanzania,2012,2822.4853515625,47374260,82.069,2.77996274945576,64.228,41.99654007,29.4878764597911
TZA,Tanzania,2011,2779.70776367188,46029367,83.001,,63.42,37.75179672,28.865726405543
TZA,Tanzania,2010,2654.80346679688,44758488,83.896,1.90912463313797,62.904,37.18493271,28.1968953939105
TZA,Tanzania,2009,2560.81103515625,43633982,84.751,,62.151,33.9993782,27.498387547781
TZA,Tanzania,2008,2493.25927734375,42570728,85.572,,61.597,36.26182556,26.7851328989335
TZA,Tanzania,2007,2423.61596679688,41435512,86.361,0.938279986381531,60.907,36.23610306,26.0720614791471
TZA,Tanzania,2006,2334.1044921875,40294902,87.119,,60.076,35.59762955,25.3741033202009
TZA,Tanzania,2005,2253.09326171875,39182076,86.6,0.924239993095398,59.099,27.71374512,24.7061884538741
TZA,Tanzania,2004,2155.24145507813,38109668,86.064,0.705869972705841,58.207,23.4493866,24.0832469119457
TZA,Tanzania,2003,2059.83740234375,37089555,85.51,0.550040006637573,57.232,20.39437675,23.5202087261949
TZA,Tanzania,2002,1982.64428710938,36121304,84.939,0.348690003156662,56.16,17.0355854,23.0306918214565
TZA,Tanzania,2001,1899.74536132813,35198299,84.35,0.318089991807938,55.316,15.1739912,22.5963228653037
TZA,Tanzania,2000,1839.93664550781,34260139,84.345,0.301310002803802,54.329,12.33031845,22.1944164040635
TZA,Tanzania,1999,1810.97155761719,33300330,84.328,0.256269991397858,53.378,,21.8208464156511
TZA,Tanzania,1998,1773.72424316406,32420458,84.316,0.214729994535446,52.851,,21.4707357691933
TZA,Tanzania,1997,1755.8037109375,31578089,84.301,0.243310004472732,52.428,,21.1392073338172
TZA,Tanzania,1996,1730.55456542969,30945762,84.314,0.184310004115105,52.412,,20.8213839786497
TZA,Tanzania,1995,1685.85107421875,30383497,84.333,0.152150005102158,52.419,,20.5123885728178
TZA,Tanzania,1994,1679.66235351563,29442356,84.276,0.142020002007484,52.558,,20.2073439854484
TZA,Tanzania,1993,1718.39306640625,28332692,84.179,0.12041000276804,52.803,,19.9013730856684
TZA,Tanzania,1992,1751.91845703125,27457588,84.116,0.11438000202179,53.11,,19.589598742605
TZA,Tanzania,1991,1785.66394042969,26780436,84.084,0.109010003507137,53.528,,19.2671438253849
TZA,Tanzania,1990,1794.20458984375,26110207,84.054,,53.75,,18.9291312031352
THA,Thailand,2024,21882.2142474833,71668011,59.473,51.5777288105997,80.978,,61.8689338391321
THA,Thailand,2023,21245.2706771879,71702435,60.311,52.2406320377059,80.861,326.50482178,60.9341926574707
THA,Thailand,2022,20768.4800093577,71735329,59.576,49.6871101465991,79.79,369.97647095,59.742374420166
THA,Thailand,2021,20236.9760408784,71727332,59.18,49.9275516782207,82.098,363.72845459,58.5087776184082
THA,Thailand,2020,19950.2844063147,71641484,59.106,49.2478167092024,81.904,304.3817749,57.2358779907227
THA,Thailand,2019,21280.1504518601,71522271,58.9,52.1112881079867,81.763,288.31097412,55.9266166687012
THA,Thailand,2018,20882.1707419576,71376079,59.569,53.9808588108715,81.629,274.71221924,54.5843734741211
THA,Thailand,2017,20096.8605455164,71160187,59.351,55.0749782401459,81.383,247.08152771,49.2311973571777
THA,Thailand,2016,19372.7128024107,70859841,60.17,57.4214006652236,81.105,229.7849884,47.8801095551247
THA,Thailand,2015,18814.0408554566,70540795,61.068,53.7092451288539,80.858,219.15092468,46.9521043776171
THA,Thailand,2014,18326.604873747,70216367,61.447,57.1756516312605,80.497,213.74395752,46.3138799467897
THA,Thailand,2013,18244.4071505088,69845114,61.78,57.0199391242802,80.109,207.81243896,45.8321343847773
THA,Thailand,2012,17871.5786477565,69436098,65.071,57.5308348897401,79.672,201.70690918,45.373565813715
THA,Thailand,2011,16768.1688542486,69007208,65.806,58.9831326097932,79.247,191.74464417,44.8048723557374
THA,Thailand,2010,16732.187029014,68579447,63.685,52.9227687141615,78.738,168.61891174,44.0018736622496
THA,Thailand,2009,15667.6047343164,68121080,64.659,51.3111114501953,78.19,149.67800903,42.9991311200422
THA,Thailand,2008,15893.5084947968,67619830,64.867,51.1177711486816,77.716,149.06762695,41.8954507430475
THA,Thailand,2007,15744.3652449147,67102394,64.808,53.0568885803223,77.313,125.10979462,40.7036878697821
THA,Thailand,2006,15052.6955101059,66567687,64.281,46.1193618774414,76.967,103.26116943,39.4424037014582
THA,Thailand,2005,14459.825626203,66017420,65.23,47.4978713989258,76.61,90.61147308,38.1301594392881
THA,Thailand,2004,13998.521730812,65452047,64.808,46.1483612060547,75.845,82.91682434,36.785516284484
THA,Thailand,2003,13288.7481561137,64868166,64.99,44.3748817443848,75.97,76.13368225,35.4270354382579
THA,Thailand,2002,12513.5421967032,64266437,65.107,42.5041999816895,75.717,69.68746185,34.0732781018222
THA,Thailand,2001,11902.6109229705,63651141,65.255,41.6381912231445,75.591,57.19389343,32.7428054763889
THA,Thailand,2000,11623.7874580461,63007815,65.596,38.7144584655762,75.244,62.21043015,31.4626212652205
THA,Thailand,1999,11254.6098303333,62299043,65.185,37.3841209411621,74.975,,30.1568149999886
THA,Thailand,1998,10898.3370239872,61522630,66.361,,74.685,,28.7216489344742
THA,Thailand,1997,11954.1474335919,60724584,67.743,,74.506,,27.1975244444636
THA,Thailand,1996,12457.6820831228,59920064,67.565,,74.255,,25.6410878617897
THA,Thailand,1995,11955.2188089811,59098232,66.556,,73.909,,24.1089855182854
THA,Thailand,1994,11216.2548285636,58260854,65.456,,73.6,,22.6578637457835
THA,Thailand,1993,10539.9611081001,57408198,65.452,21.1266708374023,73.267,,21.344368876117
THA,Thailand,1992,9887.97373654022,56528834,65.474,,73.016,,20.2251472411188
THA,Thailand,1991,9295.04057342995,55637434,65.522,,72.706,,19.3568451726218
THA,Thailand,1990,8702.899560469,54738329,65.605,,72.384,,18.8071480847314
TLS,Timor-Leste,2024,3890.95754653453,1400638,61.457,,69.672,,28.6641074179574
TLS,Timor-Leste,2023,4331.07792560386,1384286,60.774,31.5507306442772,69.436,144.21452332,28.595471832952
TLS,Timor-Leste,2022,5348.49182701353,1369295,61.166,,69.131,174.91529846,28.5857292288968
TLS,Timor-Leste,2021,6825.0458085995,1350139,61.212,,67.959,132.07870483,28.7927371734472
TLS,Timor-Leste,2020,6594.8817078452,1326053,60.457,,68.871,118.49451447,28.9619049897647
TLS,Timor-Leste,2019,5103.14964292207,1300945,61.034,,68.285,78.01346588,29.1148755245217
TLS,Timor-Leste,2018,4188.84099191337,1275959,61.62,,67.955,78.07413483,29.248617510057
TLS,Timor-Leste,2017,4290.02709296562,1251703,61.479,,67.609,86.16269684,29.3600996787092
TLS,Timor-Leste,2016,4515.422459894,1228312,61.26,,67.311,92.69400787,29.4462907628171
TLS,Timor-Leste,2015,4467.80007184896,1205131,61.298,,67.033,101.4779892,29.5043315008419
TLS,Timor-Leste,2014,4445.35926887033,1181903,61.365,,66.737,93.10574341,29.5463092024041
TLS,Timor-Leste,2013,4340.27839503511,1158695,61.507,,66.433,102.79840851,29.5836906253246
TLS,Timor-Leste,2012,4297.91482449132,1134885,61.579,,66.102,71.46888733,29.6136082349605
TLS,Timor-Leste,2011,4189.79978481015,1110207,61.703,,65.741,64.43626404,29.633352306451
TLS,Timor-Leste,2010,4047.24940614314,1084679,61.928,14.8118801116943,65.341,52.6151619,29.6398840020416
TLS,Timor-Leste,2009,3792.35831612987,1058782,62.385,13.4439296722412,64.912,50.18856049,29.4007657042596
TLS,Timor-Leste,2008,3530.88217479074,1032429,62.926,,64.509,43.71953964,28.8076745459306
TLS,Timor-Leste,2007,3256.56980118129,1004889,63.514,,64.052,30.51906586,28.0011655196859
TLS,Timor-Leste,2006,3038.9523176563,976597,64.044,,63.542,27.90169907,27.121697883382
TLS,Timor-Leste,2005,3263.94446005573,948311,63.842,,62.917,25.72540092,26.3097308948751
TLS,Timor-Leste,2004,3234.97583674338,929074,64.064,,62.357,20.22569466,25.7040830077802
TLS,Timor-Leste,2003,3264.94647161828,916878,64.217,,61.741,15.18759537,25.2611540807581
TLS,Timor-Leste,2002,3480.9884722922,879159,64.124,9.393630027771,61.082,,24.8506108883184
TLS,Timor-Leste,2001,4038.33571017769,812249,63.704,,60.355,,24.469641672156
TLS,Timor-Leste,2000,3783.78329545739,745088,64.178,,59.645,,24.1139427164365
TLS,Timor-Leste,1999,2136.6494518776,834697,67.535,,48.717,,23.7792103053254
TLS,Timor-Leste,1998,2931.48082007078,942530,65.764,,50.386,,23.461140722988
TLS,Timor-Leste,1997,3073.97036772628,917184,65.599,,50.755,,23.1554302535899
TLS,Timor-Leste,1996,3038.23036830136,892282,65.685,,49.916,,22.8577751812964
TLS,Timor-Leste,1995,2891.86458508557,868146,65.907,,49.118,,22.5638717902731
TLS,Timor-Leste,1994,2786.67622050555,844493,66.007,,49.367,,22.2694163646854
TLS,Timor-Leste,1993,2674.39919964976,821437,66.081,,48.556,,21.9701051886988
TLS,Timor-Leste,1992,2493.90856413679,799318,66.299,,47.695,,21.6616345464787
TLS,Timor-Leste,1991,2318.79425313685,778278,66.532,,46.573,,21.3397007221907
TLS,Timor-Leste,1990,2143.79193647891,760345,66.876,,46.57,,21.0
TGO,Togo,2024,3351.24993111939,8406558,56.604,,63.151,,43.8148491605996
TGO,Togo,2023,3215.82300022488,8223850,56.49,,62.923,59.60503769,43.2496853032436
TGO,Togo,2022,3086.40878742334,8068616,56.238,,62.476,55.79545593,42.7332327975627
TGO,Togo,2021,2952.09730066985,7936176,55.664,,61.589,52.72237015,42.3105904515122
TGO,Togo,2020,2861.29796240513,7788054,55.335,10.7860283764189,61.445,52.75213242,41.8781527268075
TGO,Togo,2019,2862.62661160331,7619925,55.867,9.09726573740644,61.204,48.85387421,41.445731197295
TGO,Togo,2018,2787.56398409759,7458206,55.799,8.59217237717411,60.782,52.43610382,41.013328267781
TGO,Togo,2017,2708.61122396846,7324386,55.738,7.80327832029605,60.394,51.5464592,40.5809463430719
TGO,Togo,2016,2648.90084835076,7200884,55.686,7.50027166608521,59.904,50.8783493,40.1485878279739
TGO,Togo,2015,2588.27260980499,7071502,55.644,6.51597758594578,59.498,46.92110825,39.7162551272934
TGO,Togo,2014,2501.43253092917,6937644,55.609,6.27221427766141,59.044,41.96416092,39.2839506458368
TGO,Togo,2013,2416.37805101152,6798848,55.585,6.14561144461658,58.641,39.56414795,38.8516767884103
TGO,Togo,2012,2333.19276737886,6653718,55.575,5.58530089770928,58.252,35.40290833,38.4194359598204
TGO,Togo,2011,2246.56204522679,6500582,55.58,4.9894838920934,57.895,34.41139603,37.9872305648732
TGO,Togo,2010,2181.59889262038,6325788,55.598,,57.547,30.54597664,37.5545882975638
TGO,Togo,2009,2126.4413192509,6130946,55.615,,57.263,28.3035717,37.1195037247939
TGO,Togo,2008,2082.64201553182,5936138,55.606,,57.001,26.89384079,36.6808327233827
TGO,Togo,2007,2067.21836135015,5748443,55.578,,56.79,22.34309769,36.2392154091353
TGO,Togo,2006,2158.94393995769,5569664,55.527,,56.603,22.74487495,35.795057579151
TGO,Togo,2005,2164.01599552728,5413154,55.468,,56.508,20.9699707,35.3487650305291
TGO,Togo,2004,2326.60102463281,5281320,55.419,,56.179,18.62999153,34.9007435603688
TGO,Togo,2003,2407.5857838237,5154112,55.362,,55.879,17.7094574,34.4513989657696
TGO,Togo,2002,2312.96463035074,5027130,55.31,,55.644,14.65135479,34.0011370438307
TGO,Togo,2001,2283.5849230071,4904144,55.256,,55.403,13.04282379,33.5503635916513
TGO,Togo,2000,2321.9504188468,4783722,55.185,,55.295,13.0541811,33.0994844063309
TGO,Togo,1999,2399.45741291511,4665754,55.091,,55.074,,32.6489052849687
TGO,Togo,1998,2400.05346254709,4551635,54.978,1.04601001739502,54.681,,32.199032024664
TGO,Togo,1997,2519.00042956277,4438794,54.854,,54.586,,31.750270422516
TGO,Togo,1996,2278.14214284206,4291136,54.743,0.810220003128052,54.587,,31.3030262756242
TGO,Togo,1995,2185.1955668286,4110450,54.651,0.722469985485077,54.509,,30.8577053810879
TGO,Togo,1994,2133.27158147519,3904183,54.564,0.578130006790161,54.561,,30.4147135360062
TGO,Togo,1993,1863.03725042104,3887974,54.475,0.541819989681244,54.841,,29.9744565374785
TGO,Togo,1992,2169.39272878269,3932581,54.392,0.62661999464035,55.168,,29.5373401826042
TGO,Togo,1991,2324.31142051729,3822636,54.312,0.666830003261566,55.556,,29.1037702684825
TGO,Togo,1990,2409.14819593078,3714021,54.237,0.5694699883461,55.965,,28.6741525922127
TON,Tonga,2024,7180.98743332878,104175,42.5,,76.543,,21.1505271125521
TON,Tonga,2023,7031.32021704688,104597,42.617,58.6076201875125,76.405,357.54415894,21.147944541337
TON,Tonga,2022,6811.48234641523,105042,42.617,,76.176,382.79116821,21.147219451842
TON,Tonga,2021,6930.06482518663,105490,42.596,,75.693,348.79745483,21.258003897665
TON,Tonga,2020,6981.30436453629,105704,42.28,28.9355992844365,76.077,262.55459595,21.8766206823411
TON,Tonga,2019,6859.71739851786,105669,42.647,,75.965,266.68792725,22.3288155626206
TON,Tonga,2018,6885.98490469718,105567,42.606,,75.873,278.49508667,22.7017138925547
TON,Tonga,2017,6863.54796430087,105356,42.774,,75.784,246.34036255,22.9711300654966
TON,Tonga,2016,6639.98719699561,105524,42.935,,75.701,208.53982544,23.1277038505921
TON,Tonga,2015,6195.43302733786,106095,43.081,,75.623,181.91452026,23.2434422818439
TON,Tonga,2014,6097.65041861635,106609,43.21,,75.494,210.86004639,23.3431040935971
TON,Tonga,2013,5952.45690447913,107078,43.319,,75.448,171.82066345,23.4170795020344
TON,Tonga,2012,5908.02400699798,107460,43.429,,75.361,318.4196167,23.4589062635692
TON,Tonga,2011,5848.19312009382,107570,43.521,,75.267,193.43716431,23.46075468367
TON,Tonga,2010,5489.45367019062,107400,43.634,,75.166,166.58139038,23.4243619099178
TON,Tonga,2009,5454.57394388907,107203,43.725,,74.777,118.79367065,23.3612068183251
TON,Tonga,2008,5759.30612501464,107020,43.767,,74.914,190.86582947,23.2889000757567
TON,Tonga,2007,5507.35733894364,106726,43.814,,74.774,134.56217957,23.2239976577967
TON,Tonga,2006,5671.64079163565,106253,43.908,,74.614,149.22753906,23.1801421282521
TON,Tonga,2005,5829.1173260211,105671,44.037,,74.469,108.29302216,23.1473956500293
TON,Tonga,2004,5901.21343135785,105071,44.146,,74.404,102.70134735,23.1191794451059
TON,Tonga,2003,6054.65554234045,104464,44.235,8.58843994140625,74.226,68.05188751,23.0943621775072
TON,Tonga,2002,6085.89291010605,103874,44.316,7.71356010437012,74.036,62.6541748,23.071428585567
TON,Tonga,2001,5860.83162290404,103288,44.412,,73.792,55.2772522,23.0488634076195
TON,Tonga,2000,5809.00929738723,102677,44.526,,73.671,53.3949585,23.0251513819988
TON,Tonga,1999,5633.44423786367,102046,44.652,3.86997008323669,73.472,,22.998777247039
TON,Tonga,1998,5542.39330688545,101388,44.775,,73.277,,22.9682257410741
TON,Tonga,1997,5456.60423424372,100674,44.894,,73.073,,22.9319816024383
TON,Tonga,1996,5511.41450656968,100275,45.076,,72.859,,22.8856927807696
TON,Tonga,1995,5509.04512310938,100225,45.295,,72.634,,22.8203499530649
TON,Tonga,1994,5189.10434041494,100166,45.467,,72.385,,22.7314128227714
TON,Tonga,1993,4947.35147939204,100103,43.133,,72.146,,22.6228339673977
TON,Tonga,1992,4772.94258546235,100022,40.786,,71.852,,22.4972363831331
TON,Tonga,1991,4766.99902463283,99895,38.491,,71.637,,22.3572430661665
TON,Tonga,1990,4488.39423743031,99700,36.288,,71.399,,22.205477012687
TTO,Trinidad and Tobago,2024,31960.1568888983,1368333,48.149,29.8116494284159,76.825,,53.961056681951
TTO,Trinidad and Tobago,2023,31196.603554718,1367510,50.031,,76.683,1276.33862305,53.9536842104572
TTO,Trinidad and Tobago,2022,30784.1112580356,1365805,50.02,,76.522,1266.28820801,53.9474037904998
TTO,Trinidad and Tobago,2021,30482.1201798631,1367558,48.879,,74.481,1170.93859863,53.9421278853848
TTO,Trinidad and Tobago,2020,30720.8876936042,1366725,49.325,,76.044,1059.72583008,53.9377689584806
TTO,Trinidad and Tobago,2019,33748.7060849924,1363985,51.033,,76.034,1097.20556641,53.9342394732739
TTO,Trinidad and Tobago,2018,33710.0178540008,1359193,51.338,,75.896,1080.45397949,53.9314518934907
TTO,Trinidad and Tobago,2017,34095.9899256152,1356633,51.621,,76.038,1083.37609863,53.9293186833833
TTO,Trinidad and Tobago,2016,35914.9901970983,1353895,51.922,,75.978,1064.41772461,53.9277523084951
TTO,Trinidad and Tobago,2015,38963.9641783011,1349667,51.964,,75.903,1061.58666992,53.926665238022
TTO,Trinidad and Tobago,2014,39248.6570516023,1345343,53.39,,75.841,1010.82769775,53.9259699537793
TTO,Trinidad and Tobago,2013,37994.0686480473,1340557,52.957,,75.716,970.90222168,53.9255789963372
TTO,Trinidad and Tobago,2012,36903.6898574094,1335194,52.886,,75.496,895.08026123,53.9254053431618
TTO,Trinidad and Tobago,2011,34769.7620251376,1328019,51.11,,75.227,872.96398926,53.9253615474727
TTO,Trinidad and Tobago,2010,35145.1253639062,1317714,52.201,,74.912,825.16088867,54.0899565963587
TTO,Trinidad and Tobago,2009,34212.2683057008,1310106,53.0,,74.536,776.62243652,54.3920297229449
TTO,Trinidad and Tobago,2008,35825.3333456362,1308587,54.572,,74.287,751.54608154,54.6761864235364
TTO,Trinidad and Tobago,2007,34793.6457521105,1303188,53.906,,73.937,667.35321045,54.9393004563973
TTO,Trinidad and Tobago,2006,33348.7507470886,1297944,55.396,,73.556,568.72583008,55.1782455797922
TTO,Trinidad and Tobago,2005,29536.4394101096,1294494,55.019,,73.223,530.35229492,55.3898955519853
TTO,Trinidad and Tobago,2004,26757.9075601429,1345380,53.108,13.3007698059082,72.927,431.37268066,55.5711241312409
TTO,Trinidad and Tobago,2003,24910.823196152,1338709,51.195,10.787389755249,72.406,358.59500122,55.7188050758235
TTO,Trinidad and Tobago,2002,21876.8529070403,1332011,49.276,10.373649597168,72.094,324.36880493,55.8298121439974
TTO,Trinidad and Tobago,2001,20366.753132212,1325567,48.845,7.62105989456177,71.615,272.72851563,55.9010190940268
TTO,Trinidad and Tobago,2000,19637.5545410721,1319774,48.401,6.93900012969971,71.301,266.16275024,55.9291468285602
TTO,Trinidad and Tobago,1999,18440.5741312908,1314708,48.521,6.77968978881836,71.086,,55.9221378497883
TTO,Trinidad and Tobago,1998,17129.0911444686,1310225,48.599,,70.917,,55.8952417414289
TTO,Trinidad and Tobago,1997,15895.2438763164,1305836,48.489,,70.617,,55.8490234420447
TTO,Trinidad and Tobago,1996,14838.9026529676,1300928,48.388,,70.548,,55.7836876407195
TTO,Trinidad and Tobago,1995,13912.3133299045,1295169,46.231,,70.505,,55.6994390265373
TTO,Trinidad and Tobago,1994,13472.7464155031,1288341,45.396,,70.358,,55.5964822885821
TTO,Trinidad and Tobago,1993,13088.7073855168,1280466,44.547,6.02107000350952,70.292,,55.4750221159377
TTO,Trinidad and Tobago,1992,13267.9770581707,1271674,44.527,5.50376987457275,70.284,,55.3352631976883
TTO,Trinidad and Tobago,1991,12142.348150297,1262171,43.682,5.81029987335205,70.323,,55.1774102229177
TTO,Trinidad and Tobago,1990,11869.5287266317,1252208,43.394,,70.156,,55.0016678807098
TUN,Tunisia,2024,12774.9158568021,12277109,26.635,,79.332,,70.3585355691955
TUN,Tunisia,2023,12650.9615158166,12200431,26.781,49.398738861084,79.149,317.70983887,70.0266686486584
TUN,Tunisia,2022,12712.22345453,12119334,27.519,47.8295097351074,78.712,276.46380615,69.707138648303
TUN,Tunisia,2021,12444.3264026887,12048622,26.698,42.5805397033691,75.82,285.25247192,69.3997523770568
TUN,Tunisia,2020,11955.5983698479,11974057,26.274,41.8467102050781,77.745,250.40145874,69.1043166438476
TUN,Tunisia,2019,13243.9024233246,11875081,28.272,40.3639793395996,78.259,212.60031128,68.8206382576031
TUN,Tunisia,2018,13163.1952230357,11765514,27.383,39.4826812744141,78.007,215.418396,68.5485240272509
TUN,Tunisia,2017,12955.4014814241,11650498,26.477,39.514591217041,77.798,223.85903931,68.2877807617188
TUN,Tunisia,2016,12803.8797371543,11528674,26.647,39.3935012817383,77.588,240.40258789,68.0623356528248
TUN,Tunisia,2015,12802.7917211433,11402264,26.072,41.4834289550781,77.406,249.46418762,67.8807907104492
TUN,Tunisia,2014,12824.0028914441,11274288,25.733,41.8076400756836,77.263,287.60955811,67.7524643379101
TUN,Tunisia,2013,12587.9950645596,11141361,25.447,41.8755416870117,77.153,284.64538574,67.4999542236328
TUN,Tunisia,2012,12436.3958115735,11009647,25.576,43.7649993896484,77.059,270.29055786,67.2098922729492
TUN,Tunisia,2011,12068.7136257667,10886035,24.765,44.2141609191895,76.953,270.67507935,66.9191886197857
TUN,Tunisia,2010,12458.2710366551,10765980,24.792,43.5449600219727,76.902,240.75447083,66.6280059814453
TUN,Tunisia,2009,12229.7752536693,10650681,24.773,42.2665710449219,76.801,231.3591156,66.3362197875977
TUN,Tunisia,2008,11990.1962371716,10542635,24.815,39.9534683227539,76.679,230.50152588,66.0676053984361
TUN,Tunisia,2007,11613.9247511428,10441702,24.584,38.3331489562988,76.531,202.32022095,65.8000030517578
TUN,Tunisia,2006,10983.9221903991,10346410,24.489,37.190731048584,76.379,178.82592773,65.5209809651521
TUN,Tunisia,2005,10529.1598956845,10255472,23.699,33.9959983825684,76.203,169.84550476,65.2340901739004
TUN,Tunisia,2004,10263.8055422408,10166163,23.669,32.5113792419434,76.011,167.27586365,64.9272741461338
TUN,Tunisia,2003,9752.02442335824,10071632,23.655,29.0458106994629,75.79,148.93447876,64.6055972687544
TUN,Tunisia,2002,9407.55676671593,9971515,23.654,24.1092891693115,75.547,124.64620972,64.2822554892505
TUN,Tunisia,2001,9380.56317617024,9869677,23.663,21.6768894195557,75.281,114.00454712,63.9541757453358
TUN,Tunisia,2000,9134.41506327005,9764935,23.684,18.6372299194336,75.032,111.01378632,63.6166653822584
TUN,Tunisia,1999,8821.98791288257,9655963,23.716,15.7413301467896,74.737,,63.2650317452664
TUN,Tunisia,1998,8417.98493264685,9541667,23.758,13.5148601531982,74.435,,62.8945821796079
TUN,Tunisia,1997,8136.3376111408,9421270,23.812,11.9123697280884,74.038,,62.5006240305309
TUN,Tunisia,1996,7821.79219107359,9294432,23.542,11.052209854126,73.604,,62.0784646432836
TUN,Tunisia,1995,7406.23900930842,9161258,23.297,10.1588001251221,73.109,,61.623411363114
TUN,Tunisia,1994,7350.65600471494,9018448,23.073,9.56672954559326,72.624,,61.1336959993493
TUN,Tunisia,1993,7253.33614579881,8857910,22.879,8.79664993286133,72.214,,60.5537528217035
TUN,Tunisia,1992,7241.29105894738,8682512,22.764,7.69506978988647,71.877,,59.8253634803163
TUN,Tunisia,1991,6859.73427153777,8501827,22.373,6.82883977890015,71.572,,58.9804822227365
TUN,Tunisia,1990,6742.58426420551,8324509,22.245,6.06022977828979,71.224,,58.0567159911676
TUR,Turkiye,2024,36154.490436557,85518661,36.786,,80.342,,89.3443122873887
TUR,Turkiye,2023,35069.1701714685,85325965,35.764,109.999862670898,79.855,547.8145752,89.0218446796121
TUR,Turkiye,2022,33520.8111384208,84979913,35.018,130.030578613281,80.719,385.87997437,89.0381164550781
TUR,Turkiye,2021,32105.5474400506,84147318,32.774,126.784469604492,79.004,431.33978271,89.1762048153239
TUR,Turkiye,2020,28976.7179161611,83384680,30.83,117.806449890137,79.887,386.2593689,88.9303114965222
TUR,Turkiye,2019,28741.0535082701,82579440,34.289,114.014442443848,80.89,388.67486572,88.6618152857124
TUR,Turkiye,2018,28780.3036458151,81407204,34.115,109.953590393066,80.634,380.27835083,88.1655749576173
TUR,Turkiye,2017,28194.688309381,80312698,33.533,104.26927947998,80.252,432.13754272,88.0320472717286
TUR,Turkiye,2016,26489.6436816046,79277962,32.38,97.5038528442383,79.858,456.3659668,88.1020958581776
TUR,Turkiye,2015,25984.8027306177,78218479,31.416,89.8533096313477,79.74,444.70803833,87.2167107972537
TUR,Turkiye,2014,24888.8521742576,77181884,30.171,81.5194778442383,79.582,520.40753174,83.6024850744433
TUR,Turkiye,2013,24117.3121099839,76147624,30.644,74.1832504272461,79.365,547.95465088,78.5218368384696
TUR,Turkiye,2012,22517.7148287875,75175827,29.361,65.1214981079102,78.813,520.44274902,73.7788680234324
TUR,Turkiye,2011,21760.4291923634,74223629,28.639,56.9135704040527,78.121,525.89105225,71.0028723528334
TUR,Turkiye,2010,19897.4464836887,73142150,27.445,51.5875282287598,78.212,531.82861328,69.3471253941487
TUR,Turkiye,2009,18612.1925231905,72039206,25.868,41.8152809143066,77.997,492.30032349,67.8401432171223
TUR,Turkiye,2008,19839.5845462269,71051678,24.331,35.912841796875,77.702,561.73529053,66.513650890377
TUR,Turkiye,2007,19909.083519675,70158112,23.449,34.2711715698242,77.468,504.37646484,65.3389618154687
TUR,Turkiye,2006,18972.0089563632,70045349,23.426,32.256721496582,77.158,409.25881958,64.2873893939536
TUR,Turkiye,2005,17902.5966004487,69329557,23.114,28.3609199523926,76.909,357.40197754,63.3302470273874
TUR,Turkiye,2004,16583.8837094062,68592617,23.139,25.9345798492432,76.591,292.65307617,62.4388481173262
TUR,Turkiye,2003,15255.7177960689,67831730,26.545,25.5461406707764,76.319,232.5562439,61.5845060653258
TUR,Turkiye,2002,14587.894621656,67048795,27.864,21.8128299713135,76.011,181.39144897,60.7385342729423
TUR,Turkiye,2001,13872.1287284566,66245128,27.088,20.7620391845703,75.689,148.86210632,59.8722461417316
TUR,Turkiye,2000,14856.914625257,65425961,26.509,,75.365,192.8344574,58.9706120006403
TUR,Turkiye,1999,14066.1896257233,64591923,29.922,18.1173400878906,74.051,,58.0972766357343
TUR,Turkiye,1998,14704.3385744207,63734383,29.177,17.6821708679199,74.67,,57.2901857314518
TUR,Turkiye,1997,14631.2958814739,62852966,28.717,16.3058795928955,74.303,,56.5266669756207
TUR,Turkiye,1996,13826.9201097072,61951134,30.459,,73.933,,55.7904438860013
TUR,Turkiye,1995,13099.2575267612,61024503,30.799,15.0267200469971,73.522,,55.0652399803539
TUR,Turkiye,1994,12343.0041848988,60033836,31.144,14.450309753418,73.134,,54.3347787764387
TUR,Turkiye,1993,13174.467116412,58999167,26.651,10.9650802612305,72.739,,53.5827837920161
TUR,Turkiye,1992,12451.0451197948,57990118,32.59,9.59401035308838,72.332,,52.7929785448463
TUR,Turkiye,1991,12057.9354364382,57009887,33.994,8.89358043670654,71.963,,51.9490865526896
TUR,Turkiye,1990,12184.1995945303,56015628,33.931,8.27610969543457,71.519,,51.0313960347918
TKM,Turkmenistan,2024,18470.7438450744,7494498,38.35,21.2096351965832,73.006,,47.0875253910294
TKM,Turkmenistan,2023,17685.8585929282,7364438,38.228,18.9331607818604,72.839,581.38220215,47.0678875054171
TKM,Turkmenistan,2022,16943.6046037141,7230193,38.385,16.5410187646989,72.682,579.15454102,47.0592103414926
TKM,Turkmenistan,2021,16259.8700051884,7092043,37.839,13.9489668379467,72.189,471.86325073,47.0581410301711
TKM,Turkmenistan,2020,15630.9145192529,6949912,37.61,11.566897710565,71.928,420.0083313,47.0546961907259
TKM,Turkmenistan,2019,15080.9034007693,6803944,38.788,9.94218832886765,72.309,432.78118896,47.0494562466485
TKM,Turkmenistan,2018,14499.1684377606,6655524,38.933,,72.231,411.32562256,47.0423948717765
TKM,Turkmenistan,2017,13963.4045877295,6507061,39.089,,72.172,410.81082153,47.0334857399476
TKM,Turkmenistan,2016,13420.3849717471,6360041,39.273,,72.153,376.65567017,47.0227025249994
TKM,Turkmenistan,2015,12926.6637306966,6215770,39.461,,72.126,362.72949219,47.0100189007695
TKM,Turkmenistan,2014,12423.9246417745,6075283,39.682,5.47380812242496,72.091,393.86843872,46.9954085410955
TKM,Turkmenistan,2013,11516.3741234527,5939341,40.151,,72.056,339.92349243,46.9788451198152
TKM,Turkmenistan,2012,10689.3537347285,5808546,40.686,,72.018,289.13015747,46.9603023107661
TKM,Turkmenistan,2011,9837.56345513458,5683417,41.364,,71.985,251.85777283,46.9397537877858
TKM,Turkmenistan,2010,8758.89686680508,5564356,42.451,,71.844,202.7792511,46.9171732247121
TKM,Turkmenistan,2009,8186.87833253045,5451592,43.16,,71.576,178.44587708,46.8925342953825
TKM,Turkmenistan,2008,7870.0271753063,5345029,43.601,,71.164,235.91514587,46.8658106736347
TKM,Turkmenistan,2007,6993.52911567076,5244046,45.04,,70.76,261.83258057,46.8369760333063
TKM,Turkmenistan,2006,6415.71290854977,5147105,46.201,,70.417,349.6842041,46.8060040482349
TKM,Turkmenistan,2005,5889.84657742616,5052257,47.445,,70.183,324.81155396,46.7728683922582
TKM,Turkmenistan,2004,5309.64539382487,4958093,49.076,,69.934,302.85839844,46.7375427392139
TKM,Turkmenistan,2003,5154.7509814614,4863865,49.565,,69.656,199.93019104,46.7000007629395
TKM,Turkmenistan,2002,5090.38095183744,4769465,49.775,,69.306,128.08802795,46.5924846062154
TKM,Turkmenistan,2001,5179.46446676106,4675409,49.482,,68.993,120.8463974,46.3715562022892
TKM,Turkmenistan,2000,5064.28782418685,4582677,49.859,,68.622,75.52490234,46.0736689106993
TKM,Turkmenistan,1999,4898.42375360035,4492170,50.428,,68.195,,45.735276090984
TKM,Turkmenistan,1998,4282.50714571282,4410507,52.863,,67.683,,45.3928311026819
TKM,Turkmenistan,1997,4066.63089252014,4336730,53.856,,67.294,,45.0827873053312
TKM,Turkmenistan,1996,4668.36342670059,4263819,51.284,,67.046,,44.8415980584705
TKM,Turkmenistan,1995,4451.02809349502,4191203,52.153,,66.945,,44.7104145330766
TKM,Turkmenistan,1994,4883.21714193014,4116662,50.495,,66.894,,44.6942987480715
TKM,Turkmenistan,1993,6028.1027314614,4032407,47.104,,66.937,,44.7333631747595
TKM,Turkmenistan,1992,6071.08330709863,3944689,47.001,,67.032,,44.802815831344
TKM,Turkmenistan,1991,7304.00728889148,3855894,44.494,,67.108,,44.8948092738727
TKM,Turkmenistan,1990,7850.71328943211,3760562,43.633,,67.047,,45.0014960583936
TCA,Turks and Caicos Islands,2024,33390.5267148059,46535,,,80.449,,94.1670917861964
TCA,Turks and Caicos Islands,2023,31839.3705381969,46198,,32.9078014184397,80.297,,93.9324513656818
TCA,Turks and Caicos Islands,2022,28209.6242536079,45847,,23.2117805480957,80.215,,93.6922471653237
TCA,Turks and Caicos Islands,2021,25056.4880515569,45243,,,79.633,,93.4467025398547
TCA,Turks and Caicos Islands,2020,19702.5368196855,44386,,,79.999,,93.1960408439605
TCA,Turks and Caicos Islands,2019,30611.2130237381,43166,,15.6206415620642,79.966,,92.9404854322845
TCA,Turks and Caicos Islands,2018,30286.1196112151,41559,,15.7263751763047,79.879,,92.6802596594323
TCA,Turks and Caicos Islands,2017,29540.3537473151,39913,,,79.771,,92.4155868799755
TCA,Turks and Caicos Islands,2016,17625.7202843515,38315,,,79.708,,92.1466904484552
TCA,Turks and Caicos Islands,2015,17201.7720345933,36605,,,79.539,,91.8737937193851
TCA,Turks and Caicos Islands,2014,16138.8487604249,35050,,,79.402,,91.5971200472541
TCA,Turks and Caicos Islands,2013,15461.873511271,33653,,,79.261,,91.3168927865286
TCA,Turks and Caicos Islands,2012,16024.6915652254,32127,,,79.128,,91.0352667584286
TCA,Turks and Caicos Islands,2011,17147.424764127,30846,,,79.048,,90.7312950817828
TCA,Turks and Caicos Islands,2010,17000.2227766463,29739,,0.374529987573624,78.954,,90.3748294690201
TCA,Turks and Caicos Islands,2009,17512.1977777876,28588,,,78.888,,89.9678368353804
TCA,Turks and Caicos Islands,2008,22689.3160133769,27427,,0.118759997189045,78.201,,89.5140091795268
TCA,Turks and Caicos Islands,2007,21878.8206013071,26270,,,78.743,,89.0170385001222
TCA,Turks and Caicos Islands,2006,,25123,,,78.558,,88.4806167958296
TCA,Turks and Caicos Islands,2005,,23988,,,78.34,,87.908436065312
TCA,Turks and Caicos Islands,2004,,22856,,,78.011,,87.3041883072325
TCA,Turks and Caicos Islands,2003,,21727,,,77.603,,86.671565520254
TCA,Turks and Caicos Islands,2002,,20597,,,77.104,,86.0142597030394
TCA,Turks and Caicos Islands,2001,,19576,,,76.566,,85.3337963668196
TCA,Turks and Caicos Islands,2000,,18730,,,76.028,,84.6139434685266
TCA,Turks and Caicos Islands,1999,,17959,,,75.495,,83.8386551793763
TCA,Turks and Caicos Islands,1998,,17212,,,75.042,,83.0088932086415
TCA,Turks and Caicos Islands,1997,,16482,,,74.634,,82.124132153642
TCA,Turks and Caicos Islands,1996,,15765,,,74.281,,81.1838466116978
TCA,Turks and Caicos Islands,1995,,15052,,,73.959,,80.1875111801289
TCA,Turks and Caicos Islands,1994,,14344,,,73.655,,79.1346004562551
TCA,Turks and Caicos Islands,1993,,13648,,,73.361,,78.0245890373966
TCA,Turks and Caicos Islands,1992,,12970,,,73.158,,76.8569515208731
TCA,Turks and Caicos Islands,1991,,12305,,,72.812,,75.6311625040046
TCA,Turks and Caicos Islands,1990,,11688,,,72.462,,74.3523565053289
TUV,Tuvalu,2024,5592.18723602659,9646,,,70.86,,64.7254793441291
TUV,Tuvalu,2023,5315.16301028104,9816,,27.8325123152709,70.698,1723.56542969,64.0117206689787
TUV,Tuvalu,2022,5044.53984578911,9992,,,70.412,1300.46679688,63.3065768081154
TUV,Tuvalu,2021,5551.80841999248,10194,,,69.601,1122.39929199,62.6098296425994
TUV,Tuvalu,2020,5442.36321121293,10399,,,69.96,899.59460449,61.9212610534937
TUV,Tuvalu,2019,5515.89953720794,10581,,,69.735,1138.82617188,61.2406529218636
TUV,Tuvalu,2018,4785.23289965077,10751,,,69.511,819.41162109,60.5596409590777
TUV,Tuvalu,2017,4668.54376684727,10869,,,69.273,1017.49633789,59.9531274910912
TUV,Tuvalu,2016,4495.57215692486,10930,,,69.084,697.99798584,59.4744768348285
TUV,Tuvalu,2015,4277.7146690273,10963,,,68.876,451.35287476,58.9148502652344
TUV,Tuvalu,2014,3903.4345149878,10984,,,68.644,512.64215088,58.2999596618832
TUV,Tuvalu,2013,3833.48955456181,11001,,,68.436,484.58966064,57.6314336806359
TUV,Tuvalu,2012,3715.60046956613,10934,,,68.248,499.21899414,56.8964903305448
TUV,Tuvalu,2011,3879.3490996995,10780,,,68.007,536.10473633,56.0428770356731
TUV,Tuvalu,2010,3664.45034598789,10614,,,67.787,490.41107178,55.0541326559964
TUV,Tuvalu,2009,3812.13929570827,10461,,,67.547,349.2015686,53.9728070033742
TUV,Tuvalu,2008,4093.92473951632,10321,,,67.325,319.3182373,52.8338644492855
TUV,Tuvalu,2007,3893.64259975408,10182,,,67.132,292.23049927,51.6722693652096
TUV,Tuvalu,2006,3687.77123312778,10056,,,66.939,291.76730347,50.5229861226256
TUV,Tuvalu,2005,3682.89175926232,9940,,,66.763,232.03250122,49.4209790930126
TUV,Tuvalu,2004,3874.58266822844,9816,,,66.593,216.72221375,48.4012126478499
TUV,Tuvalu,2003,3998.4360743816,9695,,,66.452,274.99337769,47.4986511586165
TUV,Tuvalu,2002,4211.58993214321,9623,,,66.334,207.1824646,46.7435481854875
TUV,Tuvalu,2001,3903.20310133161,9586,,,66.161,261.71032715,46.0920220655498
TUV,Tuvalu,2000,3893.29676614411,9544,,,65.965,351.92758179,45.5119494377121
TUV,Tuvalu,1999,3949.50872239411,9496,,,65.795,,44.9854336320122
TUV,Tuvalu,1998,4031.35916663613,9451,,,65.615,,44.494793459459
TUV,Tuvalu,1997,3509.25585463937,9400,,,65.467,,44.0223477310614
TUV,Tuvalu,1996,3209.94284061686,9342,,,65.255,,43.5504152578283
TUV,Tuvalu,1995,3436.23529578401,9280,,,65.08,,43.0613148507687
TUV,Tuvalu,1994,3645.93964662586,9207,,,64.935,,42.5373653208915
TUV,Tuvalu,1993,3335.31685728064,9126,,,64.795,,41.9608854792056
TUV,Tuvalu,1992,3234.81421654899,9038,,,62.858,,41.3141941367199
TUV,Tuvalu,1991,3185.82377909019,8928,,,64.568,,40.5636816628167
TUV,Tuvalu,1990,3120.28113184545,8798,,,64.424,,39.6648377303813
UGA,Uganda,2024,2879.67009290376,50015092,75.556,,71.365,,31.2777698213557
UGA,Uganda,2023,2791.05576885861,48656601,75.445,,71.116,45.21318436,30.6059359395495
UGA,Uganda,2022,2724.90609568409,47312719,75.364,,70.544,44.47286224,29.9251969709665
UGA,Uganda,2021,2684.92035939744,45910930,74.672,,69.235,51.03484726,29.2362957789022
UGA,Uganda,2020,2678.00907202293,44457152,73.976,,69.43,44.73381805,28.5399752271502
UGA,Uganda,2019,2689.41009144919,42999637,73.85,,69.13,33.36559677,27.8369781799403
UGA,Uganda,2018,2613.87976413963,41565831,71.687,,68.473,32.9515686,27.1280475018884
UGA,Uganda,2017,2543.84754394956,40177388,69.217,,67.823,31.43818092,26.4139260579546
UGA,Uganda,2016,2554.22769062073,38799152,71.587,,67.102,39.08125305,25.6953567134098
UGA,Uganda,2015,2520.0201028843,37531446,73.722,,66.335,40.09843445,24.9777856560427
UGA,Uganda,2014,2470.50380909598,36395539,75.641,4.01275014877319,65.516,50.957798,24.1938503391826
UGA,Uganda,2013,2420.88808087266,35337042,81.909,,64.669,52.906353,22.7367659239271
UGA,Uganda,2012,2405.09455932767,34337438,65.505,3.13652992248535,63.797,55.03918457,21.372369321253
UGA,Uganda,2011,2384.4653273154,33354543,77.925,3.80314993858337,62.91,55.2076683,20.0561028736631
UGA,Uganda,2010,2244.60595194584,32390802,70.697,3.42600989341736,62.081,51.88574982,18.7990645544572
UGA,Uganda,2009,2188.29916246327,31451151,70.765,3.68933010101318,61.194,44.3670578,17.6123523369348
UGA,Uganda,2008,2110.10049271503,30539553,70.836,3.34853005409241,60.202,40.04308701,16.5070641943955
UGA,Uganda,2007,1999.0624896434,29653430,70.902,,59.16,36.10126495,15.494298100139
UGA,Uganda,2006,1898.97915280479,28794003,70.964,3.06022000312805,58.042,31.60310555,14.5851520274647
UGA,Uganda,2005,1765.03788457066,27963289,71.027,,56.853,25.86819267,13.7907239496723
UGA,Uganda,2004,1709.36159216857,27154515,71.085,2.78642988204956,55.599,18.60707474,13.1221118400615
UGA,Uganda,2003,1649.1482601448,26352124,71.137,2.81434988975525,54.338,14.23364067,12.5904136719317
UGA,Uganda,2002,1598.5828380849,25532870,71.189,2.70026993751526,53.305,15.74441719,12.202793574555
UGA,Uganda,2001,1516.96423755695,24745676,71.229,1.95114004611969,52.318,15.99579906,11.9013889740088
UGA,Uganda,2000,1487.00498853512,24000150,71.247,1.75592994689941,51.405,16.42602158,11.6414758125187
UGA,Uganda,1999,1487.75796178874,23257281,71.247,1.33718001842499,50.687,,11.4173129535746
UGA,Uganda,1998,1422.20789184705,22515806,71.236,,50.001,,11.2213607656387
UGA,Uganda,1997,1396.63106915218,21856046,71.202,,49.838,,11.0460796171733
UGA,Uganda,1996,1367.94573764936,21231550,71.147,1.17763996124268,49.677,,10.8839298766407
UGA,Uganda,1995,1288.50886674348,20665667,71.069,1.00638997554779,49.669,,10.7273719125031
UGA,Uganda,1994,1187.36780541734,20108801,70.98,0.911549985408783,49.737,,10.5688660932226
UGA,Uganda,1993,1153.99369070318,19445161,70.906,0.774640023708344,49.808,,10.4008727872617
UGA,Uganda,1992,1102.72992145701,18785032,70.845,0.680890023708344,49.852,,10.2158523630824
UGA,Uganda,1991,1103.22897278835,18155901,70.804,0.672599971294403,49.839,,10.0053233054698
UGA,Uganda,1990,1080.03830980398,17569897,70.783,0.588339984416962,49.846,,9.76236043110886
UKR,Ukraine,2024,16371.44140625,37860221,,80.1634292602539,79.393,,69.5315643200148
UKR,Ukraine,2023,15916.9580078125,37732836,,82.0221481323242,80.198,,69.4754455027606
UKR,Ukraine,2022,13787.12109375,41048766,,,79.413,,69.42345912103
UKR,Ukraine,2021,17846.408203125,44298640,47.738,80.6778566384496,76.033,369.90487671,69.4027032653896
UKR,Ukraine,2020,17092.5390625,44680014,48.1,86.3139423375747,78.024,265.07846069,69.3839100516745
UKR,Ukraine,2019,17636.5546875,44957458,49.214,89.9799803822954,78.73,242.81388855,69.3527648708735
UKR,Ukraine,2018,16978.984375,45208907,49.498,86.4879838892918,78.326,217.73760986,69.3157992777909
UKR,Ukraine,2017,16310.3603515625,45436041,49.785,85.5655948924914,78.55,183.69506836,69.2633108489282
UKR,Ukraine,2016,15856.8125,45616832,50.072,82.178776606117,78.004,154.5546875,69.2102241609089
UKR,Ukraine,2015,15403.7099609375,45784896,50.36,82.857257382087,77.458,154.75454712,69.1587317201337
UKR,Ukraine,2014,16978.8125,45972380,50.648,90.2878348077098,76.818,208.94400024,69.0554339301313
UKR,Ukraine,2013,17889.091796875,46126770,50.937,89.0957933893404,76.424,275.94143677,68.9326288082226
UKR,Ukraine,2012,17848.740234375,46210056,51.23,89.8631669541472,76.049,270.76205444,68.8241983107739
UKR,Ukraine,2011,17783.95703125,46307853,51.523,92.0280483560592,75.678,240.17747498,68.7234299826222
UKR,Ukraine,2010,16811.794921875,46456003,51.816,91.4391394934517,75.254,199.49559021,68.637397133357
UKR,Ukraine,2009,16092.7958984375,46623731,52.109,92.6070785522461,74.573,165.98542786,68.5251442249547
UKR,Ukraine,2008,18883.986328125,46819175,52.403,88.8307189941406,74.053,212.75292969,68.3752085755346
UKR,Ukraine,2007,18374.013671875,47062798,52.697,84.667236328125,73.706,183.18217468,68.2102322372037
UKR,Ukraine,2006,16901.5078125,47278694,52.595,79.6354904174805,73.521,146.27377319,68.0293347798948
UKR,Ukraine,2005,15610.5732421875,47585556,52.646,73.9260330200195,73.5,114.63265228,67.8136046317755
UKR,Ukraine,2004,15021.06640625,47979507,52.697,69.9675827026367,73.418,83.23918915,67.5970968423685
UKR,Ukraine,2003,13342.8798828125,48315136,52.752,66.2390518188477,73.517,67.87039948,67.419679868405
UKR,Ukraine,2002,12092.7890625,48677281,52.808,61.7384986877441,73.526,52.11910248,67.2672733350904
UKR,Ukraine,2001,11379.3857421875,49106855,52.864,57.2480392456055,73.52,44.14328766,67.2749805493459
UKR,Ukraine,2000,10364.0625,49556660,52.921,54.0463600158691,73.514,34.62232971,67.403857296906
UKR,Ukraine,1999,9704.4453125,49976446,52.979,51.6058387756348,73.582,,67.4811633424084
UKR,Ukraine,1998,9646.0546875,50379731,53.041,49.0581398010254,73.473,,67.5546753434196
UKR,Ukraine,1997,9754.0498046875,50786885,53.105,,73.197,,67.6298703351538
UKR,Ukraine,1996,9969.5009765625,51226109,53.167,,72.763,,67.7194202781316
UKR,Ukraine,1995,10983.0087890625,51665539,53.229,,72.704,,67.8409658081403
UKR,Ukraine,1994,12410.525390625,52075998,53.292,46.6810188293457,72.898,,67.9169130547952
UKR,Ukraine,1993,16012.3720703125,52350126,53.357,,73.409,,67.9179660907452
UKR,Ukraine,1992,18671.873046875,52323671,53.425,,73.865,,67.8603420916046
UKR,Ukraine,1991,20784.16015625,52170961,53.496,,74.412,,67.6912828510751
UKR,Ukraine,1990,22815.798828125,52054092,53.567,,74.828,,67.4111923982858
ARE,United Arab Emirates,2024,69701.785835525,10986400,52.519,72.5657349329746,84.319,,85.8171088279791
ARE,United Arab Emirates,2023,70239.8328337228,10483751,52.347,70.1777672820254,84.204,2401.52026367,85.6680699002526
ARE,United Arab Emirates,2022,70075.63837395,10074977,53.057,68.0788419766495,82.115,2240.9050293,85.5147347682487
ARE,United Arab Emirates,2021,68580.1312912676,9575152,50.452,62.5806789240484,80.926,2249.96313477,85.3571908511355
ARE,United Arab Emirates,2020,66808.6209256028,9401038,58.18,65.9918390965991,83.9,2154.41113281,85.1955255681984
ARE,United Arab Emirates,2019,72822.9466438922,9445785,54.381,58.2194090637889,84.047,1962.46728516,85.0298263388195
ARE,United Arab Emirates,2018,72671.0787288764,9346701,51.312,54.1665574458046,83.912,1872.58422852,84.8601805824625
ARE,United Arab Emirates,2017,72529.0423512365,9223225,50.926,,83.732,1695.203125,84.686675718659
ARE,United Arab Emirates,2016,75671.036861385,8935095,49.228,,83.529,1592.91906738,84.5093991669984
ARE,United Arab Emirates,2015,75238.5571858454,8505237,48.183,,83.328,1479.49743652,84.3284383471193
ARE,United Arab Emirates,2014,74145.1175448951,8059440,47.13,,83.157,1776.7310791,84.1438806787019
ARE,United Arab Emirates,2013,74237.2038000319,7693031,46.063,,83.046,1789.68579102,83.9558135814626
ARE,United Arab Emirates,2012,73644.0549928884,7391448,44.993,,83.01,1711.38525391,83.7643244751488
ARE,United Arab Emirates,2011,73190.4056300014,7104538,43.94,,83.021,1787.59997559,83.5695007795347
ARE,United Arab Emirates,2010,70913.7569272495,6869838,42.861,,83.044,1619.98864746,83.3714299144178
ARE,United Arab Emirates,2009,71488.9696792101,6707058,41.791,,83.044,1531.02209473,83.1701992996163
ARE,United Arab Emirates,2008,80285.1613062103,6302664,40.709,,82.986,1465.82446289,82.9658963549658
ARE,United Arab Emirates,2007,87180.6001633546,5624635,39.524,,82.837,1176.49328613,82.758608500318
ARE,United Arab Emirates,2006,94872.5121329578,5009100,38.323,,82.585,1031.14904785,82.5588968646829
ARE,United Arab Emirates,2005,92750.9226341994,4664790,37.187,,82.222,898.36480713,82.2122832763517
ARE,United Arab Emirates,2004,93166.1568863784,4428967,36.496,,81.737,821.74920654,81.4729199268812
ARE,United Arab Emirates,2003,89828.493399274,4192457,35.834,,81.11,784.89343262,80.8489432668434
ARE,United Arab Emirates,2002,87479.1545350862,3956826,35.173,,80.315,754.26220703,80.2705602850306
ARE,United Arab Emirates,2001,90750.3257926454,3723590,34.533,,79.343,689.29278564,79.7469002624215
ARE,United Arab Emirates,2000,95390.8328858321,3493575,33.936,,78.229,706.03112793,79.287092479995
ARE,United Arab Emirates,1999,92047.6104655985,3266009,33.365,,77.038,,78.9002662187301
ARE,United Arab Emirates,1998,96088.6587271972,3040421,32.822,,75.88,,78.5955507596055
ARE,United Arab Emirates,1997,103392.379457138,2817410,32.317,,74.903,,78.3820753836003
ARE,United Arab Emirates,1996,103653.542710104,2597564,31.845,,74.238,,78.2689693716933
ARE,United Arab Emirates,1995,104527.848240577,2434662,31.25,,73.866,,78.2578079598212
ARE,United Arab Emirates,1994,102456.239942581,2328188,31.196,,73.721,,78.2891342501676
ARE,United Arab Emirates,1993,100422.832470477,2222093,31.168,,73.713,,78.3519240018627
ARE,United Arab Emirates,1992,104207.059133554,2114730,30.507,,73.761,,78.4413740139383
ARE,United Arab Emirates,1991,106266.157625225,2006626,30.07,,73.793,,78.5538626919677
ARE,United Arab Emirates,1990,111376.984373425,1898220,29.32,,73.787,,78.6857684415241
GBR,United Kingdom,2024,53412.0647163589,69281000,57.489,,83.325,5860.23925781,83.2429544416085
GBR,United Kingdom,2023,53423.4226338292,68526000,57.38,93.4978408813477,83.208,5407.17041016,83.1601932891335
GBR,United Kingdom,2022,53979.7679116234,67636000,57.703,92.4416198730469,83.018,5111.81738281,83.0753982997505
GBR,United Kingdom,2021,51840.4424245515,66978000,58.02,88.3975524902344,82.671,5645.40136719,82.9886431523641
GBR,United Kingdom,2020,47930.5490378931,66740000,58.277,79.5263595581055,82.4,4865.97802734,82.9000015258789
GBR,United Kingdom,2019,53374.0927628482,66628000,58.037,75.4132614135742,83.275,4260.03222656,82.6699420738913
GBR,United Kingdom,2018,52983.039541197,66287000,57.525,70.4450607299805,83.1,4233.62988281,82.4465657551295
GBR,United Kingdom,2017,52429.1275538988,65964000,57.273,68.6442718505859,83.1,3938.65234375,82.23065673273
GBR,United Kingdom,2016,51168.2925796814,65606000,57.074,66.6012115478516,83.0,4043.35253906,82.0229991698295
GBR,United Kingdom,2015,50462.8329992477,65087000,56.722,64.4248275756836,82.8,4470.09228516,81.8243772295647
GBR,United Kingdom,2014,49763.17387988,64619000,56.521,64.223747253418,83.2,4733.37060547,81.6355750750722
GBR,United Kingdom,2013,48600.5100807266,64138000,56.256,64.6671829223633,82.9,4340.16992188,81.4573768694887
GBR,United Kingdom,2012,48099.6594401942,63711000,55.929,67.6730575561523,82.8,4204.08300781,81.2905667759508
GBR,United Kingdom,2011,47714.2894262827,63258810,55.67,67.8691024780273,83.0,4123.70019531,81.1359685592627
GBR,United Kingdom,2010,47682.6525150443,62766365,55.529,68.3259124755859,82.4,3876.33911133,80.995165116277
GBR,United Kingdom,2009,46995.5449961945,62276270,55.604,67.7098388671875,82.1,3813.02758789,80.8692180088478
GBR,United Kingdom,2008,49629.0498697349,61806995,55.449,66.1612319946289,81.7,4280.36083984,80.7547673906116
GBR,United Kingdom,2007,50045.9163092519,61322463,55.146,67.8921585083008,81.6,4415.51220703,80.6483331957387
GBR,United Kingdom,2006,49000.9535382241,60846820,55.378,68.4566268920898,81.4,3802.56347656,80.5464353583991
GBR,United Kingdom,2005,48304.6753205932,60401206,54.864,68.6411819458008,81.2,3528.16162109,80.4455938127627
GBR,United Kingdom,2004,47317.027070979,59987905,54.534,68.7480926513672,81.0,3361.65625,80.3423284929998
GBR,United Kingdom,2003,46505.2798806788,59647577,54.111,69.4760284423828,80.7,2773.99414063,80.2331593332802
GBR,United Kingdom,2002,45265.4565169944,59370479,54.146,68.1336517333984,80.5,2364.04736328,80.1146062677742
GBR,United Kingdom,2001,44693.6612621755,59119673,53.533,63.1506118774414,80.4,2074.59936523,79.9838301298823
GBR,United Kingdom,2000,43818.3463079443,58892514,53.66,62.2376289367676,80.2,2020.96813965,79.8241408315172
GBR,United Kingdom,1999,42071.7055369651,58682466,53.261,,79.9,,79.6225538394017
GBR,United Kingdom,1998,41004.8386335287,58487141,52.717,,79.7,,79.391563988228
GBR,United Kingdom,1997,39831.4492555823,58316954,52.676,,79.9,,79.1448635770901
GBR,United Kingdom,1996,38076.0624470563,58166950,52.276,,79.7,,78.8961449050823
GBR,United Kingdom,1995,37200.3789969484,58019030,51.86,,79.5,,78.6591002712985
GBR,United Kingdom,1994,36025.9830963677,57865745,51.904,,79.6,,78.4474219748331
GBR,United Kingdom,1993,34413.1904916462,57718614,51.896,,79.1,,78.2748023147801
GBR,United Kingdom,1992,33332.3326389023,57580402,51.828,,79.2,,78.1549335902337
GBR,United Kingdom,1991,32995.3948749055,57424897,51.844,,78.9,,78.1020654236402
GBR,United Kingdom,1990,33530.9578151546,57247586,52.005,,78.8,,78.1091783885209
USA,United States,2024,75698.1773354629,340003797,56.561,,81.4,,80.1247798047184
USA,United States,2023,74351.6718197429,336755052,56.602,,81.1,13473.19335938,80.071561119178
USA,United States,2022,72828.7430907189,333996304,56.029,94.8502197265625,80.2,12586.19628906,80.0324978239707
USA,United States,2021,71441.231980595,332100166,55.632,101.710220336914,79.3,12080.07324219,80.0074765140272
USA,United States,2020,67406.8311325507,331578104,55.704,102.956741333008,79.9,11648.49511719,79.997451762548
USA,United States,2019,69121.4580016741,330226227,56.868,102.425331115723,81.4,10550.22070313,80.1304793353594
USA,United States,2018,67728.4424921024,328529577,56.471,102.354042053223,81.2,10180.48242188,80.2804567987377
USA,United States,2017,66164.0320014289,326608609,56.395,102.011329650879,81.1,9822.60644531,80.4018678392891
USA,United States,2016,65025.9855980616,324353340,56.095,102.293800354004,81.1,9535.60058594,80.4976645324131
USA,United States,2015,64367.7188912582,321815121,55.938,102.747329711914,81.2,9200.93164063,80.5707989535091
USA,United States,2014,63026.8779187814,319257560,56.197,102.599388122559,81.3,8796.33886719,80.6242231779766
USA,United States,2013,61966.6621370894,316726282,56.362,103.112609863281,81.2,8412.25195313,80.660889281215
USA,United States,2012,61142.3637034265,314339099,56.778,,81.2,8262.29296875,80.6837493386238
USA,United States,2011,60253.2035796719,311839461,56.998,,81.1,8015.78076172,80.6957554256024
USA,United States,2010,59797.0736545937,309378227,57.516,,81.0,7836.08837891,80.6997744673366
USA,United States,2009,58722.496767251,306771529,58.054,,80.9,7614.82421875,80.6850378350499
USA,United States,2008,60806.2238713713,304093966,58.293,,80.6,7364.93847656,80.6219682896606
USA,United States,2007,61314.4520816367,301231207,58.086,,80.6,7153.73144531,80.5153172872016
USA,United States,2006,60684.3399832539,298379912,58.161,,80.3,6802.47509766,80.3713066436159
USA,United States,2005,59612.3907215559,295516599,58.04,95.1901626586914,80.1,6428.60205078,80.1961581748464
USA,United States,2004,58139.0820195229,292805298,57.944,,80.1,6071.84423828,79.9960936968363
USA,United States,2003,56505.4468784112,290107933,58.224,,79.7,5732.24365234,79.7773350255284
USA,United States,2002,55443.2199435683,287625193,58.351,,79.6,5327.93701172,79.5461039768657
USA,United States,2001,55024.3542766281,284968955,58.521,,79.5,4901.67529297,79.3086223667912
USA,United States,2000,55045.6745311559,282162411,58.682,,79.3,4548.5546875,79.0740897861327
USA,United States,1999,53480.8969962416,279040000,58.551,82.4623794555664,79.4,,78.812318408817
USA,United States,1998,51626.4838297863,275854000,58.386,81.886833190918,79.5,,78.4785364495296
USA,United States,1997,49990.6740739125,272657000,58.4,,79.4,,78.0855804195199
USA,United States,1996,48441.9061125568,269394000,57.856,91.3876724243164,79.1,,77.6523401060025
USA,United States,1995,47227.0083257008,266278000,57.576,92.2264022827148,78.9,,77.1977052961919
USA,United States,1994,46543.3199204553,263126000,57.345,90.6386413574219,79.0,,76.7405657773027
USA,United States,1993,45292.7380683092,259919000,56.403,89.5279083251953,78.8,,76.2998113365493
USA,United States,1992,44664.873585596,256514000,56.299,,79.1,,75.8943317611462
USA,United States,1991,43747.6307351749,252981000,55.877,81.9300765991211,78.9,,75.543016838308
USA,United States,1990,44384.2101912606,249623000,55.998,79.9561386108398,78.8,,75.2685508261939
URY,Uruguay,2024,32149.480073986,3386588,57.264,,82.043,,95.5981951588181
URY,Uruguay,2023,31100.9696889882,3388081,56.518,101.562689083766,81.92,2076.09423828,95.5439605712891
URY,Uruguay,2022,30840.0709827676,3390913,55.656,97.5693863735914,80.505,1850.80737305,95.4977416992188
URY,Uruguay,2021,29431.8738833361,3396695,56.034,97.0422258077211,79.444,1594.98059082,95.4497146606445
URY,Uruguay,2020,27788.1749600196,3398968,54.231,,82.015,1432.00463867,95.3997650146484
URY,Uruguay,2019,30010.5628834294,3397206,56.002,,81.293,1692.50195313,95.3479309082031
URY,Uruguay,2018,29757.9276055415,3394534,55.954,,81.501,1713.26611328,95.2942581176758
URY,Uruguay,2017,29762.4220666605,3388438,56.059,,81.204,1672.3314209,95.2288235732042
URY,Uruguay,2016,29332.5561568815,3379283,56.341,,81.013,1469.38964844,95.1585424955685
URY,Uruguay,2015,28941.6184540581,3368017,56.3,,81.046,1424.8939209,95.0800002298303
URY,Uruguay,2014,28935.086486757,3356334,56.899,,80.987,1495.59777832,94.9897821210514
URY,Uruguay,2013,28119.4726887432,3345337,55.333,,80.82,1516.80664063,94.8844735142936
URY,Uruguay,2012,26953.2709026389,3335401,56.492,,80.577,1347.02868652,94.7606597546186
URY,Uruguay,2011,26099.3116487704,3326825,56.842,,80.516,1244.93884277,94.6036824756941
URY,Uruguay,2010,24879.8256003219,3318580,54.909,,80.635,1043.26000977,94.3333219475319
URY,Uruguay,2009,23138.0733091496,3310091,55.16,,80.566,826.05682373,93.9337324320314
URY,Uruguay,2008,22249.3750934425,3302177,54.437,,80.225,811.7020874,93.45975578621
URY,Uruguay,2007,20803.885306175,3295153,53.467,,80.141,578.34454346,92.9603688038713
URY,Uruguay,2006,19560.0743506382,3289506,51.624,56.8246917724609,79.908,500.65515137,92.4845482788191
URY,Uruguay,2005,18811.3124755641,3285771,49.866,56.3998603820801,79.796,445.28201294,92.0812710048572
URY,Uruguay,2004,17519.3729926744,3283148,49.088,57.19873046875,79.257,375.93881226,91.8009434091917
URY,Uruguay,2003,16694.4326030244,3281186,49.312,55.9489784240723,79.122,383.55554199,91.6260094228609
URY,Uruguay,2002,16572.7819019325,3278867,49.597,52.1940994262695,79.042,436.44049072,91.4886084712534
URY,Uruguay,2001,17986.8939502115,3274251,51.226,48.5394515991211,79.124,679.4229126,91.3759250620534
URY,Uruguay,2000,18752.0507121938,3266206,48.986,42.9646492004395,78.858,699.20495605,91.2769768173566
URY,Uruguay,1999,19192.7103025817,3254015,48.431,42.7870216369629,78.518,,91.1807813592588
URY,Uruguay,1998,19577.7825547632,3239280,49.256,45.8428993225098,78.228,,91.0763563098556
URY,Uruguay,1997,18823.934790748,3223345,48.165,,78.121,,90.9527192912429
URY,Uruguay,1996,17433.6866851628,3206324,47.069,,78.05,,90.7987169022654
URY,Uruguay,1995,16600.0329041954,3189440,46.26,,77.72,,90.6034292163637
URY,Uruguay,1994,16932.0220449735,3172834,45.002,,77.336,,90.364725438899
URY,Uruguay,1993,15865.2715092002,3156345,43.425,,77.254,,90.0885354831698
URY,Uruguay,1992,15536.4813275187,3139702,44.441,,77.128,,89.780655787039
URY,Uruguay,1991,14474.7272308128,3122354,43.438,,77.094,,89.4468827883698
URY,Uruguay,1990,14060.8401531053,3104403,42.569,,76.898,,89.0930129250252
UZB,Uzbekistan,2024,10997.1707291644,36361859,41.273,59.9830753867194,75.547,,50.9986686706543
UZB,Uzbekistan,2023,10514.0955721447,35652307,41.24,46.4659334224552,75.401,192.11869812,50.9964841114568
UZB,Uzbekistan,2022,10091.3877869999,34938955,41.1,29.6917854783806,75.346,170.64073181,50.9847412109375
UZB,Uzbekistan,2021,9705.60054565692,34243696,39.587,20.5989391063524,74.485,156.44789124,50.9269905090332
UZB,Uzbekistan,2020,9145.23119844239,33586372,39.097,15.0318468501231,74.462,120.29019165,50.7670402526855
UZB,Uzbekistan,2019,9169.01147508351,32964701,39.89,11.0202810887742,75.374,98.6240387,50.5920104980469
UZB,Uzbekistan,2018,8742.5491991216,32373490,39.739,8.16082816177311,75.174,82.53038788,50.5814971923828
UZB,Uzbekistan,2017,8413.29975299494,31819178,39.652,6.7548840177639,74.794,93.4151535,50.6787376403809
UZB,Uzbekistan,2016,8172.9216949615,31284568,39.57,6.47848566192553,74.493,129.82177734,50.6572189331055
UZB,Uzbekistan,2015,7792.23605983713,30749346,39.447,6.15799284630352,74.212,132.60565186,50.6597328186035
UZB,Uzbekistan,2014,7344.44304405623,30222994,39.275,6.06604631075713,73.937,118.44307709,50.8868713378906
UZB,Uzbekistan,2013,6932.93371228586,29724065,39.191,5.9177535118656,73.634,140.71011353,51.1276969909668
UZB,Uzbekistan,2012,6525.4971525889,29261903,39.101,5.84345416122378,73.314,127.94210052,51.3359680175781
UZB,Uzbekistan,2011,6170.84149747534,28823196,38.883,6.70508169271362,72.99,109.86156464,51.3395500183105
UZB,Uzbekistan,2010,5794.98037704358,28385506,38.961,6.92493375737348,72.663,92.87456512,51.3321647644043
UZB,Uzbekistan,2009,5471.82013683888,27939328,38.895,8.03606033325195,72.435,71.95819092,51.6105041503906
UZB,Uzbekistan,2008,5145.99183378479,27494774,38.415,7.96892976760864,72.008,61.29156876,51.7943572998047
UZB,Uzbekistan,2007,4792.8290951141,27076008,38.426,8.11347007751465,71.516,46.89629364,51.7087010288873
UZB,Uzbekistan,2006,4439.90667205623,26699043,38.555,8.19966983795166,70.879,37.97257233,51.4638817209862
UZB,Uzbekistan,2005,4185.63947675734,26356975,38.789,8.07279014587402,70.424,32.51261139,51.0781236333777
UZB,Uzbekistan,2004,3962.90117061128,26029350,39.056,12.1567001342773,70.185,28.02430153,50.5696510233382
UZB,Uzbekistan,2003,3733.79819347394,25711259,39.187,12.0571098327637,69.858,25.61911011,49.9566881481443
UZB,Uzbekistan,2002,3626.07785614929,25399980,39.431,12.2173004150391,69.49,24.50708961,49.2574592650723
UZB,Uzbekistan,2001,3530.5496647712,25090283,39.498,11.9022998809815,69.001,30.46290398,48.4901886313987
UZB,Uzbekistan,2000,3430.88370808896,24787054,39.638,11.8367795944214,68.616,35.72119904,47.6731005044
UZB,Uzbekistan,1999,3346.1588710371,24476008,39.797,11.8686895370483,68.366,,46.8244191413524
UZB,Uzbekistan,1998,3253.54493589925,24134929,39.691,,68.259,,45.9623687995325
UZB,Uzbekistan,1997,3168.77278928055,23758960,39.731,,68.267,,45.1051737362168
UZB,Uzbekistan,1996,3064.63712278537,23351981,39.698,,68.072,,44.2710582086815
UZB,Uzbekistan,1995,3070.52690445141,22917589,39.933,,67.821,,43.4782464742032
UZB,Uzbekistan,1994,3161.07497053576,22463291,39.963,,67.637,,42.7449627900584
UZB,Uzbekistan,1993,3406.55184062183,21987955,39.659,,67.968,,42.0894314135234
UZB,Uzbekistan,1992,3568.35538610457,21485090,39.363,,68.259,,41.5298766018746
UZB,Uzbekistan,1991,4118.51585848122,20962910,38.977,,68.504,,41.0845226123885
UZB,Uzbekistan,1990,4239.58649108779,20464956,38.24,,68.468,,40.7715937023416
VUT,Vanuatu,2024,3837.03937446048,327777,53.531,,74.113,,22.2866933360645
VUT,Vanuatu,2023,3782.82649029418,320409,53.604,,73.927,143.43753052,22.2651966823901
VUT,Vanuatu,2022,3658.51871182046,313046,53.631,,73.761,136.79508972,22.2541249733107
VUT,Vanuatu,2021,3546.08021896872,305868,54.624,,72.43,142.56698608,22.2501822422475
VUT,Vanuatu,2020,3671.97390565303,298858,53.445,,73.245,125.41011047,22.4186852094794
VUT,Vanuatu,2019,3986.65620021472,291985,53.95,,73.292,112.13746643,23.5024668917075
VUT,Vanuatu,2018,3951.18453122592,285259,54.395,,73.147,110.32492065,24.2729727045038
VUT,Vanuatu,2017,3947.67824193203,278507,54.838,,73.017,91.04128265,24.7644441456437
VUT,Vanuatu,2016,3877.08354643548,272087,55.283,,73.004,88.35998535,24.8654875642873
VUT,Vanuatu,2015,3825.81231400229,266101,55.728,,72.851,118.71543121,24.8626945764242
VUT,Vanuatu,2014,3779.64941165998,260240,56.172,,72.77,108.2263031,24.8549637694775
VUT,Vanuatu,2013,3748.76509025679,254482,56.616,,72.819,130.88458252,24.8407362750263
VUT,Vanuatu,2012,3815.41895246816,248883,57.059,,72.786,118.27751923,24.8183551383933
VUT,Vanuatu,2011,3861.18223002309,243474,57.502,,72.604,113.80240631,24.7861634049013
VUT,Vanuatu,2010,3825.75653571613,238248,57.944,,72.455,99.27418518,24.742504119873
VUT,Vanuatu,2009,3867.75799280135,232731,62.273,,72.293,82.80382538,24.2861753285463
VUT,Vanuatu,2008,3850.27902468628,226896,66.403,,72.156,81.72294617,23.9280261965467
VUT,Vanuatu,2007,3738.66656241804,221276,70.29,,71.92,72.5284729,23.5955155378332
VUT,Vanuatu,2006,3724.24741699945,215923,73.902,,71.715,67.60163116,23.2888338847199
VUT,Vanuatu,2005,3517.84619857461,210760,74.144,,71.624,61.93361664,23.0020186653551
VUT,Vanuatu,2004,3422.60817759375,205711,74.259,3.48836994171143,71.425,62.80937958,22.7291073078871
VUT,Vanuatu,2003,3372.77297249271,200746,74.318,3.48055005073547,71.438,54.93638229,22.4641372404641
VUT,Vanuatu,2002,3314.71255206905,195863,74.389,3.81974005699158,71.415,52.34658813,22.2011458912344
VUT,Vanuatu,2001,3584.91106983816,191031,74.02,,71.332,45.73453903,21.9341706883464
VUT,Vanuatu,2000,3805.62227309353,186281,73.747,,71.278,48.28763199,21.6572490599483
VUT,Vanuatu,1999,3676.29741602127,182048,73.888,,70.493,,21.3677585605054
VUT,Vanuatu,1998,3740.68521654671,178313,73.804,,71.212,,21.0789121810505
VUT,Vanuatu,1997,3775.23587307653,174626,73.755,,71.237,,20.7971872722147
VUT,Vanuatu,1996,3676.87858931689,170911,73.862,,71.299,,20.5187038440851
VUT,Vanuatu,1995,3674.38819393103,167137,73.856,,71.281,,20.2407963936871
VUT,Vanuatu,1994,3723.02443587912,163314,73.787,,71.253,,19.9607994180462
VUT,Vanuatu,1993,3495.49275262507,159463,74.065,,70.943,,19.676047414188
VUT,Vanuatu,1992,3555.93728844228,155608,73.986,,70.712,,19.383874879138
VUT,Vanuatu,1991,3553.43728930775,151793,73.99,,70.389,,19.0816163099217
VUT,Vanuatu,1990,3531.78750465932,148063,74.02,,69.969,,18.7666062035645
VEN,"Venezuela, RB",2024,,28405543,37.332,,76.655,,89.285859883201
VEN,"Venezuela, RB",2023,,28300854,36.158,,76.501,185.99124146,89.249627620225
VEN,"Venezuela, RB",2022,,28213017,35.32,,76.525,208.66654968,89.2132204732836
VEN,"Venezuela, RB",2021,,28237826,37.368,,75.619,162.43952942,89.1766444746891
VEN,"Venezuela, RB",2020,,28444077,36.887,,76.501,153.21711731,89.1399056567545
VEN,"Venezuela, RB",2019,,28938098,42.344,,76.677,112.72974396,89.1030100517924
VEN,"Venezuela, RB",2018,,29807592,44.85,,76.554,164.68154907,89.0659636921159
VEN,"Venezuela, RB",2017,,30565323,46.185,,76.306,,89.0287726100378
VEN,"Venezuela, RB",2016,,30765720,47.867,,76.793,,88.9914428378712
VEN,"Venezuela, RB",2015,,30573972,48.27,,77.395,,88.9539804079292
VEN,"Venezuela, RB",2014,,30254079,48.676,,77.339,,88.9163913525251
VEN,"Venezuela, RB",2013,,29912198,49.084,,77.473,,88.8786817039721
VEN,"Venezuela, RB",2012,,29553826,49.493,,77.632,,88.8401868543141
VEN,"Venezuela, RB",2011,,29185212,49.643,,77.786,,88.8079278904659
VEN,"Venezuela, RB",2010,,28813101,49.601,,77.362,,88.8026372923982
VEN,"Venezuela, RB",2009,,28438298,50.004,,77.315,,88.7865574027187
VEN,"Venezuela, RB",2008,,28053696,49.734,98.8394393920898,77.204,,88.7615723567652
VEN,"Venezuela, RB",2007,,27649363,49.726,,77.664,,88.7282308562487
VEN,"Venezuela, RB",2006,,27224686,50.019,,77.184,,88.6870816028803
VEN,"Venezuela, RB",2005,,26785804,49.457,,76.967,,88.638673298371
VEN,"Venezuela, RB",2004,,26340838,47.558,,76.702,,88.5835546444319
VEN,"Venezuela, RB",2003,,25892703,46.462,40.544849395752,76.161,,88.522274342774
VEN,"Venezuela, RB",2002,,25435671,47.765,39.0466117858887,76.865,,88.4553810951083
VEN,"Venezuela, RB",2001,,24979922,48.527,,75.35,,88.372774123042
VEN,"Venezuela, RB",2000,,24526708,47.914,33.0581092834473,76.244,,88.219476430842
VEN,"Venezuela, RB",1999,,24066593,48.119,,75.444,,87.9708821733583
VEN,"Venezuela, RB",1998,,23601337,48.976,,75.805,,87.6459206250794
VEN,"Venezuela, RB",1997,,23131685,48.743,,75.669,,87.2585953115854
VEN,"Venezuela, RB",1996,,22662113,48.683,,75.091,,86.8229097584563
VEN,"Venezuela, RB",1995,,22193821,48.502,,74.929,,86.352867491272
VEN,"Venezuela, RB",1994,,21725188,48.519,,74.637,,85.8624720356125
VEN,"Venezuela, RB",1993,,21254520,49.121,,74.768,,85.3657269170578
VEN,"Venezuela, RB",1992,,20780948,49.439,,74.412,,84.8766356611879
VEN,"Venezuela, RB",1991,,20304896,49.027,,74.231,,84.4092017935829
VEN,"Venezuela, RB",1990,,19827010,48.56,,73.687,,83.9741022430344
VNM,Viet Nam,2024,14396.4217369473,100987686,68.905,40.8617680104156,79.382,,38.4900703430176
VNM,Viet Nam,2023,13534.7997843016,100352192,69.215,36.0774676873689,79.264,197.19210815,38.1298904418945
VNM,Viet Nam,2022,12979.7638983711,99680655,69.878,45.3703223280821,79.211,188.22650146,37.5478515625
VNM,Viet Nam,2021,12048.9019935536,98935098,69.107,41.0590994828712,78.771,168.09350586,36.6540656426603
VNM,Viet Nam,2020,11851.3965685649,98079191,69.095,,80.314,153.10160828,35.5706676299742
VNM,Viet Nam,2019,11628.6139147451,97173776,71.511,,78.972,171.15296936,34.6239134999511
VNM,Viet Nam,2018,10936.8937859558,96237319,72.897,,78.863,161.97871399,33.9410227821412
VNM,Viet Nam,2017,10290.5487142244,95176977,72.575,27.4448664101479,78.79,147.51425171,33.3625963003742
VNM,Viet Nam,2016,9743.1882231455,94000117,72.53,31.9215031225633,78.762,133.1960144,32.8476189285136
VNM,Viet Nam,2015,9248.02396069622,92823254,72.863,29.4365366202641,78.7,121.43981171,32.3810945365679
VNM,Viet Nam,2014,8751.88280634375,91679578,73.059,31.758766376301,78.598,119.44549561,31.9480269945454
VNM,Viet Nam,2013,8324.19871250047,90573104,72.906,23.9315381184031,78.524,104.10972595,31.5334201724543
VNM,Viet Nam,2012,7979.86828926858,89510356,71.983,13.326012783029,78.465,109.29483795,31.1222779403029
VNM,Viet Nam,2011,7652.61895672271,88468314,71.715,25.413021309933,78.439,97.05238342,30.6996041680996
VNM,Viet Nam,2010,7274.73310698016,87455152,71.731,23.2656794979267,78.377,85.36088562,30.2504027258526
VNM,Viet Nam,2009,6914.33863589545,86460018,71.906,20.7121391296387,78.272,69.82720184,29.7581347355675
VNM,Viet Nam,2008,6659.13561432065,85175788,71.55,19.3841209411621,78.213,64.433815,29.2198330128693
VNM,Viet Nam,2007,6418.54381402878,83633375,71.138,18.7052593231201,78.152,54.40701294,28.6456370509099
VNM,Viet Nam,2006,6098.24495436514,82167897,70.727,16.3564395904541,78.049,46.86905289,28.0458290558422
VNM,Viet Nam,2005,5776.36304451268,81088313,70.381,13.1124296188354,77.951,38.96974945,27.4285898187702
VNM,Viet Nam,2004,5421.09702829121,80338971,70.098,,77.807,31.97719193,26.8021001307977
VNM,Viet Nam,2003,5090.28990869885,79563777,70.353,8.61293983459473,78.186,24.88381386,26.1745407830283
VNM,Viet Nam,2002,4809.62151118535,78772224,70.833,8.26686954498291,78.014,21.87733841,25.5540925665659
VNM,Viet Nam,2001,4570.26846577385,77969361,71.493,7.90968990325928,77.673,25.55491257,24.9489362725143
VNM,Viet Nam,2000,4349.22348751462,77154011,69.974,7.78798007965088,77.278,21.0719223,24.3672526919772
VNM,Viet Nam,1999,4119.05367208231,76287452,71.181,9.03483963012695,76.991,,23.8212278892522
VNM,Viet Nam,1998,3982.95805965603,75299660,71.824,7.5903000831604,76.371,,23.2768490668943
VNM,Viet Nam,1997,3820.30249485434,74226889,72.532,,75.531,,22.6883281488073
VNM,Viet Nam,1996,3584.02898335147,73156447,73.585,,75.019,,22.072511130796
VNM,Viet Nam,1995,3328.21486039558,72049940,73.806,,74.543,,21.4538464600183
VNM,Viet Nam,1994,3089.60933725631,70854391,74.035,,73.961,,20.8567825836322
VNM,Viet Nam,1993,2890.42431737761,69586384,74.235,,73.727,,20.3057679487956
VNM,Viet Nam,1992,2726.47373748487,68260337,74.411,,73.504,,19.8252510026665
VNM,Viet Nam,1991,2560.84383496164,66891775,74.622,,73.309,,19.4396801924029
VNM,Viet Nam,1990,2467.96460080463,65504552,74.736,,73.056,,19.1735039651626
VIR,Virgin Islands (U.S.),2024,,104377,52.833,,84.1,,95.3312197036061
VIR,Virgin Islands (U.S.),2023,,104917,52.999,,83.9,,95.2740790945924
VIR,Virgin Islands (U.S.),2022,46479.2996685326,105413,52.915,,83.7,,95.2171514724412
VIR,Virgin Islands (U.S.),2021,46893.5496988741,105870,51.8,,83.5,,95.1604310610968
VIR,Virgin Islands (U.S.),2020,45055.7829303523,106290,50.614,,83.2,,95.0974024521293
VIR,Virgin Islands (U.S.),2019,45632.6364715693,106669,50.563,,83.1,,95.0857481413049
VIR,Virgin Islands (U.S.),2018,44205.4071324394,107001,52.911,,82.9,,95.0676784538999
VIR,Virgin Islands (U.S.),2017,43277.1546523522,107281,56.528,,82.8,,95.0366785523929
VIR,Virgin Islands (U.S.),2016,43502.4336941564,107516,55.592,,82.6,,94.9941093874829
VIR,Virgin Islands (U.S.),2015,42739.0835022993,107712,55.655,,82.5,,94.9413319098685
VIR,Virgin Islands (U.S.),2014,42853.8986599185,107882,53.283,,82.3,,94.8797070702488
VIR,Virgin Islands (U.S.),2013,43563.8864931407,108041,53.912,,82.2,,94.8105958193224
VIR,Virgin Islands (U.S.),2012,46422.4151236223,108188,57.313,,82.0,,94.7353591077883
VIR,Virgin Islands (U.S.),2011,54443.0686942498,108290,59.048,,81.8,,94.6553578863453
VIR,Virgin Islands (U.S.),2010,59272.2456856343,108357,58.753,,81.4,,94.5724392667003
VIR,Virgin Islands (U.S.),2009,58895.3056899496,108404,60.479,,81.1,,94.4814990349105
VIR,Virgin Islands (U.S.),2008,63057.6263123638,108397,60.804,,80.8,,94.3718227372483
VIR,Virgin Islands (U.S.),2007,62332.9445371347,108337,60.908,,80.5,,94.2409825406024
VIR,Virgin Islands (U.S.),2006,59911.7224453162,108369,60.019,,81.5,,94.0875454279337
VIR,Virgin Islands (U.S.),2005,57838.0977142823,108453,59.425,,80.7,,93.9100783822029
VIR,Virgin Islands (U.S.),2004,55883.4545510864,108466,58.212,,81.0,,93.7071483863705
VIR,Virgin Islands (U.S.),2003,54086.1547945673,108505,56.185,,80.8,,93.4773224233974
VIR,Virgin Islands (U.S.),2002,54299.2298699394,108509,57.463,,80.8,,93.2191674762441
VIR,Virgin Islands (U.S.),2001,,108549,58.251,,80.9,,92.9312505278715
VIR,Virgin Islands (U.S.),2000,,108642,55.876,,80.0,,92.6234446497486
VIR,Virgin Islands (U.S.),1999,,108599,54.681,,75.076,,92.1172823663661
VIR,Virgin Islands (U.S.),1998,,108537,55.9,,74.889,,91.1243754495017
VIR,Virgin Islands (U.S.),1997,,108357,56.352,,74.917,,89.6650798182152
VIR,Virgin Islands (U.S.),1996,,108095,56.75,,74.998,,87.7869040024597
VIR,Virgin Islands (U.S.),1995,,107818,60.449,,74.606,,85.5373565321881
VIR,Virgin Islands (U.S.),1994,,107318,64.476,,74.768,,82.9639459373535
VIR,Virgin Islands (U.S.),1993,,106578,64.263,48.6632194519043,74.658,,80.1141807479089
VIR,Virgin Islands (U.S.),1992,,105712,64.168,45.589241027832,74.57,,77.0355694938073
VIR,Virgin Islands (U.S.),1991,,104807,63.078,43.5491485595703,74.444,,73.7756207050017
VIR,Virgin Islands (U.S.),1990,,103963,59.469,,74.314,,70.3818429114451
PSE,West Bank and Gaza,2024,4190.90911333626,5289152,,,74.252,,87.1196014117004
PSE,West Bank and Gaza,2023,5562.42442563953,5165775,,54.7817476689496,71.502,345.67965698,86.8576870415886
PSE,West Bank and Gaza,2022,5753.08395899307,5043612,18.934,55.6647600418469,79.144,350.63812256,86.5961423216016
PSE,West Bank and Gaza,2021,5663.12160743584,4922749,17.545,53.8979713870798,76.44,364.4173584,86.334956387337
PSE,West Bank and Gaza,2020,5423.68254653126,4803269,16.431,55.0424015442741,77.603,314.82254028,86.0741183743925
PSE,West Bank and Gaza,2019,6269.89134527985,4685306,18.383,55.2074327482719,78.092,317.45007324,85.8136174183656
PSE,West Bank and Gaza,2018,6342.9374800852,4569087,17.665,55.399451085429,77.609,324.02166748,85.5351131070872
PSE,West Bank and Gaza,2017,6426.79521615335,4454805,17.665,54.8600363992027,77.343,310.2114563,85.3782255354
PSE,West Bank and Gaza,2016,6464.13352537371,4367088,17.435,54.4611833614613,77.053,299.4125061,85.3377390706351
PSE,West Bank and Gaza,2015,6072.65031768549,4270092,17.998,55.1963153814583,76.733,286.91394043,85.2182174537886
PSE,West Bank and Gaza,2014,5990.42661523778,4173398,16.563,53.5503712710969,75.609,314.27474976,85.0433335176723
PSE,West Bank and Gaza,2013,6142.20204342591,4076708,15.829,53.3679700643718,76.165,327.25717163,84.8178459889593
PSE,West Bank and Gaza,2012,6009.10925822042,3979998,16.169,54.2372294522178,75.772,298.34082031,84.5465135943222
PSE,West Bank and Gaza,2011,5805.32115329251,3882986,15.625,54.2828539010879,75.458,308.36453247,84.2340950604341
PSE,West Bank and Gaza,2010,5432.24363072522,3786161,14.033,50.8934404357707,75.104,219.44699097,83.8853491139676
PSE,West Bank and Gaza,2009,5270.66331643219,3689099,14.582,48.476261138916,74.324,221.97026062,83.5050344815957
PSE,West Bank and Gaza,2008,4984.80579890695,3591977,14.706,48.4122505187988,74.191,200.96418762,83.0979098899913
PSE,West Bank and Gaza,2007,4769.52328096801,3494496,15.021,47.0808486938477,74.328,149.22294617,82.596126313073
PSE,West Bank and Gaza,2006,4714.37331793342,3406334,13.495,42.6287384033203,74.083,154.09745789,81.7611786265942
PSE,West Bank and Gaza,2005,4885.07252184444,3320396,12.78,38.3517913818359,73.869,158.43028259,80.5172240645229
PSE,West Bank and Gaza,2004,4503.08034061409,3236626,12.864,35.1938285827637,73.537,150.72610474,78.9926422349822
PSE,West Bank and Gaza,2003,3788.92652721128,3154969,12.504,31.3397903442383,73.27,111.62216187,77.2865026687292
PSE,West Bank and Gaza,2002,3409.17287422698,3075373,10.064,26.7418098449707,72.883,118.22906494,75.4978748965208
PSE,West Bank and Gaza,2001,3996.50878001821,2997784,10.04,24.8437309265137,72.585,127.37930298,73.7258284491139
PSE,West Bank and Gaza,2000,4520.88992531975,2922153,12.402,22.3517093658447,72.376,129.54533386,72.0694328572656
PSE,West Bank and Gaza,1999,5071.82121719043,2848431,12.783,21.1110191345215,72.233,,70.6277576517327
PSE,West Bank and Gaza,1998,4805.19156878644,2776568,12.534,18.2603702545166,72.004,,69.4998723632721
PSE,West Bank and Gaza,1997,4311.53876740636,2706518,12.082,16.6255397796631,71.76,,68.7351827543561
PSE,West Bank and Gaza,1996,3932.22694732854,2587997,11.693,14.0752401351929,71.473,,68.1108382243154
PSE,West Bank and Gaza,1995,4062.96290335877,2474666,11.804,,71.18,,67.5359347159403
PSE,West Bank and Gaza,1994,3966.68875052152,2366298,11.677,,70.86,,67.0135359888796
PSE,West Bank and Gaza,1993,,2262676,11.631,,70.475,,66.5380301106892
PSE,West Bank and Gaza,1992,,2163591,11.58,,70.073,,66.1038051489255
PSE,West Bank and Gaza,1991,,2068845,11.362,,69.749,,65.7052491711444
PSE,West Bank and Gaza,1990,,1978248,11.315,,69.397,,65.3367502449023
YEM,"Yemen, Rep.",2024,,40583164,4.705,,71.549,,36.8077517596594
YEM,"Yemen, Rep.",2023,,39390799,4.752,,71.388,47.78109741,36.5707979836506
YEM,"Yemen, Rep.",2022,,38222876,4.801,,70.319,54.29036331,36.3226310308295
YEM,"Yemen, Rep.",2021,,37140230,4.875,,69.17,49.30105209,36.0704951256305
YEM,"Yemen, Rep.",2020,,36134863,4.899,,69.805,65.17704773,35.7025604580302
YEM,"Yemen, Rep.",2019,,35111408,4.937,,70.061,80.94759369,34.9067561732024
YEM,"Yemen, Rep.",2018,,34085182,4.987,,69.883,143.68727112,34.2106045810864
YEM,"Yemen, Rep.",2017,,33090921,5.041,,70.122,87.29970551,33.5586912522175
YEM,"Yemen, Rep.",2016,,32109010,5.117,,69.961,75.22454071,32.9512008005236
YEM,"Yemen, Rep.",2015,,31159379,5.207,,69.708,88.40743256,32.3883178702702
YEM,"Yemen, Rep.",2014,,30226309,6.011,,70.038,83.48936462,31.8626162180918
YEM,"Yemen, Rep.",2013,,29312952,6.815,,69.909,68.39746857,31.4427187944215
YEM,"Yemen, Rep.",2012,,28433647,7.734,,69.609,64.67756653,31.2031839858628
YEM,"Yemen, Rep.",2011,,27582897,8.785,5.38273000717163,69.397,56.58930588,30.9237389467026
YEM,"Yemen, Rep.",2010,,26754387,9.982,5.63077020645142,69.143,59.60072327,30.6232848305331
YEM,"Yemen, Rep.",2009,,25927724,10.747,,68.812,58.02085114,30.3031502248211
YEM,"Yemen, Rep.",2008,,25111941,11.561,5.5452299118042,68.488,61.74676514,29.9646637170333
YEM,"Yemen, Rep.",2007,,24318082,12.428,5.28895998001099,68.121,51.83703613,29.6091538946366
YEM,"Yemen, Rep.",2006,,23543083,13.349,4.44286012649536,67.679,44.81512451,29.2379493450977
YEM,"Yemen, Rep.",2005,,22790085,14.327,4.44348001480103,67.234,38.27000809,28.8523786558834
YEM,"Yemen, Rep.",2004,,22095167,15.367,4.47760009765625,66.731,34.62483978,28.4506523754813
YEM,"Yemen, Rep.",2003,,21456379,16.475,4.5306601524353,66.284,31.60428619,28.0277061455611
YEM,"Yemen, Rep.",2002,,20835086,17.652,4.62750005722046,65.669,24.80142403,27.5777619268614
YEM,"Yemen, Rep.",2001,,20226147,18.896,,65.098,24.09247589,27.1033603053549
YEM,"Yemen, Rep.",2000,,19624141,20.208,,64.616,22.91244888,26.6054859383233
YEM,"Yemen, Rep.",1999,,19029420,21.587,3.8189001083374,64.161,,26.0851234830484
YEM,"Yemen, Rep.",1998,,18446013,20.52,,63.708,,25.5432575968119
YEM,"Yemen, Rep.",1997,,17873936,19.497,1.01364004611969,63.292,,24.9808729368956
YEM,"Yemen, Rep.",1996,,17313177,18.514,,62.836,,24.3989541605814
YEM,"Yemen, Rep.",1995,,16740058,17.567,,62.468,,23.7984859251509
YEM,"Yemen, Rep.",1994,,16149147,16.663,,62.011,,23.1700802443959
YEM,"Yemen, Rep.",1993,,15563914,16.475,,61.616,,22.4923555641291
YEM,"Yemen, Rep.",1992,,14989494,16.456,1.38408994674683,61.194,,21.7569525846164
YEM,"Yemen, Rep.",1991,,14430201,16.219,,60.764,,20.9822487599409
YEM,"Yemen, Rep.",1990,,13887862,16.094,,60.288,,20.1820531721852
ZMB,Zambia,2024,3708.06904295647,21314956,56.366,,68.874,,45.4703838491279
ZMB,Zambia,2023,3673.4841969922,20723965,56.361,,68.673,79.55635071,45.0285853521585
ZMB,Zambia,2022,3585.12379084347,20152938,53.968,,67.717,75.40128326,44.5988511178469
ZMB,Zambia,2021,3503.03491418372,19603607,54.123,,64.925,74.83802795,44.2353731410926
ZMB,Zambia,2020,3391.59541156095,19059395,54.406,,65.953,60.01779938,43.8644489410157
ZMB,Zambia,2019,3591.56418883108,18513839,52.172,,65.44,85.02349854,43.4897864547552
ZMB,Zambia,2018,3646.95966481655,17973569,52.138,,64.533,69.82767487,43.1114735233156
ZMB,Zambia,2017,3612.50597664593,17441320,52.012,,63.863,70.93283844,42.7295979877011
ZMB,Zambia,2016,3598.17166023389,16914423,51.893,,63.259,55.39532089,42.3442476889162
ZMB,Zambia,2015,3576.92544834125,16399089,51.787,,62.83,57.38765335,41.9555104679652
ZMB,Zambia,2014,3585.57748507131,15895315,51.691,,62.03,65.39261627,41.5634741658525
ZMB,Zambia,2013,3535.22449043144,15398997,51.61,,61.161,83.29361725,41.1682266235825
ZMB,Zambia,2012,3474.55252844092,14913629,51.545,3.40673753489284,60.344,69.17604828,40.7698556821596
ZMB,Zambia,2011,3335.64339500657,14437796,51.495,2.19578748677709,59.388,64.3181076,40.3684491825881
ZMB,Zambia,2010,3266.50749293828,13965594,51.451,,58.195,59.98767853,39.9558857709992
ZMB,Zambia,2009,3065.84420108998,13490389,51.408,,56.933,59.38909531,39.4908312026796
ZMB,Zambia,2008,2908.14362510668,13021324,51.37,,55.855,61.82287216,38.9629632271162
ZMB,Zambia,2007,2796.3529332184,12565085,51.337,,54.47,51.02414322,38.4034874343601
ZMB,Zambia,2006,2673.46151928529,12129553,51.31,,53.346,58.68175507,37.8392213204204
ZMB,Zambia,2005,2564.47560965912,11718819,51.284,,52.115,44.99598694,37.2969823813059
ZMB,Zambia,2004,2471.72073328685,11338198,51.259,,51.097,29.99057961,36.8035881130253
ZMB,Zambia,2003,2383.87611741089,10983595,51.23,,50.419,26.75762367,36.3858560115875
ZMB,Zambia,2002,2299.33289188114,10647949,51.196,,49.145,23.19246864,36.0706035730014
ZMB,Zambia,2001,2268.96965564597,10325185,51.159,,48.105,18.94953918,35.8846482932758
ZMB,Zambia,2000,2220.5653712714,10017631,51.126,,47.295,14.80953312,35.8735460960387
ZMB,Zambia,1999,2198.18912998648,9740005,51.109,1.4833699464798,46.657,,36.1720484699782
ZMB,Zambia,1998,2157.57339335667,9482408,51.102,1.49217998981476,46.541,,36.7233466797411
ZMB,Zambia,1997,2223.45745445731,9237063,51.096,,46.682,,37.3758882162063
ZMB,Zambia,1996,2197.19564925242,9004053,51.094,,46.718,,37.9842763417749
ZMB,Zambia,1995,2119.95642928697,8785763,51.097,,47.096,,38.4031143188477
ZMB,Zambia,1994,2110.5832556481,8576269,51.096,,47.4,,38.6659731487597
ZMB,Zambia,1993,2365.62953630778,8373921,51.083,,47.836,,38.8993519782475
ZMB,Zambia,1992,2268.49812195378,8176680,51.06,,48.1,,39.0972462878148
ZMB,Zambia,1991,2364.86234039956,7981650,51.03,,48.602,,39.2536515579652
ZMB,Zambia,1990,2425.11128678382,7786169,50.996,,49.41,,39.3639924846036
ZWE,Zimbabwe,2024,5211.89755587954,16634373,62.115,8.66051456476487,65.313,,39.8933716820696
ZWE,Zimbabwe,2023,5218.04526596398,16340822,62.178,,65.013,62.92946243,39.2919370795795
ZWE,Zimbabwe,2022,5036.78317732239,16069056,59.769,,64.544,68.90727997,38.7055207169041
ZWE,Zimbabwe,2021,4827.10960165994,15797210,60.12,,62.289,60.89874268,37.8692058859373
ZWE,Zimbabwe,2020,4527.73949219254,15526888,59.43,,63.747,51.14250565,37.0097671560802
ZWE,Zimbabwe,2019,4993.86546928208,15271368,60.719,,63.049,55.10725403,36.1837638266364
ZWE,Zimbabwe,2018,5415.49322028193,15034452,60.617,,62.741,114.76815033,35.4085538807905
ZWE,Zimbabwe,2017,5234.4065377844,14812482,60.522,,62.016,91.87199402,34.7014953017273
ZWE,Zimbabwe,2016,5070.42413209981,14600294,60.441,,61.401,102.15909576,34.0799460726314
ZWE,Zimbabwe,2015,5102.73642537223,14399013,60.384,9.93009645190939,60.49,103.31652832,33.5612641766874
ZWE,Zimbabwe,2014,5081.13441232186,14207359,60.359,,59.508,111.61201477,33.1628075970801
ZWE,Zimbabwe,2013,5031.70923825425,14013808,60.373,6.35755230223219,58.171,96.86148834,32.9019343169941
ZWE,Zimbabwe,2012,5003.50873397069,13817887,60.424,5.87704920393954,56.609,85.69155121,32.7931752128328
ZWE,Zimbabwe,2011,4358.94470674386,13595424,60.495,5.86244994777472,55.218,83.82868195,32.7567295776968
ZWE,Zimbabwe,2010,3885.41061373756,13356548,60.585,5.86311635178974,52.655,94.44809723,32.7284525810054
ZWE,Zimbabwe,2009,3299.42808702922,13142790,60.685,,50.289,,32.7074288573175
ZWE,Zimbabwe,2008,2954.11211916469,12959149,60.774,,48.749,,32.6912786206175
ZWE,Zimbabwe,2007,3631.55334530411,12804058,60.837,,47.641,,32.67762208489
ZWE,Zimbabwe,2006,3819.24997116607,12636445,60.871,,47.351,,32.6640794641194
ZWE,Zimbabwe,2005,4004.68178301248,12483432,60.907,,47.005,,32.6482709722903
ZWE,Zimbabwe,2004,4287.61686326352,12365896,60.961,,46.507,,32.6278168233873
ZWE,Zimbabwe,2003,4601.68067845787,12232323,61.011,,45.834,,32.6003372313948
ZWE,Zimbabwe,2002,5610.21576859697,12087653,61.038,,46.793,,32.5631884166934
ZWE,Zimbabwe,2001,6217.43872434863,11971901,60.995,,45.127,,32.4999278382836
ZWE,Zimbabwe,2000,6170.36063450551,11892055,60.878,,47.298,,32.3991568853313
ZWE,Zimbabwe,1999,6423.73669198371,11783458,60.713,,47.811,,32.2637829407466
ZWE,Zimbabwe,1998,6582.37693012492,11594297,60.491,,49.159,,32.0964924488698
ZWE,Zimbabwe,1997,6524.0909161522,11369827,60.232,,50.13,,31.8999718540415
ZWE,Zimbabwe,1996,6474.18822514185,11158360,59.953,,51.135,,31.6769076006021
ZWE,Zimbabwe,1995,5964.61521548597,10974599,59.684,,53.194,,31.429986132892
ZWE,Zimbabwe,1994,6010.76845239051,10873148,59.46,,54.78,,31.1618938952517
ZWE,Zimbabwe,1993,5509.10697460818,10860288,59.276,,56.467,,30.8753173320215
ZWE,Zimbabwe,1992,5532.06136491672,10702700,59.284,3.70255994796753,58.353,,30.5674246988034
ZWE,Zimbabwe,1991,6254.30182489626,10404816,59.304,,60.052,,30.1555850077795
ZWE,Zimbabwe,1990,6082.86879817619,10137281,59.15,,61.569,,29.5920412137481
