iso3,pais_undp,anio,idh,idh_femenino,idh_masculino,indice_desigualdad_gen,indice_desarrollo_gen,esperanza_vida_f,anios_escolar_esp_f,anios_escolar_medios_f,ingreso_nacional_pc_f
AFG,Afghanistan,1990,0.284,,,,,48.397,2.117229735,0.201659226,
ALB,Albania,1990,0.649,0.625742114,0.668086526,,0.937,76.433,11.15252018,6.692813596,3918.806663
DZA,Algeria,1990,0.593,,,,,68.517,,3.091532639,
AND,Andorra,1990,,,,,,82.676,9.042791903,,
AGO,Angola,1990,,,,,,45.453,3.386804359,,
ATG,Antigua and Barbuda,1990,,,,,,75.97,,,
ARG,Argentina,1990,0.724,0.707609009,0.730877332,0.489,0.968,74.963,14.20767627,8.005130755,8089.504152
ARM,Armenia,1990,0.658,,,,,71.989,,9.617912344,
AUS,Australia,1990,0.864,0.844964885,0.877993379,0.185,0.962,80.147,17.38522549,10.9837358,20109.04885
AUT,Austria,1990,0.823,0.793767754,0.844992831,0.202,0.939,78.869,13.35937977,9.635222003,24837.87252
AZE,Azerbaijan,1990,,,,,,66.053,10.64808338,,
BHS,Bahamas,1990,0.76,0.756490397,0.761712138,0.386,0.993,73.383,11.551793,10.05288982,26537.57882
BHR,Bahrain,1990,0.733,0.695620931,0.753959687,,0.923,73.701,13.48758356,4.812859676,19771.21035
BGD,Bangladesh,1990,0.399,0.33569756,0.452075571,0.699,0.743,54.757,4.586209774,2.237444257,1216.543735
BRB,Barbados,1990,0.728,0.715277174,0.737223766,0.377,0.97,75.15,12.74997044,8.535935625,10807.26738
BLR,Belarus,1990,,,,,,74.472,12.97064533,,
BEL,Belgium,1990,0.814,0.791868097,0.830028363,0.18,0.954,79.332,14.1269598,9.008161203,22759.24086
BLZ,Belize,1990,0.609,,,,,72.487,10.25053252,5.387003567,
BEN,Benin,1990,0.35,,,0.699,,56.013,,0.768795793,1290.522774
BTN,Bhutan,1990,,,,,,57.324,4.482837311,,
BOL,Bolivia (Plurinational State of),1990,0.546,0.496679186,0.587122319,,0.846,57.886,10.68033917,5.013462195,2484.233163
BIH,Bosnia and Herzegovina,1990,,,,,,75.4,,,
BWA,Botswana,1990,0.587,0.566156147,0.601129771,0.593,0.942,64.037,10.72190866,5.11,5545.713505
BRA,Brazil,1990,0.62,,,0.581,,69.041,,3.795671753,5984.646089
BRN,Brunei Darussalam,1990,0.779,0.745381792,0.791918563,,0.941,73.833,12.8200412,6.72,39709.21378
BGR,Bulgaria,1990,0.698,0.689566328,0.705868971,0.362,0.977,74.809,12.26418972,6.606706051,12259.69446
BFA,Burkina Faso,1990,,,,,,50.436,1.799282763,,812.2328315
BDI,Burundi,1990,0.285,0.256500788,0.312129848,,0.822,46.711,3.711639881,0.822269976,995.611675
CPV,Cabo Verde,1990,,,,,,66.578,,,
KHM,Cambodia,1990,0.379,,,,,57.987,6.595755721,1.852962099,
CMR,Cameroon,1990,0.44,,,,,56.17,7.477451202,1.497546026,
CAN,Canada,1990,0.861,0.851631334,0.866021887,0.193,0.983,80.621,17.16246986,10.58795711,24759.83083
CAF,Central African Republic,1990,0.333,,,,,51.584,3.926120043,0.902414903,
TCD,Chad,1990,,,,,,47.793,1.184909732,,
CHL,Chile,1990,0.705,0.671329924,0.722905942,0.507,0.929,75.96,12.71445088,8.337210266,4741.443424
CHN,China,1990,0.482,0.439354346,0.518741862,,0.847,70.424,7.00137075,3.678488425,1103.915452
COL,Colombia,1990,0.614,,,,,73.067,9.732765825,5.665461222,
COM,Comoros,1990,,,,,,56.873,6.741117105,,1408.222409
COG,Congo,1990,0.541,,,,,57.646,10.28466034,4.027733154,
COD,Congo (Democratic Republic of the),1990,0.377,,,,,49.85,5.13331563,2.203509034,
CRI,Costa Rica,1990,0.659,,,,,78.767,,6.079701734,
CIV,Côte d'Ivoire,1990,0.425,,,,,54.913,3.956571577,3.045420448,
HRV,Croatia,1990,,,,0.316,,76.038,9.87821387,5.512467538,
CUB,Cuba,1990,0.684,,,,,76.297,13.06976986,8.508971639,
CYP,Cyprus,1990,0.733,0.701892648,0.757390094,0.436,0.927,75.382,10.92403116,7.560397356,15847.144
CZE,Czechia,1990,0.748,0.724215021,0.771254087,0.283,0.939,75.402,11.67434978,7.967698464,18824.62733
DNK,Denmark,1990,0.839,0.828128323,0.845944792,0.1,0.979,77.733,14.49324036,11.29056843,29301.38517
DJI,Djibouti,1990,,,,,,57.518,1.891594052,,
DMA,Dominica,1990,,,,,,72.51,,,
DOM,Dominican Republic,1990,0.579,0.545888568,0.600693366,0.573,0.909,69.901,9.154669049,4.929900722,3404.070532
ECU,Ecuador,1990,0.645,,,0.646,,72.512,,6.381390095,3180.568251
EGY,Egypt,1990,0.567,0.500254535,0.6098236,0.653,0.82,65.972,8.168299675,4.424179025,2738.737417
SLV,El Salvador,1990,0.519,,,0.536,,68.309,,3.611669787,3706.213205
GNQ,Equatorial Guinea,1990,,,,,,52.417,,,
ERI,Eritrea,1990,,,,,,51.873,,,
EST,Estonia,1990,0.741,0.742706897,0.738533524,0.389,1.006,74.941,13.40555751,9.605325178,12825.82176
SWZ,Eswatini (Kingdom of),1990,0.546,,,,,65.064,9.125074384,4.78,
ETH,Ethiopia,1990,,,,,,46.758,2.418295573,,
FJI,Fiji,1990,0.63,,,,,68.213,,6.287414706,
FIN,Finland,1990,0.811,0.810578558,0.809421875,0.105,1.001,78.882,15.7417202,8.972359657,24963.00457
FRA,France,1990,0.79,0.781008304,0.795390137,0.235,0.982,80.963,14.27972984,7.23348999,24417.03979
GAB,Gabon,1990,0.599,,,,,61.645,,5.23,
GMB,Gambia,1990,0.323,,,,,53.059,2.810007621,0.72468463,
GEO,Georgia,1990,,,,,,72.685,12.46435222,,
DEU,Germany,1990,0.828,0.792238939,0.858697355,0.183,0.923,78.419,13.21747829,9.841051266,24568.85459
GHA,Ghana,1990,0.445,0.402233131,0.485873525,0.648,0.828,57.087,5.03539925,3.966090741,1960.58431
GRC,Greece,1990,0.762,0.733362721,0.782225818,0.299,0.938,79.973,12.50018978,7.262581275,15005.11677
GRD,Grenada,1990,,,,,,73.216,,,
GTM,Guatemala,1990,0.49,,,,,65.582,,2.795271428,
GIN,Guinea,1990,0.27,,,,,47.522,1.560660005,0.691495268,
GNB,Guinea-Bissau,1990,,,,,,49.004,,,
GUY,Guyana,1990,0.496,,,,,65.422,8.673472402,5.051413178,
HTI,Haiti,1990,0.441,0.405507764,0.483059109,,0.839,54.085,7.678784622,1.92789097,2638.757344
HND,Honduras,1990,0.513,0.466633824,0.531563749,,0.878,67.449,8.195672704,3.818559951,1549.438361
HKG,"Hong Kong, China (SAR)",1990,0.739,0.700361849,0.769580305,,0.91,80.406,8.60125071,7.76446927,16881.91083
HUN,Hungary,1990,0.721,0.710479933,0.729719769,0.341,0.974,73.778,11.39634037,9.099840164,12837.28578
ISL,Iceland,1990,0.834,0.812631326,0.854378067,0.186,0.951,80.787,13.36153536,10.30389533,25566.15373
IND,India,1990,0.434,0.354047532,0.490260176,0.693,0.722,59.537,6.53292097,1.793044518,847.7084766
IDN,Indonesia,1990,0.526,0.469866278,0.573180751,0.615,0.82,64.792,8.874055674,2.459719896,2485.444651
IRN,Iran (Islamic Republic of),1990,0.613,0.490168837,0.684212655,0.687,0.716,66.32,9.62749678,4.604464176,1560.468301
IRQ,Iraq,1990,0.497,,,,,63.701,5.056394295,2.16469637,
IRL,Ireland,1990,0.743,0.719633142,0.755718725,0.226,0.952,77.72,12.82246971,7.096528327,13422.8802
ISR,Israel,1990,0.781,0.746507883,0.818971678,0.342,0.912,78.972,12.26755047,8.971631928,14179.34715
ITA,Italy,1990,0.78,0.752558232,0.799210769,0.241,0.942,80.253,12.92471027,7.017865879,21178.25408
JAM,Jamaica,1990,0.664,,,0.426,,73.359,,6.754770498,7035.971263
JPN,Japan,1990,0.846,0.821148472,0.865930014,0.169,0.948,81.865,13.32378006,11.34074974,21369.60527
JOR,Jordan,1990,0.622,,,,,71.287,11.35517979,3.975679896,
KAZ,Kazakhstan,1990,0.672,,,,,69.501,,7.12889669,
KEN,Kenya,1990,0.48,,,,,60.444,7.469169614,2.512478363,
KIR,Kiribati,1990,,,,,,62.509,10.18583012,,1349.437685
PRK,Korea (Democratic People's Rep. of),1990,,,,,,73.824,,,
KOR,Korea (Republic of),1990,0.731,0.672147234,0.766009458,0.304,0.877,76.404,12.16187,8.084269524,5413.859264
KWT,Kuwait,1990,0.698,,,,,76.799,9.028400421,5.420724701,
KGZ,Kyrgyzstan,1990,0.637,,,,,67.656,,8.819180189,
LAO,Lao People's Democratic Republic,1990,0.408,,,,,55.079,5.408679962,1.875558012,
LVA,Latvia,1990,0.732,,,,,74.456,12.44027826,9.047054526,
LBN,Lebanon,1990,,,,,,71.713,8.55957841,,
LSO,Lesotho,1990,0.479,,,,,63.928,9.855560303,4.583729556,
LBR,Liberia,1990,,,,,,44.219,,1.060259282,
LBY,Libya,1990,0.724,,,,,71.829,,2.73,
LIE,Liechtenstein,1990,,,,,,79.51,,9.668740998,
LTU,Lithuania,1990,0.74,,,,,76.13,12.59462337,8.707357458,
LUX,Luxembourg,1990,0.793,,,0.207,,78.617,,8.320624086,40965.98072
MDG,Madagascar,1990,,,,,,53.115,5.953070164,,
MWI,Malawi,1990,0.299,,,,,45.469,4.64729023,1.522352755,
MYS,Malaysia,1990,0.649,,,0.375,,73.525,,5.324051296,6113.230901
MDV,Maldives,1990,,,,0.673,,64.307,,4.354309724,2649.20838
MLI,Mali,1990,0.236,,,,,47.098,1.404119968,0.649382967,
MLT,Malta,1990,0.726,0.66686027,0.761377215,0.34,0.876,78.38,12.22367954,5.730422674,7400.758312
MHL,Marshall Islands,1990,,,,,,65.477,,,
MRT,Mauritania,1990,0.397,,,,,61.214,2.831219912,1.893023766,
MUS,Mauritius,1990,0.62,0.578753196,0.647389245,0.53,0.894,73.39,10.03028011,4.920030117,4058.241234
MEX,Mexico,1990,0.666,0.60719491,0.699960438,0.55,0.867,73.647,10.3596671,5.51722002,5421.599479
FSM,Micronesia (Federated States of),1990,,,,,,70.776,,,
MDA,Moldova (Republic of),1990,0.688,,,,,71.564,10.28471346,8.674838092,
MCO,Monaco,1990,,,,,,80.962,17.05604455,,
MNG,Mongolia,1990,0.579,,,,,61.509,,8.14626509,
MNE,Montenegro,1990,,,,,,80.822,,,
MAR,Morocco,1990,0.448,0.370877936,0.505600034,0.749,0.734,64.019,5.13616991,1.38,1648.268187
MOZ,Mozambique,1990,0.239,,,,,46.264,3.29461099,0.814972304,
MMR,Myanmar,1990,0.333,,,,,59.176,5.493703838,1.898871463,
NAM,Namibia,1990,0.595,0.584286947,0.602476948,0.547,0.97,65.45,12.09616531,5.604398865,4571.578718
NRU,Nauru,1990,,,,,,65.679,,,
NPL,Nepal,1990,0.395,0.309008369,0.464083343,0.742,0.666,54.859,5.0769701,0.992401523,952.1890082
NLD,Netherlands,1990,0.847,0.817824819,0.868398541,0.122,0.942,80.09,14.4816103,10.50122441,22876.2245
NZL,New Zealand,1990,0.812,0.793238608,0.827268578,0.238,0.959,78.353,14.65651989,9.680155744,19424.67605
NIC,Nicaragua,1990,0.487,,,0.625,,66.45,,3.29,1667.59539
NER,Niger,1990,0.212,,,,,42.039,1.380069971,0.318619702,
NGA,Nigeria,1990,,,,,,47.554,5.231478548,,1840.262322
MKD,North Macedonia,1990,,,,0.429,,73.762,11.23301787,,
NOR,Norway,1990,0.845,0.834886902,0.852481779,0.129,0.979,79.798,14.32285023,10.94136047,30831.8457
OMN,Oman,1990,,,,,,72.326,7.259300232,,
PAK,Pakistan,1990,0.394,0.255173211,0.473011229,0.806,0.539,61.409,2.745520115,1.021079479,529.0537621
PLW,Palau,1990,,,,,,69.117,,,
PSE,"Palestine, State of",1990,,,,,,69.525,7.571816221,,
PAN,Panama,1990,0.672,,,0.539,,74.57,,7.478219986,5021.115757
PNG,Papua New Guinea,1990,0.394,,,,,62.386,4.352734612,1.598740288,
PRY,Paraguay,1990,0.604,0.580368741,0.627055258,0.606,0.926,69.749,9.145950821,5.419168861,6007.267419
PER,Peru,1990,0.62,,,0.567,,67.972,,6.835735782,3355.436129
PHL,Philippines,1990,0.598,0.565177637,0.61990638,0.532,0.912,67.759,11.08285198,7.0770998,2349.042676
POL,Poland,1990,0.715,0.705035903,0.722068344,0.293,0.976,75.279,12.36952972,8.93422434,8602.81598
PRT,Portugal,1990,0.703,0.695013822,0.70747584,0.267,0.982,77.805,12.55070401,4.923286195,16310.91282
QAT,Qatar,1990,0.764,,,,,75.34,14.09006977,6.878678768,
ROU,Romania,1990,0.709,0.685185741,0.730145416,0.52,0.938,73.089,12.19318008,7.742066107,9800.309017
RUS,Russian Federation,1990,0.741,,,0.457,,73.813,,9.401774749,17154.61989
RWA,Rwanda,1990,,,,,,50.473,5.597350121,1.14073664,
KNA,Saint Kitts and Nevis,1990,,,,,,67.61,12.76037908,,
LCA,Saint Lucia,1990,0.666,0.650752796,0.672694371,0.456,0.967,72.461,12.44212474,6.62215704,6608.130781
VCT,Saint Vincent and the Grenadines,1990,,,,,,74.983,11.62781276,,
WSM,Samoa,1990,,,,,,71.049,12.0223,10.22523632,
SMR,San Marino,1990,0.841,,,,,80.695,15.08972173,,37062.84254
STP,Sao Tome and Principe,1990,0.48,,,,,63.536,8.348778345,3.322713831,
SAU,Saudi Arabia,1990,0.699,0.579418428,0.747957045,,0.775,70.712,10.07837934,3.507945652,7940.265663
SEN,Senegal,1990,0.371,,,,,59.256,3.204242012,1.283872494,
SRB,Serbia,1990,,,,,,73.475,12.30917027,5.389751106,
SYC,Seychelles,1990,,,,,,75.007,11.98114135,,
SLE,Sierra Leone,1990,0.314,,,,,45.105,3.310801298,1.075190606,
SGP,Singapore,1990,0.78,0.752287495,0.789253726,0.263,0.953,77.566,15.01452812,6.085480213,21415.89152
SVK,Slovakia,1990,,,,0.267,,75.38,11.55051241,6.049104932,
SVN,Slovenia,1990,,,,0.288,,77.436,12.25304206,6.453616258,
SLB,Solomon Islands,1990,,,,,,68.606,5.31716013,,
SOM,Somalia,1990,,,,,,51.088,,,
ZAF,South Africa,1990,0.635,0.623615336,0.63983895,0.496,0.975,66.712,12.41362953,6.378619178,6901.585926
SSD,South Sudan,1990,,,,,,32.376,,,
ESP,Spain,1990,0.762,0.735891983,0.777736266,0.188,0.946,80.557,14.58465958,5.425300374,15457.00731
LKA,Sri Lanka,1990,0.641,0.625699309,0.652444245,0.448,0.959,77.081,11.58086711,7.748461393,2793.402067
SDN,Sudan,1990,0.322,0.268884823,0.356110744,0.749,0.755,54.143,3.142792324,0.85,983.7530878
SUR,Suriname,1990,,,,,,67.279,11.45477962,,7989.806489
SWE,Sweden,1990,0.808,0.801575375,0.812802532,0.099,0.986,80.39,13.20501041,9.526109695,26884.16507
CHE,Switzerland,1990,0.85,0.817417714,0.874259192,0.137,0.935,80.713,12.90629959,9.75533842,36692.48099
SYR,Syrian Arab Republic,1990,0.563,0.465215557,0.618680731,0.553,0.752,71.649,9.306690216,2.750335963,1239.341129
TJK,Tajikistan,1990,0.616,,,,,64.559,,8.422153802,
TZA,Tanzania (United Republic of),1990,0.366,,,,,53.514,5.314410123,2.282125748,
THA,Thailand,1990,0.581,0.565749578,0.595402908,0.461,0.95,74.204,8.528805939,4.112824904,5623.051517
TLS,Timor-Leste,1990,,,,,,46.554,,,
TGO,Togo,1990,0.399,,,,,56.01,5.272230148,1.143979724,
TON,Tonga,1990,0.64,,,,,71.365,,8.918009775,
TTO,Trinidad and Tobago,1990,0.656,0.622025233,0.676251399,0.474,0.92,70.401,10.80977659,7.134319782,5558.826834
TUN,Tunisia,1990,0.566,,,,,72.451,8.958189964,2.251451999,
TUR,Türkiye,1990,0.598,0.536121407,0.643354568,0.587,0.833,71.41,7.771759987,3.277997839,6468.420617
TKM,Turkmenistan,1990,,,,,,67.213,,,
TUV,Tuvalu,1990,0.564,,,,,64.366,10.63436985,6.616285664,
UGA,Uganda,1990,0.329,,,,,48.992,4.940430164,2.117182455,
UKR,Ukraine,1990,0.731,,,,,74.458,13.1004684,8.973994422,
ARE,United Arab Emirates,1990,0.717,,,,,74.922,10.58191013,5.89831638,
GBR,United Kingdom,1990,0.804,0.789851569,0.813998932,0.252,0.97,78.504,13.69979,9.664463491,21875.71154
USA,United States,1990,0.875,0.872343728,0.874310471,0.288,0.998,78.843,15.97338009,13.26139134,30607.71474
URY,Uruguay,1990,0.702,0.700316288,0.675291589,0.426,1.037,77.236,13.48273386,7.759184583,7113.233042
UZB,Uzbekistan,1990,,,,,,68.308,,,
VUT,Vanuatu,1990,,,,,,70.097,7.491737237,,
VEN,Venezuela (Bolivarian Republic of),1990,0.657,,,0.57,,73.857,,5.221179962,8290.553137
VNM,Viet Nam,1990,0.492,,,,,73.697,7.472881324,3.589291499,
YEM,Yemen,1990,0.357,,,,,60.57,2.472909747,0.1,
ZMB,Zambia,1990,0.417,0.358824531,0.460173692,0.691,0.78,49.293,6.950285798,3.228640079,1179.510577
ZWE,Zimbabwe,1990,0.479,,,,,62.539,8.571718156,4.203840757,
AFG,Afghanistan,1991,0.292,,,,,49.144,2.246241706,0.218944302,
ALB,Albania,1991,0.632,0.608457114,0.651701222,,0.934,76.631,11.32670021,6.696485922,2792.06177
DZA,Algeria,1991,0.596,,,,,69.007,,3.295769637,
AND,Andorra,1991,,,,,,81.946,9.183552254,,
AGO,Angola,1991,,,,,,46.807,3.175613249,,
ATG,Antigua and Barbuda,1991,,,,,,75.895,,,
ARG,Argentina,1991,0.731,0.715119516,0.737120735,0.453,0.97,75.635,14.16518868,8.092670441,8696.006546
ARM,Armenia,1991,0.646,,,,,72.122,,9.693689835,
AUS,Australia,1991,0.866,0.84724097,0.880170215,0.184,0.963,80.492,17.39148817,11.00363387,20228.68571
AUT,Austria,1991,0.826,0.79838864,0.847315627,0.202,0.942,78.981,13.48223019,9.734470367,25642.92405
AZE,Azerbaijan,1991,,,,,,66.004,10.73797987,,
BHS,Bahamas,1991,0.757,0.757869046,0.753743919,0.385,1.005,73.592,11.5691958,10.17176981,25753.00184
BHR,Bahrain,1991,0.727,0.690610307,0.746660241,,0.925,73.599,12.91444016,5.024159908,19464.29198
BGD,Bangladesh,1991,0.397,0.336512092,0.448144726,0.695,0.751,53.07,4.856796455,2.381197152,1222.13242
BRB,Barbados,1991,0.729,0.71791361,0.737616474,0.379,0.973,75.286,12.97258483,8.693430224,10349.49953
BLR,Belarus,1991,,,,,,74.585,12.76717061,,
BEL,Belgium,1991,0.818,0.797369167,0.833568781,0.179,0.957,79.466,14.2242403,9.160702147,23674.08879
BLZ,Belize,1991,0.616,,,,,71.906,10.42024524,5.554039955,
BEN,Benin,1991,0.355,,,0.696,,56.378,,0.834424702,1309.754257
BTN,Bhutan,1991,,,,,,58.019,4.705491851,,
BOL,Bolivia (Plurinational State of),1991,0.556,0.508523139,0.595378002,,0.854,58.626,11.01525521,5.125782958,2670.52514
BIH,Bosnia and Herzegovina,1991,,,,,,75.314,,,
BWA,Botswana,1991,0.588,0.568044806,0.600900062,0.587,0.945,63.018,10.62376022,5.428,5968.995591
BRA,Brazil,1991,0.624,,,0.576,,69.335,,3.958082707,5908.105627
BRN,Brunei Darussalam,1991,0.779,0.748427387,0.790760091,,0.946,74.086,12.65800138,6.898,40881.60728
BGR,Bulgaria,1991,0.698,0.688489361,0.706576637,0.363,0.974,74.507,12.30175972,6.886220161,11294.32797
BFA,Burkina Faso,1991,,,,,,50.439,1.876870241,,869.4603049
BDI,Burundi,1991,0.287,0.258839768,0.314038319,,0.824,45.903,3.875770092,0.885153866,1022.285216
CPV,Cabo Verde,1991,,,,,,66.814,,,
KHM,Cambodia,1991,0.384,,,,,58.071,6.642499892,1.906827276,
CMR,Cameroon,1991,0.436,,,,,56.039,7.443186607,1.580087933,
CAN,Canada,1991,0.865,0.855692602,0.870044679,0.189,0.984,80.723,17.43911934,10.77036953,24229.49633
CAF,Central African Republic,1991,0.327,,,,,51.21,3.705480099,0.951330851,
TCD,Chad,1991,,,,,,47.438,1.313829372,,
CHL,Chile,1991,0.714,0.677583005,0.732245172,0.506,0.925,76.794,12.70357054,8.421723968,4897.503559
CHN,China,1991,0.489,0.439780234,0.529007047,,0.831,70.333,7.259263291,3.836923562,1019.498194
COL,Colombia,1991,0.622,0.608169668,0.628797773,,0.967,73.296,9.93694973,5.801773071,5793.875713
COM,Comoros,1991,,,,,,57.177,6.788359371,,1325.986801
COG,Congo,1991,0.538,,,,,56.653,10.08446503,4.257520494,
COD,Congo (Democratic Republic of the),1991,0.377,,,,,50.181,5.192041667,2.3903666,
CRI,Costa Rica,1991,0.662,,,,,78.49,,6.037902228,
CIV,Côte d'Ivoire,1991,0.426,,,,,54.665,4.06823598,3.316124487,
HRV,Croatia,1991,,,,0.313,,75.838,10.19383407,5.826620102,
CUB,Cuba,1991,0.678,,,,,76.408,13.06700993,8.671592631,
CYP,Cyprus,1991,0.737,0.706169101,0.761524844,0.424,0.927,75.478,11.08125185,7.736409876,15699.60355
CZE,Czechia,1991,0.746,0.724854417,0.767685646,0.285,0.944,75.746,11.82884026,8.198010445,16632.55341
DNK,Denmark,1991,0.843,0.832105675,0.850665765,0.097,0.978,77.976,14.66236019,11.31770992,29774.75042
DJI,Djibouti,1991,,,,,,57.714,2.012014024,,
DMA,Dominica,1991,,,,,,71.873,,,
DOM,Dominican Republic,1991,0.585,0.551730356,0.606096857,0.572,0.91,70.427,9.343454595,5.085910238,3359.479813
ECU,Ecuador,1991,0.647,,,0.637,,72.822,,6.450875984,5070.742558
EGY,Egypt,1991,0.574,0.502906289,0.61644183,0.659,0.816,66.504,8.290590286,4.659594055,2516.529063
SLV,El Salvador,1991,0.528,,,0.532,,69.066,,3.672418979,3753.761666
GNQ,Equatorial Guinea,1991,,,,,,52.516,,,
ERI,Eritrea,1991,,,,,,52.753,,,
EST,Estonia,1991,0.736,0.738227237,0.733692197,0.382,1.006,74.91,13.10534191,9.869082215,11750.10088
SWZ,Eswatini (Kingdom of),1991,0.543,,,,,64.868,9.154425648,4.728,
ETH,Ethiopia,1991,,,,,,47.866,2.267080069,,
FJI,Fiji,1991,0.633,,,,,68.316,,6.513197179,
FIN,Finland,1991,0.815,0.814954485,0.812078266,0.102,1.004,79.326,16.02853012,9.213227345,23222.10368
FRA,France,1991,0.799,0.790731416,0.803796207,0.237,0.984,81.169,14.77758026,7.427249295,24726.1418
GAB,Gabon,1991,0.604,,,,,61.682,,5.402,
GMB,Gambia,1991,0.331,,,,,54.08,2.992867348,0.802256506,
GEO,Georgia,1991,,,,,,72.671,12.17850971,,
DEU,Germany,1991,0.835,0.805618779,0.861118513,0.172,0.936,78.689,13.78683131,10.01738003,26655.04698
GHA,Ghana,1991,0.452,0.411290025,0.490717387,0.645,0.838,57.356,5.159860625,4.136724878,2120.406717
GRC,Greece,1991,0.773,0.732533992,0.79957971,0.311,0.916,80.053,12.84287977,7.39864148,13043.82745
GRD,Grenada,1991,,,,,,73.501,,,
GTM,Guatemala,1991,0.494,,,,,66.052,,2.866729495,
GIN,Guinea,1991,0.274,,,,,48.198,1.670070052,0.691717549,
GNB,Guinea-Bissau,1991,,,,,,49.44,,,
GUY,Guyana,1991,0.493,,,,,65.65,8.836402515,5.142712794,
HTI,Haiti,1991,0.445,0.410865019,0.486524806,,0.844,54.792,7.788475971,2.008950022,2610.766108
HND,Honduras,1991,0.514,0.476975183,0.530798584,,0.899,67.99,8.333990097,3.900581525,1710.435021
HKG,"Hong Kong, China (SAR)",1991,0.748,0.712103888,0.777465559,,0.916,80.574,8.910933323,7.981190205,18307.39197
HUN,Hungary,1991,0.715,0.705837152,0.723083225,0.326,0.976,73.966,11.3451004,9.162400159,11419.79967
ISL,Iceland,1991,0.845,0.832015992,0.856773515,0.181,0.971,81.115,15.02357355,10.43677089,25103.73469
IND,India,1991,0.437,0.355668969,0.493412444,0.695,0.721,59.956,6.592679513,1.841278464,828.1231451
IDN,Indonesia,1991,0.533,0.484603033,0.573494083,0.604,0.845,65.015,9.065730506,2.746007398,2863.473027
IRN,Iran (Islamic Republic of),1991,0.631,0.50809902,0.700242186,0.677,0.726,68.596,9.767761151,4.900571197,1672.685621
IRQ,Iraq,1991,0.471,,,,,66.696,5.244863099,2.371954533,
IRL,Ireland,1991,0.749,0.72669192,0.760906441,0.224,0.955,77.902,12.91238976,7.34912014,13943.82333
ISR,Israel,1991,0.786,0.75280608,0.823247192,0.337,0.914,78.802,12.52437019,9.053343818,15123.68825
ITA,Italy,1991,0.785,0.75753113,0.80398271,0.236,0.942,80.302,13.05930042,7.155551681,21750.16123
JAM,Jamaica,1991,0.664,,,0.459,,73.364,,6.854249954,5603.649731
JPN,Japan,1991,0.85,0.827913531,0.870193558,0.164,0.951,82.177,13.45734978,11.38412676,22861.84535
JOR,Jordan,1991,0.629,,,,,71.568,11.63807011,4.33390522,
KAZ,Kazakhstan,1991,0.666,,,,,69.24,,7.381280351,
KEN,Kenya,1991,0.48,,,,,59.934,7.563545981,2.683287169,
KIR,Kiribati,1991,,,,,,63.049,10.63366032,,1321.938876
PRK,Korea (Democratic People's Rep. of),1991,,,,,,74.016,,,
KOR,Korea (Republic of),1991,0.742,0.696769731,0.772961438,0.299,0.901,76.891,12.45448971,8.234223557,7469.61636
KWT,Kuwait,1991,0.687,,,,,77.547,8.737645149,5.43488331,
KGZ,Kyrgyzstan,1991,0.631,,,,,67.916,,8.96453937,
LAO,Lao People's Democratic Republic,1991,0.414,,,,,55.783,5.515696685,1.980511517,
LVA,Latvia,1991,0.73,,,,,74.61,12.5017004,9.585518715,
LBN,Lebanon,1991,,,,,,72.497,8.653103335,,
LSO,Lesotho,1991,0.478,,,,,63.438,9.928520203,4.67748766,
LBR,Liberia,1991,,,,,,44.802,,1.11728163,
LBY,Libya,1991,0.733,,,,,72.306,,2.932,
LIE,Liechtenstein,1991,,,,,,79.082,,9.768334627,
LTU,Lithuania,1991,0.735,,,,,76.109,12.38013177,8.895924435,
LUX,Luxembourg,1991,0.802,,,0.188,,78.973,,8.545080185,46823.01324
MDG,Madagascar,1991,,,,,,53.768,6.125545502,,
MWI,Malawi,1991,0.303,,,,,45.529,4.773910046,1.563196365,
MYS,Malaysia,1991,0.657,,,0.389,,73.671,,5.534040056,5660.547129
MDV,Maldives,1991,,,,0.654,,65.103,,4.243952563,2894.51909
MLI,Mali,1991,0.244,,,,,47.58,1.455119967,0.688345945,
MLT,Malta,1991,0.73,0.672037577,0.764747614,0.35,0.879,77.667,12.43906021,5.849355974,7983.902425
MHL,Marshall Islands,1991,,,,,,65.383,,,
MRT,Mauritania,1991,0.401,,,,,61.322,2.99255991,1.954164906,
MUS,Mauritius,1991,0.627,0.591331889,0.652350811,0.513,0.906,73.863,10.21095901,4.988871098,4699.750121
MEX,Mexico,1991,0.668,0.62613191,0.688977654,0.509,0.909,74.009,10.45301115,5.591969013,7378.882849
FSM,Micronesia (Federated States of),1991,,,,,,70.961,,,
MDA,Moldova (Republic of),1991,0.677,,,,,70.302,10.41651999,8.822834018,
MCO,Monaco,1991,,,,,,81.505,17.19926071,,
MNG,Mongolia,1991,0.575,,,,,62.004,,8.181731822,
MNE,Montenegro,1991,,,,,,81.516,,,
MAR,Morocco,1991,0.454,0.376519532,0.511486907,0.751,0.736,64.52,5.156730175,1.47,1717.352473
MOZ,Mozambique,1991,0.242,,,,,46.472,3.293460294,0.837610423,
MMR,Myanmar,1991,0.344,,,,,59.639,6.564190247,1.955071246,
NAM,Namibia,1991,0.6,0.587505033,0.60813218,0.547,0.966,64.933,12.38024998,5.610599995,4810.101695
NRU,Nauru,1991,,,,,,65.58,,,
NPL,Nepal,1991,0.403,0.321789208,0.469115471,0.735,0.686,55.967,5.353579998,1.043231845,1032.870776
NLD,Netherlands,1991,0.852,0.82291462,0.873180811,0.122,0.942,80.145,14.7146101,10.58027737,23588.13979
NZL,New Zealand,1991,0.815,0.796197222,0.829826133,0.223,0.959,78.852,14.75430965,9.977210045,17971.39795
NIC,Nicaragua,1991,0.497,,,0.619,,67.014,,3.436,1610.090404
NER,Niger,1991,0.214,,,,,42.514,1.458499982,0.350481672,
NGA,Nigeria,1991,,,,,,47.27,5.391809475,,1852.951308
MKD,North Macedonia,1991,,,,0.415,,74.283,11.19431877,,
NOR,Norway,1991,0.853,0.842053827,0.860450358,0.127,0.979,80.089,14.60756969,11.02846043,32005.59291
OMN,Oman,1991,,,,,,72.989,7.815279961,,
PAK,Pakistan,1991,0.399,0.271553833,0.476540227,0.792,0.57,61.331,2.883241981,1.103166261,667.8222748
PLW,Palau,1991,,,,,,68.921,,,
PSE,"Palestine, State of",1991,,,,,,69.915,7.876945759,,
PAN,Panama,1991,0.675,,,0.518,,74.668,,7.531305027,6124.858793
PNG,Papua New Guinea,1991,0.402,,,,,62.47,4.474530237,1.667985091,
PRY,Paraguay,1991,0.609,0.5352866,0.643331738,0.606,0.832,70.081,9.404379534,5.530853449,2248.562188
PER,Peru,1991,0.624,,,0.574,,68.197,,6.92825278,3337.19128
PHL,Philippines,1991,0.6,0.572260403,0.619892074,0.522,0.923,68.166,11.15452698,7.129546833,2516.306388
POL,Poland,1991,0.711,0.70233912,0.717718329,0.292,0.979,75.11,12.34212971,9.203922606,7840.89053
PRT,Portugal,1991,0.714,0.699426121,0.723818987,0.267,0.966,77.898,12.63704967,5.109200001,16367.537
QAT,Qatar,1991,0.761,,,,,74.918,13.80224037,7.07210383,
ROU,Romania,1991,0.694,0.671615394,0.714095897,0.508,0.941,73.311,11.3020401,7.846720604,8630.827663
RUS,Russian Federation,1991,0.738,,,0.45,,73.892,,9.642442189,16220.45547
RWA,Rwanda,1991,,,,,,48.741,5.713247386,1.198740198,
KNA,Saint Kitts and Nevis,1991,,,,,,68.682,12.90624563,,
LCA,Saint Lucia,1991,0.668,0.653372099,0.67472077,0.448,0.968,72.858,12.4765115,6.721950054,6514.919818
VCT,Saint Vincent and the Grenadines,1991,,,,,,75.677,11.72972464,,
WSM,Samoa,1991,,,,,,71.2,12.0279,10.29636917,
SMR,San Marino,1991,0.844,,,,,80.444,15.14213662,,36760.92418
STP,Sao Tome and Principe,1991,0.48,,,,,63.571,8.425774338,3.374498914,
SAU,Saudi Arabia,1991,0.707,0.589886744,0.754174417,,0.782,71.301,10.25174308,3.650969332,8586.004471
SEN,Senegal,1991,0.372,,,,,59.321,3.396658661,1.266163908,
SRB,Serbia,1991,,,,,,73.885,12.39860992,5.525627184,
SYC,Seychelles,1991,,,,,,75.438,12.12516022,,
SLE,Sierra Leone,1991,0.304,,,,,44.715,3.466655395,1.134669235,
SGP,Singapore,1991,0.788,0.763799168,0.796518351,0.257,0.959,78.172,15.0794428,6.295924187,23932.35402
SVK,Slovakia,1991,,,,0.275,,75.254,11.68016746,6.406469822,
SVN,Slovenia,1991,,,,0.278,,77.221,12.353491,6.801010132,
SLB,Solomon Islands,1991,,,,,,68.703,5.377930164,,
SOM,Somalia,1991,,,,,,28.415,,,
ZAF,South Africa,1991,0.643,0.628913511,0.647676196,0.493,0.971,66.945,12.85128021,6.741678949,6281.757438
SSD,South Sudan,1991,,,,,,32.654,,,
ESP,Spain,1991,0.769,0.742575712,0.784544689,0.184,0.947,80.751,14.90732956,5.626150131,15257.38079
LKA,Sri Lanka,1991,0.645,0.62310817,0.658469566,0.452,0.946,77.205,11.67235559,7.952423606,2525.917487
SDN,Sudan,1991,0.328,0.275165377,0.362044277,0.745,0.76,54.563,3.284484791,0.938,980.1056333
SUR,Suriname,1991,,,,,,67.504,11.50053962,,7761.700612
SWE,Sweden,1991,0.811,0.805055757,0.815672014,0.097,0.987,80.536,13.40797043,9.682729721,26106.10536
CHE,Switzerland,1991,0.852,0.822015368,0.876100894,0.135,0.938,81.096,13.02548027,9.740946983,38050.7913
SYR,Syrian Arab Republic,1991,0.568,0.470423154,0.622162911,0.546,0.756,72.102,9.366160393,2.877719944,1263.110073
TJK,Tajikistan,1991,0.61,,,,,64.218,,8.6539562,
TZA,Tanzania (United Republic of),1991,0.366,,,,,53.427,5.274459839,2.391150379,
THA,Thailand,1991,0.591,0.576431688,0.604307299,0.46,0.954,74.6,8.876663154,4.236805712,5909.718912
TLS,Timor-Leste,1991,,,,,,46.69,,,
TGO,Togo,1991,0.403,,,,,55.842,5.540929794,1.204798899,
TON,Tonga,1991,0.647,,,,,71.621,,9.118637436,
TTO,Trinidad and Tobago,1991,0.661,0.634344524,0.677937438,0.439,0.936,71.399,10.69839954,7.309248103,6364.74632
TUN,Tunisia,1991,0.572,,,,,73.004,9.120389938,2.388930041,
TUR,Türkiye,1991,0.602,0.53995562,0.649035111,0.59,0.832,71.871,7.919159889,3.335611135,6300.398929
TKM,Turkmenistan,1991,,,,,,67.343,,,
TUV,Tuvalu,1991,0.567,,,,,64.489,10.58243108,6.742159843,
UGA,Uganda,1991,0.331,,,,,48.789,4.702120066,2.198050022,
UKR,Ukraine,1991,0.724,,,,,73.976,13.01395989,9.178230157,
ARE,United Arab Emirates,1991,0.729,,,,,75.04,10.95071983,6.237418193,
GBR,United Kingdom,1991,0.809,0.793516699,0.818948629,0.252,0.969,78.614,14.00973034,9.702264726,21639.03502
USA,United States,1991,0.875,0.871599484,0.875095384,0.291,0.996,78.966,15.95750999,13.20508863,30238.71698
URY,Uruguay,1991,0.706,0.704827056,0.682635834,0.431,1.033,77.431,13.69943795,7.686853202,7425.43002
UZB,Uzbekistan,1991,,,,,,68.109,,,
VUT,Vanuatu,1991,,,,,,70.247,7.622535524,,
VEN,Venezuela (Bolivarian Republic of),1991,0.668,,,0.556,,74.393,,5.460851799,9272.204814
VNM,Viet Nam,1991,0.503,,,,,74.451,7.720898936,3.727898145,
YEM,Yemen,1991,0.361,,,,,61.054,2.634658592,0.12,
ZMB,Zambia,1991,0.411,0.366522597,0.448247379,0.667,0.818,48.418,7.031898667,3.33302365,1440.739765
ZWE,Zimbabwe,1991,0.481,,,,,60.908,8.67962011,4.344511824,
AFG,Afghanistan,1992,0.299,,,,,50.32,2.383114936,0.236229378,
ALB,Albania,1992,0.616,0.59728406,0.631528488,,0.946,76.972,10.5637598,6.700158247,2597.641212
DZA,Algeria,1992,0.601,,,,,69.307,,3.500006635,
AND,Andorra,1992,,,,,,82.358,9.326503684,,
AGO,Angola,1992,,,,,,45.484,3.14553843,,
ATG,Antigua and Barbuda,1992,,,,,,75.941,,,
ARG,Argentina,1992,0.736,0.721058616,0.740932698,0.452,0.973,75.719,14.12282816,8.181167412,9541.356064
ARM,Armenia,1992,0.611,,,,,72.404,,9.769467326,
AUS,Australia,1992,0.868,0.849456091,0.882547011,0.184,0.963,80.486,17.39775311,11.02353195,20992.04529
AUT,Austria,1992,0.832,0.804425866,0.852536756,0.201,0.944,79.143,13.78932953,9.834741047,26058.29377
AZE,Azerbaijan,1992,,,,,,65.966,10.82863531,,
BHS,Bahamas,1992,0.762,0.758622795,0.762517304,0.396,0.995,73.859,11.58662481,10.2906498,24511.47104
BHR,Bahrain,1992,0.727,0.693200857,0.744530094,,0.931,73.995,12.5752697,5.24473691,20247.02977
BGD,Bangladesh,1992,0.416,0.35864795,0.464401832,0.689,0.772,57.049,5.127383137,2.524950047,1262.546355
BRB,Barbados,1992,0.729,0.719140617,0.735967368,0.383,0.977,75.371,13.19519922,8.850924822,9706.589241
BLR,Belarus,1992,,,,,,74.231,12.49994512,,
BEL,Belgium,1992,0.835,0.815269468,0.848690671,0.175,0.961,79.665,15.54933977,9.313243092,24335.69726
BLZ,Belize,1992,0.624,,,,,71.462,10.5927678,5.726255689,
BEN,Benin,1992,0.36,,,0.687,,56.761,,0.900053611,1469.237114
BTN,Bhutan,1992,,,,,,58.82,4.939205246,,
BOL,Bolivia (Plurinational State of),1992,0.563,0.517991208,0.601968227,,0.86,59.093,11.3606736,5.240620136,2803.994633
BIH,Bosnia and Herzegovina,1992,,,,,,64.254,,,
BWA,Botswana,1992,0.585,0.568419362,0.59667717,0.578,0.953,61.862,10.52651024,5.746,6335.477482
BRA,Brazil,1992,0.627,,,0.56,,69.775,,4.120493662,6548.875325
BRN,Brunei Darussalam,1992,0.78,0.750418239,0.789495515,,0.951,74.373,12.49800968,7.076,40848.21039
BGR,Bulgaria,1992,0.7,0.691784901,0.707644013,0.357,0.978,74.778,12.12893009,7.177559853,11324.75884
BFA,Burkina Faso,1992,,,,,,50.42,1.957803395,,841.6929536
BDI,Burundi,1992,0.284,0.254590658,0.312612882,,0.814,45.285,3.711299896,0.948037757,1011.191379
CPV,Cabo Verde,1992,,,,,,66.95,,,
KHM,Cambodia,1992,0.388,,,,,58.213,6.689575339,1.960692453,
CMR,Cameroon,1992,0.433,,,,,55.989,7.32821084,1.66262984,
CAN,Canada,1992,0.869,0.860220142,0.874128729,0.188,0.984,80.976,17.58741951,10.95592461,24143.47855
CAF,Central African Republic,1992,0.312,,,,,50.737,3.13744998,1.000246799,
TCD,Chad,1992,,,,,,47.5,1.456775627,,
CHL,Chile,1992,0.722,0.688733167,0.740624023,0.496,0.93,77.068,12.69269951,8.539250082,5699.720774
CHN,China,1992,0.501,0.456192092,0.524554732,,0.87,70.965,7.526655195,3.995358699,1173.866727
COL,Colombia,1992,0.631,0.626358361,0.632918625,,0.99,73.533,11.06082988,5.93808492,6043.291276
COM,Comoros,1992,,,,,,57.815,6.835932715,,1410.29105
COG,Congo,1992,0.536,,,,,55.486,9.884269714,4.487307834,
COD,Congo (Democratic Republic of the),1992,0.375,,,,,50.652,5.251439541,2.577224167,
CRI,Costa Rica,1992,0.673,,,,,78.68,,6.384424684,
CIV,Côte d'Ivoire,1992,0.428,,,,,54.495,4.183051834,3.586828527,
HRV,Croatia,1992,,,,0.288,,76.921,10.51953869,6.158676052,
CUB,Cuba,1992,0.671,,,,,76.531,12.9907999,8.834213623,
CYP,Cyprus,1992,0.746,0.71521576,0.769944607,0.424,0.929,76.139,11.24073529,7.916520119,16309.77178
CZE,Czechia,1992,0.747,0.731216465,0.763069758,0.285,0.958,76.175,12.1301899,8.434979757,15929.37522
DNK,Denmark,1992,0.845,0.834521919,0.852384805,0.098,0.979,77.969,14.74726963,11.34491666,30579.55183
DJI,Djibouti,1992,,,,,,57.896,2.140100002,,
DMA,Dominica,1992,,,,,,73.616,,,
DOM,Dominican Republic,1992,0.595,0.566274672,0.614015653,0.565,0.922,70.854,9.536133235,5.241919755,3947.776559
ECU,Ecuador,1992,0.652,,,0.624,,73.334,,6.520361872,5330.800625
EGY,Egypt,1992,0.58,0.513283522,0.621213604,0.654,0.826,66.743,8.506968212,4.895009086,2690.838386
SLV,El Salvador,1992,0.538,,,0.545,,69.713,,3.734189987,2424.361731
GNQ,Equatorial Guinea,1992,,,,,,52.698,,,
ERI,Eritrea,1992,,,,,,53.855,,,
EST,Estonia,1992,0.726,0.727510003,0.721238345,0.383,1.009,74.933,12.81184959,10.13283925,9516.869448
SWZ,Eswatini (Kingdom of),1992,0.537,,,,,64.157,9.183871321,4.676,
ETH,Ethiopia,1992,,,,,,48.276,2.125320037,,
FJI,Fiji,1992,0.639,,,,,68.41,,6.738979652,
FIN,Finland,1992,0.821,0.821906942,0.817459712,0.098,1.005,79.44,16.6384201,9.454095033,22095.52406
FRA,France,1992,0.806,0.798264476,0.810379428,0.233,0.985,81.458,15.02330017,7.621008601,25214.80807
GAB,Gabon,1992,0.605,,,,,61.627,,5.574,
GMB,Gambia,1992,0.34,,,,,55.011,3.187626573,0.879828381,
GEO,Georgia,1992,,,,,,72.489,11.89922237,,
DEU,Germany,1992,0.842,0.81679651,0.864189105,0.162,0.945,79.143,14.38070965,10.19370879,27038.99605
GHA,Ghana,1992,0.457,0.41891422,0.494145352,0.637,0.848,57.522,5.287398347,4.307359014,2241.743721
GRC,Greece,1992,0.774,0.746667993,0.79469566,0.285,0.94,80.033,13.18556976,7.537250692,15477.32328
GRD,Grenada,1992,,,,,,73.779,,,
GTM,Guatemala,1992,0.497,,,,,66.373,,2.938187561,
GIN,Guinea,1992,0.281,,,,,49.161,1.788125038,0.691939901,
GNB,Guinea-Bissau,1992,,,,,,49.896,,,
GUY,Guyana,1992,0.509,,,,,66.045,9.00239325,5.23401241,
HTI,Haiti,1992,0.447,0.412341015,0.4882168,,0.845,55.163,7.899734261,2.090009075,2440.383095
HND,Honduras,1992,0.518,0.483998336,0.534807649,,0.905,68.25,8.474641856,3.982603099,1811.141271
HKG,"Hong Kong, China (SAR)",1992,0.758,0.721264523,0.787523766,,0.916,80.932,9.231765863,8.203960228,18391.94602
HUN,Hungary,1992,0.714,0.707552244,0.719163805,0.324,0.984,73.941,11.32775021,9.224960154,11704.62752
ISL,Iceland,1992,0.852,0.837893717,0.862636477,0.172,0.971,80.621,15.8763517,10.56964644,24220.49344
IND,India,1992,0.442,0.358796175,0.499136454,0.698,0.719,60.335,6.652984685,1.88951241,833.1469185
IDN,Indonesia,1992,0.541,0.497027922,0.572015257,0.596,0.869,65.627,9.261545411,3.032294899,3053.234031
IRN,Iran (Islamic Republic of),1992,0.638,0.518125512,0.703965351,0.667,0.736,69.069,9.910069053,5.196678218,1756.004015
IRQ,Iraq,1992,0.502,,,,,69.376,5.440356767,2.579212696,
IRL,Ireland,1992,0.757,0.736912519,0.768359022,0.22,0.959,78.288,13.12611961,7.610702634,14724.10188
ISR,Israel,1992,0.791,0.759200563,0.82646547,0.332,0.919,78.769,12.72486496,9.135055707,16172.99545
ITA,Italy,1992,0.793,0.76544444,0.811779079,0.23,0.943,80.66,13.49030972,7.293237483,21497.80639
JAM,Jamaica,1992,0.665,,,0.453,,73.287,,6.955194473,7279.352888
JPN,Japan,1992,0.852,0.830830674,0.871456028,0.165,0.953,82.297,13.6115303,11.42750378,22982.29782
JOR,Jordan,1992,0.643,,,,,71.817,12.11065006,4.692130544,
KAZ,Kazakhstan,1992,0.663,,,,,68.976,,7.633664012,
KEN,Kenya,1992,0.479,,,,,59.35,7.659114837,2.854095974,
KIR,Kiribati,1992,,,,,,63.536,10.75829029,,1659.747573
PRK,Korea (Democratic People's Rep. of),1992,,,,,,74.639,,,
KOR,Korea (Republic of),1992,0.751,0.706303235,0.780778246,0.289,0.905,77.406,12.65367031,8.384177589,7955.813358
KWT,Kuwait,1992,0.697,,,,,77.866,8.446889877,5.449041919,
KGZ,Kyrgyzstan,1992,0.62,,,,,67.854,,9.109898552,
LAO,Lao People's Democratic Republic,1992,0.42,,,,,56.349,5.622713407,2.085465023,
LVA,Latvia,1992,0.707,,,,,74.553,12.31420994,9.938545878,
LBN,Lebanon,1992,,,,,,72.506,8.747650146,,
LSO,Lesotho,1992,0.476,,,,,62.923,9.771650314,4.771245765,
LBR,Liberia,1992,,,,,,45.361,,1.174303978,
LBY,Libya,1992,0.735,,,,,72.492,,3.134,
LIE,Liechtenstein,1992,,,,,,79.377,,9.868954129,
LTU,Lithuania,1992,0.72,,,,,76.155,11.90368864,9.084491412,
LUX,Luxembourg,1992,0.806,,,0.187,,78.517,,8.775591183,47630.80694
MDG,Madagascar,1992,,,,,,54.456,6.29802084,,
MWI,Malawi,1992,0.31,,,,,45.619,5.374205112,1.604039976,
MYS,Malaysia,1992,0.665,,,0.369,,73.875,,5.744028816,6764.842075
MDV,Maldives,1992,,,,0.638,,65.836,,4.133595402,3197.180523
MLI,Mali,1992,0.248,,,,,47.895,1.534350038,0.727308923,
MLT,Malta,1992,0.734,0.677209452,0.769169131,0.357,0.88,77.435,12.64076042,5.968289275,8330.949385
MHL,Marshall Islands,1992,,,,,,65.242,,,
MRT,Mauritania,1992,0.41,,,,,61.623,3.331419945,2.015306046,
MUS,Mauritius,1992,0.633,0.597885855,0.656748233,0.506,0.91,73.977,10.39163791,5.057712078,4975.998467
MEX,Mexico,1992,0.67,0.631948239,0.692451078,0.504,0.913,74.357,10.54719627,5.666718006,7716.548309
FSM,Micronesia (Federated States of),1992,,,,,,71.328,,,
MDA,Moldova (Republic of),1992,0.662,,,,,71.239,10.55001573,8.970829943,
MCO,Monaco,1992,,,,,,82.089,17.34367943,,
MNG,Mongolia,1992,0.564,,,,,62.442,,8.217198555,
MNE,Montenegro,1992,,,,,,79.306,,,
MAR,Morocco,1992,0.459,0.378511966,0.516517275,0.75,0.733,64.972,5.295100212,1.56,1579.604998
MOZ,Mozambique,1992,0.237,,,,,46.721,3.292309999,0.860248543,
MMR,Myanmar,1992,0.356,,,,,59.823,7.632289886,2.011271029,
NAM,Namibia,1992,0.603,0.589136338,0.610304259,0.549,0.965,64.208,12.67100652,5.616807985,5002.408865
NRU,Nauru,1992,,,,,,65.338,,,
NPL,Nepal,1992,0.411,0.330307737,0.475108248,0.729,0.695,56.956,5.565341102,1.094062167,1054.403568
NLD,Netherlands,1992,0.853,0.825605514,0.873821434,0.115,0.945,80.277,14.67251015,10.65933033,24320.85185
NZL,New Zealand,1992,0.823,0.806523118,0.836124527,0.214,0.965,79.294,15.19979954,10.28338003,18053.96429
NIC,Nicaragua,1992,0.502,,,0.62,,67.346,,3.582,1486.569112
NER,Niger,1992,0.218,,,,,43.325,1.536929993,0.382343642,
NGA,Nigeria,1992,,,,,,47.28,5.557054119,,1763.768835
MKD,North Macedonia,1992,,,,0.427,,73.761,11.15575298,,
NOR,Norway,1992,0.859,0.849185602,0.867102254,0.124,0.979,80.355,14.90005016,11.1155604,33239.18947
OMN,Oman,1992,,,,,,73.364,8.321709633,,
PAK,Pakistan,1992,0.403,0.277377067,0.481554629,0.793,0.576,60.733,3.020963848,1.185253043,700.0836996
PLW,Palau,1992,,,,,,68.735,,,
PSE,"Palestine, State of",1992,,,,,,70.285,8.194371427,,
PAN,Panama,1992,0.681,,,0.516,,74.89,,7.584390068,6533.545553
PNG,Papua New Guinea,1992,0.412,,,,,62.775,4.599733875,1.737229893,
PRY,Paraguay,1992,0.614,0.556478634,0.644359976,0.605,0.864,70.422,9.67011043,5.644839764,2959.293888
PER,Peru,1992,0.624,,,0.576,,68.926,,7.022021932,3209.423426
PHL,Philippines,1992,0.604,0.577142989,0.623709769,0.511,0.925,68.974,11.22666551,7.181993866,2525.409868
POL,Poland,1992,0.716,0.706183803,0.723872869,0.271,0.976,75.533,12.33749962,9.473620873,7666.198202
PRT,Portugal,1992,0.731,0.723651074,0.739860166,0.255,0.978,78.587,13.7740798,5.302134309,18086.84259
QAT,Qatar,1992,0.766,,,,,75.492,13.56962967,7.265528892,
ROU,Romania,1992,0.683,0.662304608,0.702069202,0.502,0.943,73.077,10.78092003,7.952789783,7968.514206
RUS,Russian Federation,1992,0.726,,,0.442,,73.576,,9.883109629,13163.45676
RWA,Rwanda,1992,,,,,,46.711,5.336814866,1.256743756,
KNA,Saint Kitts and Nevis,1992,,,,,,69.74,13.0537796,,
LCA,Saint Lucia,1992,0.674,0.66503773,0.67706962,0.432,0.982,73.436,12.51099329,6.823246906,7530.981556
VCT,Saint Vincent and the Grenadines,1992,,,,,,75.061,11.83252973,,
WSM,Samoa,1992,,,,,,71.719,12.0334,10.36799687,
SMR,San Marino,1992,0.845,,,,,80.533,15.19473358,,36510.7448
STP,Sao Tome and Principe,1992,0.481,,,,,63.513,8.50348042,3.427091077,
SAU,Saudi Arabia,1992,0.713,0.600223095,0.759425015,,0.79,71.876,10.42808894,3.793993011,9262.835165
SEN,Senegal,1992,0.373,,,,,59.221,3.600630045,1.248455322,
SRB,Serbia,1992,,,,,,74.101,12.48869944,5.661503263,
SYC,Seychelles,1992,,,,,,77.086,12.27091026,,
SLE,Sierra Leone,1992,0.305,,,,,44.896,3.629846234,1.194147865,
SGP,Singapore,1992,0.796,0.771262068,0.806020906,0.261,0.957,78.454,15.14463814,6.50636816,25311.72227
SVK,Slovakia,1992,,,,0.272,,75.865,11.8112779,6.784946871,
SVN,Slovenia,1992,,,,0.271,,77.543,12.74729074,7.167103987,
SLB,Solomon Islands,1992,,,,,,68.829,5.677750111,,
SOM,Somalia,1992,,,,,,28.569,,,
ZAF,South Africa,1992,0.648,0.637366865,0.651366809,0.484,0.979,67.067,13.02195358,7.10473872,6515.093964
SSD,South Sudan,1992,,,,,,25.451,,,
ESP,Spain,1992,0.776,0.753303389,0.789677374,0.17,0.954,81.264,15.1431303,5.834435536,16218.88848
LKA,Sri Lanka,1992,0.654,0.628738497,0.668352688,0.457,0.941,77.51,11.76456683,8.156385819,2572.705917
SDN,Sudan,1992,0.318,0.275073809,0.346140017,0.743,0.795,51.397,3.432565448,1.026,1093.990574
SUR,Suriname,1992,,,,,,67.785,11.54629962,,7213.360502
SWE,Sweden,1992,0.818,0.812299912,0.822497068,0.091,0.988,80.779,13.71685028,10.03715038,25221.02753
CHE,Switzerland,1992,0.855,0.82505956,0.879046392,0.13,0.939,81.325,13.25387001,9.726555546,37754.3854
SYR,Syrian Arab Republic,1992,0.573,0.481527031,0.625644968,0.536,0.77,72.206,9.313699722,3.005103926,1477.950059
TJK,Tajikistan,1992,0.558,,,,,62.281,,8.885758599,
TZA,Tanzania (United Republic of),1992,0.365,,,,,53.106,5.234809875,2.50017501,
THA,Thailand,1992,0.601,0.587500885,0.612624655,0.458,0.959,74.888,9.238708127,4.360786521,6301.517277
TLS,Timor-Leste,1992,,,,,,47.966,,,
TGO,Togo,1992,0.395,,,,,55.651,5.290410042,1.265618074,
TON,Tonga,1992,0.651,,,,,71.782,,9.319265098,
TTO,Trinidad and Tobago,1992,0.659,0.633258202,0.676891146,0.454,0.936,70.785,10.58817005,7.484176424,6428.239046
TUN,Tunisia,1992,0.578,,,,,73.082,9.309940338,2.526408084,
TUR,Türkiye,1992,0.608,0.545210521,0.655621954,0.59,0.832,72.238,8.065529823,3.39322443,6398.815417
TKM,Turkmenistan,1992,,,,,,67.328,,,
TUV,Tuvalu,1992,0.562,,,,,62.746,10.53049231,6.870428767,
UGA,Uganda,1992,0.325,,,,,48.695,4.463809967,2.282006394,
UKR,Ukraine,1992,0.715,,,,,73.779,12.69939018,9.382465892,
ARE,United Arab Emirates,1992,0.734,,,,,74.99,10.91646957,6.576520006,
GBR,United Kingdom,1992,0.815,0.800156415,0.8260046,0.247,0.969,78.962,14.36779022,9.77948815,21802.35989
USA,United States,1992,0.88,0.873201771,0.883035979,0.29,0.989,79.18,16.16325474,12.96722393,30980.87052
URY,Uruguay,1992,0.709,0.713466579,0.690522215,0.428,1.033,77.625,13.91962507,7.61452182,8362.684776
UZB,Uzbekistan,1992,,,,,,68.036,,,
VUT,Vanuatu,1992,,,,,,70.44,7.755617419,,
VEN,Venezuela (Bolivarian Republic of),1992,0.675,,,0.559,,74.347,,5.700523637,9498.444829
VNM,Viet Nam,1992,0.514,,,,,74.597,7.97714801,3.866504791,
YEM,Yemen,1992,0.368,,,,,61.32,2.806987156,0.14,
ZMB,Zambia,1992,0.408,0.367393363,0.444240416,0.665,0.827,47.824,7.114469865,3.437407221,1486.447631
ZWE,Zimbabwe,1992,0.465,,,,,59.28,8.788880348,4.489890099,
AFG,Afghanistan,1993,0.307,,,,,52.739,2.528328443,0.253514455,
ALB,Albania,1993,0.618,0.594260981,0.635891208,,0.935,77.118,10.11645031,6.703830573,2650.759994
DZA,Algeria,1993,0.602,,,,,69.202,,3.704243633,
AND,Andorra,1993,,,,,,81.907,9.4716803,,
AGO,Angola,1993,,,,,,46.578,3.217650377,,
ATG,Antigua and Barbuda,1993,,,,,,75.835,,,
ARG,Argentina,1993,0.74,0.729215072,0.743570987,0.444,0.981,75.94,14.08046764,8.269664383,10805.90925
ARM,Armenia,1993,0.613,,,,,72.69,,9.845244817,
AUS,Australia,1993,0.873,0.854111993,0.887206698,0.181,0.963,80.991,17.40402031,11.04343002,21765.3451
AUT,Austria,1993,0.836,0.809447057,0.855934651,0.195,0.946,79.346,14.02163982,9.935011727,26262.85512
AZE,Azerbaijan,1993,,,,0.416,,65.921,10.92005611,,2580.110865
BHS,Bahamas,1993,0.762,0.758854073,0.762324535,0.4,0.995,73.9,11.60408008,10.40952978,23646.60651
BHR,Bahrain,1993,0.732,0.696611455,0.748848332,,0.93,74.352,12.38325977,5.465313911,20679.37103
BGD,Bangladesh,1993,0.423,0.366410427,0.470494895,0.687,0.779,57.25,5.397969818,2.668702942,1280.468319
BRB,Barbados,1993,0.733,0.724108495,0.738884909,0.368,0.98,75.813,13.41781362,9.008419421,9495.926248
BLR,Belarus,1993,,,,,,73.868,12.42078368,,
BEL,Belgium,1993,0.849,0.831296037,0.861863834,0.168,0.965,79.736,16.87443924,9.465784037,24640.6266
BLZ,Belize,1993,0.63,0.59619481,0.65066924,,0.916,71.632,10.76814672,5.898471424,4226.469594
BEN,Benin,1993,0.367,,,0.682,,56.932,,0.96568252,1535.734741
BTN,Bhutan,1993,,,,,,59.53,5.184526768,,
BOL,Bolivia (Plurinational State of),1993,0.573,0.531887771,0.60881892,,0.874,60.044,11.71692369,5.358030107,3061.223428
BIH,Bosnia and Herzegovina,1993,,,,,,64.383,,,
BWA,Botswana,1993,0.586,0.568668942,0.598057648,0.565,0.951,60.67,10.42926025,6.064,6770.435105
BRA,Brazil,1993,0.633,,,0.556,,70.18,,4.282904617,6715.14728
BRN,Brunei Darussalam,1993,0.78,0.751623412,0.788513747,,0.953,74.654,12.34004021,7.254,40062.57867
BGR,Bulgaria,1993,0.702,0.694936113,0.708521416,0.355,0.981,75.112,12.11647987,7.481225438,10826.46744
BFA,Burkina Faso,1993,,,,,,50.22,2.042226495,,844.1853784
BDI,Burundi,1993,0.257,0.233692287,0.280747134,,0.832,39.343,3.935719967,1.010921647,977.4077562
CPV,Cabo Verde,1993,,,,,,67.058,,,
KHM,Cambodia,1993,0.39,0.365543437,0.431136084,0.655,0.848,58.245,6.736984411,2.014557631,1009.782221
CMR,Cameroon,1993,0.426,,,,,55.533,7.213235073,1.745171747,
CAN,Canada,1993,0.867,0.857180261,0.874482397,0.185,0.98,80.785,17.02522087,11.14147968,24647.69102
CAF,Central African Republic,1993,0.311,,,,,50.284,3.232819978,1.049162747,
TCD,Chad,1993,,,,,,47.438,1.615274612,,
CHL,Chile,1993,0.716,0.683697374,0.733301522,0.493,0.932,77.21,11.70845032,8.606988307,6072.378379
CHN,China,1993,0.512,0.470175165,0.538241295,,0.874,71.548,7.803896368,4.153793835,1302.612044
COL,Colombia,1993,0.637,0.610981367,0.646769492,,0.945,73.757,11.12188959,6.074396769,4226.389016
COM,Comoros,1993,,,,,,58.521,6.883839457,,1405.488528
COG,Congo,1993,0.53,,,,,54.876,9.708026695,4.717095174,
COD,Congo (Democratic Republic of the),1993,0.372,,,,,51.27,5.311516937,2.764081733,
CRI,Costa Rica,1993,0.681,,,,,78.822,,6.564755231,
CIV,Côte d'Ivoire,1993,0.431,,,,,54.278,4.30110808,3.857532567,
HRV,Croatia,1993,,,,0.28,,77.088,10.85564995,6.490732002,
CUB,Cuba,1993,0.662,,,,,76.672,12.82483006,8.996834615,
CYP,Cyprus,1993,0.752,0.720536456,0.775336995,0.401,0.929,76.722,11.40251405,8.100823482,15750.70956
CZE,Czechia,1993,0.755,0.733572402,0.773598886,0.285,0.948,76.43,12.15009022,8.671949069,15247.12804
DNK,Denmark,1993,0.848,0.836293939,0.856270203,0.095,0.977,77.771,14.97766018,11.3721234,30703.66614
DJI,Djibouti,1993,,,,,,57.715,2.276340008,,
DMA,Dominica,1993,,,,,,73.856,,,
DOM,Dominican Republic,1993,0.602,0.550526529,0.627490841,0.613,0.877,71.194,9.73278525,5.397929271,2643.038508
ECU,Ecuador,1993,0.656,,,0.612,,73.533,,6.589847761,5247.102793
EGY,Egypt,1993,0.587,0.518994938,0.627086391,0.651,0.828,67.137,8.723346138,5.130424117,2606.063022
SLV,El Salvador,1993,0.546,,,0.539,,70.308,,3.796999999,3399.524296
GNQ,Equatorial Guinea,1993,,,,,,52.872,,,
ERI,Eritrea,1993,,,,,,54.539,,,
EST,Estonia,1993,0.718,0.720874485,0.712275704,0.37,1.012,74.439,12.52493,10.34346175,8827.140238
SWZ,Eswatini (Kingdom of),1993,0.529,,,,,62.896,9.213411708,4.624,
ETH,Ethiopia,1993,,,,,,48.711,1.983560006,,
FJI,Fiji,1993,0.643,,,,,68.454,,6.964762125,
FIN,Finland,1993,0.826,0.825691283,0.824023994,0.093,1.002,79.481,16.82214928,9.694962722,21660.32439
FRA,France,1993,0.809,0.80227932,0.813774132,0.227,0.986,81.459,15.15264034,7.814767906,25238.88541
GAB,Gabon,1993,0.609,,,0.598,,61.88,,5.746,11510.83555
GMB,Gambia,1993,0.348,,,,,55.935,3.395059649,0.957400257,
GEO,Georgia,1993,,,,,,72.582,11.61993504,,
DEU,Germany,1993,0.852,0.824599842,0.874691366,0.152,0.943,79.215,15.00016975,10.37003756,26515.82843
GHA,Ghana,1993,0.463,0.420599855,0.503657821,0.634,0.835,57.341,5.418088455,4.477993151,2144.593953
GRC,Greece,1993,0.776,0.749435465,0.795246285,0.276,0.942,80.38,13.21920967,7.675859905,15178.84708
GRD,Grenada,1993,,,,,,74.068,,,
GTM,Guatemala,1993,0.502,,,,,66.74,,3.009645628,
GIN,Guinea,1993,0.288,,,,,49.761,1.906180024,0.692162325,
GNB,Guinea-Bissau,1993,,,,,,50.146,,,
GUY,Guyana,1993,0.524,,,,,66.381,9.1715021,5.325312026,
HTI,Haiti,1993,0.449,0.414198138,0.489675138,,0.846,55.663,8.012581874,2.171068127,2278.646303
HND,Honduras,1993,0.523,0.485526798,0.542248757,,0.895,68.513,8.615293615,4.064624673,1738.908001
HKG,"Hong Kong, China (SAR)",1993,0.77,0.734618347,0.798417376,,0.92,81.358,9.564149777,8.426730251,20092.65258
HUN,Hungary,1993,0.721,0.714767043,0.726080151,0.325,0.984,73.982,11.86903,9.287520149,11844.55658
ISL,Iceland,1993,0.853,0.837587223,0.866761585,0.163,0.966,80.506,15.67873955,10.702522,24517.82817
IND,India,1993,0.446,0.360563313,0.504699796,0.7,0.714,60.65,6.713841486,1.937746356,821.3058792
IDN,Indonesia,1993,0.549,0.509233291,0.581934242,0.583,0.875,66.301,9.461589813,3.318582401,3226.303438
IRN,Iran (Islamic Republic of),1993,0.644,0.524598878,0.707697312,0.654,0.741,69.323,10.05445026,5.492785239,1762.712776
IRQ,Iraq,1993,0.524,,,,,69.708,5.643137142,2.786470859,
IRL,Ireland,1993,0.767,0.74703339,0.778262377,0.205,0.96,78.161,13.51758003,7.872285128,15639.0689
ISR,Israel,1993,0.797,0.765652338,0.832664902,0.318,0.92,79.325,12.92535973,9.216767596,16424.44381
ITA,Italy,1993,0.799,0.772216881,0.817199792,0.231,0.945,80.829,13.90326023,7.430923285,21252.69824
JAM,Jamaica,1993,0.665,,,0.451,,73.041,,7.056138992,7438.560046
JPN,Japan,1993,0.858,0.828286356,0.878891266,0.164,0.942,82.448,13.99610996,11.47088079,19822.77043
JOR,Jordan,1993,0.648,,,,,72.045,12.19904995,5.050355868,
KAZ,Kazakhstan,1993,0.659,,,,,69.518,,7.886047673,
KEN,Kenya,1993,0.477,,,,,58.605,7.755891249,3.02490478,
KIR,Kiribati,1993,,,,,,63.953,10.75950019,,1645.502098
PRK,Korea (Democratic People's Rep. of),1993,,,,,,76.301,,,
KOR,Korea (Republic of),1993,0.761,0.727460591,0.786109885,0.276,0.925,77.564,13.11445045,8.534131622,10325.04325
KWT,Kuwait,1993,0.703,,,,,77.945,8.252099991,5.463200529,
KGZ,Kyrgyzstan,1993,0.607,,,,,67.668,,9.255257733,
LAO,Lao People's Democratic Republic,1993,0.426,,,,,56.864,5.729730129,2.190418528,
LVA,Latvia,1993,0.691,,,,,73.844,12.352384,10.29157304,
LBN,Lebanon,1993,,,,,,72.856,8.843230009,,
LSO,Lesotho,1993,0.472,,,,,62.3,9.391679764,4.865003869,
LBR,Liberia,1993,,,,,,44.752,,1.231326326,
LBY,Libya,1993,0.735,,,,,72.623,,3.336,
LIE,Liechtenstein,1993,,,,,,79.183,,9.96957363,
LTU,Lithuania,1993,0.702,,,,,75.129,11.47428036,9.273058389,
LUX,Luxembourg,1993,0.815,,,0.185,,79.168,,9.00610218,47245.32231
MDG,Madagascar,1993,,,,,,55.368,6.470496178,,
MWI,Malawi,1993,0.316,,,,,45.682,5.974500179,1.644883586,
MYS,Malaysia,1993,0.671,,,0.366,,74.092,,5.954017575,7011.670181
MDV,Maldives,1993,,,,0.623,,66.648,,4.023238241,3519.770571
MLI,Mali,1993,0.255,,,,,48.327,1.731999993,0.766271901,
MLT,Malta,1993,0.745,0.690820871,0.777102826,0.332,0.889,79.357,12.88002014,6.087222576,8563.486179
MHL,Marshall Islands,1993,,,,,,65.087,,,
MRT,Mauritania,1993,0.421,,,,,61.684,3.808180094,2.076447186,
MUS,Mauritius,1993,0.636,0.603325131,0.659283243,0.494,0.915,73.973,10.57231681,5.126553059,5203.538055
MEX,Mexico,1993,0.673,0.63823591,0.695771818,0.497,0.917,74.681,10.64223003,5.741466999,8163.767572
FSM,Micronesia (Federated States of),1993,,,,,,71.457,,,
MDA,Moldova (Republic of),1993,0.662,,,,,70.306,10.68522232,9.118825869,
MCO,Monaco,1993,,,,,,82.701,17.57974434,,
MNG,Mongolia,1993,0.55,,,,,62.847,,8.252665287,3012.627522
MNE,Montenegro,1993,,,,,,79.409,,,
MAR,Morocco,1993,0.465,0.381990469,0.523190148,0.752,0.73,65.495,5.55012989,1.65,1439.607728
MOZ,Mozambique,1993,0.243,,,,,47.013,3.291160107,0.882886662,
MMR,Myanmar,1993,0.363,,,,,60.413,7.78331995,2.067470812,
NAM,Namibia,1993,0.601,0.586606148,0.608674498,0.547,0.964,63.411,12.96176306,5.623015976,4832.641385
NRU,Nauru,1993,,,,,,65.802,,,
NPL,Nepal,1993,0.416,0.341457659,0.478338673,0.722,0.714,58.163,5.777102205,1.144892489,1122.650917
NLD,Netherlands,1993,0.855,0.82958764,0.874729482,0.111,0.948,79.993,15.02696037,10.73838329,24744.0019
NZL,New Zealand,1993,0.839,0.821640847,0.85236339,0.21,0.964,79.182,16.2301693,10.58955002,18840.92396
NIC,Nicaragua,1993,0.505,,,0.617,,67.774,,3.728,1387.0302
NER,Niger,1993,0.223,,,,,44.255,1.615360003,0.414205613,
NGA,Nigeria,1993,,,,,,47.438,5.727363072,,1668.010205
MKD,North Macedonia,1993,,,,0.433,,74.517,11.11732006,,
NOR,Norway,1993,0.867,0.855525665,0.87516456,0.119,0.978,80.239,15.35731983,11.20266036,34145.61758
OMN,Oman,1993,,,,,,73.938,8.800089836,,
PAK,Pakistan,1993,0.405,0.28253565,0.483028596,0.792,0.585,60.369,3.158685714,1.267339824,718.2058208
PLW,Palau,1993,,,,,,68.6,,,
PSE,"Palestine, State of",1993,,,,,,70.65,8.524588735,,
PAN,Panama,1993,0.687,,,0.513,,75.184,,7.637475109,6980.175391
PNG,Papua New Guinea,1993,0.425,,,,,62.956,4.728440887,1.806474695,
PRY,Paraguay,1993,0.621,0.60023351,0.6381138,0.599,0.941,70.782,9.943349838,5.761175242,6131.619188
PER,Peru,1993,0.628,,,0.599,,69.361,,7.117060184,2443.692755
PHL,Philippines,1993,0.606,0.588721923,0.62332331,0.508,0.944,69.371,11.29927058,7.234440899,2922.945361
POL,Poland,1993,0.73,0.723933808,0.737499022,0.26,0.982,75.828,12.9226799,10.17360724,8027.097298
PRT,Portugal,1993,0.747,0.738188068,0.752851478,0.24,0.981,78.409,14.91110992,5.495068618,17816.02007
QAT,Qatar,1993,0.772,,,,,75.32,13.99193954,7.458953955,
ROU,Romania,1993,0.683,0.663184251,0.701000441,0.483,0.946,73.345,10.45895004,8.060292768,8262.34082
RUS,Russian Federation,1993,0.708,,,0.455,,72.002,,10.12377707,11960.18355
RWA,Rwanda,1993,,,,,,44.668,5.207417228,1.314747314,
KNA,Saint Kitts and Nevis,1993,,,,,,70.218,13.20300007,,
LCA,Saint Lucia,1993,0.676,0.672066753,0.676659507,0.423,0.993,73.594,12.54557037,6.924543757,8251.780122
VCT,Saint Vincent and the Grenadines,1993,,,,,,74.582,11.93623585,,
WSM,Samoa,1993,,,,,,72.006,12.039,10.44012285,
SMR,San Marino,1993,0.85,,,,,80.879,15.24751323,,39061.90967
STP,Sao Tome and Principe,1993,0.481,,,,,63.441,8.581903141,3.480502899,
SAU,Saudi Arabia,1993,0.717,0.603540819,0.76301301,,0.791,72.171,10.60746822,3.93701669,8753.003398
SEN,Senegal,1993,0.373,,,,,59.013,3.816850032,1.230746735,
SRB,Serbia,1993,,,,,,74.197,12.57944357,5.797379341,
SYC,Seychelles,1993,,,,,,77.427,12.41798019,,
SLE,Sierra Leone,1993,0.312,,,,,44.833,3.80071919,1.253626494,
SGP,Singapore,1993,0.805,0.778493082,0.8156402,0.264,0.954,78.635,15.21011535,6.716812134,26910.29953
SVK,Slovakia,1993,,,,0.263,,76.141,11.94386005,7.16342392,
SVN,Slovenia,1993,,,,0.259,,77.48,12.45930004,7.533197843,
SLB,Solomon Islands,1993,,,,,,68.944,5.970069885,,
SOM,Somalia,1993,,,,,,52.117,,,
ZAF,South Africa,1993,0.652,0.642536128,0.65555087,0.479,0.98,66.832,13.19262695,7.467798491,6563.444403
SSD,South Sudan,1993,,,,,,25.459,,,
ESP,Spain,1993,0.784,0.762327365,0.797249406,0.162,0.956,81.339,15.64968967,6.042720941,16289.80682
LKA,Sri Lanka,1993,0.662,0.632021969,0.678998264,0.452,0.931,77.708,11.85750653,8.360348032,2543.565487
SDN,Sudan,1993,0.328,0.286126494,0.355566727,0.74,0.805,51.98,3.587322307,1.114,1217.944747
SUR,Suriname,1993,,,,,,68.076,11.59205961,,5314.619734
SWE,Sweden,1993,0.84,0.841271069,0.837987842,0.088,1.004,80.773,16.07991028,10.25751019,26383.54133
CHE,Switzerland,1993,0.859,0.8275261,0.885427536,0.125,0.935,81.416,13.44639969,9.712164109,37844.73962
SYR,Syrian Arab Republic,1993,0.574,0.483967292,0.62472625,0.534,0.775,72.171,9.318579674,3.132487907,1492.916152
TJK,Tajikistan,1993,0.531,,,,,62.085,,9.117560997,
TZA,Tanzania (United Republic of),1993,0.367,,,,,52.827,5.310450077,2.609199641,
THA,Thailand,1993,0.611,0.599035566,0.620450002,0.456,0.965,75.275,9.615519524,4.48476733,6717.062804
TLS,Timor-Leste,1993,,,,,,48.961,,,
TGO,Togo,1993,0.392,,,,,55.476,5.498245001,1.326437249,
TON,Tonga,1993,0.657,,,,,71.932,,9.519892759,
TTO,Trinidad and Tobago,1993,0.663,0.637236002,0.680358054,0.446,0.937,71.242,10.62938023,7.659104745,6338.417825
TUN,Tunisia,1993,0.585,,,,,73.707,9.599490166,2.663886126,
TUR,Türkiye,1993,0.615,0.546242432,0.665112099,0.603,0.821,72.665,8.194549561,3.450837725,5915.396073
TKM,Turkmenistan,1993,,,,,,67.306,,,
TUV,Tuvalu,1993,0.575,,,,,64.884,10.47855353,6.99869769,
UGA,Uganda,1993,0.333,,,,,48.381,4.824485064,2.365962765,
UKR,Ukraine,1993,0.702,,,,,73.057,12.40772068,9.586701627,
ARE,United Arab Emirates,1993,0.743,,,,,75.524,11.00368977,6.915621819,
GBR,United Kingdom,1993,0.819,0.804432303,0.829549955,0.242,0.97,78.768,14.57861185,9.900341922,22507.0666
USA,United States,1993,0.882,0.875157798,0.884141205,0.292,0.99,78.932,16.36899948,13.01057186,31520.38799
URY,Uruguay,1993,0.712,0.716958687,0.697037672,0.429,1.029,77.826,14.1433512,7.542190438,8553.618294
UZB,Uzbekistan,1993,,,,,,67.734,,,
VUT,Vanuatu,1993,,,,,,70.524,7.891022791,,
VEN,Venezuela (Bolivarian Republic of),1993,0.678,,,0.561,,74.671,,5.940195474,9101.762507
VNM,Viet Nam,1993,0.526,,,,,75.413,8.24190174,4.005111436,
YEM,Yemen,1993,0.374,,,,,61.701,2.990587439,0.16,
ZMB,Zambia,1993,0.412,0.371020581,0.447473656,0.663,0.829,47.582,7.198010645,3.541790792,1572.634892
ZWE,Zimbabwe,1993,0.46,,,,,57.15,8.899515969,4.640133095,
AFG,Afghanistan,1994,0.3,,,,,53.544,2.682390438,0.270799531,
ALB,Albania,1994,0.623,0.59668619,0.643525063,,0.927,77.258,9.884750366,6.707502899,2853.640238
DZA,Algeria,1994,0.603,,,,,69.169,,3.908480631,
AND,Andorra,1994,,,,,,83.506,9.61911674,,
AGO,Angola,1994,,,,,,47.499,3.289762325,,
ATG,Antigua and Barbuda,1994,,,,,,76.063,,,
ARG,Argentina,1994,0.746,0.731724797,0.750811924,0.446,0.975,76.049,14.03810711,8.358161354,11094.56141
ARM,Armenia,1994,0.617,,,,,72.948,,9.921022309,
AUS,Australia,1994,0.873,0.854929557,0.887299696,0.179,0.964,80.822,17.41028976,11.06332809,22334.11955
AUT,Austria,1994,0.841,0.816960778,0.860445636,0.18,0.949,79.636,14.24761963,10.03528241,27677.00775
AZE,Azerbaijan,1994,,,,0.417,,66.071,11.01224872,,2324.876365
BHS,Bahamas,1994,0.765,0.761701896,0.76529313,0.389,0.995,74.025,11.62156165,10.52840977,23930.93922
BHR,Bahrain,1994,0.732,0.696028635,0.748250099,,0.93,74.702,12.16362953,5.685890913,19444.60581
BGD,Bangladesh,1994,0.431,0.375965349,0.476885853,0.685,0.788,58.095,5.668556499,2.812455838,1290.20561
BRB,Barbados,1994,0.738,0.732088496,0.741231264,0.365,0.988,75.882,13.64042801,9.16591402,10160.23431
BLR,Belarus,1994,,,,,,75.162,12.36967455,,
BEL,Belgium,1994,0.857,0.839250666,0.869986756,0.162,0.965,79.996,17.1911602,9.618324982,25540.39935
BLZ,Belize,1994,0.634,0.600929077,0.653631311,0.542,0.919,72.483,10.94642931,6.070687158,4000.509128
BEN,Benin,1994,0.372,,,0.673,,57.08,,1.031311429,1623.987575
BTN,Bhutan,1994,,,,,,60.047,5.442032974,,
BOL,Bolivia (Plurinational State of),1994,0.582,0.538331827,0.61855645,,0.87,60.718,12.08434514,5.475440078,2965.874297
BIH,Bosnia and Herzegovina,1994,,,,,,75.222,,,
BWA,Botswana,1994,0.576,0.567219655,0.583590424,0.555,0.972,59.507,10.23869991,6.47,6964.217801
BRA,Brazil,1994,0.638,,,0.552,,70.646,,4.445315572,6667.8187
BRN,Brunei Darussalam,1994,0.78,0.752185844,0.787664048,,0.955,74.929,12.01815033,7.432,40581.22492
BGR,Bulgaria,1994,0.704,0.697753304,0.709702963,0.359,0.983,74.811,12.06554985,7.784891023,10986.29248
BFA,Burkina Faso,1994,,,,,,50.461,2.130290031,,817.3315765
BDI,Burundi,1994,0.288,0.259638198,0.315619058,,0.823,45.583,3.950772711,1.073805537,941.1166036
CPV,Cabo Verde,1994,,,,,,67.104,,,
KHM,Cambodia,1994,0.392,0.364345154,0.43433118,0.655,0.839,58.047,6.784729471,2.068422808,972.291514
CMR,Cameroon,1994,0.423,,,,,55.081,7.098259306,1.827713654,
CAN,Canada,1994,0.873,0.862760457,0.880750169,0.185,0.98,80.883,17.17033958,11.32703476,25444.28377
CAF,Central African Republic,1994,0.313,,,,,49.742,3.328189976,1.098078696,
TCD,Chad,1994,,,,,,47.514,1.791018481,,
CHL,Chile,1994,0.722,0.690563809,0.738756222,0.491,0.935,77.704,11.87763233,8.674726533,6320.05019
CHN,China,1994,0.522,0.483805703,0.55121289,,0.878,71.736,8.091349602,4.312228972,1466.942256
COL,Colombia,1994,0.643,0.629564666,0.64563758,,0.975,73.969,10.56235218,6.210708618,6464.016532
COM,Comoros,1994,,,,,,58.922,6.931746199,,1299.267494
COG,Congo,1994,0.525,,,,,54.364,9.531783676,4.946882514,
COD,Congo (Democratic Republic of the),1994,0.369,,,,,51.554,5.372281628,2.950939299,
CRI,Costa Rica,1994,0.684,,,,,78.892,,6.582228885,
CIV,Côte d'Ivoire,1994,0.434,,,,,54.143,4.42249617,4.128236607,
HRV,Croatia,1994,,,,0.27,,77.626,11.20250034,6.822787952,
CUB,Cuba,1994,0.659,,,,,76.851,12.16654015,9.159455608,
CYP,Cyprus,1994,0.758,0.72649115,0.782010334,0.395,0.929,76.526,11.56662115,8.285126845,16592.45354
CZE,Czechia,1994,0.766,0.743691854,0.78536867,0.253,0.947,76.649,12.58366013,8.908918381,15692.93073
DNK,Denmark,1994,0.854,0.842594737,0.862888096,0.095,0.976,78.095,15.25080967,11.39933014,31788.81852
DJI,Djibouti,1994,,,,,,57.392,2.343630075,,
DMA,Dominica,1994,,,,,,73.542,,,
DOM,Dominican Republic,1994,0.608,0.577731843,0.627395462,0.565,0.921,71.477,9.93349258,5.553938788,3943.081907
ECU,Ecuador,1994,0.662,,,0.604,,73.954,,6.65933365,5301.829446
EGY,Egypt,1994,0.594,0.527497271,0.63157496,0.644,0.835,67.687,8.939724064,5.365839147,2636.242457
SLV,El Salvador,1994,0.557,,,0.529,,70.889,,3.859810012,3547.45287
GNQ,Equatorial Guinea,1994,,,,,,52.956,,,
ERI,Eritrea,1994,,,,,,55.454,,,
EST,Estonia,1994,0.72,0.727706587,0.709615293,0.372,1.025,74.175,12.95773983,10.66035333,8879.118235
SWZ,Eswatini (Kingdom of),1994,0.52,,,,,61.151,9.243047113,4.572,
ETH,Ethiopia,1994,,,,,,49.1,1.841799974,,468.125336
FJI,Fiji,1994,0.649,,,,,68.652,,7.190544599,
FIN,Finland,1994,0.838,0.837117147,0.835608919,0.091,1.002,80.149,17.14328957,9.93583041,22660.42827
FRA,France,1994,0.824,0.815309785,0.82932305,0.215,0.983,81.886,15.84125042,8.008527211,25841.25211
GAB,Gabon,1994,0.613,,,0.592,,61.773,,5.918,11838.41094
GMB,Gambia,1994,0.356,,,,,56.842,3.615991321,1.034972133,
GEO,Georgia,1994,,,,,,72.682,11.3406477,,
DEU,Germany,1994,0.858,0.831092547,0.880875697,0.144,0.943,79.514,15.18957996,10.54636632,27079.85184
GHA,Ghana,1994,0.465,0.424076339,0.505865689,0.63,0.838,57.14,5.552008867,4.648627287,2141.830491
GRC,Greece,1994,0.782,0.752596352,0.803431987,0.269,0.937,80.588,13.1686697,7.814469117,15478.92897
GRD,Grenada,1994,,,,,,74.349,,,
GTM,Guatemala,1994,0.506,,,0.65,,67.24,,3.081103694,1752.700019
GIN,Guinea,1994,0.294,,,,,49.945,2.092959881,0.692384821,
GNB,Guinea-Bissau,1994,,,,,,50.112,,,
GUY,Guyana,1994,0.535,,,,,66.646,9.343787639,5.416611642,
HTI,Haiti,1994,0.447,0.411746827,0.487225803,,0.845,55.897,8.127041514,2.252127179,1988.275408
HND,Honduras,1994,0.526,0.487863621,0.54486227,,0.895,68.809,8.755945374,4.146646247,1692.238433
HKG,"Hong Kong, China (SAR)",1994,0.78,0.746415307,0.808001521,,0.924,81.765,9.908500964,8.649500275,21225.31485
HUN,Hungary,1994,0.73,0.7245712,0.734579291,0.306,0.986,74.459,12.41030979,9.350080143,12144.14781
ISL,Iceland,1994,0.86,0.848281418,0.870291589,0.158,0.975,81.441,16.01696014,10.83539755,25171.69865
IND,India,1994,0.452,0.364058522,0.511188387,0.701,0.712,61.007,6.775254962,1.985980303,832.6893954
IDN,Indonesia,1994,0.56,0.520186816,0.592495991,0.581,0.878,66.368,9.665955067,3.604869902,3490.080044
IRN,Iran (Islamic Republic of),1994,0.649,0.531686608,0.709875545,0.64,0.749,69.827,10.20093498,5.78889226,1761.971619
IRQ,Iraq,1994,0.524,,,,,69.542,5.853475823,2.993729022,
IRL,Ireland,1994,0.779,0.760371904,0.790135854,0.198,0.962,78.659,13.88381958,8.133867621,16879.90488
ISR,Israel,1994,0.803,0.775079687,0.838823826,0.307,0.924,79.628,13.26846313,9.298479486,17573.57845
ITA,Italy,1994,0.809,0.783382831,0.825824244,0.225,0.949,81.068,14.51566029,7.568609087,21886.7988
JAM,Jamaica,1994,0.665,,,0.449,,72.963,,7.157083511,7555.281993
JPN,Japan,1994,0.865,0.835306561,0.884744806,0.16,0.944,82.899,14.38068962,11.51425781,20057.04516
JOR,Jordan,1994,0.652,,,,,72.251,12.10723019,5.408581192,
KAZ,Kazakhstan,1994,0.652,,,,,69.392,,8.138431334,
KEN,Kenya,1994,0.48,,,,,58.195,7.85639829,3.195713586,
KIR,Kiribati,1994,,,,,,64.327,10.76071008,,1652.702562
PRK,Korea (Democratic People's Rep. of),1994,,,,,,74.901,,,
KOR,Korea (Republic of),1994,0.77,0.736590143,0.796172992,0.259,0.925,77.886,13.26286983,8.684085655,11212.37378
KWT,Kuwait,1994,0.732,,,,,77.979,9.95734024,5.477359138,
KGZ,Kyrgyzstan,1994,0.59,,,,,67.781,,9.400616915,
LAO,Lao People's Democratic Republic,1994,0.434,,,,,57.179,5.96198988,2.295372033,
LVA,Latvia,1994,0.687,,,,,73.324,12.39055805,10.6446002,
LBN,Lebanon,1994,,,,,,73.111,8.938809872,,
LSO,Lesotho,1994,0.477,,,,,62.331,9.643659592,4.958761974,
LBR,Liberia,1994,,,,,,44.736,,1.288348674,
LBY,Libya,1994,0.738,,,,,73.06,,3.538,
LIE,Liechtenstein,1994,,,,,,81.719,,10.07019313,
LTU,Lithuania,1994,0.697,,,,,75.271,11.30100329,9.461625365,
LUX,Luxembourg,1994,0.824,,,0.177,,79.424,,9.236613178,47535.35356
MDG,Madagascar,1994,,,,,,55.965,6.642971516,,
MWI,Malawi,1994,0.317,,,,,45.881,6.473869801,1.685727197,
MYS,Malaysia,1994,0.679,,,0.362,,74.442,,6.164006335,7499.040779
MDV,Maldives,1994,,,,0.611,,67.441,,3.91288108,3887.11257
MLI,Mali,1994,0.262,,,,,48.318,1.953479946,0.805234879,
MLT,Malta,1994,0.748,0.687996098,0.785260081,0.341,0.876,78.354,12.89245033,6.206155877,8481.9893
MHL,Marshall Islands,1994,,,,,,65.064,,,
MRT,Mauritania,1994,0.432,,,,,61.748,4.463089943,2.137588327,
MUS,Mauritius,1994,0.64,0.608946434,0.661259428,0.489,0.921,74.129,10.7529957,5.195394039,5396.591266
MEX,Mexico,1994,0.678,0.64219795,0.700776937,0.491,0.916,74.99,10.73812008,5.816215992,8240.815528
FSM,Micronesia (Federated States of),1994,,,,,,71.542,,,
MDA,Moldova (Republic of),1994,0.639,,,,,68.705,10.82216168,9.266821794,
MCO,Monaco,1994,,,,,,83.335,17.81580925,,
MNG,Mongolia,1994,0.553,,,,,63.224,,8.28813202,3115.733562
MNE,Montenegro,1994,,,,,,76.457,,,
MAR,Morocco,1994,0.477,0.388572293,0.535886194,0.751,0.725,65.986,5.845839977,1.74,1393.321826
MOZ,Mozambique,1994,0.245,,,,,47.134,3.324660063,0.905524782,
MMR,Myanmar,1994,0.369,,,,,60.811,7.950751953,2.123670596,
NAM,Namibia,1994,0.6,0.591839744,0.605179154,0.549,0.978,62.353,13.7832098,5.629223967,5057.364213
NRU,Nauru,1994,,,,,,65.876,,,
NPL,Nepal,1994,0.423,0.354005131,0.484592131,0.714,0.731,59.221,5.988863309,1.195722811,1244.087025
NLD,Netherlands,1994,0.88,0.851693341,0.902693268,0.106,0.944,80.301,16.83507919,10.81743625,25806.30834
NZL,New Zealand,1994,0.852,0.837393653,0.863182351,0.206,0.97,79.65,17.02376938,10.89572001,19797.89169
NIC,Nicaragua,1994,0.511,,,0.615,,68.271,,3.874,1349.727722
NER,Niger,1994,0.229,,,,,45.219,1.693790014,0.446067583,
NGA,Nigeria,1994,,,,,,47.026,5.902891543,,1712.892497
MKD,North Macedonia,1994,,,,0.436,,74.183,11.07901955,,
NOR,Norway,1994,0.883,0.871289737,0.892144378,0.115,0.977,80.642,16.41057014,11.28976032,35869.33668
OMN,Oman,1994,,,,,,74.258,9.04556942,,
PAK,Pakistan,1994,0.409,0.290221646,0.485650027,0.79,0.598,60.634,3.29640758,1.349426606,753.8929034
PLW,Palau,1994,,,,,,68.509,,,
PSE,"Palestine, State of",1994,,,,,,70.951,8.868113162,,
PAN,Panama,1994,0.689,,,0.507,,75.421,,7.69056015,7196.730536
PNG,Papua New Guinea,1994,0.438,,,,,63.2,4.860749302,1.875719497,
PRY,Paraguay,1994,0.626,0.603704614,0.64353204,0.596,0.938,71.076,10.13158067,5.877510721,5932.972069
PER,Peru,1994,0.637,,,0.567,,69.81,,7.213384715,3710.848531
PHL,Philippines,1994,0.611,0.592034486,0.622920705,0.505,0.95,69.719,11.3723452,7.286887932,2949.255968
POL,Poland,1994,0.74,0.733532283,0.746187309,0.253,0.983,76.074,13.23083973,10.23191491,8769.828053
PRT,Portugal,1994,0.76,0.750382453,0.767408141,0.233,0.978,79.259,15.37207031,5.688002927,18036.57825
QAT,Qatar,1994,0.778,,,,,75.355,13.98843002,7.652379017,
ROU,Romania,1994,0.686,0.669059379,0.701737932,0.473,0.953,73.531,10.51029968,8.167795753,8788.531961
RUS,Russian Federation,1994,0.696,,,0.46,,71.448,,10.36444451,10467.73553
RWA,Rwanda,1994,,,,,,15.663,5.07801959,1.372750872,
KNA,Saint Kitts and Nevis,1994,,,,,,70.055,13.32288138,,
LCA,Saint Lucia,1994,0.677,0.673296965,0.67868708,0.421,0.992,73.359,12.58024302,7.025840609,8348.354457
VCT,Saint Vincent and the Grenadines,1994,,,,,,74.025,12.04085091,,
WSM,Samoa,1994,,,,,,72.273,12.0446,10.51275058,
SMR,San Marino,1994,0.855,,,,,81.46,15.30047622,,44673.15629
STP,Sao Tome and Principe,1994,0.483,,,,,63.384,8.661049109,3.534747153,
SAU,Saudi Arabia,1994,0.72,0.610004685,0.765509401,,0.797,72.686,10.7899331,4.08004037,8706.631972
SEN,Senegal,1994,0.373,,,,,58.772,4.033070019,1.213038149,
SRB,Serbia,1994,,,,,,74.457,12.67084705,5.933255419,
SYC,Seychelles,1994,,,,,,76.416,12.79512024,,
SLE,Sierra Leone,1994,0.312,,,,,44.276,3.979635894,1.313105123,
SGP,Singapore,1994,0.814,0.787308762,0.826602657,0.263,0.952,78.592,15.27587564,6.927256107,30296.49172
SVK,Slovakia,1994,,,,0.256,,76.468,12.07793045,7.541900969,
SVN,Slovenia,1994,,,,0.246,,77.791,12.63761997,7.899291699,
SLB,Solomon Islands,1994,,,,,,69.118,6.238140106,,
SOM,Somalia,1994,,,,,,51.784,,,
ZAF,South Africa,1994,0.657,0.646576254,0.662150136,0.472,0.976,66.189,13.36330032,7.830858261,6742.52354
SSD,South Sudan,1994,,,,,,45.825,,,
ESP,Spain,1994,0.792,0.771663334,0.804796381,0.151,0.959,81.721,15.95580959,6.251006346,16801.51721
LKA,Sri Lanka,1994,0.667,0.645188474,0.680018133,0.446,0.949,77.66,11.95118046,8.564310245,2976.044356
SDN,Sudan,1994,0.371,0.313970542,0.412281925,0.726,0.762,59.14,3.749056362,1.202,1243.582154
SUR,Suriname,1994,,,,,,68.306,11.63781961,,6521.787994
SWE,Sweden,1994,0.852,0.847789032,0.852725617,0.08,0.994,81.382,16.49471092,10.41948986,25171.03476
CHE,Switzerland,1994,0.861,0.830206947,0.887404866,0.12,0.936,81.695,13.59809017,9.697772672,37763.46916
SYR,Syrian Arab Republic,1994,0.578,0.4931956,0.626368674,0.529,0.787,72.129,9.215200424,3.259871888,1733.196865
TJK,Tajikistan,1994,0.522,,,,,62.377,,9.349363395,
TZA,Tanzania (United Republic of),1994,0.365,,,,,52.816,5.262589931,2.718224272,
THA,Thailand,1994,0.619,0.60416361,0.631017276,0.447,0.957,75.583,9.680248857,4.608748138,6878.150995
TLS,Timor-Leste,1994,,,,,,49.922,,,
TGO,Togo,1994,0.402,,,,,55.328,5.70607996,1.387256425,
TON,Tonga,1994,0.666,,,,,72.066,,9.72052042,
TTO,Trinidad and Tobago,1994,0.666,0.642571676,0.681212127,0.432,0.943,71.322,10.75829471,7.834033065,6510.206256
TUN,Tunisia,1994,0.596,0.518837876,0.644660936,0.507,0.805,74.052,10.14568996,2.801364169,2235.667825
TUR,Türkiye,1994,0.616,0.553432235,0.664815742,0.59,0.832,73.057,8.396789551,3.508451021,6154.997174
TKM,Turkmenistan,1994,,,,,,67.327,,,
TUV,Tuvalu,1994,0.582,,,,,65.05,10.42661476,7.126966613,
UGA,Uganda,1994,0.336,,,,,48.637,5.18516016,2.449919137,
UKR,Ukraine,1994,0.689,,,,,72.825,12.24777985,9.790937362,
ARE,United Arab Emirates,1994,0.75,,,,,75.595,11.16989936,7.254723632,
GBR,United Kingdom,1994,0.827,0.812103833,0.837195475,0.236,0.97,79.307,14.78943348,9.978968066,23440.30069
USA,United States,1994,0.885,0.878740427,0.887937993,0.293,0.99,79.053,16.4316597,13.05391979,32732.02443
URY,Uruguay,1994,0.718,0.722626815,0.705476352,0.428,1.024,78.039,14.37067321,7.469859057,9096.686636
UZB,Uzbekistan,1994,,,,,,67.621,,,
VUT,Vanuatu,1994,,,,,,70.749,8.028792207,,
VEN,Venezuela (Bolivarian Republic of),1994,0.679,,,0.556,,74.729,,6.179867311,8789.461751
VNM,Viet Nam,1994,0.536,,,,,75.582,8.515442387,4.143718082,
YEM,Yemen,1994,0.378,0.253312977,0.458102826,,0.553,61.876,3.186196707,0.18,655.0728483
ZMB,Zambia,1994,0.407,0.367076112,0.443049511,0.659,0.829,47.069,7.282532393,3.646174363,1451.359025
ZWE,Zimbabwe,1994,0.457,0.427149673,0.48554556,,0.88,55.288,9.010151591,4.790376091,1212.090913
AFG,Afghanistan,1995,0.318,,,,,54.087,2.845840097,0.288084608,
ALB,Albania,1995,0.632,0.601993901,0.656156762,,0.917,77.511,9.816140175,6.711175224,3112.11688
DZA,Algeria,1995,0.607,,,0.673,,69.518,,4.112717628,1572.079555
AND,Andorra,1995,,,,,,81.897,9.768848179,,
AGO,Angola,1995,,,,,,47.829,3.361874273,,
ATG,Antigua and Barbuda,1995,,,,,,76.222,,,
ARG,Argentina,1995,0.747,0.731454238,0.751366905,0.445,0.973,76.243,14.27320104,8.446658325,10162.67911
ARM,Armenia,1995,0.623,0.6113174,0.626146535,0.467,0.976,73.023,10.35615716,9.9967998,2296.0398
AUS,Australia,1995,0.882,0.864017846,0.896185023,0.176,0.964,81.131,18.9718399,11.08322616,23153.64548
AUT,Austria,1995,0.847,0.823432208,0.864970154,0.17,0.952,79.951,14.47564983,10.13555309,28469.65479
AZE,Azerbaijan,1995,0.6,0.58091519,0.614698217,0.405,0.945,66.511,11.10521968,9.416836766,2175.095588
BHS,Bahamas,1995,0.773,0.771787016,0.771965448,0.386,1.0,74.038,11.63906956,10.64728975,28698.32701
BHR,Bahrain,1995,0.737,0.688961675,0.755922247,,0.911,75.111,12.01840973,5.906467915,15443.9691
BGD,Bangladesh,1995,0.44,0.385924025,0.48456947,0.682,0.796,59.005,5.939143181,2.956208733,1308.039655
BRB,Barbados,1995,0.742,0.737701853,0.743923866,0.362,0.992,75.89,13.86304241,9.323408618,10456.37456
BLR,Belarus,1995,0.674,0.681805334,0.666453992,,1.023,74.967,12.41419404,9.662980318,4927.886226
BEL,Belgium,1995,0.864,0.847396866,0.876099036,0.159,0.967,80.182,17.6298008,9.770865927,26164.11415
BLZ,Belize,1995,0.636,0.60233063,0.655916166,0.535,0.918,71.981,11.12766362,6.242902892,3942.459873
BEN,Benin,1995,0.379,0.318644068,0.436275126,0.665,0.73,57.14,3.658010443,1.096940339,1833.098385
BTN,Bhutan,1995,,,,,,60.974,5.712329053,,
BOL,Bolivia (Plurinational State of),1995,0.592,0.554913727,0.626067034,,0.886,61.291,12.6775228,5.592850049,3376.452436
BIH,Bosnia and Herzegovina,1995,,,,,,74.331,,,
BWA,Botswana,1995,0.58,0.569156688,0.5876967,0.542,0.968,58.225,10.61507034,6.7,7264.140331
BRA,Brazil,1995,0.645,,,0.542,,71.089,,4.607726527,6564.540152
BRN,Brunei Darussalam,1995,0.782,0.756796466,0.787693752,,0.961,75.228,11.95295763,7.61,41968.8506
BGR,Bulgaria,1995,0.7,0.69330194,0.70478987,0.354,0.984,74.876,12.41071987,8.088556608,8617.974163
BFA,Burkina Faso,1995,,,,,,50.578,2.230414009,,912.1769266
BDI,Burundi,1995,0.284,0.256795692,0.309721968,,0.829,45.862,3.965825454,1.136689428,822.1622298
CPV,Cabo Verde,1995,,,,,,66.137,,,
KHM,Cambodia,1995,0.399,0.368060549,0.441191483,0.65,0.834,58.217,6.832812901,2.122287985,1002.993493
CMR,Cameroon,1995,0.421,0.386749086,0.452661956,0.688,0.854,54.854,6.983283539,1.910255561,1980.727916
CAN,Canada,1995,0.877,0.866702752,0.883532669,0.182,0.981,80.976,17.1996994,11.51258984,26004.79491
CAF,Central African Republic,1995,0.315,,,,,49.201,3.423559974,1.146994644,
TCD,Chad,1995,,,,,,47.713,1.9858835,,
CHL,Chile,1995,0.728,0.696724076,0.74522156,0.483,0.935,77.812,12.04681435,8.742464759,6686.816079
CHN,China,1995,0.532,0.498786608,0.561762732,,0.888,72.308,8.412154675,4.470664109,1646.72225
COL,Colombia,1995,0.647,0.636821672,0.651182662,,0.978,74.24,10.77081966,6.347020467,6703.557905
COM,Comoros,1995,,,,,,59.397,6.97965294,,1417.054399
COG,Congo,1995,0.515,,,,,54.219,9.355540657,5.176669855,
COD,Congo (Democratic Republic of the),1995,0.372,,,,,52.333,5.433741479,3.137796865,
CRI,Costa Rica,1995,0.69,,,,,78.981,,6.807183256,
CIV,Côte d'Ivoire,1995,0.44,,,,,54.034,4.547310137,4.398940646,
HRV,Croatia,1995,0.709,0.688007525,0.727992029,0.28,0.945,77.315,10.98970032,7.154843903,11012.31873
CUB,Cuba,1995,0.661,0.632599285,0.67923684,,0.931,77.08,12.01667976,9.3220766,2212.240867
CYP,Cyprus,1995,0.765,0.7366341,0.786883574,0.375,0.936,77.158,11.73309012,8.469430208,17658.01477
CZE,Czechia,1995,0.775,0.754002383,0.793885298,0.237,0.95,76.653,13.0376997,9.145887693,16510.85629
DNK,Denmark,1995,0.857,0.844544168,0.866414053,0.095,0.975,77.837,15.41343021,11.50308037,32103.56946
DJI,Djibouti,1995,0.32,,,,,58.084,2.43204999,0.488071895,
DMA,Dominica,1995,,,,,,74.438,,,
DOM,Dominican Republic,1995,0.614,0.584177911,0.633669646,0.563,0.922,71.685,10.13833885,5.709948304,4026.834095
ECU,Ecuador,1995,0.667,,,0.597,,74.228,,6.728819539,5401.543484
EGY,Egypt,1995,0.601,0.52974232,0.638802299,0.641,0.829,68.304,9.15610199,5.601254178,2372.511842
SLV,El Salvador,1995,0.567,0.545541815,0.584209417,0.525,0.934,71.283,9.606391266,3.922620024,3667.261596
GNQ,Equatorial Guinea,1995,,,,,,53.178,,,
ERI,Eritrea,1995,,,,,,56.192,5.073440075,,
EST,Estonia,1995,0.733,0.740872679,0.722909944,0.357,1.025,74.923,13.21802044,10.92411036,9600.822746
SWZ,Eswatini (Kingdom of),1995,0.515,,,,,59.149,9.272777841,4.52,
ETH,Ethiopia,1995,,,,,,49.422,1.967669964,,482.3944408
FJI,Fiji,1995,0.654,,,0.484,,68.771,,7.416327072,4627.126941
FIN,Finland,1995,0.844,0.844237397,0.841385181,0.093,1.003,80.217,17.20788002,10.1766981,24211.90176
FRA,France,1995,0.829,0.820317415,0.834723477,0.208,0.983,81.9,15.96448994,8.202286516,26460.32732
GAB,Gabon,1995,0.617,0.601322479,0.62125825,0.587,0.968,61.783,10.49450766,6.09,12350.94708
GMB,Gambia,1995,0.364,,,,,57.676,3.851300001,1.112544009,
GEO,Georgia,1995,,,,,,73.237,11.06136036,,
DEU,Germany,1995,0.863,0.836302616,0.885483933,0.14,0.944,79.691,15.33329964,10.72269508,27534.62131
GHA,Ghana,1995,0.472,0.430595373,0.512448459,0.627,0.84,57.578,5.689239427,4.819261424,2161.225802
GRC,Greece,1995,0.784,0.759625944,0.801776989,0.26,0.947,80.648,13.44452,7.95307833,16072.5716
GRD,Grenada,1995,,,,,,74.767,,,
GTM,Guatemala,1995,0.511,,,0.643,,67.785,,3.152561761,1846.38913
GIN,Guinea,1995,0.302,,,,,50.568,2.30110991,0.692607388,
GNB,Guinea-Bissau,1995,,,,,,50.953,,,
GUY,Guyana,1995,0.54,,,,,66.494,9.519309541,5.507911258,
HTI,Haiti,1995,0.457,0.423515968,0.496053451,,0.854,56.93,8.243136208,2.333186231,2208.800283
HND,Honduras,1995,0.532,0.499321621,0.548735657,,0.91,69.362,8.896597133,4.305480312,1865.805938
HKG,"Hong Kong, China (SAR)",1995,0.79,0.758446561,0.815994953,,0.929,82.236,10.2652503,8.872270298,22370.16937
HUN,Hungary,1995,0.736,0.728077705,0.742102152,0.302,0.981,74.725,12.72054005,9.412640138,11755.67858
ISL,Iceland,1995,0.857,0.844437513,0.868450352,0.155,0.972,80.238,16.08243942,10.96827311,25071.07287
IND,India,1995,0.458,0.369439609,0.517730513,0.7,0.714,61.351,6.837230206,2.034214249,873.1181031
IDN,Indonesia,1995,0.571,0.530377291,0.603003012,0.577,0.88,66.794,9.87032032,3.891157404,3618.569721
IRN,Iran (Islamic Republic of),1995,0.656,0.539913577,0.714762578,0.631,0.755,70.038,10.34955385,6.084999281,1827.51963
IRQ,Iraq,1995,0.516,0.359546694,0.584818729,0.718,0.615,69.165,6.071654533,3.200987185,474.2298092
IRL,Ireland,1995,0.786,0.768276776,0.795951284,0.197,0.965,78.313,14.04345036,8.395450115,18467.82717
ISR,Israel,1995,0.807,0.781861259,0.837174883,0.299,0.934,79.556,13.61156654,9.380191375,18462.02146
ITA,Italy,1995,0.815,0.789296359,0.832788216,0.219,0.948,81.335,14.59372044,7.706294889,22824.59595
JAM,Jamaica,1995,0.665,0.652803455,0.673750429,0.456,0.969,72.837,11.13883743,7.25802803,7468.79795
JPN,Japan,1995,0.867,0.836295309,0.886763771,0.164,0.943,82.78,14.45662975,11.55763483,20162.88653
JOR,Jordan,1995,0.658,,,,,72.437,12.11915493,5.766806516,
KAZ,Kazakhstan,1995,0.652,,,,,69.292,10.75215627,8.390814995,
KEN,Kenya,1995,0.481,,,,,57.425,7.956905331,3.366522391,
KIR,Kiribati,1995,,,,,,64.635,10.76191998,,1625.287081
PRK,Korea (Democratic People's Rep. of),1995,,,,,,64.24,,,
KOR,Korea (Republic of),1995,0.78,0.747376168,0.805970811,0.252,0.927,78.153,13.58415031,8.834039688,12207.67473
KWT,Kuwait,1995,0.762,0.730262654,0.765185258,0.72,0.954,77.84,12.04300022,5.491517747,34743.21917
KGZ,Kyrgyzstan,1995,0.584,,,,,68.088,9.874323837,9.545976096,
LAO,Lao People's Democratic Republic,1995,0.437,0.389892154,0.482703998,,0.808,57.857,5.80591011,2.400325539,1987.619471
LVA,Latvia,1995,0.696,0.713377387,0.675748787,0.386,1.056,73.737,12.42873211,10.99762737,7247.608746
LBN,Lebanon,1995,,,,,,73.204,9.034389734,,
LSO,Lesotho,1995,0.473,0.457100455,0.476197966,,0.96,60.879,9.578174591,5.052520078,1175.900993
LBR,Liberia,1995,,,,,,46.399,,1.345371022,
LBY,Libya,1995,0.74,,,,,73.222,,3.74,
LIE,Liechtenstein,1995,,,,,,79.904,,10.17081263,
LTU,Lithuania,1995,0.704,0.70441703,0.703265932,0.313,1.002,75.401,11.75881958,9.650192342,8027.998322
LUX,Luxembourg,1995,0.828,,,0.17,,80.115,,9.467124176,47658.25371
MDG,Madagascar,1995,,,,,,56.623,6.815446854,,
MWI,Malawi,1995,0.362,,,,,46.035,9.727999687,1.726570807,
MYS,Malaysia,1995,0.686,,,0.349,,74.692,,6.373995095,7848.394314
MDV,Maldives,1995,0.588,0.546043205,0.612503308,0.588,0.891,68.435,9.923544932,3.802523918,4426.067297
MLI,Mali,1995,0.268,,,,,48.169,2.174959898,0.844197857,
MLT,Malta,1995,0.755,0.698807546,0.78893169,0.319,0.886,79.302,13.05088997,6.325089177,9080.913704
MHL,Marshall Islands,1995,,,,,,65.183,,,
MRT,Mauritania,1995,0.438,,,,,61.739,4.636600018,2.198729467,
MUS,Mauritius,1995,0.644,0.604505575,0.672865006,0.489,0.898,74.373,10.32399623,5.26423502,5267.868442
MEX,Mexico,1995,0.678,0.645309943,0.699926175,0.484,0.922,75.282,10.91985035,5.890964985,8017.429809
FSM,Micronesia (Federated States of),1995,,,,,,71.981,,,
MDA,Moldova (Republic of),1995,0.642,,,,,68.961,10.96085603,9.41481772,
MCO,Monaco,1995,,,,,,83.93,17.89048958,,
MNG,Mongolia,1995,0.558,0.552530027,0.560205246,,0.986,63.214,8.420902898,8.323598752,3266.548118
MNE,Montenegro,1995,,,,,,78.225,,,
MAR,Morocco,1995,0.481,0.41328235,0.534752821,0.718,0.773,66.385,6.131070137,1.83,1993.226425
MOZ,Mozambique,1995,0.248,0.218133111,0.274101976,0.61,0.796,47.579,3.40493989,0.928162901,413.2093053
MMR,Myanmar,1995,0.373,,,,,61.142,8.118183956,2.179870379,
NAM,Namibia,1995,0.593,0.58288416,0.599845532,0.55,0.972,61.108,13.57765961,5.635431957,4972.708355
NRU,Nauru,1995,,,,,,65.773,,,
NPL,Nepal,1995,0.428,0.363766518,0.488108685,0.709,0.745,60.065,6.200624413,1.246553133,1318.547253
NLD,Netherlands,1995,0.878,0.851064575,0.898758162,0.099,0.947,80.355,16.43639946,10.89648921,26846.77192
NZL,New Zealand,1995,0.859,0.843386756,0.871246992,0.217,0.968,79.466,17.16481018,11.20188999,20642.32112
NIC,Nicaragua,1995,0.52,,,0.612,,68.614,,4.02,1448.140628
NER,Niger,1995,0.235,,,,,46.154,1.772220025,0.477929553,
NGA,Nigeria,1995,,,,,,47.056,6.083799495,,1820.117319
MKD,North Macedonia,1995,0.644,,,0.428,,74.087,11.17537975,,5503.355867
NOR,Norway,1995,0.88,0.870189982,0.888301573,0.109,0.98,80.81,15.78861046,11.37686028,38223.55355
OMN,Oman,1995,,,,,,74.865,9.382800102,,
PAK,Pakistan,1995,0.411,0.287633029,0.488447244,0.796,0.589,60.391,3.434129447,1.431513388,660.8602021
PLW,Palau,1995,,,,,,68.427,,,9777.979609
PSE,"Palestine, State of",1995,,,,,,71.256,9.225480958,,
PAN,Panama,1995,0.692,0.676543078,0.703778475,0.505,0.961,75.656,11.86038115,7.743645191,7125.356356
PNG,Papua New Guinea,1995,0.44,,,,,63.439,4.996759892,1.9449643,
PRY,Paraguay,1995,0.631,0.615039052,0.64458608,0.58,0.954,71.396,10.50527,5.9938462,6437.848602
PER,Peru,1995,0.646,,,0.56,,70.253,,7.309709246,4016.226268
PHL,Philippines,1995,0.614,0.597314796,0.625027928,0.499,0.956,69.946,11.4458924,7.339334965,3104.877994
POL,Poland,1995,0.747,0.739684491,0.750619291,0.232,0.985,76.393,13.33045006,10.29022257,9277.240192
PRT,Portugal,1995,0.768,0.759151945,0.77431048,0.228,0.98,79.224,15.75061035,5.880937236,18840.73549
QAT,Qatar,1995,0.779,0.744569348,0.780586661,,0.954,75.414,13.87895966,7.845804079,17906.90799
ROU,Romania,1995,0.692,0.675854195,0.70724883,0.465,0.956,73.629,10.71512985,8.275298738,9280.40785
RUS,Russian Federation,1995,0.696,,,0.456,,71.591,,10.58146657,9971.829844
RWA,Rwanda,1995,0.279,0.251297077,0.30751662,0.597,0.817,41.756,4.948621952,1.43075443,678.908199
KNA,Saint Kitts and Nevis,1995,,,,,,70.011,13.44276269,,
LCA,Saint Lucia,1995,0.679,0.674768365,0.680129945,0.428,0.992,73.399,12.61491567,7.12713746,8287.852806
VCT,Saint Vincent and the Grenadines,1995,,,,,,74.155,12.14638286,,
WSM,Samoa,1995,0.651,0.623330444,0.664542034,,0.938,72.536,12.0501,10.58588356,2067.959672
SMR,San Marino,1995,0.861,,,,,81.962,15.35362317,,42377.26308
STP,Sao Tome and Principe,1995,0.484,,,,,63.321,8.740924995,3.589836813,
SAU,Saudi Arabia,1995,0.724,0.61574126,0.769152293,,0.801,72.806,10.97553667,4.223064049,8831.139938
SEN,Senegal,1995,0.375,,,,,58.554,4.249290007,1.195329563,
SRB,Serbia,1995,0.675,,,,,74.861,12.76291468,6.069131498,
SYC,Seychelles,1995,,,,,,75.15,12.44462967,,
SLE,Sierra Leone,1995,0.314,,,,,44.282,4.166975,1.372583752,
SGP,Singapore,1995,0.821,0.793105534,0.835458743,0.261,0.949,78.648,15.34192025,7.137700081,31645.25519
SVK,Slovakia,1995,0.716,0.703234623,0.725805475,0.242,0.969,76.287,12.31752968,7.920378017,9848.938885
SVN,Slovenia,1995,0.761,0.748751366,0.770248263,0.24,0.972,78.363,12.92035961,8.265385554,16349.01632
SLB,Solomon Islands,1995,,,,,,69.246,6.271534061,,
SOM,Somalia,1995,,,,,,52.131,,,
ZAF,South Africa,1995,0.66,0.650230502,0.664661714,0.468,0.978,65.749,13.38755311,8.193918032,6945.649788
SSD,South Sudan,1995,,,,,,33.587,,,
ESP,Spain,1995,0.799,0.780756716,0.810172496,0.144,0.964,81.846,16.22038078,6.459291752,17812.60916
LKA,Sri Lanka,1995,0.669,0.639941383,0.683805913,0.45,0.936,77.578,12.04709792,8.768272458,2620.474707
SDN,Sudan,1995,0.361,0.31320387,0.394428135,0.729,0.794,56.151,3.918082181,1.29,1329.69259
SUR,Suriname,1995,,,,,,68.402,11.6835796,,6342.639971
SWE,Sweden,1995,0.859,0.856948771,0.858494196,0.072,0.998,81.441,16.91012955,10.59358025,26599.6156
CHE,Switzerland,1995,0.863,0.831842559,0.889871434,0.116,0.935,81.683,13.74744034,9.683381235,37962.85098
SYR,Syrian Arab Republic,1995,0.58,0.503153554,0.625720259,0.516,0.804,72.44,9.06964016,3.38725587,2025.323654
TJK,Tajikistan,1995,0.533,,,0.548,,62.785,,9.581165793,1158.138952
TZA,Tanzania (United Republic of),1995,0.366,,,,,52.576,5.222670078,2.827248903,
THA,Thailand,1995,0.625,0.620334386,0.628749762,0.445,0.987,75.741,10.39987969,4.732728947,7516.100555
TLS,Timor-Leste,1995,,,,,,49.731,,,
TGO,Togo,1995,0.414,,,,,55.341,6.319439888,1.4480756,
TON,Tonga,1995,0.67,,,,,72.204,13.14888385,9.921148081,
TTO,Trinidad and Tobago,1995,0.674,0.648856226,0.690279995,0.426,0.94,71.632,10.8872092,8.008961386,6681.523764
TUN,Tunisia,1995,0.603,0.529171752,0.651121091,0.492,0.813,74.52,10.50269032,2.938842211,2322.666805
TUR,Türkiye,1995,0.623,0.559581257,0.671921434,0.585,0.833,73.423,8.484479904,3.566064316,6511.438256
TKM,Turkmenistan,1995,,,,,,67.39,,10.51830959,
TUV,Tuvalu,1995,0.581,,,,,65.139,10.37467599,7.255235536,
UGA,Uganda,1995,0.342,,,,,48.85,5.214311238,2.533875509,
UKR,Ukraine,1995,0.683,0.688762785,0.676358481,0.468,1.018,72.639,12.4193779,9.995173098,6249.251794
ARE,United Arab Emirates,1995,0.756,0.733023496,0.752555465,0.763,0.974,75.633,11.33610895,7.593825445,27469.99485
GBR,United Kingdom,1995,0.83,0.81565716,0.840907009,0.233,0.97,79.186,15.00025511,10.05759421,23944.49511
USA,United States,1995,0.886,0.880246066,0.888163534,0.291,0.991,79.085,16.51013947,13.02611685,33338.53916
URY,Uruguay,1995,0.72,0.724657083,0.710118965,0.425,1.02,78.273,14.6016489,7.397527675,9017.216195
UZB,Uzbekistan,1995,,,,,,67.691,,,
VUT,Vanuatu,1995,,,,,,70.845,8.16896694,,
VEN,Venezuela (Bolivarian Republic of),1995,0.685,0.659045552,0.688306352,0.549,0.957,74.929,10.85846288,6.419539148,9524.886392
VNM,Viet Nam,1995,0.55,0.535119853,0.562853563,0.393,0.951,76.251,8.79806158,4.282324728,2377.646876
YEM,Yemen,1995,0.389,0.268228701,0.468828743,,0.572,62.3,3.394600446,0.2,789.7857451
ZMB,Zambia,1995,0.407,0.368791686,0.44271156,0.655,0.833,46.875,7.368046626,3.750557934,1466.993058
ZWE,Zimbabwe,1995,0.449,0.422202769,0.475091509,0.58,0.889,53.203,9.120787212,4.940619087,1246.745054
AFG,Afghanistan,1996,0.326,,,,,54.806,3.019249451,0.305369684,
ALB,Albania,1996,0.644,0.6119104,0.668033,,0.916,77.746,9.909070015,6.997616629,3343.090682
DZA,Algeria,1996,0.618,,,0.662,,70.4,,4.339336763,1625.028518
AND,Andorra,1996,,,,,,83.138,9.920910342,,
AGO,Angola,1996,,,,,,47.96,3.43398622,,
ATG,Antigua and Barbuda,1996,,,,,,76.542,,,
ARG,Argentina,1996,0.752,0.740636768,0.755676368,0.43,0.98,76.418,14.50829497,8.535155296,11172.4399
ARM,Armenia,1996,0.627,0.620096219,0.633792362,0.461,0.978,73.589,10.49819382,10.0745203,2455.207721
AUS,Australia,1996,0.884,0.866419863,0.897516469,0.174,0.965,81.255,19.55849075,11.08720578,23933.18109
AUT,Austria,1996,0.852,0.828282854,0.870061075,0.163,0.952,80.084,14.65353012,10.23582377,29150.92967
AZE,Azerbaijan,1996,0.603,0.584309841,0.618029007,0.403,0.945,66.564,11.19897554,9.496232702,2228.704095
BHS,Bahamas,1996,0.778,0.776325176,0.777248058,0.387,0.999,73.989,11.65660384,10.76616974,30727.63798
BHR,Bahrain,1996,0.742,0.695183505,0.760776804,,0.914,75.963,11.84370995,6.127044916,15936.26845
BGD,Bangladesh,1996,0.446,0.391361606,0.490272506,0.681,0.798,58.62,6.209729862,3.099961628,1331.629699
BRB,Barbados,1996,0.746,0.742046766,0.748046921,0.364,0.992,76.138,14.0856568,9.275140965,10774.78391
BLR,Belarus,1996,0.681,0.694661062,0.667716776,,1.04,75.049,12.78863329,9.756690622,5648.129387
BEL,Belgium,1996,0.87,0.854131946,0.88147232,0.16,0.969,80.461,17.98302078,9.871872769,26589.34831
BLZ,Belize,1996,0.639,0.603530344,0.658577357,0.528,0.916,72.172,11.31189854,6.415118626,3683.547385
BEN,Benin,1996,0.385,0.330346005,0.43614719,0.655,0.757,57.085,3.878782417,1.162569248,2136.480276
BTN,Bhutan,1996,,,,,,61.687,5.996050257,,
BOL,Bolivia (Plurinational State of),1996,0.603,0.571474084,0.633008196,,0.903,61.885,13.27070046,5.71026002,3839.443776
BIH,Bosnia and Herzegovina,1996,,,,,,76.205,,,
BWA,Botswana,1996,0.58,0.568570908,0.589013561,0.536,0.965,57.032,10.82032363,6.874,7548.577744
BRA,Brazil,1996,0.65,,,0.536,,71.592,,4.771962323,6880.860755
BRN,Brunei Darussalam,1996,0.783,0.759078955,0.787565208,,0.964,75.525,11.88776493,7.682,42585.491
BGR,Bulgaria,1996,0.709,0.702282184,0.713835122,0.332,0.984,74.588,12.81225967,8.392222193,9015.889602
BFA,Burkina Faso,1996,,,,,,50.823,2.330537987,,996.0112821
BDI,Burundi,1996,0.282,0.256095223,0.30710647,,0.834,46.321,3.980878198,1.199573318,750.1403035
CPV,Cabo Verde,1996,,,,,,67.994,,,
KHM,Cambodia,1996,0.403,0.374853669,0.43938987,0.641,0.853,58.4,6.881237098,2.182616984,1093.940707
CMR,Cameroon,1996,0.42,0.387435762,0.449685666,0.686,0.862,54.447,6.868307772,1.992797468,2101.962748
CAN,Canada,1996,0.88,0.869702414,0.886915119,0.176,0.981,81.094,17.18701935,11.69814491,26237.60919
CAF,Central African Republic,1996,0.311,,,,,48.632,3.518929972,1.204344376,
TCD,Chad,1996,,,,,,48.041,2.201950073,,
CHL,Chile,1996,0.735,0.707014259,0.751415785,0.475,0.941,78.196,12.21599636,8.805969345,7477.231519
CHN,China,1996,0.543,0.510854625,0.572983285,,0.892,72.503,8.732959747,4.629099246,1800.636417
COL,Colombia,1996,0.654,0.643503197,0.659845971,,0.975,74.5,11.13294029,6.442864736,6722.796189
COM,Comoros,1996,,,,,,59.751,7.027559682,,1365.79353
COG,Congo,1996,0.514,,,,,54.13,9.179297638,5.375474632,
COD,Congo (Democratic Republic of the),1996,0.372,,,,,51.621,5.49734302,3.229462841,
CRI,Costa Rica,1996,0.692,,,,,79.063,,6.782911316,
CIV,Côte d'Ivoire,1996,0.446,,,,,53.923,4.675646668,4.8234538,
HRV,Croatia,1996,0.722,0.700894029,0.741705572,0.273,0.945,77.59,11.18599987,7.486899853,12152.35783
CUB,Cuba,1996,0.672,0.640868729,0.692758418,,0.925,77.361,12.22214985,9.422855807,2353.991865
CYP,Cyprus,1996,0.771,0.741761751,0.792991561,0.359,0.935,77.567,11.90195494,8.653733571,17270.30844
CZE,Czechia,1996,0.786,0.765318474,0.804897883,0.214,0.951,77.319,13.40742016,9.382857005,16990.4525
DNK,Denmark,1996,0.864,0.853071972,0.872171466,0.087,0.978,78.262,15.70456982,11.69332659,33020.50983
DJI,Djibouti,1996,0.321,,,,,57.936,2.520469904,0.526431897,
DMA,Dominica,1996,,,,,,74.479,,,
DOM,Dominican Republic,1996,0.621,0.592157439,0.638909545,0.561,0.927,71.85,10.3367805,5.863877694,4258.949064
ECU,Ecuador,1996,0.67,,,0.591,,74.541,,6.798305427,5387.748446
EGY,Egypt,1996,0.61,0.520957589,0.648044811,0.674,0.804,68.751,9.372479916,5.905670166,1776.253716
SLV,El Salvador,1996,0.576,0.551479762,0.592788675,0.518,0.93,71.893,9.842973327,3.985430036,3647.384173
GNQ,Equatorial Guinea,1996,,,,,,53.331,,,
ERI,Eritrea,1996,,,,,,57.152,5.201720238,,
EST,Estonia,1996,0.749,0.755201,0.740631589,0.346,1.02,75.774,13.59263992,11.18994423,10303.5307
SWZ,Eswatini (Kingdom of),1996,0.506,,,,,56.704,9.3026042,4.4,
ETH,Ethiopia,1996,,,,,,49.872,2.205349922,,526.7653406
FJI,Fiji,1996,0.658,,,0.479,,68.853,,7.3990798,4854.950739
FIN,Finland,1996,0.852,0.853228734,0.847557315,0.099,1.007,80.549,17.47442055,10.41756579,25210.78438
FRA,France,1996,0.834,0.82542835,0.839671464,0.2,0.983,82.048,16.06966019,8.396045821,26929.36655
GAB,Gabon,1996,0.62,0.605230971,0.625185062,0.584,0.968,61.67,10.63955824,6.276,12461.15829
GMB,Gambia,1996,0.371,,,,,58.193,4.136648472,1.143164486,
GEO,Georgia,1996,,,,,,73.42,11.09689045,,
DEU,Germany,1996,0.868,0.841284969,0.890708767,0.14,0.945,79.862,15.49847031,10.8823441,27887.34275
GHA,Ghana,1996,0.477,0.436638989,0.516581689,0.619,0.845,57.918,5.829861954,4.966836893,2193.76312
GRC,Greece,1996,0.789,0.765027565,0.806495348,0.252,0.949,80.898,13.53757,8.091687543,16550.08584
GRD,Grenada,1996,,,,,,74.999,,,
GTM,Guatemala,1996,0.519,,,0.634,,68.468,,3.219816412,1970.20436
GIN,Guinea,1996,0.31,,,,,51.173,2.509259939,0.692830026,
GNB,Guinea-Bissau,1996,,,,,,51.071,,,
GUY,Guyana,1996,0.55,,,,,66.731,9.698128601,5.621661599,
HTI,Haiti,1996,0.463,0.429798365,0.502266104,,0.856,57.638,8.360889314,2.425199209,2231.989079
HND,Honduras,1996,0.536,0.508785858,0.549956333,,0.925,69.695,9.037248892,4.378020822,2059.451924
HKG,"Hong Kong, China (SAR)",1996,0.799,0.767992857,0.82421589,,0.932,82.501,10.63484417,9.095040321,22748.55115
HUN,Hungary,1996,0.744,0.734161118,0.750656623,0.294,0.978,75.002,13.11983967,9.475200133,11761.9698
ISL,Iceland,1996,0.864,0.852254487,0.87311757,0.154,0.976,80.977,16.21508026,11.09148498,25829.39953
IND,India,1996,0.465,0.37887594,0.524637188,0.694,0.722,61.733,6.888480186,2.29635526,926.8965953
IDN,Indonesia,1996,0.58,0.539928588,0.611922203,0.575,0.882,66.867,9.986539841,4.177444905,3901.5805
IRN,Iran (Islamic Republic of),1996,0.664,0.554180015,0.718150338,0.618,0.772,70.748,10.50033797,6.440327706,2004.040383
IRQ,Iraq,1996,0.539,0.391165475,0.606672567,0.717,0.645,68.842,6.297965496,3.408245348,686.2100299
IRL,Ireland,1996,0.795,0.779258628,0.802943824,0.2,0.971,78.702,14.18080997,8.657032609,20206.67673
ISR,Israel,1996,0.814,0.791348269,0.841216161,0.287,0.941,80.228,13.95466995,9.461903264,19140.14724
ITA,Italy,1996,0.821,0.795771558,0.83828839,0.212,0.949,81.542,14.81752968,7.850145727,23391.48361
JAM,Jamaica,1996,0.665,0.653682975,0.672155126,0.452,0.973,73.025,11.05868962,7.358972549,7412.634532
JPN,Japan,1996,0.874,0.844110062,0.89238346,0.158,0.946,83.497,14.54927317,11.60101185,21379.85706
JOR,Jordan,1996,0.662,,,,,72.671,12.13107967,5.992509177,
KAZ,Kazakhstan,1996,0.656,,,,,69.338,11.07201201,8.633781355,
KEN,Kenya,1996,0.483,,,,,56.955,8.057412372,3.511511261,
KIR,Kiribati,1996,,,,,,64.914,10.91874027,,1628.612324
PRK,Korea (Democratic People's Rep. of),1996,,,,,,64.247,,,
KOR,Korea (Republic of),1996,0.791,0.757944803,0.816130762,0.246,0.929,78.44,13.92475033,8.995927811,13133.97203
KWT,Kuwait,1996,0.768,0.734594455,0.771496784,0.721,0.952,77.882,12.49763012,5.622990548,31780.16568
KGZ,Kyrgyzstan,1996,0.591,,,,,68.559,9.745976785,9.706522058,
LAO,Lao People's Democratic Republic,1996,0.449,0.400974088,0.496063965,,0.808,58.397,6.284639835,2.483899626,2013.94347
LVA,Latvia,1996,0.711,0.719886554,0.698349862,0.354,1.031,74.896,12.46690617,10.92785715,7458.042932
LBN,Lebanon,1996,,,,,,73.571,9.129969597,,
LSO,Lesotho,1996,0.469,0.452811405,0.473839763,,0.956,59.157,9.51268959,5.153223228,1217.754278
LBR,Liberia,1996,,,,,,47.052,,1.398829473,
LBY,Libya,1996,0.743,,,,,73.369,,3.962,
LIE,Liechtenstein,1996,,,,,,81.621,,10.27143213,
LTU,Lithuania,1996,0.717,0.719455023,0.714626377,0.287,1.007,76.095,12.19985962,9.858725234,8816.878126
LUX,Luxembourg,1996,0.834,,,0.164,,79.842,,9.697635174,49078.89591
MDG,Madagascar,1996,,,,,,57.282,6.987922192,,
MWI,Malawi,1996,0.365,,,,,45.662,9.728910446,1.774840529,
MYS,Malaysia,1996,0.696,,,0.345,,74.65,,6.500360012,8489.807719
MDV,Maldives,1996,0.599,0.557713179,0.623407839,0.57,0.895,69.451,10.1954326,3.711359307,4975.540688
MLI,Mali,1996,0.275,,,,,47.906,2.342430115,0.87991392,
MLT,Malta,1996,0.754,0.70524766,0.781219941,0.345,0.903,78.998,13.42208004,6.4146753,9500.169606
MHL,Marshall Islands,1996,,,,,,65.37,,,
MRT,Mauritania,1996,0.447,,,,,61.592,4.889770031,2.25281586,
MUS,Mauritius,1996,0.648,0.607561639,0.676422788,0.476,0.898,74.354,10.38301945,5.333076,5417.046731
MEX,Mexico,1996,0.685,0.656303653,0.705685114,0.483,0.93,75.566,11.07116985,5.965713978,9246.042627
FSM,Micronesia (Federated States of),1996,,,,,,72.065,,,
MDA,Moldova (Republic of),1996,0.639,,,,,67.842,11.10132785,9.5309376,
MCO,Monaco,1996,,,,,,84.465,18.47270966,,
MNG,Mongolia,1996,0.561,0.558178168,0.562655154,,0.992,63.126,8.780170441,8.449948986,3327.64652
MNE,Montenegro,1996,,,,,,77.032,,,
MAR,Morocco,1996,0.493,0.418670632,0.547698283,0.721,0.764,66.875,6.332620144,1.93,1934.002232
MOZ,Mozambique,1996,0.26,0.230220019,0.286563311,0.604,0.803,48.142,3.718922436,0.977966764,451.1816201
MMR,Myanmar,1996,0.38,,,,,62.029,8.285615959,2.265021565,
NAM,Namibia,1996,0.581,0.569186971,0.589201914,0.554,0.966,59.216,13.23641491,5.641639948,4885.395923
NRU,Nauru,1996,,,,,,64.558,,,
NPL,Nepal,1996,0.437,0.376557144,0.488502314,0.701,0.771,60.907,6.412385517,1.29012198,1495.91222
NLD,Netherlands,1996,0.882,0.855846388,0.902329426,0.096,0.948,80.324,16.59239006,10.98195187,28178.95881
NZL,New Zealand,1996,0.863,0.850301416,0.871956695,0.214,0.975,79.341,17.50823021,11.50805998,21058.0282
NIC,Nicaragua,1996,0.53,,,0.608,,69.046,,4.194,1541.150317
NER,Niger,1996,0.24,,,,,47.079,1.850650035,0.514693365,
NGA,Nigeria,1996,,,,,,47.171,6.270251796,,1858.124361
MKD,North Macedonia,1996,0.65,,,0.411,,74.871,11.19073009,,5929.049959
NOR,Norway,1996,0.887,0.876649896,0.895011427,0.107,0.979,81.062,15.99497032,11.46396024,39942.76542
OMN,Oman,1996,,,,,,75.14,9.515839577,,
PAK,Pakistan,1996,0.417,0.296538113,0.492950208,0.789,0.602,61.062,3.571851313,1.523610753,695.7207935
PLW,Palau,1996,,,,,,68.443,,,9986.119071
PSE,"Palestine, State of",1996,,,,,,71.558,9.597249985,,
PAN,Panama,1996,0.697,0.68088467,0.708159228,0.497,0.961,75.904,12.03608295,7.796730232,7225.976486
PNG,Papua New Guinea,1996,0.445,,,,,63.477,5.121479988,2.028465385,
PRY,Paraguay,1996,0.64,0.62573856,0.651967134,0.577,0.96,71.746,10.78623009,6.110181678,7036.431135
PER,Peru,1996,0.65,,,0.548,,70.752,,7.406033776,4074.401614
PHL,Philippines,1996,0.622,0.602507823,0.635868069,0.492,0.948,70.388,11.51991526,7.391781998,3213.473401
POL,Poland,1996,0.756,0.74877593,0.759769152,0.22,0.986,76.56,13.66320038,10.4370715,9885.794187
PRT,Portugal,1996,0.777,0.769853122,0.78185987,0.226,0.985,79.232,16.34016991,6.073871544,19493.96124
QAT,Qatar,1996,0.783,0.750669819,0.784147158,,0.957,76.268,13.98455048,7.973948182,17666.97015
ROU,Romania,1996,0.698,0.680675835,0.713449937,0.465,0.954,72.902,11.22937965,8.382801723,9492.094478
RUS,Russian Federation,1996,0.706,,,0.444,,72.252,,10.93125007,9565.921192
RWA,Rwanda,1996,0.28,0.252762484,0.308594437,0.597,0.819,42.153,4.819224314,1.511959411,681.308668
KNA,Saint Kitts and Nevis,1996,,,,,,69.996,13.562644,,
LCA,Saint Lucia,1996,0.683,0.675811258,0.686467317,0.424,0.984,73.013,12.64958832,7.228434312,8469.354326
VCT,Saint Vincent and the Grenadines,1996,,,,,,73.42,12.25283975,,
WSM,Samoa,1996,0.659,0.632133035,0.672605518,,0.94,72.797,12.0557,10.65952529,2289.73143
SMR,San Marino,1996,0.862,,,,,81.59,15.40695473,,44112.69989
STP,Sao Tome and Principe,1996,0.487,,,,,63.309,8.821537531,3.645785055,
SAU,Saudi Arabia,1996,0.728,0.623237899,0.772271913,,0.807,73.225,11.1643329,4.400877273,8960.934256
SEN,Senegal,1996,0.376,,,,,58.266,4.465509994,1.17407926,
SRB,Serbia,1996,0.679,,,,,74.646,12.85565128,6.173303158,
SYC,Seychelles,1996,,,,,,75.118,12.60358047,,
SLE,Sierra Leone,1996,0.312,,,,,44.776,4.363132988,1.448075859,
SGP,Singapore,1996,0.829,0.804309632,0.842498039,0.264,0.955,79.24,15.4082504,7.432455063,34356.77668
SVK,Slovakia,1996,0.728,0.715998102,0.736550381,0.235,0.972,76.785,12.49298,8.298855066,10620.59179
SVN,Slovenia,1996,0.771,0.760448693,0.778931552,0.224,0.976,78.915,13.14669037,8.63147941,17027.25789
SLB,Solomon Islands,1996,,,,,,69.365,6.304928017,,
SOM,Somalia,1996,,,,,,51.97,,,
ZAF,South Africa,1996,0.655,0.644685353,0.659299161,0.476,0.978,64.721,13.41180589,7.953215422,7242.576989
SSD,South Sudan,1996,,,,,,33.882,,,
ESP,Spain,1996,0.805,0.787714953,0.815483027,0.141,0.966,82.002,16.42733955,6.667577157,18292.07163
LKA,Sri Lanka,1996,0.674,0.643951451,0.689206704,0.451,0.934,77.451,12.14301538,8.99746711,2661.507551
SDN,Sudan,1996,0.369,0.325044922,0.401646935,0.724,0.809,56.489,4.094728511,1.382,1518.959017
SUR,Suriname,1996,,,,,,68.842,11.7293396,,6465.743397
SWE,Sweden,1996,0.867,0.865334002,0.866259155,0.067,0.999,81.519,17.41909027,10.78900358,27064.96968
CHE,Switzerland,1996,0.867,0.836156388,0.892718852,0.107,0.937,81.981,13.82812023,9.679269396,39701.9088
SYR,Syrian Arab Republic,1996,0.583,0.493353234,0.629564679,0.536,0.784,72.377,9.165484428,3.493409188,1631.458074
TJK,Tajikistan,1996,0.516,,,0.545,,62.446,,9.724110605,885.4009313
TZA,Tanzania (United Republic of),1996,0.368,,,,,52.376,5.187150002,2.973231036,
THA,Thailand,1996,0.634,0.631263188,0.63456073,0.439,0.995,76.49,10.79205978,4.851941263,7703.233051
TLS,Timor-Leste,1996,,,,,,50.58,,,
TGO,Togo,1996,0.422,,,,,55.327,6.637839794,1.505998624,
TON,Tonga,1996,0.672,,,,,72.328,13.22566024,9.907919884,
TTO,Trinidad and Tobago,1996,0.68,0.659111026,0.69309034,0.414,0.951,71.93,11.01612368,8.183889707,7418.663753
TUN,Tunisia,1996,0.613,0.540449205,0.659484071,0.482,0.82,74.935,10.84403038,3.08628243,2467.43515
TUR,Türkiye,1996,0.63,0.566389951,0.679276209,0.581,0.834,73.849,8.513579845,3.719037548,6831.56715
TKM,Turkmenistan,1996,,,,,,67.21,,10.52050662,
TUV,Tuvalu,1996,0.579,,,,,65.22,10.32273722,7.383504459,
UGA,Uganda,1996,0.353,,,,,49.099,5.731477843,2.61783188,
UKR,Ukraine,1996,0.683,0.68705882,0.677861734,0.463,1.014,72.921,12.59097595,10.12514129,5611.710356
ARE,United Arab Emirates,1996,0.762,0.734140824,0.758614623,0.766,0.968,75.343,11.50231855,7.863051732,25462.84607
GBR,United Kingdom,1996,0.836,0.821402538,0.845594349,0.236,0.971,79.403,15.21107674,10.1820856,24478.42013
USA,United States,1996,0.887,0.88084451,0.890794502,0.285,0.989,79.222,16.37503052,12.9983139,34298.7766
URY,Uruguay,1996,0.726,0.73072816,0.71826778,0.421,1.017,78.526,14.83633699,7.61232996,9006.890644
UZB,Uzbekistan,1996,,,,,,67.764,,,
VUT,Vanuatu,1996,,,,,,71.319,8.311588985,,
VEN,Venezuela (Bolivarian Republic of),1996,0.687,0.662853161,0.691494254,0.549,0.959,74.832,10.83933979,6.659210985,9734.843393
VNM,Viet Nam,1996,0.56,0.546372502,0.572194335,0.382,0.955,76.348,9.090060627,4.456100224,2579.107305
YEM,Yemen,1996,0.4,0.282120463,0.477927572,,0.59,62.433,3.616635521,0.244,928.2296067
ZMB,Zambia,1996,0.409,0.3702027,0.445455633,0.653,0.831,46.592,7.454565,3.854941504,1488.676942
ZWE,Zimbabwe,1996,0.448,0.420761981,0.47567121,0.578,0.885,51.245,9.231422833,5.090862083,1369.323987
AFG,Afghanistan,1997,0.33,,,,,55.151,3.203225387,0.322654761,
ALB,Albania,1997,0.641,0.608134801,0.665154437,,0.914,77.316,10.13210011,7.284058034,2901.110201
DZA,Algeria,1997,0.626,,,0.645,,70.925,,4.565955898,1660.431156
AND,Andorra,1997,,,,,,82.831,10.07533951,,
AGO,Angola,1997,,,,,,48.279,3.506098168,,
ATG,Antigua and Barbuda,1997,,,,,,76.768,,,
ARG,Argentina,1997,0.758,0.748403429,0.759151639,0.43,0.986,76.464,14.74338889,8.623652267,12098.70249
ARM,Armenia,1997,0.635,0.620598153,0.645331878,0.444,0.962,73.293,10.64217854,10.15224081,2437.91492
AUS,Australia,1997,0.887,0.869175562,0.901077842,0.172,0.965,81.386,20.56314087,11.09118539,24892.22759
AUT,Austria,1997,0.856,0.833549234,0.873233534,0.155,0.955,80.537,14.73466969,10.33609445,29775.20883
AZE,Azerbaijan,1997,0.609,0.593416041,0.621900558,0.397,0.954,67.08,11.29352294,9.576298047,2421.279252
BHS,Bahamas,1997,0.775,0.774328187,0.773384317,0.382,1.001,74.424,11.67416453,10.88504972,27030.18803
BHR,Bahrain,1997,0.747,0.700531347,0.764906284,,0.916,76.367,11.92431323,6.347621918,15746.40089
BGD,Bangladesh,1997,0.458,0.407682672,0.499228766,0.669,0.817,61.315,6.480316544,3.243714523,1355.91183
BRB,Barbados,1997,0.75,0.742775573,0.752263357,0.366,0.987,76.129,14.3082712,9.017936741,11110.26759
BLR,Belarus,1997,0.687,0.69863339,0.677362455,,1.031,74.855,12.91408495,9.851309716,5908.155488
BEL,Belgium,1997,0.874,0.858091317,0.884804525,0.158,0.97,80.548,17.98677063,9.972879611,27839.2824
BLZ,Belize,1997,0.641,0.609715238,0.659889606,0.526,0.924,71.444,11.49918374,6.58733436,4033.299614
BEN,Benin,1997,0.393,0.338031943,0.443693341,0.652,0.762,57.587,4.142831581,1.228198157,2082.543039
BTN,Bhutan,1997,,,,,,62.36,6.293863388,,
BOL,Bolivia (Plurinational State of),1997,0.615,0.580136552,0.64610059,,0.898,62.523,13.86387812,5.827669991,3746.156494
BIH,Bosnia and Herzegovina,1997,,,,,,76.393,,,
BWA,Botswana,1997,0.582,0.566938223,0.593572037,0.533,0.955,55.807,11.02557691,7.048,7747.948494
BRA,Brazil,1997,0.656,,,0.529,,72.03,,4.93619812,7077.209895
BRN,Brunei Darussalam,1997,0.782,0.759239547,0.787339799,,0.964,75.803,11.82257223,7.754,41170.11976
BGR,Bulgaria,1997,0.704,0.696186952,0.709863474,0.337,0.981,73.907,12.9221096,8.695887778,7773.075921
BFA,Burkina Faso,1997,,,,,,50.526,2.430661964,,1033.201705
BDI,Burundi,1997,0.288,0.261173654,0.312701177,,0.835,47.235,3.995930942,1.262457209,757.2893165
CPV,Cabo Verde,1997,,,,,,68.887,,,
KHM,Cambodia,1997,0.408,0.377986443,0.444300704,0.639,0.851,58.622,6.930004478,2.242945982,1110.152395
CMR,Cameroon,1997,0.42,0.385919016,0.450527924,0.684,0.857,54.382,6.753332006,2.075339375,2051.510602
CAN,Canada,1997,0.88,0.8669563,0.888955412,0.169,0.975,81.192,16.69357491,11.88369999,25882.58069
CAF,Central African Republic,1997,0.313,,,,,48.042,3.614299971,1.261694108,
TCD,Chad,1997,,,,,,48.187,2.584640026,,
CHL,Chile,1997,0.744,0.715159771,0.761033572,0.47,0.94,78.86,12.38517838,8.869473932,7870.167969
CHN,China,1997,0.554,0.523017536,0.584370086,,0.895,72.915,9.05376482,4.787534383,1950.318775
COL,Colombia,1997,0.661,0.651381245,0.665686262,,0.979,74.798,11.49381495,6.538709005,6891.604431
COM,Comoros,1997,,,,,,60.231,7.075466424,,1378.800093
COG,Congo,1997,0.483,,,,,52.122,9.003054619,5.57427941,
COD,Congo (Democratic Republic of the),1997,0.374,,,,,52.626,5.560944561,3.321128816,
CRI,Costa Rica,1997,0.699,,,,,79.661,,6.991185775,
CIV,Côte d'Ivoire,1997,0.454,,,,,53.528,4.807605179,5.247966953,
HRV,Croatia,1997,0.731,0.710939685,0.748961783,0.265,0.949,77.585,11.36938,7.818955803,13025.07822
CUB,Cuba,1997,0.676,0.645606308,0.695267778,,0.929,77.671,12.36145973,9.523635013,2395.065476
CYP,Cyprus,1997,0.777,0.748507967,0.798262179,0.334,0.938,77.958,12.07325009,8.838036935,17506.14464
CZE,Czechia,1997,0.791,0.770561358,0.808026823,0.205,0.954,77.424,13.59407997,9.619826317,16960.18964
DNK,Denmark,1997,0.871,0.860562532,0.878378556,0.089,0.98,78.473,15.97013998,11.88357282,34189.11432
DJI,Djibouti,1997,0.325,,,,,57.689,2.585180044,0.567806804,
DMA,Dominica,1997,,,,,,74.074,,,
DOM,Dominican Republic,1997,0.628,0.599001372,0.645641147,0.554,0.928,72.004,10.56079139,6.017807084,4390.979285
ECU,Ecuador,1997,0.676,,,0.589,,74.857,,6.867791316,5495.330846
EGY,Egypt,1997,0.615,0.549981801,0.6503722,0.656,0.846,69.242,9.588857841,5.835415173,2774.432455
SLV,El Salvador,1997,0.586,0.558166614,0.602731491,0.503,0.926,72.559,10.08538183,4.048240049,3664.071006
GNQ,Equatorial Guinea,1997,,,,,,53.675,,,
ERI,Eritrea,1997,,,,,,57.808,5.38086017,,
EST,Estonia,1997,0.764,0.771031366,0.754558245,0.327,1.022,76.175,14.106565,11.45577809,11552.02996
SWZ,Eswatini (Kingdom of),1997,0.496,,,,,54.843,9.332526497,4.28,
ETH,Ethiopia,1997,,,,,,50.508,2.456509988,,519.9489624
FJI,Fiji,1997,0.658,,,0.474,,68.817,,7.564327067,4639.443377
FIN,Finland,1997,0.86,0.858919673,0.858007873,0.089,1.001,80.512,17.47945976,10.65843347,26773.65146
FRA,France,1997,0.839,0.830026866,0.844606431,0.193,0.983,82.306,16.06440926,8.589805126,27492.05639
GAB,Gabon,1997,0.624,0.610415908,0.63040191,0.58,0.968,61.725,10.78661365,6.462,12705.50428
GMB,Gambia,1997,0.374,,,,,58.266,4.421996942,1.173784964,
GEO,Georgia,1997,,,,,,73.315,11.32079983,,
DEU,Germany,1997,0.874,0.847486035,0.896814181,0.139,0.945,80.27,15.64474964,11.04199312,28392.43424
GHA,Ghana,1997,0.483,0.443168819,0.520808506,0.615,0.851,58.434,5.973960287,5.114412363,2215.519727
GRC,Greece,1997,0.796,0.77210787,0.813678864,0.249,0.949,81.159,13.74108982,8.230296755,17189.62956
GRD,Grenada,1997,,,,,,75.23,,,
GTM,Guatemala,1997,0.527,,,0.625,,69.172,,3.287071063,2137.713075
GIN,Guinea,1997,0.32,,,,,52.033,2.850696176,0.693052879,
GNB,Guinea-Bissau,1997,,,,,,50.016,,,
GUY,Guyana,1997,0.556,,,,,67.043,9.880306754,5.735411941,
HTI,Haiti,1997,0.468,0.434785099,0.50653028,,0.858,57.986,8.480324522,2.517212187,2263.924625
HND,Honduras,1997,0.541,0.515593412,0.55480389,,0.929,69.902,9.177900651,4.450561332,2187.13387
HKG,"Hong Kong, China (SAR)",1997,0.808,0.777369046,0.833098046,,0.933,82.771,11.01774503,9.234574318,23593.30193
HUN,Hungary,1997,0.75,0.739246601,0.757378438,0.289,0.976,75.454,13.35369015,9.537760128,11739.65019
ISL,Iceland,1997,0.874,0.863847392,0.881579211,0.16,0.98,81.571,16.72978973,11.21469686,27043.09273
IND,India,1997,0.471,0.387031419,0.529959674,0.69,0.73,62.148,6.983250141,2.558496272,951.722457
IDN,Indonesia,1997,0.59,0.550053367,0.618735859,0.57,0.889,67.343,10.24385993,4.463732406,3985.423512
IRN,Iran (Islamic Republic of),1997,0.671,0.564900222,0.721187041,0.602,0.783,70.968,10.65331889,6.795656131,2139.868635
IRQ,Iraq,1997,0.549,0.408487182,0.614979812,0.712,0.664,68.321,6.532711829,3.615503511,832.8348456
IRL,Ireland,1997,0.803,0.788762929,0.811134666,0.206,0.972,78.671,14.33047962,8.918615103,22279.48292
ISR,Israel,1997,0.82,0.797067742,0.848286775,0.27,0.94,80.315,14.29777336,9.543615154,19426.05438
ITA,Italy,1997,0.828,0.803906325,0.844506102,0.196,0.952,81.777,15.17245007,7.993996565,24040.90866
JAM,Jamaica,1997,0.662,0.651276569,0.669929214,0.458,0.972,72.764,10.97854182,7.459917068,7164.352559
JPN,Japan,1997,0.877,0.847459482,0.895198397,0.16,0.947,83.732,14.64191659,11.64438887,21723.27068
JOR,Jordan,1997,0.667,,,,,72.946,12.18819475,6.218211838,
KAZ,Kazakhstan,1997,0.662,,,,,69.387,11.40138283,8.876747715,
KEN,Kenya,1997,0.484,,,,,56.534,8.157919413,3.656500131,
KIR,Kiribati,1997,,,,,,65.206,10.56566366,,1613.651204
PRK,Korea (Democratic People's Rep. of),1997,,,,,,64.241,,,
KOR,Korea (Republic of),1997,0.804,0.771067229,0.829243837,0.238,0.93,79.012,14.45611,9.157815933,13957.47922
KWT,Kuwait,1997,0.766,0.737691876,0.765773876,0.71,0.963,78.363,12.27282047,5.754463348,33182.14983
KGZ,Kyrgyzstan,1997,0.6,,,,,68.702,10.18325844,9.867068019,
LAO,Lao People's Democratic Republic,1997,0.455,0.408117376,0.501847427,,0.813,58.901,6.466660023,2.567473714,2069.469868
LVA,Latvia,1997,0.725,0.727627203,0.718142547,0.341,1.013,74.904,12.50508022,10.98626151,8418.610337
LBN,Lebanon,1997,,,,,,74.304,10.34241548,,
LSO,Lesotho,1997,0.465,0.474199778,0.458921773,,1.033,57.218,9.42309316,5.253926377,2059.608482
LBR,Liberia,1997,,,,,,49.768,,1.452287924,
LBY,Libya,1997,0.745,,,,,73.219,,4.184,
LIE,Liechtenstein,1997,,,,,,80.412,,10.37205164,
LTU,Lithuania,1997,0.732,0.728834314,0.731796161,0.274,0.996,76.426,12.67236042,10.06725813,8939.049197
LUX,Luxembourg,1997,0.84,,,0.161,,79.674,,9.928146172,54695.78085
MDG,Madagascar,1997,,,,,,57.717,7.16039753,,
MWI,Malawi,1997,0.367,,,,,45.253,9.948050181,1.82311025,
MYS,Malaysia,1997,0.707,,,0.341,,74.64,,6.855355024,8726.187446
MDV,Maldives,1997,0.606,0.567680219,0.629445951,0.55,0.902,70.019,10.47476951,3.620194696,5594.803198
MLI,Mali,1997,0.286,,,,,48.74,2.593950033,0.915629983,
MLT,Malta,1997,0.763,0.712533065,0.793417014,0.35,0.898,79.678,13.45926952,6.504261423,10038.93169
MHL,Marshall Islands,1997,,,,,,65.517,,,
MRT,Mauritania,1997,0.448,,,,,62.06,5.071529865,2.306902254,
MUS,Mauritius,1997,0.654,0.614906602,0.682515914,0.47,0.901,74.473,10.58642896,5.401916981,5797.490992
MEX,Mexico,1997,0.692,0.66260607,0.71335613,0.478,0.929,75.834,11.20660019,6.040462971,9736.801642
FSM,Micronesia (Federated States of),1997,,,,,,72.533,,,
MDA,Moldova (Republic of),1997,0.646,,,,,68.639,11.24359993,9.64705748,
MCO,Monaco,1997,,,,,,84.918,18.2649498,,
MNG,Mongolia,1997,0.569,0.566111371,0.569379509,,0.994,63.665,9.014840126,8.57629922,3434.124417
MNE,Montenegro,1997,,,,,,77.361,,,
MAR,Morocco,1997,0.497,0.419879136,0.553051392,0.722,0.759,67.268,6.534170151,2.03,1738.324031
MOZ,Mozambique,1997,0.272,0.244786252,0.297070425,0.601,0.824,48.999,4.032904983,1.027770627,509.4747179
MMR,Myanmar,1997,0.383,,,,,62.44,8.453047962,2.350172752,
NAM,Namibia,1997,0.572,0.559939727,0.580271029,0.556,0.965,57.887,12.89517021,5.647847939,4972.882767
NRU,Nauru,1997,,,,,,63.782,,,
NPL,Nepal,1997,0.444,0.382810533,0.495637807,0.695,0.772,61.855,6.62414662,1.333690828,1465.571699
NLD,Netherlands,1997,0.883,0.857121112,0.902541594,0.1,0.95,80.526,16.3032093,11.06741453,29362.38905
NZL,New Zealand,1997,0.871,0.859642933,0.878580502,0.209,0.978,80.05,17.65496546,11.81422997,21525.87215
NIC,Nicaragua,1997,0.539,,,0.6,,69.505,,4.368,1569.892619
NER,Niger,1997,0.245,,,,,47.917,1.929080046,0.551457177,
NGA,Nigeria,1997,,,,,,47.273,6.462418365,,1867.637381
MKD,North Macedonia,1997,0.654,,,0.402,,74.786,11.18908978,,5933.170727
NOR,Norway,1997,0.893,0.883635342,0.899351203,0.103,0.983,80.97,16.40427971,11.5510602,41977.18891
OMN,Oman,1997,,,,,,75.389,9.633390427,,
PAK,Pakistan,1997,0.419,0.305579653,0.494125151,0.781,0.618,61.486,3.709573179,1.615708117,744.3323631
PLW,Palau,1997,,,,,,68.614,,,9715.353998
PSE,"Palestine, State of",1997,,,,,,71.838,10.05288982,,
PAN,Panama,1997,0.703,0.687807083,0.712612413,0.497,0.965,76.161,12.21438763,7.849815273,7685.330407
PNG,Papua New Guinea,1997,0.445,,,,,63.656,5.246200085,2.11196647,
PRY,Paraguay,1997,0.646,0.621976739,0.662538527,0.576,0.939,71.883,11.20490328,6.226517157,5690.122865
PER,Peru,1997,0.655,,,0.539,,71.211,,7.502358307,4621.443912
PHL,Philippines,1997,0.627,0.608221736,0.639578875,0.49,0.951,70.691,11.59441683,7.444229031,3389.967996
POL,Poland,1997,0.767,0.760235553,0.770924405,0.216,0.986,76.955,14.19925976,10.58392042,10422.82417
PRT,Portugal,1997,0.784,0.776661054,0.789182818,0.224,0.984,79.527,16.44085026,6.266805853,20258.03097
QAT,Qatar,1997,0.794,0.765699864,0.787227941,,0.973,76.305,13.90223026,8.102092286,23769.16391
ROU,Romania,1997,0.701,0.68525667,0.715058508,0.454,0.958,73.549,11.33181,8.490304708,9344.590579
RUS,Russian Federation,1997,0.715,,,0.416,,72.543,,11.25738819,9672.903889
RWA,Rwanda,1997,0.281,0.25099765,0.310458021,0.593,0.808,42.451,4.689826676,1.593164392,642.2615076
KNA,Saint Kitts and Nevis,1997,,,,,,70.589,13.68252532,,
LCA,Saint Lucia,1997,0.683,0.67381892,0.688997852,0.45,0.978,72.419,12.68426098,7.329731163,8308.535688
VCT,Saint Vincent and the Grenadines,1997,,,,,,72.912,12.36022967,,
WSM,Samoa,1997,0.661,0.634196008,0.674636691,,0.94,73.057,12.0613,10.73367932,2295.614177
SMR,San Marino,1997,0.867,,,,,82.453,15.46047155,,45969.11628
STP,Sao Tome and Principe,1997,0.488,,,,,63.331,8.90289351,3.702605261,
SAU,Saudi Arabia,1997,0.732,0.629714475,0.775594695,,0.812,73.407,11.35637672,4.578690496,9086.044447
SEN,Senegal,1997,0.377,,,,,58.21,4.681729981,1.152828956,
SRB,Serbia,1997,0.685,,,,,74.719,12.94906172,6.277474818,
SYC,Seychelles,1997,,,,,,75.172,12.81192017,,
SLE,Sierra Leone,1997,0.307,,,,,44.857,4.568525003,1.523567965,
SGP,Singapore,1997,0.841,0.816128825,0.853308085,0.263,0.956,79.929,15.47486732,7.727210045,37429.64064
SVK,Slovakia,1997,0.735,0.723973636,0.74252731,0.23,0.975,76.666,12.59344959,8.677332115,11184.25318
SVN,Slovenia,1997,0.782,0.771316081,0.789380149,0.213,0.977,78.925,13.5121603,8.997573266,17811.35451
SLB,Solomon Islands,1997,,,,,,69.478,6.338321972,,
SOM,Somalia,1997,,,,,,51.623,,,
ZAF,South Africa,1997,0.65,0.633510269,0.658406307,0.477,0.962,63.828,13.43605868,7.712512811,6668.045842
SSD,South Sudan,1997,,,,,,34.825,,,
ESP,Spain,1997,0.811,0.792168289,0.82288301,0.141,0.963,82.353,16.23719978,6.875862562,19132.43578
LKA,Sri Lanka,1997,0.68,0.660923663,0.69114646,0.451,0.956,77.491,12.23893285,9.226661762,3274.802705
SDN,Sudan,1997,0.382,0.336685033,0.414209017,0.722,0.813,57.07,4.279338923,1.474,1690.604808
SUR,Suriname,1997,,,,,,68.732,11.7750996,,6661.692588
SWE,Sweden,1997,0.878,0.875510891,0.87508159,0.063,1.0,81.796,18.29932022,10.98442692,27663.03071
CHE,Switzerland,1997,0.872,0.841463851,0.897496686,0.106,0.938,82.026,14.13703012,9.675157557,41244.40882
SYR,Syrian Arab Republic,1997,0.586,0.482191296,0.632851003,0.559,0.762,72.317,9.261328697,3.599562506,1302.728923
TJK,Tajikistan,1997,0.524,,,0.536,,63.425,,9.867055418,924.819314
TZA,Tanzania (United Republic of),1997,0.371,,,,,51.936,5.268189907,3.119213169,
THA,Thailand,1997,0.639,0.638283858,0.639021522,0.431,0.999,77.069,11.18423986,4.971153579,7402.992938
TLS,Timor-Leste,1997,,,,,,51.409,,,
TGO,Togo,1997,0.43,,,,,55.455,6.87784481,1.563921648,
TON,Tonga,1997,0.674,,,,,72.437,13.30288493,9.912473869,
TTO,Trinidad and Tobago,1997,0.686,0.661684064,0.702703176,0.41,0.942,70.872,11.14503817,8.358818028,7993.988047
TUN,Tunisia,1997,0.621,0.549202743,0.665850565,0.462,0.825,75.537,11.01554012,3.23372265,2574.110082
TUR,Türkiye,1997,0.638,0.571778171,0.686796858,0.582,0.833,74.218,8.542679787,3.872010781,6977.418991
TKM,Turkmenistan,1997,,,,,,67.328,,10.52270365,
TUV,Tuvalu,1997,0.585,,,,,65.322,10.27079844,7.511773382,
UGA,Uganda,1997,0.363,,,,,49.299,6.708517981,2.701788252,
UKR,Ukraine,1997,0.688,0.691830392,0.682911329,0.438,1.013,73.219,12.76257401,10.25510949,5650.691273
ARE,United Arab Emirates,1997,0.768,0.740260005,0.764509257,0.764,0.968,75.534,11.66852814,8.13227802,25209.67744
GBR,United Kingdom,1997,0.843,0.829348041,0.85172812,0.237,0.974,79.582,15.42189837,10.39646391,25700.51177
USA,United States,1997,0.889,0.883694444,0.892421332,0.281,0.99,79.379,16.45198536,12.97051096,35434.37017
URY,Uruguay,1997,0.738,0.742278724,0.728545863,0.417,1.019,78.789,15.07479716,7.830428532,9942.225295
UZB,Uzbekistan,1997,,,,,,67.856,,,
VUT,Vanuatu,1997,,,,,,71.401,8.456701069,,
VEN,Venezuela (Bolivarian Republic of),1997,0.694,0.672501868,0.699601452,0.542,0.961,75.533,10.8202167,6.898882823,10475.55585
VNM,Viet Nam,1997,0.571,0.555497327,0.583478176,0.372,0.952,76.379,9.391750836,4.62987572,2703.441496
YEM,Yemen,1997,0.408,0.293787004,0.485470872,,0.605,62.999,3.853193535,0.288,1007.418836
ZMB,Zambia,1997,0.41,0.372782042,0.445365106,0.651,0.837,46.245,7.544179161,3.959325075,1562.255731
ZWE,Zimbabwe,1997,0.445,0.41702446,0.472458283,0.572,0.883,50.366,9.342058454,5.24110508,1318.706505
AFG,Afghanistan,1998,0.329,,,,,54.818,3.398411774,0.339939837,
ALB,Albania,1998,0.656,0.622069881,0.681186341,,0.913,78.021,10.2832799,7.570499439,3206.683187
DZA,Algeria,1998,0.635,,,0.63,,71.262,,4.792575032,1656.028927
AND,Andorra,1998,,,,,,83.26,10.23217252,,
AGO,Angola,1998,,,,,,47.618,3.578210115,,
ATG,Antigua and Barbuda,1998,,,,,,76.964,,,
ARG,Argentina,1998,0.764,0.755103815,0.764839552,0.426,0.987,76.758,14.97848282,8.712149239,12561.43001
ARM,Armenia,1998,0.647,0.635927539,0.648709335,0.435,0.98,74.033,10.78813804,10.22996131,2855.445294
AUS,Australia,1998,0.891,0.873734111,0.90420602,0.169,0.966,81.86,20.73103862,11.09516501,25951.21939
AUT,Austria,1998,0.861,0.839758758,0.877683709,0.151,0.957,80.815,14.90423965,10.43636513,30966.16509
AZE,Azerbaijan,1998,0.618,0.603213563,0.631766163,0.393,0.955,67.599,11.38886855,9.657038445,2660.6287
BHS,Bahamas,1998,0.776,0.775368771,0.773598982,0.369,1.002,74.671,11.69175169,11.00392971,25969.60855
BHR,Bahrain,1998,0.753,0.720433178,0.768861739,,0.937,76.636,12.00491651,6.568198919,21709.59491
BGD,Bangladesh,1998,0.473,0.424448773,0.512398396,0.658,0.828,63.947,6.750903225,3.387467419,1404.701358
BRB,Barbados,1998,0.751,0.744076081,0.75262031,0.365,0.989,76.276,14.53088559,9.036624613,10741.43753
BLR,Belarus,1998,0.693,0.700901653,0.68539911,,1.023,74.898,12.91994953,9.946846413,6006.604374
BEL,Belgium,1998,0.876,0.860728269,0.886290523,0.157,0.971,80.558,17.99052048,10.07388645,28614.886
BLZ,Belize,1998,0.642,0.613460824,0.660241426,0.527,0.929,70.884,11.68956972,6.759550095,4180.131948
BEN,Benin,1998,0.398,0.346520018,0.447100578,0.651,0.775,58.024,4.406880745,1.293827066,2100.216709
BTN,Bhutan,1998,,,,,,63.092,6.606468366,,
BOL,Bolivia (Plurinational State of),1998,0.626,0.590208646,0.657519502,,0.898,63.207,14.45705578,5.945079962,3747.541249
BIH,Bosnia and Herzegovina,1998,,,,,,76.386,,,
BWA,Botswana,1998,0.581,0.572212521,0.589261537,0.535,0.971,54.662,11.23083019,7.222,9326.02791
BRA,Brazil,1998,0.66,,,0.522,,72.432,,5.100433917,7081.769033
BRN,Brunei Darussalam,1998,0.782,0.759738934,0.787086564,,0.965,76.061,11.75737953,7.826,40226.40386
BGR,Bulgaria,1998,0.714,0.707148042,0.719178225,0.327,0.983,74.688,12.98042011,8.999553363,8259.664954
BFA,Burkina Faso,1998,,,,,,51.191,2.530785942,,1059.362911
BDI,Burundi,1998,0.294,0.271383716,0.316406497,0.621,0.858,48.461,4.010983686,1.325341099,840.7976246
CPV,Cabo Verde,1998,,,,,,69.385,,,
KHM,Cambodia,1998,0.412,0.378726762,0.449191656,0.64,0.843,58.909,6.979117473,2.303274981,1072.105582
CMR,Cameroon,1998,0.42,0.386562593,0.450580608,0.68,0.858,54.203,6.638356239,2.157881281,2130.015872
CAN,Canada,1998,0.88,0.867036874,0.888909778,0.163,0.975,81.356,16.20013046,12.06925507,26803.78186
CAF,Central African Republic,1998,0.315,,,,,47.557,3.709669969,1.31904384,
TCD,Chad,1998,,,,,,48.234,2.953480005,,
CHL,Chile,1998,0.749,0.722076733,0.766352657,0.444,0.942,78.72,12.55436039,8.932978519,8625.093209
CHN,China,1998,0.565,0.53565079,0.594171895,0.287,0.902,73.587,9.374569893,4.94596952,2098.921175
COL,Colombia,1998,0.666,0.661916398,0.666347385,,0.993,75.053,11.8546896,6.887718853,7001.950261
COM,Comoros,1998,,,,,,60.117,7.123373166,,1389.346473
COG,Congo,1998,0.508,,,,,52.787,8.8268116,5.773084187,
COD,Congo (Democratic Republic of the),1998,0.371,,,,,53.144,5.624546102,3.412794792,
CRI,Costa Rica,1998,0.705,,,,,79.253,,7.15684812,
CIV,Côte d'Ivoire,1998,0.459,,,,,52.973,4.943287892,5.672480106,
HRV,Croatia,1998,0.74,0.722410908,0.757172722,0.247,0.954,77.647,11.72972012,8.151011753,13744.62288
CUB,Cuba,1998,0.68,0.64811802,0.699931371,,0.926,78.003,12.4302249,9.624414219,2377.704666
CYP,Cyprus,1998,0.789,0.761691084,0.809161318,0.333,0.941,78.417,12.24701056,9.022340298,20150.47179
CZE,Czechia,1998,0.794,0.774546888,0.810739114,0.197,0.955,77.991,13.42984009,9.856795629,16998.47171
DNK,Denmark,1998,0.878,0.86920593,0.883251233,0.079,0.984,78.876,16.23571014,12.07381904,35536.39416
DJI,Djibouti,1998,0.326,,,,,57.681,2.585314989,0.612433571,
DMA,Dominica,1998,,,,,,73.797,,,
DOM,Dominican Republic,1998,0.634,0.60200262,0.651484213,0.533,0.924,71.979,10.77857368,6.171736473,4278.517874
ECU,Ecuador,1998,0.681,,,0.499,,75.209,,6.937277205,5871.179555
EGY,Egypt,1998,0.62,0.550968728,0.657015181,0.636,0.839,69.364,9.805235767,5.765160179,2727.414092
SLV,El Salvador,1998,0.595,0.568716157,0.610164053,0.485,0.932,72.929,10.33376026,4.111050061,4049.178291
GNQ,Equatorial Guinea,1998,,,,,,53.948,,,
ERI,Eritrea,1998,,,,,,57.483,5.560000102,,
EST,Estonia,1998,0.772,0.780115829,0.760276174,0.326,1.026,75.816,14.62049007,11.72161196,12256.43772
SWZ,Eswatini (Kingdom of),1998,0.485,,,,,53.136,9.362545041,4.16,
ETH,Ethiopia,1998,,,,,,50.934,2.707670053,,477.8603734
FJI,Fiji,1998,0.661,,,0.471,,69.117,,7.729574334,4534.777936
FIN,Finland,1998,0.868,0.867401188,0.865824091,0.088,1.002,80.847,17.64925957,10.89930116,28110.0422
FRA,France,1998,0.843,0.834310179,0.848715668,0.19,0.983,82.41,16.01067924,8.783564431,28589.94978
GAB,Gabon,1998,0.63,0.616583769,0.637429268,0.577,0.967,61.696,10.93570159,6.648,13406.23413
GMB,Gambia,1998,0.38,,,,,58.792,4.707345412,1.204405441,
GEO,Georgia,1998,,,,,,73.091,11.60124969,,3445.979015
DEU,Germany,1998,0.879,0.85248732,0.903211767,0.136,0.944,80.538,15.72508091,11.20164213,28986.19584
GHA,Ghana,1998,0.488,0.452106417,0.523590948,0.612,0.863,58.782,6.121620339,5.261987832,2387.176815
GRC,Greece,1998,0.806,0.783916204,0.823011002,0.242,0.952,81.049,14.57678032,8.368905968,17717.43686
GRD,Grenada,1998,,,,,,75.483,,,
GTM,Guatemala,1998,0.535,,,0.616,,69.736,,3.354325714,2335.319003
GIN,Guinea,1998,0.33,,,,,52.489,3.192132413,0.693275733,
GNB,Guinea-Bissau,1998,,,,,,51.36,,,
GUY,Guyana,1998,0.561,,,,,67.552,10.0659071,5.849162282,
HTI,Haiti,1998,0.474,0.441002593,0.511278059,,0.863,58.691,8.60146586,2.609225165,2285.178123
HND,Honduras,1998,0.524,0.495431077,0.541846003,0.548,0.914,63.617,9.31855241,4.523101842,2235.122675
HKG,"Hong Kong, China (SAR)",1998,0.813,0.782930508,0.838113056,,0.934,83.133,11.414432,9.374108315,22368.07398
HUN,Hungary,1998,0.755,0.747743949,0.761201196,0.301,0.982,75.525,13.75741005,9.600320122,12544.85049
ISL,Iceland,1998,0.885,0.873409653,0.893850992,0.163,0.977,81.542,17.24449921,11.33790874,28902.7351
IND,India,1998,0.477,0.395882738,0.536285777,0.678,0.738,62.595,7.040706793,2.820637283,996.7033149
IDN,Indonesia,1998,0.587,0.548740996,0.615212807,0.567,0.892,67.458,10.50118001,4.750019908,3358.908033
IRN,Iran (Islamic Republic of),1998,0.677,0.576658321,0.724867948,0.588,0.796,71.23,10.80852861,7.150984556,2319.379318
IRQ,Iraq,1998,0.564,0.434223175,0.629194215,0.708,0.69,67.868,6.776207947,3.822761674,1170.613422
IRL,Ireland,1998,0.837,0.823997135,0.843917032,0.209,0.976,79.081,16.88244057,9.180197597,24234.65606
ISR,Israel,1998,0.828,0.804134681,0.859998276,0.256,0.935,80.511,14.64087677,9.625327043,20063.59893
ITA,Italy,1998,0.832,0.809460408,0.847199649,0.191,0.955,81.822,15.38418007,8.137847403,24642.20152
JAM,Jamaica,1998,0.661,0.650099834,0.667512161,0.447,0.974,72.716,10.89839402,7.560861588,6968.073278
JPN,Japan,1998,0.877,0.849426395,0.895577721,0.163,0.948,83.921,14.73456001,11.68776588,21586.9061
JOR,Jordan,1998,0.671,,,,,73.203,12.24530983,6.443914498,
KAZ,Kazakhstan,1998,0.666,,,,,69.561,11.74055179,9.119714075,
KEN,Kenya,1998,0.486,,,,,56.082,8.258426454,3.801489001,
KIR,Kiribati,1998,,,,,,65.489,10.21258704,,1673.731536
PRK,Korea (Democratic People's Rep. of),1998,,,,,,64.112,,,
KOR,Korea (Republic of),1998,0.802,0.766293323,0.82900152,0.223,0.924,79.419,14.10593987,9.319704056,12677.9113
KWT,Kuwait,1998,0.772,0.746943785,0.770359066,0.7,0.97,78.551,12.62299013,5.885936149,34743.64509
KGZ,Kyrgyzstan,1998,0.606,,,,,69.204,10.61907884,10.02761398,
LAO,Lao People's Democratic Republic,1998,0.462,0.415786582,0.507767658,0.603,0.819,59.317,6.74119997,2.651047801,2107.425924
LVA,Latvia,1998,0.736,0.736538479,0.731619396,0.335,1.007,74.748,13.18352985,10.98057858,8949.080741
LBN,Lebanon,1998,,,,,,74.442,10.38336153,,
LSO,Lesotho,1998,0.464,0.467619433,0.462028482,,1.012,55.12,9.33349673,5.354629526,2178.798491
LBR,Liberia,1998,,,,,,50.818,,1.505746375,
LBY,Libya,1998,0.745,,,,,73.33,,4.406,
LIE,Liechtenstein,1998,,,,,,82.112,,10.47267114,
LTU,Lithuania,1998,0.744,0.741534374,0.7429205,0.264,0.998,76.56,13.23171997,10.27579102,9661.939617
LUX,Luxembourg,1998,0.847,,,0.158,,80.128,,10.15865717,55303.40221
MDG,Madagascar,1998,,,,,,58.287,7.332872868,,
MWI,Malawi,1998,0.369,0.341574013,0.394890398,0.694,0.865,44.925,10.16718992,1.871379972,918.7421697
MYS,Malaysia,1998,0.71,0.675703251,0.733725952,0.339,0.921,74.542,12.47805023,7.210350037,7716.438988
MDV,Maldives,1998,0.611,0.574711293,0.633529564,0.528,0.907,70.323,10.76175976,3.529030085,6034.853781
MLI,Mali,1998,0.297,,,,,49.348,2.9056499,0.951346046,
MLT,Malta,1998,0.772,0.722322868,0.801145454,0.349,0.902,80.323,13.83063984,6.593847545,10390.96929
MHL,Marshall Islands,1998,,,,,,65.718,,,
MRT,Mauritania,1998,0.456,,,,,62.345,5.63394022,2.360988647,
MUS,Mauritius,1998,0.662,0.625567538,0.688069345,0.469,0.909,74.508,11.12133948,5.470757961,6173.366976
MEX,Mexico,1998,0.699,0.669194981,0.719857772,0.459,0.93,76.082,11.43647957,6.115211964,10095.80632
FSM,Micronesia (Federated States of),1998,,,,,,72.696,,,
MDA,Moldova (Republic of),1998,0.646,,,,,68.895,11.38769533,9.76317736,
MCO,Monaco,1998,,,,,,85.088,18.31369771,,
MNG,Mongolia,1998,0.579,0.577313411,0.579778669,0.471,0.996,64.492,9.405870438,8.702649454,3573.321578
MNE,Montenegro,1998,,,,,,77.463,,,
MAR,Morocco,1998,0.505,0.425669143,0.559881376,0.726,0.76,67.683,6.701960087,2.13,1739.714965
MOZ,Mozambique,1998,0.283,0.253505643,0.310173056,0.595,0.817,49.607,4.346887529,1.07757449,521.0915351
MMR,Myanmar,1998,0.39,,,,,63.123,8.620479965,2.435323939,
NAM,Namibia,1998,0.564,0.547214831,0.576996475,0.56,0.948,56.238,12.4500103,5.654055929,4997.391785
NRU,Nauru,1998,,,,,,63.367,,,
NPL,Nepal,1998,0.449,0.391400181,0.498820221,0.691,0.785,62.963,6.835907724,1.377259675,1494.308082
NLD,Netherlands,1998,0.884,0.859782541,0.902998426,0.094,0.952,80.674,16.24674988,11.15287719,30244.66555
NZL,New Zealand,1998,0.88,0.868939919,0.887072524,0.199,0.98,80.787,17.8017007,12.12039995,21937.87274
NIC,Nicaragua,1998,0.541,,,0.599,,67.709,,4.542,1674.134582
NER,Niger,1998,0.253,,,,,48.668,2.007510057,0.588220988,
NGA,Nigeria,1998,,,,,,47.226,6.660474328,,1893.558504
MKD,North Macedonia,1998,0.661,,,0.394,,74.888,11.25603008,,6050.898917
NOR,Norway,1998,0.903,0.895906371,0.90832398,0.101,0.986,81.261,17.28957939,11.63816016,43065.42224
OMN,Oman,1998,,,,,,76.083,9.722140312,,
PAK,Pakistan,1998,0.423,0.191916871,0.501615325,0.786,0.383,62.112,3.847295046,1.707805482,159.8071093
PLW,Palau,1998,,,,,,69.176,,,9312.645256
PSE,"Palestine, State of",1998,,,,,,72.077,10.50554514,,
PAN,Panama,1998,0.71,0.703276595,0.714638097,0.497,0.984,76.431,12.39533374,7.902900314,9621.835788
PNG,Papua New Guinea,1998,0.447,,,,,62.732,5.370920181,2.195467555,
PRY,Paraguay,1998,0.652,0.628503027,0.667347319,0.578,0.942,72.194,11.62357648,6.342852636,5589.672534
PER,Peru,1998,0.663,,,0.53,,71.673,,7.598682837,4610.660832
PHL,Philippines,1998,0.632,0.605532676,0.64809634,0.485,0.934,70.913,11.66940022,7.496676064,3111.958983
POL,Poland,1998,0.777,0.770702449,0.779973122,0.211,0.988,77.29,14.69876957,10.73076935,10925.17294
PRT,Portugal,1998,0.791,0.782657164,0.795560243,0.216,0.984,79.745,16.54153061,6.459740162,20858.82701
QAT,Qatar,1998,0.796,0.767731065,0.789997739,,0.972,76.246,13.81991005,8.230236389,24568.1464
ROU,Romania,1998,0.706,0.689945001,0.72148648,0.447,0.956,73.998,11.58815002,8.597807693,9092.333818
RUS,Russian Federation,1998,0.719,,,0.403,,72.818,,11.58352631,8999.69389
RWA,Rwanda,1998,0.289,0.258199717,0.318480556,0.589,0.811,43.651,4.560429038,1.674369373,681.4030966
KNA,Saint Kitts and Nevis,1998,,,,,,70.226,13.80240663,,
LCA,Saint Lucia,1998,0.687,0.677559865,0.693435836,0.442,0.977,72.301,12.71893363,7.431028015,8753.294472
VCT,Saint Vincent and the Grenadines,1998,,,,,,73.352,12.46856082,,
WSM,Samoa,1998,0.664,0.637892,0.677718313,,0.941,73.315,12.06686974,10.80834921,2358.101662
SMR,San Marino,1998,0.872,,,,,82.659,15.51417425,,47944.23494
STP,Sao Tome and Principe,1998,0.49,,,,,63.408,8.984999789,3.76031102,
SAU,Saudi Arabia,1998,0.738,0.637408481,0.781461408,,0.816,73.577,11.55172399,4.756503719,9469.832569
SEN,Senegal,1998,0.379,,,,,57.922,4.897949968,1.131578653,
SRB,Serbia,1998,0.686,,,,,74.388,13.04315088,6.381646478,
SYC,Seychelles,1998,,,,,,75.689,13.02025986,,
SLE,Sierra Leone,1998,0.304,,,,,44.685,4.78358573,1.599060072,
SGP,Singapore,1998,0.846,0.820801348,0.85934826,0.258,0.955,80.681,15.54177226,8.021965027,34725.69786
SVK,Slovakia,1998,0.746,0.736277447,0.751775676,0.224,0.979,76.739,13.12201023,9.055809164,11581.97805
SVN,Slovenia,1998,0.794,0.784755553,0.801253313,0.191,0.979,79.142,14.12337017,9.363667121,18344.63737
SLB,Solomon Islands,1998,,,,,,69.583,6.371715927,,
SOM,Somalia,1998,,,,,,52.09,,,
ZAF,South Africa,1998,0.643,0.626830739,0.652562942,0.462,0.961,62.883,13.46031147,7.471810201,6754.468192
SSD,South Sudan,1998,,,,,,20.276,,,
ESP,Spain,1998,0.815,0.796688778,0.826112695,0.142,0.964,82.423,16.18754005,7.084147967,19931.38661
LKA,Sri Lanka,1998,0.685,0.667858502,0.69534123,0.429,0.96,77.41,12.33485031,9.455856414,3476.671364
SDN,Sudan,1998,0.371,0.335155964,0.396156966,0.723,0.846,54.266,4.472272476,1.566,1800.34564
SUR,Suriname,1998,,,,,,68.789,11.82085959,,6574.508128
SWE,Sweden,1998,0.891,0.879987762,0.890399069,0.062,0.988,81.912,20.1133194,11.17985026,28591.50861
CHE,Switzerland,1998,0.878,0.848917458,0.899949339,0.105,0.943,82.462,14.44594002,9.671045717,43136.82624
SYR,Syrian Arab Republic,1998,0.587,0.500931604,0.631708458,0.532,0.793,72.223,9.357172966,3.705715823,1706.352903
TJK,Tajikistan,1998,0.532,,,0.527,,64.523,,10.01000023,940.3153415
TZA,Tanzania (United Republic of),1998,0.378,,,,,52.053,5.554866057,3.265195302,
THA,Thailand,1998,0.643,0.639812762,0.643949121,0.425,0.994,77.222,11.57641995,5.090365895,6618.850733
TLS,Timor-Leste,1998,,,,,,50.994,,,
TGO,Togo,1998,0.43,,,,,55.339,7.117849827,1.621844672,
TON,Tonga,1998,0.678,,,,,72.565,13.38056054,9.917027855,
TTO,Trinidad and Tobago,1998,0.696,0.674749133,0.709415454,0.398,0.951,71.866,11.27395266,8.533746348,8829.79478
TUN,Tunisia,1998,0.633,0.56351815,0.674748529,0.443,0.835,75.991,11.58661985,3.381162869,2745.734685
TUR,Türkiye,1998,0.648,0.582681362,0.696342535,0.577,0.837,74.578,8.930259705,4.024984013,7199.033055
TKM,Turkmenistan,1998,,,,,,67.802,,10.52490067,
TUV,Tuvalu,1998,0.595,,,,,65.406,10.21885967,7.640042305,
UGA,Uganda,1998,0.372,,,,,49.601,7.216303921,2.785744624,
UKR,Ukraine,1998,0.694,0.696277804,0.690807609,0.426,1.008,73.734,12.93417206,10.38507768,5563.522638
ARE,United Arab Emirates,1998,0.774,0.746432381,0.770154653,0.756,0.969,75.676,11.83473774,8.401504308,25162.19119
GBR,United Kingdom,1998,0.848,0.839733824,0.85439094,0.239,0.983,79.715,15.63271999,10.58911665,28633.64993
USA,United States,1998,0.891,0.886007679,0.892995972,0.28,0.992,79.433,16.5289402,12.94270802,36607.53331
URY,Uruguay,1998,0.747,0.749821764,0.737683718,0.412,1.016,79.053,15.31709003,8.048527105,10186.63225
UZB,Uzbekistan,1998,,,,,,68.103,,,
VUT,Vanuatu,1998,,,,,,71.473,8.604346665,,
VEN,Venezuela (Bolivarian Republic of),1998,0.697,0.675217388,0.700868356,0.536,0.963,75.775,10.69492417,7.13855466,10430.54708
VNM,Viet Nam,1998,0.58,0.565444569,0.59249297,0.364,0.954,76.761,9.724829674,4.803651216,2800.000412
YEM,Yemen,1998,0.417,0.305776866,0.492709785,0.81,0.621,63.283,4.105224409,0.332,1114.844142
ZMB,Zambia,1998,0.409,0.369347854,0.446365145,0.647,0.827,45.922,7.633793322,4.063708646,1435.019263
ZWE,Zimbabwe,1998,0.439,0.413041831,0.465899913,0.572,0.887,49.311,9.452694075,5.391348076,1289.78954
AFG,Afghanistan,1999,0.337,,,,,56.3,3.605491712,0.357224914,
ALB,Albania,1999,0.668,0.635590758,0.693494392,0.307,0.917,78.209,10.43445969,7.856940844,3639.969479
DZA,Algeria,1999,0.644,,,0.627,,71.414,,5.019194167,1631.06878
AND,Andorra,1999,,,,,,83.513,10.39144681,,
AGO,Angola,1999,0.369,,,,,48.478,3.942528427,2.221025195,
ATG,Antigua and Barbuda,1999,,,,,,77.237,,,
ARG,Argentina,1999,0.774,0.767023737,0.77438548,0.422,0.99,76.989,16.0968399,8.80064621,12304.45356
ARM,Armenia,1999,0.651,0.640756955,0.651768688,0.472,0.983,73.767,10.93609941,10.30768181,3029.171489
AUS,Australia,1999,0.894,0.876481971,0.906933256,0.156,0.966,82.048,20.89893638,11.09914462,26849.88562
AUT,Austria,1999,0.865,0.843267398,0.881659141,0.147,0.956,80.827,15.00124435,10.53663581,31761.1965
AZE,Azerbaijan,1999,0.628,0.611612957,0.643234664,0.386,0.951,68.172,11.48501912,9.738459587,2847.326351
BHS,Bahamas,1999,0.784,0.781820231,0.782698628,0.377,0.999,74.904,11.70936533,11.1228097,28084.68965
BHR,Bahrain,1999,0.761,0.723827132,0.777616638,,0.931,76.716,12.08551979,6.788775921,21181.11479
BGD,Bangladesh,1999,0.487,0.4389862,0.525823156,0.648,0.835,66.022,7.021489906,3.531220314,1450.346535
BRB,Barbados,1999,0.753,0.747450358,0.75549492,0.353,0.989,76.481,14.75349998,9.055312486,10749.40185
BLR,Belarus,1999,0.698,0.702386968,0.692287134,,1.015,74.608,13.22385779,10.04330961,5888.945603
BEL,Belgium,1999,0.879,0.865919068,0.887850212,0.129,0.975,80.867,17.99427032,10.17489329,30044.84779
BLZ,Belize,1999,0.65,0.62023801,0.667315778,0.514,0.929,71.209,11.88310782,6.931765829,4279.223597
BEN,Benin,1999,0.405,0.35473934,0.451813138,0.658,0.785,58.347,4.670929909,1.359455975,2134.785278
BTN,Bhutan,1999,,,,,,63.777,6.934599876,,
BOL,Bolivia (Plurinational State of),1999,0.625,0.597889024,0.651182568,0.58,0.918,63.874,14.07294074,6.062489933,4245.721034
BIH,Bosnia and Herzegovina,1999,,,,,,77.871,,,
BWA,Botswana,1999,0.583,0.570581489,0.593759598,0.532,0.961,53.651,11.5583601,7.396,9190.943754
BRA,Brazil,1999,0.663,,,0.514,,72.813,,5.264669714,7180.225325
BRN,Brunei Darussalam,1999,0.787,0.765900619,0.791491496,,0.968,76.308,12.03059006,7.898,40901.32672
BGR,Bulgaria,1999,0.718,0.71013326,0.724830261,0.342,0.98,75.098,13.10770035,9.303218948,7712.401771
BFA,Burkina Faso,1999,0.294,0.257399104,0.327974067,0.67,0.785,51.679,2.63090992,0.901229668,1145.92866
BDI,Burundi,1999,0.297,0.270746087,0.322769726,0.65,0.839,49.319,4.02603643,1.388224989,749.3418714
CPV,Cabo Verde,1999,,,,,,70.108,,,
KHM,Cambodia,1999,0.421,0.393954929,0.450416598,0.637,0.875,59.575,7.028578532,2.36360398,1332.536145
CMR,Cameroon,1999,0.421,0.388333786,0.45091285,0.677,0.861,54.408,6.523380472,2.240423188,2189.71262
CAN,Canada,1999,0.884,0.872891262,0.891915271,0.157,0.979,81.566,16.22690964,12.25481014,28118.81763
CAF,Central African Republic,1999,0.319,,,,,47.113,3.805039967,1.376393572,
TCD,Chad,1999,,,,,,48.335,3.174870014,,
CHL,Chile,1999,0.756,0.726165434,0.773842177,0.44,0.938,79.09,13.04706001,8.996483105,8115.03631
CHN,China,1999,0.575,0.538804143,0.604781413,0.289,0.891,73.582,9.086834431,5.104404657,2260.72476
COL,Colombia,1999,0.665,0.662636896,0.663667474,,0.998,75.195,11.99701023,6.91622657,6764.014353
COM,Comoros,1999,,,,,,60.495,7.171279907,,1406.814528
COG,Congo,1999,0.509,,,,,53.755,8.650568581,5.971888964,
COD,Congo (Democratic Republic of the),1999,0.368,,,,,53.388,5.688147643,3.504460768,
CRI,Costa Rica,1999,0.707,,,,,79.738,,7.146228332,
CIV,Côte d'Ivoire,1999,0.456,,,,,52.516,5.082799911,5.57439509,
HRV,Croatia,1999,0.748,0.730277717,0.764699296,0.247,0.955,77.837,12.19484043,8.483067703,13067.87611
CUB,Cuba,1999,0.687,0.655144933,0.707546266,,0.926,78.315,12.49899006,9.725193426,2525.611011
CYP,Cyprus,1999,0.791,0.767005595,0.810392382,0.321,0.946,78.363,12.42327181,9.206643661,20665.7697
CZE,Czechia,1999,0.799,0.779412142,0.814722817,0.188,0.957,78.078,13.50951958,10.09376494,17254.67464
DNK,Denmark,1999,0.888,0.879942816,0.893571174,0.077,0.985,78.886,17.01366997,12.26406527,36474.56291
DJI,Djibouti,1999,0.33,,,,,58.12,2.585449934,0.660567778,
DMA,Dominica,1999,,,,,,73.165,,,
DOM,Dominican Republic,1999,0.64,0.61181865,0.65614435,0.521,0.932,72.246,11.00084702,6.325665863,4633.65419
ECU,Ecuador,1999,0.681,,,0.501,,75.618,,7.006763094,5358.204233
EGY,Egypt,1999,0.625,0.551972243,0.662905366,0.634,0.833,69.62,10.02161369,5.694905186,2657.770038
SLV,El Salvador,1999,0.6,0.574233274,0.614988545,0.471,0.934,73.803,10.33084011,4.173860073,4156.536532
GNQ,Equatorial Guinea,1999,,,,,,54.414,,,
ERI,Eritrea,1999,,,,,,54.192,5.739140034,,
EST,Estonia,1999,0.781,0.790016252,0.769327733,0.28,1.027,76.712,14.88138008,11.98744582,12324.69785
SWZ,Eswatini (Kingdom of),1999,0.477,,,,,51.193,9.392660141,4.04,
ETH,Ethiopia,1999,,,,,,50.777,2.958830118,,497.4172733
FJI,Fiji,1999,0.667,,,0.409,,69.193,,7.8948216,4847.070484
FIN,Finland,1999,0.877,0.877160954,0.87434476,0.084,1.003,81.026,17.9802494,11.14016885,29838.43027
FRA,France,1999,0.847,0.837995012,0.853733629,0.191,0.982,82.511,15.97144032,8.977323736,29292.51821
GAB,Gabon,1999,0.627,0.615894365,0.6353909,0.57,0.969,61.81,11.08685017,6.834,11830.41385
GMB,Gambia,1999,0.387,,,,,59.083,4.992693883,1.235025918,
GEO,Georgia,1999,,,,,,73.324,11.88169956,,2909.019485
DEU,Germany,1999,0.884,0.857420655,0.908618387,0.127,0.944,80.745,15.80541217,11.36129115,29732.06818
GHA,Ghana,1999,0.494,0.458768904,0.528332316,0.606,0.868,59.224,6.272930145,5.409563301,2430.972205
GRC,Greece,1999,0.809,0.787552692,0.824304211,0.238,0.955,81.219,14.6031599,8.50751518,18012.7588
GRD,Grenada,1999,,,,,,75.46,,,
GTM,Guatemala,1999,0.544,,,0.631,,70.529,,3.421580365,2425.912775
GIN,Guinea,1999,0.338,,,,,52.763,3.53356865,0.693498586,
GNB,Guinea-Bissau,1999,,,,,,51.239,,,
GUY,Guyana,1999,0.566,,,,,67.612,10.25499393,5.962912623,
HTI,Haiti,1999,0.481,0.451589473,0.514884331,,0.877,59.64,8.724337701,2.701238144,2478.285096
HND,Honduras,1999,0.548,0.526133937,0.559835766,0.54,0.94,70.565,9.459204169,4.595642352,2298.266324
HKG,"Hong Kong, China (SAR)",1999,0.821,0.79151226,0.845095993,,0.937,83.365,11.82540143,9.513642311,22819.17314
HUN,Hungary,1999,0.762,0.754673717,0.767937734,0.293,0.983,75.499,14.20646954,9.662880117,13018.59243
ISL,Iceland,1999,0.886,0.876587199,0.894106376,0.144,0.98,81.148,17.42955017,11.46112062,30051.83637
IND,India,1999,0.485,0.406415553,0.543745837,0.672,0.747,63.111,7.098163446,3.082778294,1071.343208
IDN,Indonesia,1999,0.592,0.555710352,0.618369088,0.556,0.899,67.982,10.7585001,5.036307409,3241.880259
IRN,Iran (Islamic Republic of),1999,0.685,0.58986685,0.728623609,0.569,0.81,71.942,10.9659996,7.506312981,2501.567438
IRQ,Iraq,1999,0.577,0.45289046,0.639545082,0.694,0.708,69.002,7.028779984,4.030019837,1357.337873
IRL,Ireland,1999,0.841,0.82892286,0.847378011,0.21,0.978,78.846,16.76371002,9.44178009,26341.74532
ISR,Israel,1999,0.835,0.810114311,0.864865544,0.207,0.937,80.651,14.98398018,9.707038932,20397.87661
ITA,Italy,1999,0.837,0.814152835,0.851911568,0.189,0.956,82.191,15.33078003,8.281698241,25530.5667
JAM,Jamaica,1999,0.661,0.650645284,0.667169664,0.444,0.975,72.807,10.81824622,7.661806107,6928.449892
JPN,Japan,1999,0.878,0.855577899,0.893838854,0.157,0.957,83.916,14.77863026,11.7311429,23851.66766
JOR,Jordan,1999,0.676,,,,,73.453,12.30242491,6.669617159,
KAZ,Kazakhstan,1999,0.672,,,,,69.735,12.08981037,9.362680435,
KEN,Kenya,1999,0.487,0.453409574,0.513888381,0.68,0.882,55.924,8.221153153,3.946477871,2805.563679
KIR,Kiribati,1999,,,,,,65.792,9.859510422,,1607.954028
PRK,Korea (Democratic People's Rep. of),1999,,,,,,63.9,,,
KOR,Korea (Republic of),1999,0.814,0.778371059,0.841499996,0.217,0.925,79.803,14.32011032,9.481592178,14272.411
KWT,Kuwait,1999,0.774,0.750996154,0.774881158,0.694,0.969,78.698,12.97315979,6.01740895,32427.52345
KGZ,Kyrgyzstan,1999,0.613,,,,,69.638,11.05768013,10.18815994,
LAO,Lao People's Democratic Republic,1999,0.469,0.422727896,0.514205296,0.605,0.822,59.342,6.90994978,2.734621889,2256.937792
LVA,Latvia,1999,0.75,0.749034855,0.745923286,0.284,1.004,75.395,14.17483044,10.97489565,9009.584921
LBN,Lebanon,1999,,,,,,74.945,10.42446968,,
LSO,Lesotho,1999,0.456,0.460558047,0.454968828,,1.012,52.92,9.243900299,5.455332676,2334.81949
LBR,Liberia,1999,0.392,,,,,52.125,6.795959949,1.559204827,
LBY,Libya,1999,0.746,,,,,73.162,,4.628,
LIE,Liechtenstein,1999,,,,,,82.913,,10.57329064,
LTU,Lithuania,1999,0.753,0.753079261,0.75053204,0.245,1.003,76.948,13.84150982,10.48432391,9936.194317
LUX,Luxembourg,1999,0.861,,,0.17,,80.584,,10.38916817,59396.43961
MDG,Madagascar,1999,0.431,,,,,58.493,7.505348206,3.345529556,
MWI,Malawi,1999,0.376,0.349142684,0.403148897,0.673,0.866,45.517,10.38632965,2.01433409,936.7270317
MYS,Malaysia,1999,0.715,0.680902339,0.738039289,0.324,0.923,74.664,12.38016987,7.565345049,7894.805649
MDV,Maldives,1999,0.625,0.590533737,0.646908817,0.513,0.913,70.975,11.54234028,3.437865473,6671.10042
MLI,Mali,1999,0.308,,,,,49.905,3.263659954,0.987062109,
MLT,Malta,1999,0.776,0.724241443,0.808068751,0.3,0.896,80.007,13.63873005,6.683433668,11269.47411
MHL,Marshall Islands,1999,,,,,,65.923,,,
MRT,Mauritania,1999,0.462,,,,,62.442,5.865280151,2.41507504,
MUS,Mauritius,1999,0.67,0.634052296,0.695172146,0.46,0.912,74.872,11.65639019,5.539598942,6150.884954
MEX,Mexico,1999,0.704,0.673608872,0.72590033,0.455,0.928,76.308,11.67527962,6.189960957,10010.89138
FSM,Micronesia (Federated States of),1999,,,,,,72.859,,,
MDA,Moldova (Republic of),1999,0.647,0.637905022,0.654630187,,0.974,69.044,11.53363743,9.87929724,4019.792293
MCO,Monaco,1999,,,,,,85.266,18.36244563,,
MNG,Mongolia,1999,0.587,0.583680887,0.589039272,0.471,0.991,65.189,9.524640083,8.828999688,3610.818416
MNE,Montenegro,1999,,,,,,75.969,,,
MAR,Morocco,1999,0.515,0.44580818,0.566315706,0.708,0.787,68.126,7.181300163,2.23,2115.283664
MOZ,Mozambique,1999,0.296,0.266080381,0.323218575,0.59,0.823,50.407,4.660870075,1.127378353,569.0759641
MMR,Myanmar,1999,0.398,,,,,63.202,8.787911968,2.520475125,
NAM,Namibia,1999,0.553,0.536325162,0.566500491,0.559,0.947,55.188,11.98274994,5.66026392,4910.577025
NRU,Nauru,1999,,,,,,63.044,,,
NPL,Nepal,1999,0.455,0.394173326,0.50712543,0.672,0.777,63.506,7.047668828,1.420828522,1406.006026
NLD,Netherlands,1999,0.886,0.861632776,0.905450284,0.097,0.952,80.438,16.06220055,11.23833985,32645.58218
NZL,New Zealand,1999,0.885,0.87355047,0.891762593,0.195,0.98,80.371,17.94843595,12.42656994,22817.79199
NIC,Nicaragua,1999,0.556,,,0.597,,70.081,,4.716,1765.953162
NER,Niger,1999,0.256,,,,,49.15,2.085940068,0.6249848,
NGA,Nigeria,1999,,,,,,47.826,6.864600182,,1909.614044
MKD,North Macedonia,1999,0.669,,,0.329,,75.447,11.45487022,,6251.432299
NOR,Norway,1999,0.907,0.900316002,0.911415106,0.097,0.988,81.122,17.62402916,11.72526012,43897.7507
OMN,Oman,1999,,,,,,76.288,10.04177418,,
PAK,Pakistan,1999,0.429,0.32114063,0.502733667,0.779,0.639,62.755,3.985016912,1.799902847,795.73834
PLW,Palau,1999,,,,,,69.88,,,9073.852515
PSE,"Palestine, State of",1999,,,,,,72.312,10.95820045,,
PAN,Panama,1999,0.716,0.70792798,0.718536354,0.495,0.985,76.733,12.57896042,7.955985355,9752.577181
PNG,Papua New Guinea,1999,0.454,,,,,63.828,5.553362303,2.27896864,
PRY,Paraguay,1999,0.656,0.636680133,0.670357489,0.557,0.95,72.472,12.04224968,6.459188115,5694.108272
PER,Peru,1999,0.672,,,0.51,,72.309,,7.695007368,4706.736794
PHL,Philippines,1999,0.635,0.6094284,0.651124992,0.484,0.936,71.119,11.79391003,7.549123096,3176.608257
POL,Poland,1999,0.784,0.779605452,0.786441275,0.205,0.991,77.43,15.12139988,10.87761827,11475.75473
PRT,Portugal,1999,0.788,0.780271915,0.793423443,0.19,0.983,79.888,16.03000069,6.506169796,21689.93071
QAT,Qatar,1999,0.795,0.770160019,0.786615233,,0.979,76.272,13.84119987,8.358380493,24790.02898
ROU,Romania,1999,0.714,0.698441496,0.728976873,0.44,0.958,74.253,12.15849018,8.705310678,9106.812239
RUS,Russian Federation,1999,0.722,,,0.391,,72.259,,11.90966443,9801.466658
RWA,Rwanda,1999,0.303,0.268077367,0.338386603,0.585,0.792,45.794,4.431031401,1.755574354,709.7168007
KNA,Saint Kitts and Nevis,1999,,,,,,71.015,13.92228794,,
LCA,Saint Lucia,1999,0.691,0.685755933,0.693268498,0.437,0.989,72.654,12.75360628,7.532324866,9660.570817
VCT,Saint Vincent and the Grenadines,1999,,,,,,74.049,12.57784143,,
WSM,Samoa,1999,0.668,0.640417892,0.682974982,,0.938,73.569,11.97126961,10.88353854,2411.685933
SMR,San Marino,1999,0.875,,,,,82.632,15.5680635,,50859.2943
STP,Sao Tome and Principe,1999,0.495,,,,,63.405,9.067863287,3.818916133,
SAU,Saudi Arabia,1999,0.74,0.643141782,0.78239241,,0.822,74.082,11.75043153,4.934316942,9191.788596
SEN,Senegal,1999,0.382,,,,,57.846,5.114169955,1.11032835,
SRB,Serbia,1999,0.677,,,,,72.973,13.13792371,6.485818138,
SYC,Seychelles,1999,,,,,,74.701,13.62147045,,
SLE,Sierra Leone,1999,0.301,,,,,45.379,5.00877032,1.674552178,
SGP,Singapore,1999,0.854,0.829027487,0.86729856,0.264,0.956,81.046,15.60896646,8.316720009,36198.95275
SVK,Slovakia,1999,0.752,0.744204004,0.757407791,0.228,0.983,77.101,13.29916954,9.434286213,11554.2424
SVN,Slovenia,1999,0.812,0.80309339,0.818051931,0.183,0.982,79.471,15.09877968,9.729760977,19251.87103
SLB,Solomon Islands,1999,0.501,,,,,69.685,6.405109882,4.762803405,
SOM,Somalia,1999,,,,,,51.976,,,
ZAF,South Africa,1999,0.638,0.623994994,0.646373479,0.45,0.965,62.008,13.48456425,7.23110759,7359.889061
SSD,South Sudan,1999,,,,,,44.887,,,
ESP,Spain,1999,0.819,0.801189972,0.830067146,0.152,0.965,82.433,16.12117958,7.292433372,20945.21441
LKA,Sri Lanka,1999,0.693,0.66918885,0.705530813,0.452,0.948,77.6,12.43076777,9.685051065,3320.606432
SDN,Sudan,1999,0.409,0.360482918,0.444738395,0.707,0.811,60.106,4.673904418,1.658,1809.84959
SUR,Suriname,1999,,,,,,68.637,11.86661959,,6703.615908
SWE,Sweden,1999,0.897,0.885907461,0.898074948,0.059,0.986,81.888,20.44333076,11.3752736,30801.87903
CHE,Switzerland,1999,0.881,0.850939578,0.902403529,0.108,0.943,82.473,14.53687,9.666933878,44106.78081
SYR,Syrian Arab Republic,1999,0.586,0.509048405,0.628137194,0.493,0.81,72.677,9.453017235,3.811869141,1823.256552
TJK,Tajikistan,1999,0.539,0.502889322,0.569018169,0.512,0.884,65.266,8.36207962,10.15294504,941.4203801
TZA,Tanzania (United Republic of),1999,0.388,,,,,53.021,5.841542207,3.411177434,
THA,Thailand,1999,0.653,0.646109329,0.65704381,0.427,0.983,76.739,11.96860003,5.209578211,6857.954928
TLS,Timor-Leste,1999,,,,,,49.234,,,
TGO,Togo,1999,0.434,,,,,55.521,7.357854843,1.679767696,
TON,Tonga,1999,0.681,,,,,72.668,13.45868969,9.921581841,
TTO,Trinidad and Tobago,1999,0.699,0.676172016,0.713862248,0.404,0.947,70.668,11.40286714,8.708674669,9459.638089
TUN,Tunisia,1999,0.644,0.57600612,0.685076432,0.393,0.841,76.327,12.15769958,3.528603089,2865.328018
TUR,Türkiye,1999,0.652,0.586811269,0.698814629,0.534,0.84,73.993,9.317839622,4.177957246,6952.430144
TKM,Turkmenistan,1999,,,,,,68.292,,10.5270977,
TUV,Tuvalu,1999,0.596,,,,,65.419,10.70113977,7.768311228,
UGA,Uganda,1999,0.383,,,,,50.186,7.724089861,2.869700995,
UKR,Ukraine,1999,0.696,0.697387163,0.693993346,0.373,1.005,73.592,13.10577011,10.51504588,5447.364249
ARE,United Arab Emirates,1999,0.781,0.755246372,0.77809292,0.75,0.971,76.193,12.00094733,8.670730595,25649.26687
GBR,United Kingdom,1999,0.855,0.844646262,0.861500991,0.237,0.98,79.761,16.02511024,10.78176939,27826.10182
USA,United States,1999,0.891,0.887868693,0.895132956,0.274,0.992,79.349,16.57571738,12.91490507,38237.52105
URY,Uruguay,1999,0.751,0.750120706,0.744962064,0.384,1.007,79.308,14.96660995,8.266625677,10198.75566
UZB,Uzbekistan,1999,,,,,,68.438,10.65155029,,
VUT,Vanuatu,1999,,,,,,70.756,8.754570007,,2090.774508
VEN,Venezuela (Bolivarian Republic of),1999,0.695,0.676257669,0.701587557,0.515,0.964,75.376,10.91026333,7.378226497,9794.062574
VNM,Viet Nam,1999,0.589,0.574889754,0.601300824,0.359,0.956,77.023,10.05790851,4.977426713,2900.350457
YEM,Yemen,1999,0.424,0.314967282,0.498116922,0.804,0.632,63.921,4.373740196,0.376,1126.763995
ZMB,Zambia,1999,0.412,0.371901781,0.450527413,0.651,0.825,45.777,7.723407483,4.168092217,1473.37121
ZWE,Zimbabwe,1999,0.431,0.40289699,0.459333152,0.586,0.877,47.459,9.563329697,5.541591072,1222.634602
AFG,Afghanistan,2000,0.34,,,,,56.858,3.825189927,0.37450999,
ALB,Albania,2000,0.678,0.648879927,0.701471809,0.292,0.925,78.419,10.54598045,8.143382249,4147.272729
DZA,Algeria,2000,0.652,0.540670079,0.69668307,0.614,0.776,71.949,11.45874581,5.245813302,1626.268113
AND,Andorra,2000,0.815,,,,,82.8,10.51502952,9.794106303,
AGO,Angola,2000,0.38,,,,,48.561,4.306846738,2.276629557,
ATG,Antigua and Barbuda,2000,,,,,,77.62,,,
ARG,Argentina,2000,0.78,0.772934837,0.780525464,0.427,0.99,77.223,16.55685043,8.889143181,12170.81101
ARM,Armenia,2000,0.656,0.631195893,0.668592004,0.451,0.944,74.152,11.08609009,10.38540232,2459.942844
AUS,Australia,2000,0.896,0.878752522,0.909065676,0.151,0.967,82.277,21.06683413,11.10312423,27423.24192
AUT,Austria,2000,0.87,0.848729238,0.886210794,0.149,0.958,81.093,15.09824905,10.63690649,33070.46015
AZE,Azerbaijan,2000,0.635,0.620954261,0.648316306,0.367,0.958,68.794,11.58198144,9.821963429,3083.055858
BHS,Bahamas,2000,0.788,0.786186865,0.786260211,0.367,1.0,75.187,11.72700551,11.24168968,28880.87718
BHR,Bahrain,2000,0.775,0.73998999,0.791488653,,0.935,77.48,12.57522225,7.009352922,23048.16076
BGD,Bangladesh,2000,0.491,0.446196079,0.52743549,0.646,0.846,66.109,7.292076588,3.674973209,1482.936448
BRB,Barbados,2000,0.76,0.75538091,0.760888164,0.358,0.993,76.368,15.04510021,9.074000359,11903.89238
BLR,Belarus,2000,0.708,0.713678411,0.699794439,,1.02,75.246,13.11243572,10.1407083,6822.23398
BEL,Belgium,2000,0.884,0.869314543,0.891795978,0.134,0.975,80.896,18.27807045,10.27590014,31282.41725
BLZ,Belize,2000,0.657,0.627230233,0.674696372,0.508,0.93,71.06,12.07985023,7.103981563,4562.538555
BEN,Benin,2000,0.412,0.362236677,0.458036927,0.655,0.791,58.428,4.942880154,1.425084884,2176.701585
BTN,Bhutan,2000,,,,,,63.577,7.314936638,,
BOL,Bolivia (Plurinational State of),2000,0.625,0.592166494,0.654389409,0.579,0.905,64.394,13.68882571,6.179899904,3802.092639
BIH,Bosnia and Herzegovina,2000,0.656,,,,,77.311,,4.880121634,4276.362942
BWA,Botswana,2000,0.581,0.567603982,0.593229267,0.493,0.957,52.84,11.69571972,7.57,8941.073325
BRA,Brazil,2000,0.668,0.665137701,0.66700035,0.506,0.997,73.431,13.91956885,5.428905511,7983.659452
BRN,Brunei Darussalam,2000,0.789,0.768902887,0.79307574,,0.97,76.524,11.93509007,7.97,42965.49369
BGR,Bulgaria,2000,0.723,0.713937915,0.730063587,0.333,0.978,75.012,13.06227016,9.606884533,7868.835527
BFA,Burkina Faso,2000,0.296,0.26234195,0.328866855,0.661,0.798,52.376,2.758522451,0.893368392,1151.872933
BDI,Burundi,2000,0.298,0.273517448,0.322119075,0.609,0.849,49.768,4.041089173,1.45110888,746.5901473
CPV,Cabo Verde,2000,0.59,,,,,71.74,11.23407235,5.216760038,
KHM,Cambodia,2000,0.431,0.406584864,0.453170873,0.614,0.897,60.53,7.078390121,2.423932978,1550.806712
CMR,Cameroon,2000,0.426,0.393210958,0.456137318,0.673,0.862,54.562,6.732609602,2.322965095,2187.75834
CAN,Canada,2000,0.89,0.8781638,0.89792651,0.15,0.978,81.772,16.17736053,12.44036522,29590.15064
CAF,Central African Republic,2000,0.319,,,,,46.587,3.900409965,1.433743304,
TCD,Chad,2000,0.292,,,,,48.557,3.396260023,0.585883708,
CHL,Chile,2000,0.763,0.735364413,0.780550522,0.433,0.942,79.977,13.03864956,9.059987692,8843.817192
CHN,China,2000,0.586,0.556292355,0.612377825,0.274,0.908,74.189,9.364705563,5.262839794,2685.195527
COL,Colombia,2000,0.672,0.670775043,0.671823309,,0.998,75.542,12.27595997,6.944734287,7200.969334
COM,Comoros,2000,0.458,0.402980165,0.502579066,,0.802,60.373,7.426622391,1.95071131,1549.353737
COG,Congo,2000,0.509,,,,,54.377,8.474325562,6.170693742,
COD,Congo (Democratic Republic of the),2000,0.376,,,,,53.81,5.751749185,3.596126744,
CRI,Costa Rica,2000,0.709,0.678485952,0.725609985,0.443,0.935,80.038,11.80109833,7.058455962,6332.376096
CIV,Côte d'Ivoire,2000,0.454,,,,,52.346,5.234574572,5.476310074,
HRV,Croatia,2000,0.764,0.745597679,0.780394256,0.19,0.955,78.086,12.96334505,8.815123653,13519.76622
CUB,Cuba,2000,0.694,0.662290931,0.715309618,,0.926,78.595,12.68099976,9.825972632,2652.658755
CYP,Cyprus,2000,0.797,0.774807522,0.815882098,0.299,0.95,78.552,12.60206985,9.390947024,21813.43021
CZE,Czechia,2000,0.81,0.791003146,0.826302331,0.177,0.957,78.334,14.05609035,10.33073425,17962.4596
DNK,Denmark,2000,0.89,0.882360255,0.895280276,0.075,0.986,79.122,16.74493027,12.45431149,37642.63209
DJI,Djibouti,2000,0.33,,,,,58.047,2.528949976,0.712485092,
DMA,Dominica,2000,0.721,,,,,75.051,15.41042747,7.93045298,
DOM,Dominican Republic,2000,0.646,0.623310759,0.659743785,0.507,0.945,72.377,11.22770404,6.479595253,5234.738616
ECU,Ecuador,2000,0.684,,,0.511,,75.964,,7.076248982,4697.478472
EGY,Egypt,2000,0.629,0.558078076,0.667526288,0.625,0.836,70.095,10.23799162,5.624650192,2794.405436
SLV,El Salvador,2000,0.609,0.579951484,0.625346666,0.494,0.927,74.248,10.59854031,4.236670085,4140.629936
GNQ,Equatorial Guinea,2000,0.511,,,,,54.936,5.042019844,5.100986657,
ERI,Eritrea,2000,,,,,,58.383,6.345890045,,
EST,Estonia,2000,0.798,0.807880334,0.784619959,0.269,1.03,76.807,16.01140976,12.25327969,13385.49689
SWZ,Eswatini (Kingdom of),2000,0.465,,,,,49.317,9.209199905,3.92,
ETH,Ethiopia,2000,0.286,0.236069973,0.328219069,,0.719,51.198,3.328249931,0.872085291,506.9736488
FJI,Fiji,2000,0.669,0.632957396,0.687385076,0.409,0.921,68.678,12.12688266,8.060068867,4952.084786
FIN,Finland,2000,0.887,0.883607211,0.885119142,0.088,0.998,81.023,18.40670967,11.38103654,32003.10342
FRA,France,2000,0.844,0.834686353,0.850691141,0.195,0.981,82.797,15.16446972,9.171083042,30154.1382
GAB,Gabon,2000,0.626,0.619384679,0.631201463,0.546,0.981,62.24,11.14242615,7.02,11374.02307
GMB,Gambia,2000,0.392,,,,,59.017,5.278042353,1.265646396,
GEO,Georgia,2000,0.694,0.67017276,0.70963326,0.427,0.944,73.583,12.32789993,11.65088449,3211.861881
DEU,Germany,2000,0.89,0.863008222,0.914779543,0.133,0.943,80.996,15.88574344,11.52094016,30767.38918
GHA,Ghana,2000,0.5,0.462064987,0.536759163,0.605,0.861,59.289,6.635200024,5.557138771,2270.188892
GRC,Greece,2000,0.818,0.796556573,0.833118968,0.205,0.956,81.337,14.97836018,8.646124393,19028.36114
GRD,Grenada,2000,,,,,,75.121,,,
GTM,Guatemala,2000,0.551,0.51816634,0.575912798,0.582,0.9,71.105,7.912778611,3.488835016,3904.564956
GIN,Guinea,2000,0.345,,,,,52.832,3.875004888,0.693721439,
GNB,Guinea-Bissau,2000,,,,,,52.561,,,
GUY,Guyana,2000,0.57,,,,,68.01,10.44763273,6.076662964,
HTI,Haiti,2000,0.485,0.45398574,0.519535619,,0.874,60.121,8.848964764,2.793251122,2351.874091
HND,Honduras,2000,0.553,0.531629309,0.564780905,0.536,0.941,70.807,9.599855928,4.668182862,2379.786188
HKG,"Hong Kong, China (SAR)",2000,0.831,0.805301217,0.853522992,,0.944,83.783,12.25116756,9.653176308,25431.81986
HUN,Hungary,2000,0.773,0.763986842,0.779366822,0.284,0.98,76.029,14.55704021,9.725440112,13703.99092
ISL,Iceland,2000,0.895,0.88464107,0.903096568,0.14,0.98,81.599,17.71442986,11.5843325,31100.72429
IND,India,2000,0.49,0.415186772,0.54873652,0.666,0.757,63.639,7.155620098,3.344919306,1116.514782
IDN,Indonesia,2000,0.597,0.560544353,0.623403559,0.568,0.899,67.975,10.68937016,5.322594911,3356.485551
IRN,Iran (Islamic Republic of),2000,0.692,0.602482119,0.733184806,0.575,0.822,72.297,11.03843021,7.861641406,2774.533652
IRQ,Iraq,2000,0.583,0.460296909,0.644930562,0.672,0.714,69.849,7.011290073,4.237278,1398.219788
IRL,Ireland,2000,0.851,0.839579733,0.85670736,0.21,0.98,79.184,16.93868065,9.703362584,28671.52122
ISR,Israel,2000,0.835,0.812178445,0.863339275,0.193,0.941,80.965,14.70619011,9.788750822,21404.88823
ITA,Italy,2000,0.842,0.818249855,0.858057867,0.187,0.954,82.496,15.22544003,8.425549079,26589.12232
JAM,Jamaica,2000,0.657,0.646229144,0.663902756,0.439,0.973,72.816,10.40781021,7.762750626,6753.616532
JPN,Japan,2000,0.883,0.860767467,0.898519167,0.149,0.958,84.52,14.81349884,11.77451992,24562.16357
JOR,Jordan,2000,0.681,0.59138031,0.715999564,0.614,0.826,73.696,12.35953999,6.89531982,2075.78183
KAZ,Kazakhstan,2000,0.68,0.678302994,0.678765535,0.372,0.999,69.965,12.28005981,9.648744106,7145.444492
KEN,Kenya,2000,0.487,0.451949601,0.515410292,0.681,0.877,55.597,8.183879852,4.091466741,2710.969474
KIR,Kiribati,2000,0.547,0.531198181,0.560531253,,0.948,66.065,10.17625999,7.064259209,1741.415784
PRK,Korea (Democratic People's Rep. of),2000,,,,,,63.813,,,
KOR,Korea (Republic of),2000,0.824,0.784115429,0.85347972,0.182,0.919,80.198,14.58290005,9.643480301,14100.88566
KWT,Kuwait,2000,0.78,0.757743318,0.778480783,0.689,0.973,78.881,13.1266551,6.14888175,34025.47926
KGZ,Kyrgyzstan,2000,0.617,0.602996371,0.627047052,0.457,0.962,69.219,11.34832954,10.26254597,2158.97835
LAO,Lao People's Democratic Republic,2000,0.473,0.427869412,0.517705751,0.6,0.826,59.941,6.963749886,2.818195977,2293.434498
LVA,Latvia,2000,0.761,0.764049904,0.755048554,0.278,1.012,75.797,15.07563972,10.96921272,9858.16626
LBN,Lebanon,2000,,,,,,75.462,10.46574059,,
LSO,Lesotho,2000,0.456,0.453375481,0.460494946,,0.985,50.916,9.954099655,5.556035825,2125.293493
LBR,Liberia,2000,0.434,,,,,53.214,8.583550453,1.612663278,
LBY,Libya,2000,0.746,,,,,72.944,16.77981833,4.85,
LIE,Liechtenstein,2000,0.871,0.856154064,0.88617329,,0.966,79.904,12.77301178,10.67391014,84607.38995
LTU,Lithuania,2000,0.769,0.772298822,0.763087899,0.265,1.012,77.412,15.02567959,10.6928568,10614.25902
LUX,Luxembourg,2000,0.864,0.859853877,0.856168035,0.17,1.004,80.951,13.46246713,10.61967916,61969.2979
MDG,Madagascar,2000,0.438,0.411659757,0.461591016,0.648,0.892,58.919,7.677823544,3.470253944,1225.263009
MWI,Malawi,2000,0.378,0.351426734,0.404569747,0.665,0.869,46.307,10.0525198,2.157288208,933.7362884
MYS,Malaysia,2000,0.726,0.696357446,0.746149174,0.291,0.933,75.11,12.72502995,7.920340061,8760.081315
MDV,Maldives,2000,0.635,0.603813516,0.655969641,0.493,0.92,71.763,12.03960037,3.346700862,7455.98076
MLI,Mali,2000,0.315,,,,,50.689,3.529350042,1.022778172,
MLT,Malta,2000,0.779,0.737770121,0.805510661,0.302,0.916,80.566,14.11977959,6.773019791,12340.74223
MHL,Marshall Islands,2000,,,,,,65.72,,,
MRT,Mauritania,2000,0.461,0.412099438,0.498757048,0.733,0.826,62.608,5.894634962,2.469161433,2115.043926
MUS,Mauritius,2000,0.682,0.645128743,0.707232742,0.478,0.912,75.08,12.08393955,5.608439922,6698.721904
MEX,Mexico,2000,0.709,0.679869601,0.730879377,0.46,0.93,76.512,11.8452301,6.264709949,10508.17065
FSM,Micronesia (Federated States of),2000,0.637,,,,,72.811,,,
MDA,Moldova (Republic of),2000,0.655,0.648342423,0.661393016,0.403,0.98,70.035,11.68144989,9.99541712,4257.244223
MCO,Monaco,2000,,,,,,85.443,18.41119355,,
MNG,Mongolia,2000,0.595,0.596421658,0.592584916,0.441,1.006,65.86,9.991550446,8.955349922,3866.620694
MNE,Montenegro,2000,,,,,,76.717,10.46791321,,
MAR,Morocco,2000,0.525,0.454469594,0.576701534,0.702,0.788,68.529,7.719799995,2.33,2016.874066
MOZ,Mozambique,2000,0.303,0.273698775,0.330169217,0.576,0.829,51.11,5.07738018,1.177182216,553.1980597
MMR,Myanmar,2000,0.407,,,,,63.338,8.955343971,2.605626312,
NAM,Namibia,2000,0.549,0.53372563,0.561627948,0.558,0.95,53.98,11.96657991,5.66647191,5387.918663
NRU,Nauru,2000,,,,,,62.837,9.665710449,4.863747662,
NPL,Nepal,2000,0.461,0.408286686,0.507887765,0.657,0.804,64.078,7.259429932,1.46439737,1664.828531
NLD,Netherlands,2000,0.892,0.867792069,0.910248429,0.1,0.953,80.563,16.34506989,11.32380251,33852.8759
NZL,New Zealand,2000,0.894,0.882848536,0.899951427,0.182,0.981,81.209,18.0951712,12.73273993,23411.23886
NIC,Nicaragua,2000,0.563,0.541608157,0.57541738,0.569,0.941,70.189,10.48246227,4.89,2348.486223
NER,Niger,2000,0.26,0.201503773,0.307677269,0.814,0.655,49.686,2.164370078,0.661748612,483.4868235
NGA,Nigeria,2000,,,,,,48.328,7.133090019,,1853.583094
MKD,North Macedonia,2000,0.676,0.644047701,0.700993205,0.33,0.919,75.296,11.58708,5.869232852,6718.252492
NOR,Norway,2000,0.914,0.906930903,0.9166587,0.097,0.989,81.375,18.11778069,11.81236008,44600.93868
OMN,Oman,2000,0.702,0.63867974,0.732026918,,0.872,76.533,10.36140804,4.431737675,11716.91272
PAK,Pakistan,2000,0.434,0.329014685,0.507486643,0.775,0.648,63.124,4.122738779,1.892000212,836.7522023
PLW,Palau,2000,0.747,0.754074032,0.741437931,,1.017,70.85,14.77840996,12.01558373,11052.7771
PSE,"Palestine, State of",2000,,,,,,72.449,11.16617966,,1193.081069
PAN,Panama,2000,0.722,0.704486944,0.728121855,0.496,0.968,77.062,12.8982296,8.009070396,8227.800456
PNG,Papua New Guinea,2000,0.456,0.422513369,0.489478436,0.666,0.863,63.785,5.735804425,2.362469725,2716.917253
PRY,Paraguay,2000,0.656,0.63083995,0.67151565,0.544,0.939,72.688,12.24065971,6.575523593,4695.31058
PER,Peru,2000,0.675,,,0.507,,72.93,,7.791331898,4521.837495
PHL,Philippines,2000,0.635,0.608689735,0.651726497,0.485,0.934,71.244,11.75665998,7.601570129,3096.241209
POL,Poland,2000,0.794,0.788939403,0.796048596,0.202,0.991,77.933,15.30558968,11.0244672,12262.15884
PRT,Portugal,2000,0.793,0.785189121,0.798202164,0.201,0.984,80.352,16.05453444,6.612180233,22216.35262
QAT,Qatar,2000,0.793,0.772697469,0.781363733,,0.989,76.203,13.79654503,8.486524597,25710.48759
ROU,Romania,2000,0.721,0.706326972,0.734133936,0.429,0.962,74.895,12.36647987,8.812813663,9381.015662
RUS,Russian Federation,2000,0.733,,,0.394,,72.279,,12.23580254,10962.50755
RWA,Rwanda,2000,0.328,0.302527916,0.353818647,0.56,0.855,48.281,5.982081023,1.836779335,763.1769886
KNA,Saint Kitts and Nevis,2000,,,,,,72.29,14.04216925,,
LCA,Saint Lucia,2000,0.692,0.688048423,0.693937186,0.425,0.992,73.135,12.78827893,7.633621718,9371.20331
VCT,Saint Vincent and the Grenadines,2000,0.691,,,,,74.172,12.68807983,8.11320709,
WSM,Samoa,2000,0.672,0.652928238,0.683425358,,0.955,73.828,11.9362402,10.95925094,2846.346138
SMR,San Marino,2000,0.875,,,,,82.295,15.62213993,,51671.94133
STP,Sao Tome and Principe,2000,0.498,,,,,63.43,9.151490987,3.878434617,
SAU,Saudi Arabia,2000,0.746,0.64699078,0.788130209,,0.821,74.394,11.95255715,5.112130165,8733.783906
SEN,Senegal,2000,0.388,,,,,58.097,5.330389942,1.089078046,
SRB,Serbia,2000,0.689,,,,,74.439,13.23338517,6.589989798,
SYC,Seychelles,2000,0.755,,,,,74.673,13.57820988,10.20291375,
SLE,Sierra Leone,2000,0.319,,,,,45.98,5.244555346,1.750044284,
SGP,Singapore,2000,0.863,0.838708557,0.876451024,0.275,0.957,81.628,15.67645117,8.611474991,38091.43465
SVK,Slovakia,2000,0.761,0.753750108,0.765115651,0.214,0.985,77.297,13.60161018,9.812763262,11797.96605
SVN,Slovenia,2000,0.823,0.817042391,0.825860285,0.189,0.989,79.989,15.60999012,10.09585483,20053.24874
SLB,Solomon Islands,2000,0.488,,,,,69.774,5.956009865,4.79480215,
SOM,Somalia,2000,,,,,,52.066,,,
ZAF,South Africa,2000,0.633,0.632200531,0.631874478,0.461,1.001,61.049,13.50881704,6.99040498,10323.68007
SSD,South Sudan,2000,,,,,,47.422,,,
ESP,Spain,2000,0.828,0.810384919,0.838317791,0.129,0.967,82.842,16.25259972,7.500718777,22367.28404
LKA,Sri Lanka,2000,0.689,0.666184914,0.701366387,0.468,0.95,75.11,12.52668524,9.914245717,3531.692638
SDN,Sudan,2000,0.42,0.372082971,0.455978523,0.701,0.816,61.271,4.884626916,1.75,1904.454494
SUR,Suriname,2000,,,,,,68.757,11.91237958,,7041.584541
SWE,Sweden,2000,0.903,0.891703439,0.901835758,0.06,0.989,82.016,20.39220047,11.57069694,32633.1491
CHE,Switzerland,2000,0.885,0.854627252,0.902851671,0.103,0.947,82.557,14.67870045,9.662822039,45851.06933
SYR,Syrian Arab Republic,2000,0.587,0.513062938,0.627339185,0.479,0.818,73.114,9.548861504,3.918022459,1818.533581
TJK,Tajikistan,2000,0.548,0.510240089,0.57941822,0.411,0.881,65.956,8.537280083,10.29588985,964.6068537
TZA,Tanzania (United Republic of),2000,0.396,0.370426041,0.421615278,0.634,0.879,53.516,6.128218357,3.557159567,1149.288371
THA,Thailand,2000,0.663,0.657017998,0.667707356,0.414,0.984,76.432,12.36078012,5.328790527,7697.60372
TLS,Timor-Leste,2000,0.495,,,,,60.159,,2.858015994,1626.815151
TGO,Togo,2000,0.436,,,,,55.811,7.597859859,1.73769072,
TON,Tonga,2000,0.679,,,,,72.76,13.04181236,9.926135826,
TTO,Trinidad and Tobago,2000,0.708,0.687088527,0.720806991,0.393,0.953,71.761,11.53178163,8.88360299,9912.387611
TUN,Tunisia,2000,0.651,0.585066975,0.691032894,0.387,0.847,76.41,12.55340004,3.676043308,2973.121136
TUR,Türkiye,2000,0.669,0.615357295,0.710128224,0.539,0.867,75.274,9.9542799,4.330930478,9131.136281
TKM,Turkmenistan,2000,,,,,,68.781,,10.52929473,
TUV,Tuvalu,2000,0.599,,,,,65.575,11.18341986,7.896580151,
UGA,Uganda,2000,0.392,,,,,50.62,8.231875801,2.953657367,
UKR,Ukraine,2000,0.698,0.70008759,0.694773719,0.36,1.008,73.505,12.98869038,10.64501407,5711.810741
ARE,United Arab Emirates,2000,0.79,0.771081432,0.786805164,0.75,0.98,76.617,12.16715692,8.939956883,30857.29792
GBR,United Kingdom,2000,0.863,0.853102281,0.868284739,0.214,0.983,80.194,16.28874969,10.97442213,28688.97786
USA,United States,2000,0.894,0.889864621,0.89760521,0.274,0.991,79.43,16.62249456,12.88710213,39369.57073
URY,Uruguay,2000,0.754,0.752580441,0.748775155,0.383,1.005,79.546,14.88309002,8.484724249,10128.56142
UZB,Uzbekistan,2000,0.603,0.583924326,0.617305892,0.35,0.946,68.76,10.72191048,9.812784144,1936.673399
VUT,Vanuatu,2000,,,,,,71.655,9.348480225,,2151.995379
VEN,Venezuela (Bolivarian Republic of),2000,0.699,0.683178748,0.705987059,0.513,0.968,76.145,10.95293999,7.617898334,9773.222584
VNM,Viet Nam,2000,0.599,0.584352486,0.611549123,0.356,0.956,77.114,10.39098735,5.151202209,3042.231974
YEM,Yemen,2000,0.434,0.323420672,0.507963838,0.805,0.637,64.552,4.703197598,0.42,1094.921308
ZMB,Zambia,2000,0.418,0.372244893,0.459232387,0.651,0.811,46.448,7.813021644,4.272475788,1317.692554
ZWE,Zimbabwe,2000,0.426,0.397275509,0.455153502,0.605,0.873,46.476,9.776120186,5.691834068,1146.750187
AFG,Afghanistan,2001,0.344,,,,,57.344,4.058275305,0.395636195,
ALB,Albania,2001,0.687,0.659129982,0.709424364,0.243,0.929,78.618,10.83911991,8.235190392,4536.763412
DZA,Algeria,2001,0.659,0.551396748,0.703069218,0.601,0.784,72.197,11.72674493,5.416477094,1758.531122
AND,Andorra,2001,0.823,,,,,85.413,10.71747177,9.875223911,
AGO,Angola,2001,0.39,,,,,49.606,4.671165049,2.333626,
ATG,Antigua and Barbuda,2001,,,,,,78.136,,,
ARG,Argentina,2001,0.785,0.778690928,0.784923606,0.423,0.992,77.59,17.21298027,8.977640152,11490.96846
ARM,Armenia,2001,0.661,0.632650666,0.674773252,0.446,0.938,74.587,10.85949625,10.39706039,2520.700573
AUS,Australia,2001,0.9,0.877068592,0.915992816,0.15,0.958,82.607,21.23473189,11.16679806,25407.03042
AUT,Austria,2001,0.874,0.853976173,0.889797827,0.146,0.96,81.566,15.19525375,10.73717717,33589.17802
AZE,Azerbaijan,2001,0.644,0.629693465,0.656811321,0.37,0.959,69.356,11.67976236,9.905467272,3320.665218
BHS,Bahamas,2001,0.79,0.789005701,0.787410793,0.37,1.002,75.371,11.74467227,11.31890774,29357.57368
BHR,Bahrain,2001,0.786,0.747687966,0.804072033,,0.93,77.669,13.06492472,7.229929924,22106.15636
BGD,Bangladesh,2001,0.498,0.447788299,0.535522442,0.655,0.836,66.66,7.562663269,3.779309988,1351.115106
BRB,Barbados,2001,0.761,0.755836435,0.762330916,0.36,0.991,76.425,15.07314014,9.186127594,11595.94735
BLR,Belarus,2001,0.713,0.719490513,0.704557487,0.257,1.021,74.846,13.45475874,10.23905155,7237.637041
BEL,Belgium,2001,0.889,0.870939744,0.899606538,0.137,0.968,81.157,18.9028492,10.37484561,30790.36669
BLZ,Belize,2001,0.661,0.632679924,0.67745413,0.506,0.934,70.95,12.27985001,7.276197297,4716.99706
BEN,Benin,2001,0.423,0.37270235,0.469598165,0.657,0.794,58.349,5.458889961,1.468212453,2215.748485
BTN,Bhutan,2001,,,,,,65.019,7.695273399,,
BOL,Bolivia (Plurinational State of),2001,0.625,0.597178439,0.650730444,0.567,0.918,64.99,13.30471068,6.297309875,4134.088942
BIH,Bosnia and Herzegovina,2001,0.661,,,0.352,,77.988,,4.890800891,4334.360281
BWA,Botswana,2001,0.581,0.561837809,0.596182318,0.493,0.942,52.448,11.70831013,7.692,7993.446629
BRA,Brazil,2001,0.673,0.66847353,0.672750388,0.496,0.994,73.969,13.95565574,5.589491624,7755.764656
BRN,Brunei Darussalam,2001,0.792,0.778045964,0.796202658,,0.977,76.7,12.01953983,7.996,50671.5616
BGR,Bulgaria,2001,0.732,0.723653003,0.738691185,0.275,0.98,75.398,12.99240971,9.910550117,8644.913186
BFA,Burkina Faso,2001,0.299,0.266830311,0.331829877,0.651,0.804,52.578,2.886134982,0.885575689,1191.508757
BDI,Burundi,2001,0.301,0.276504485,0.324817517,0.605,0.851,50.745,4.056141917,1.51399277,720.0771585
CPV,Cabo Verde,2001,0.598,,,,,72.984,10.92833996,5.242357227,
KHM,Cambodia,2001,0.447,0.42066931,0.473365253,0.612,0.889,61.91,7.739059925,2.490725798,1529.59452
CMR,Cameroon,2001,0.445,0.413137853,0.473728769,0.671,0.872,54.737,7.896110058,2.400790322,2320.087072
CAN,Canada,2001,0.893,0.88094363,0.900452633,0.145,0.978,81.937,16.09366907,12.6259203,29970.77908
CAF,Central African Republic,2001,0.321,,,,,46.434,3.995779963,1.491093037,
TCD,Chad,2001,0.302,,,,,48.802,3.677520037,0.620330282,
CHL,Chile,2001,0.767,0.736606664,0.785687692,0.435,0.938,79.921,13.23072481,9.206048241,8487.838093
CHN,China,2001,0.597,0.562329416,0.624921227,0.285,0.9,75.258,9.642576694,5.360872793,2573.474394
COL,Colombia,2001,0.674,0.662424899,0.678762696,,0.976,75.66,12.2825551,6.96292069,6059.782101
COM,Comoros,2001,0.466,0.412872879,0.509894946,,0.81,60.783,7.681964874,2.095108286,1633.171658
COG,Congo,2001,0.515,,,,,54.983,8.298082542,6.206840065,
COD,Congo (Democratic Republic of the),2001,0.373,,,,,54.055,5.815350726,3.65606219,
CRI,Costa Rica,2001,0.714,0.695231126,0.726851477,0.408,0.956,79.893,11.95785366,7.223366132,8123.822966
CIV,Côte d'Ivoire,2001,0.453,,,,,52.184,5.386349233,5.378225058,
HRV,Croatia,2001,0.779,0.759374604,0.795151384,0.196,0.955,78.167,13.73184967,9.147179604,13862.53765
CUB,Cuba,2001,0.701,0.667815392,0.72191528,,0.925,78.831,12.96702957,9.924461402,2690.749229
CYP,Cyprus,2001,0.804,0.781982383,0.82287789,0.248,0.95,79.02,12.7055397,9.575250387,22511.22443
CZE,Czechia,2001,0.82,0.80062375,0.835144411,0.165,0.959,78.513,14.55146027,10.56770356,18341.66771
DNK,Denmark,2001,0.897,0.888757044,0.901910482,0.071,0.985,79.212,17.11116982,12.64455771,37978.15262
DJI,Djibouti,2001,0.34,,,,,58.444,2.829770088,0.768482846,
DMA,Dominica,2001,0.718,,,,,74.493,15.33635687,7.877240181,
DOM,Dominican Republic,2001,0.651,0.628417243,0.664277197,0.497,0.946,72.519,11.46898539,6.575281089,5298.804616
ECU,Ecuador,2001,0.691,,,0.497,,76.329,,7.145734871,5756.884171
EGY,Egypt,2001,0.633,0.567337827,0.671200484,0.613,0.845,70.431,10.45436954,5.554395199,3141.884248
SLV,El Salvador,2001,0.612,0.58255781,0.628865506,0.488,0.926,73.903,10.84620953,4.299480098,4136.803683
GNQ,Equatorial Guinea,2001,0.524,,,,,55.27,5.387667765,5.253010547,
ERI,Eritrea,2001,,,,,,59.989,6.371109962,,
EST,Estonia,2001,0.807,0.820031657,0.791939164,0.254,1.035,77.169,16.5990696,12.44808308,14183.16492
SWZ,Eswatini (Kingdom of),2001,0.456,,,,,48.132,9.112709999,3.736,
ETH,Ethiopia,2001,0.299,0.25023421,0.341339886,0.702,0.733,51.644,3.811860085,0.918200621,544.6457292
FJI,Fiji,2001,0.67,0.634515954,0.689807362,0.405,0.92,68.629,12.23004179,8.225316134,4851.082565
FIN,Finland,2001,0.897,0.889865753,0.893657476,0.09,0.996,81.536,18.77684975,11.62190423,32630.01532
FRA,France,2001,0.847,0.837735388,0.853783639,0.184,0.981,82.942,15.07553005,9.364842347,30687.36352
GAB,Gabon,2001,0.632,0.622144042,0.638911606,0.548,0.974,62.356,11.19800214,7.19,11226.66002
GMB,Gambia,2001,0.398,,,,,59.078,5.563390824,1.335052811,
GEO,Georgia,2001,0.7,0.672725767,0.716301804,0.401,0.939,73.807,12.66530991,11.71338951,3118.669459
DEU,Germany,2001,0.897,0.87165576,0.919931599,0.141,0.948,81.274,15.96607471,11.96652771,31605.55686
GHA,Ghana,2001,0.499,0.46159598,0.534100645,0.6,0.864,59.196,6.40237999,5.647067573,2334.580665
GRC,Greece,2001,0.827,0.8042777,0.843130167,0.222,0.954,81.787,15.44727039,8.784733606,18689.8161
GRD,Grenada,2001,,,,,,75.425,,,
GTM,Guatemala,2001,0.556,0.521018378,0.581798693,0.575,0.896,71.602,8.186591851,3.448902567,3734.796735
GIN,Guinea,2001,0.352,,,,,53.118,4.216441125,0.693944292,
GNB,Guinea-Bissau,2001,,,,,,52.825,,,
GUY,Guyana,2001,0.578,,,,,68.342,10.53428386,6.136531565,
HTI,Haiti,2001,0.487,0.453599592,0.522902948,0.593,0.867,60.268,8.975372124,2.878691744,2175.187518
HND,Honduras,2001,0.557,0.535140522,0.568012578,0.532,0.942,71.284,9.740507687,4.740723372,2342.869592
HKG,"Hong Kong, China (SAR)",2001,0.839,0.815779051,0.860702728,,0.948,84.192,12.69226313,9.792710304,26428.82165
HUN,Hungary,2001,0.782,0.774076236,0.788214384,0.273,0.982,76.553,14.9659996,9.788000107,14494.30984
ISL,Iceland,2001,0.902,0.894767706,0.907520575,0.133,0.986,83.084,17.78499031,11.71962397,31458.30098
IND,India,2001,0.495,0.428363279,0.549780152,0.645,0.779,64.131,7.206809998,3.284102591,1378.645432
IDN,Indonesia,2001,0.605,0.56843825,0.630928897,0.574,0.901,68.509,10.72896957,5.608882412,3453.653654
IRN,Iran (Islamic Republic of),2001,0.7,0.613500771,0.740768778,0.564,0.828,72.559,11.34080982,8.116293444,2965.763041
IRQ,Iraq,2001,0.588,0.464316831,0.650239506,0.669,0.714,69.965,7.26820004,4.322005,1377.867009
IRL,Ireland,2001,0.859,0.848129184,0.86423491,0.207,0.981,79.77,17.10586929,9.964945078,29232.45738
ISR,Israel,2001,0.838,0.815797747,0.86607758,0.186,0.942,81.462,14.74967957,9.832108151,21551.34214
ITA,Italy,2001,0.849,0.826793208,0.863514008,0.189,0.957,82.785,15.65694046,8.507749557,27443.18453
JAM,Jamaica,2001,0.666,0.662024355,0.664478299,0.443,0.996,72.758,11.8106699,7.863695145,6730.00937
JPN,Japan,2001,0.885,0.863574687,0.900979759,0.152,0.958,84.846,14.84836742,11.81789694,24769.57758
JOR,Jordan,2001,0.687,0.594759638,0.721611377,0.601,0.824,73.939,12.35362482,7.092033148,2083.779591
KAZ,Kazakhstan,2001,0.695,0.692375635,0.692892287,0.357,0.999,70.215,12.70919482,9.934807777,7943.150241
KEN,Kenya,2001,0.49,0.453740118,0.519461607,0.682,0.873,55.614,8.229060173,4.208649527,2686.583425
KIR,Kiribati,2001,0.587,0.574324514,0.59873021,,0.959,66.3,11.55148983,7.168508249,2778.414086
PRK,Korea (Democratic People's Rep. of),2001,,,,,,63.756,,,
KOR,Korea (Republic of),2001,0.832,0.798998921,0.858712498,0.162,0.93,80.968,14.68387985,9.787674332,16624.83502
KWT,Kuwait,2001,0.779,0.75952614,0.778927527,0.685,0.975,78.94,13.28015041,6.22776543,32854.5557
KGZ,Kyrgyzstan,2001,0.626,0.612125963,0.635972278,0.442,0.963,69.634,11.61061001,10.33693199,2307.97971
LAO,Lao People's Democratic Republic,2001,0.48,0.435524898,0.523065316,0.595,0.833,60.755,7.050469875,2.899826481,2396.999181
LVA,Latvia,2001,0.772,0.777596786,0.764269241,0.274,1.017,75.642,15.69937992,11.29635467,10830.3666
LBN,Lebanon,2001,,,,,,76.019,10.50717488,,
LSO,Lesotho,2001,0.452,0.444635934,0.457868914,,0.971,49.02,10.09272003,5.769595952,2044.127
LBR,Liberia,2001,0.44,,,,,54.534,8.598383495,1.666121729,
LBY,Libya,2001,0.748,,,,,73.239,16.64191743,5.14,
LIE,Liechtenstein,2001,0.887,0.871185694,0.901227026,,0.967,82.404,12.89865139,10.77452964,76795.06944
LTU,Lithuania,2001,0.779,0.784863286,0.771161524,0.258,1.018,77.545,15.66615963,10.89029752,11388.69702
LUX,Luxembourg,2001,0.867,0.866133878,0.861158056,0.194,1.006,80.903,13.44048977,10.85019016,67400.53153
MDG,Madagascar,2001,0.445,0.420071483,0.469305621,0.645,0.895,59.449,7.850298882,3.594978333,1286.89149
MWI,Malawi,2001,0.386,0.357402079,0.411625435,0.659,0.868,47.645,10.23993969,2.300242326,870.1118554
MYS,Malaysia,2001,0.726,0.696471811,0.744835588,0.298,0.935,75.66,12.72937012,7.765940094,8692.445304
MDV,Maldives,2001,0.639,0.606845901,0.659014211,0.474,0.921,73.175,12.16497993,3.315512969,6883.751902
MLI,Mali,2001,0.327,,,,,51.602,3.823612541,1.06823498,
MLT,Malta,2001,0.793,0.748333111,0.820712697,0.293,0.912,81.621,14.0481596,7.286671829,12367.53787
MHL,Marshall Islands,2001,,,,,,66.138,,,
MRT,Mauritania,2001,0.462,0.420413388,0.496318614,0.726,0.847,62.751,5.923989773,2.523247827,2440.050143
MUS,Mauritius,2001,0.692,0.648075074,0.718083763,0.477,0.903,75.279,12.63601971,5.822938095,5862.371886
MEX,Mexico,2001,0.712,0.683076962,0.733966628,0.46,0.931,76.685,11.93441963,6.424430013,10339.67058
FSM,Micronesia (Federated States of),2001,0.641,,,,,73.473,,,
MDA,Moldova (Republic of),2001,0.662,0.656071709,0.66735408,0.357,0.983,70.466,11.60867023,10.12064444,4650.132447
MCO,Monaco,2001,,,,,,85.618,18.45994146,,
MNG,Mongolia,2001,0.606,0.615527757,0.597287586,0.429,1.031,67.189,10.80653,9.091952896,4136.375999
MNE,Montenegro,2001,,,,,,77.013,10.93017478,,
MAR,Morocco,2001,0.536,0.463768132,0.58737978,0.719,0.79,68.902,8.18708992,2.422,2012.098798
MOZ,Mozambique,2001,0.317,0.287172617,0.343891183,0.574,0.835,51.602,5.549180031,1.245096575,598.8364611
MMR,Myanmar,2001,0.415,,,,,63.748,9.122775974,2.69588657,
NAM,Namibia,2001,0.544,0.526945591,0.558808849,0.551,0.943,53.042,11.95040989,5.672679901,5226.902921
NRU,Nauru,2001,,,,,,62.207,8.914669991,5.011389848,
NPL,Nepal,2001,0.462,0.418867823,0.512574144,0.651,0.817,64.952,7.436959982,1.57573998,1772.450701
NLD,Netherlands,2001,0.893,0.871966313,0.910013618,0.098,0.958,80.705,16.4790802,11.33662191,35261.51547
NZL,New Zealand,2001,0.9,0.887178105,0.905975406,0.178,0.979,80.993,18.24190645,13.03890991,24377.09603
NIC,Nicaragua,2001,0.568,0.542703461,0.582590875,0.574,0.932,70.163,10.67774258,5.022,2242.112009
NER,Niger,2001,0.266,0.20897693,0.313042273,0.813,0.668,50.197,2.242800089,0.698512424,524.2049105
NGA,Nigeria,2001,,,,,,48.689,6.925970078,,2028.302734
MKD,North Macedonia,2001,0.681,0.653160394,0.702577647,0.309,0.93,76.179,11.70847988,6.122736691,6803.014346
NOR,Norway,2001,0.913,0.907322653,0.916407987,0.101,0.99,81.519,17.69042015,11.89946004,46055.34546
OMN,Oman,2001,0.714,0.639204498,0.746234288,,0.857,76.707,10.68104191,4.690052671,9715.233857
PAK,Pakistan,2001,0.441,0.33539238,0.514288391,0.771,0.652,63.575,4.260460645,2.092211874,817.7283712
PLW,Palau,2001,0.754,0.750837176,0.752314214,,0.998,71.742,14.96890538,12.07785878,9181.137953
PSE,"Palestine, State of",2001,,,,,,72.69,11.69009972,,899.7648045
PAN,Panama,2001,0.727,0.708495487,0.733348554,0.494,0.966,77.418,13.13183975,8.157989311,7956.439535
PNG,Papua New Guinea,2001,0.459,0.426537562,0.490962865,0.664,0.869,63.852,5.918246547,2.437824363,2676.720105
PRY,Paraguay,2001,0.662,0.646738771,0.672812755,0.541,0.961,72.967,12.67358017,6.691859072,5517.905421
PER,Peru,2001,0.683,0.660458463,0.702922798,0.462,0.94,73.423,13.26268959,7.887656429,4727.80918
PHL,Philippines,2001,0.64,0.614631114,0.655873595,0.486,0.937,71.409,11.71940994,7.905562639,3207.097163
POL,Poland,2001,0.802,0.797164776,0.803131403,0.164,0.993,78.357,15.73795033,11.13676344,12489.72593
PRT,Portugal,2001,0.797,0.788213104,0.802189137,0.188,0.983,80.673,16.07906818,6.705299854,22256.44575
QAT,Qatar,2001,0.794,0.789210932,0.777899026,,1.015,77.033,13.75189018,8.650935899,32574.47106
ROU,Romania,2001,0.727,0.713680198,0.739445712,0.386,0.965,75.013,12.58568954,8.920316648,9990.069221
RUS,Russian Federation,2001,0.743,,,0.383,,72.43,,12.31227631,11736.6354
RWA,Rwanda,2001,0.346,0.324698398,0.368415357,0.552,0.881,50.11,6.872220039,1.948919547,804.6269698
KNA,Saint Kitts and Nevis,2001,,,,,,72.838,14.16205057,,
LCA,Saint Lucia,2001,0.693,0.684716424,0.696834483,0.432,0.983,73.93,12.82295158,7.734918569,7938.27705
VCT,Saint Vincent and the Grenadines,2001,0.697,,,,,74.859,12.64366484,8.257850668,
WSM,Samoa,2001,0.679,0.644219962,0.695231268,,0.927,74.071,11.98883519,11.03549004,2411.851474
SMR,San Marino,2001,0.879,,,,,82.425,15.67678249,,53462.6867
STP,Sao Tome and Principe,2001,0.504,,,,,63.739,9.235889937,3.938880707,
SAU,Saudi Arabia,2001,0.752,0.653759596,0.792555276,,0.825,74.62,12.15815965,5.507525086,8352.638188
SEN,Senegal,2001,0.395,,,,,58.73,5.54660993,1.055431733,
SRB,Serbia,2001,0.699,,,,,75.243,13.32954025,6.731904813,
SYC,Seychelles,2001,0.749,,,,,75.083,12.58831978,10.20346186,
SLE,Sierra Leone,2001,0.33,,,,,46.602,5.491439819,1.814098193,
SGP,Singapore,2001,0.867,0.843211341,0.879840719,0.19,0.958,81.795,15.74422765,8.906229973,37456.64675
SVK,Slovakia,2001,0.768,0.764795976,0.769995712,0.2,0.993,77.655,13.60356998,10.19124031,12948.49842
SVN,Slovenia,2001,0.838,0.832069208,0.841185914,0.139,0.989,80.436,16.36021996,10.46194869,20584.29002
SLB,Solomon Islands,2001,0.492,,,,,69.856,6.605119944,4.827015877,
SOM,Somalia,2001,,,,,,52.16,,,
ZAF,South Africa,2001,0.629,0.620749609,0.635340723,0.451,0.977,59.47,13.53306982,7.201019764,9182.636156
SSD,South Sudan,2001,,,,,,48.237,,,
ESP,Spain,2001,0.833,0.815063999,0.844856238,0.134,0.965,83.166,16.27741051,7.709004182,22500.35273
LKA,Sri Lanka,2001,0.691,0.668517325,0.703242107,0.462,0.951,75.608,12.6226027,9.956299782,3470.548686
SDN,Sudan,2001,0.428,0.380741503,0.462716649,0.675,0.823,61.629,5.104849815,1.85,1974.948959
SUR,Suriname,2001,,,,,,68.687,11.95813958,,6094.967474
SWE,Sweden,2001,0.906,0.89461724,0.904811671,0.056,0.989,82.052,20.41983032,11.76612027,32985.62475
CHE,Switzerland,2001,0.888,0.859357322,0.906535653,0.095,0.948,82.954,14.72665977,9.841687043,45857.99271
SYR,Syrian Arab Republic,2001,0.595,0.519430095,0.63504378,0.472,0.818,73.99,9.644705772,4.03961626,1834.553857
TJK,Tajikistan,2001,0.558,0.516224113,0.592341678,0.409,0.871,66.395,8.527449608,10.32812281,1018.132669
TZA,Tanzania (United Republic of),2001,0.404,0.38088062,0.427609439,0.615,0.891,54.371,6.414894507,3.583029819,1226.255656
THA,Thailand,2001,0.677,0.664964613,0.686672158,0.392,0.968,76.634,12.75296021,5.724575416,7281.788446
TLS,Timor-Leste,2001,0.509,,,,,60.978,,3.000780941,1879.26528
TGO,Togo,2001,0.439,,,,,55.721,7.88710022,1.770996458,
TON,Tonga,2001,0.682,,,,,72.795,13.42982324,9.930689812,
TTO,Trinidad and Tobago,2001,0.716,0.696539307,0.728098525,0.38,0.957,72.539,11.66069612,9.058531311,10388.77005
TUN,Tunisia,2001,0.658,0.593040907,0.697306223,0.381,0.85,76.446,12.84097958,3.855362494,3084.023982
TUR,Türkiye,2001,0.675,0.609735479,0.719673392,0.529,0.847,75.623,10.59072018,4.456090396,6327.528603
TKM,Turkmenistan,2001,,,,,,68.79,,10.53149176,
TUV,Tuvalu,2001,0.61,,,,,65.723,11.66569996,8.024849074,
UGA,Uganda,2001,0.402,,,,,51.093,8.739661741,3.037613739,
UKR,Ukraine,2001,0.713,0.716589895,0.708463369,0.344,1.011,73.817,13.74475002,10.78736019,6419.092109
ARE,United Arab Emirates,2001,0.794,0.771207998,0.789976967,0.744,0.976,76.998,12.33336652,9.163969596,26733.51573
GBR,United Kingdom,2001,0.869,0.859690551,0.87412253,0.211,0.983,80.42,16.3593998,11.107789,30606.67434
USA,United States,2001,0.895,0.890524252,0.898452677,0.268,0.991,79.522,16.66927174,12.85929918,39414.37508
URY,Uruguay,2001,0.761,0.7625759,0.753889644,0.371,1.012,79.761,15.46333981,8.702822821,10259.65158
UZB,Uzbekistan,2001,0.61,0.590802376,0.624558404,0.332,0.946,69.126,10.92308362,9.904191034,2016.435347
VUT,Vanuatu,2001,,,,,,71.674,9.336190224,,2137.586296
VEN,Venezuela (Bolivarian Republic of),2001,0.704,0.68603749,0.712224046,0.533,0.963,75.226,11.44736481,7.857570171,9406.869604
VNM,Viet Nam,2001,0.609,0.594776926,0.621534314,0.341,0.957,77.309,10.72406619,5.362215311,3200.22064
YEM,Yemen,2001,0.444,0.330341405,0.517813975,0.806,0.638,65.166,5.032655001,0.5,1021.29866
ZMB,Zambia,2001,0.426,0.383717503,0.464445726,0.638,0.826,47.251,7.902635805,4.376859358,1470.269726
ZWE,Zimbabwe,2001,0.416,0.380629998,0.451938734,0.625,0.842,42.487,10.28802013,5.842077065,1183.148587
AFG,Afghanistan,2002,0.368,,,,,57.672,4.305563584,0.416762399,
ALB,Albania,2002,0.692,0.667308576,0.713647158,0.26,0.935,78.823,10.86751747,8.311867441,5046.991015
DZA,Algeria,2002,0.668,0.562903958,0.713371295,0.57,0.789,72.559,12.00101206,5.587140887,1911.973847
AND,Andorra,2002,0.828,,,,,84.369,10.88430023,9.957013358,
AGO,Angola,2002,0.406,,,,,49.896,5.03548336,2.395047855,
ATG,Antigua and Barbuda,2002,,,,,,78.433,,,
ARG,Argentina,2002,0.785,0.780268353,0.784019736,0.397,0.995,78.075,17.3302002,9.492625237,10051.12191
ARM,Armenia,2002,0.67,0.640929226,0.684293598,0.447,0.937,74.707,10.90182548,10.47630634,2788.699734
AUS,Australia,2002,0.902,0.879455241,0.917702586,0.144,0.958,82.54,21.40262964,11.2304719,26390.86367
AUT,Austria,2002,0.878,0.858395215,0.893369314,0.145,0.961,81.655,15.29225845,10.83744785,34840.50139
AZE,Azerbaijan,2002,0.654,0.638854831,0.666776702,0.368,0.958,69.884,11.7783688,9.988971114,3612.011668
BHS,Bahamas,2002,0.792,0.791532091,0.790012492,0.369,1.002,75.483,11.76236564,11.39612579,29884.66343
BHR,Bahrain,2002,0.792,0.757276685,0.807868869,,0.937,77.908,13.55462718,7.313648807,22975.8555
BGD,Bangladesh,2002,0.505,0.446187059,0.543608894,0.727,0.821,67.627,7.83324995,3.841801,1159.407286
BRB,Barbados,2002,0.765,0.759624511,0.764701959,0.353,0.993,76.481,15.29771852,9.29825483,11612.05438
BLR,Belarus,2002,0.718,0.726457768,0.708204021,0.226,1.026,74.667,13.79708176,10.33834851,7707.002018
BEL,Belgium,2002,0.891,0.873327574,0.902889977,0.131,0.967,81.178,19.13451958,10.47379109,31499.13358
BLZ,Belize,2002,0.67,0.639986483,0.686641771,0.494,0.932,71.528,12.69188499,7.448413031,4601.868153
BEN,Benin,2002,0.431,0.377189122,0.480604787,0.668,0.785,58.002,5.883880138,1.511340022,2094.637201
BTN,Bhutan,2002,,,,,,65.703,8.075610161,,
BOL,Bolivia (Plurinational State of),2002,0.622,0.592114649,0.649954073,0.538,0.911,65.556,12.92059565,6.295487881,3839.128083
BIH,Bosnia and Herzegovina,2002,0.663,,,0.357,,76.83,,4.901480148,4519.940643
BWA,Botswana,2002,0.579,0.562964234,0.592841001,0.485,0.95,52.388,11.51480961,7.814,8363.121288
BRA,Brazil,2002,0.678,0.67426829,0.677119934,0.495,0.996,74.189,13.9918362,5.750077737,8124.282983
BRN,Brunei Darussalam,2002,0.796,0.779523961,0.800560764,,0.974,76.85,12.2172699,8.022,48335.93329
BGR,Bulgaria,2002,0.743,0.735079559,0.749563791,0.254,0.981,75.578,13.3203001,10.00387402,9726.087324
BFA,Burkina Faso,2002,0.302,0.270748519,0.33330254,0.64,0.812,52.7,3.013747513,0.877850961,1222.028958
BDI,Burundi,2002,0.314,0.287678914,0.339249451,0.602,0.848,51.846,4.443157204,1.57687666,726.9695773
CPV,Cabo Verde,2002,0.606,,,,,73.95,11.27250004,5.268080015,
KHM,Cambodia,2002,0.469,0.433406664,0.502308587,0.604,0.863,63.316,8.869750023,2.557518618,1330.401215
CMR,Cameroon,2002,0.445,0.407807958,0.478762558,0.647,0.852,54.865,7.37030983,2.478615548,2305.794675
CAN,Canada,2002,0.895,0.883412085,0.903056496,0.142,0.978,81.942,16.00997761,12.75561619,31019.06581
CAF,Central African Republic,2002,0.322,,,,,46.459,4.091149961,1.548442769,
TCD,Chad,2002,0.309,,,,,48.875,3.967400074,0.654776857,
CHL,Chile,2002,0.775,0.744086323,0.792814205,0.419,0.939,80.582,13.42280006,9.35210879,8634.336586
CHN,China,2002,0.608,0.575348338,0.634346692,0.281,0.907,75.64,10.1006794,5.458905792,2805.768832
COL,Colombia,2002,0.676,0.673236419,0.678240583,0.501,0.993,75.981,12.28915024,6.924215953,7303.510568
COM,Comoros,2002,0.472,0.418017514,0.515622878,,0.811,60.656,7.937307358,2.239505261,1629.963153
COG,Congo,2002,0.518,,,,,55.733,8.121839523,6.242986388,
COD,Congo (Democratic Republic of the),2002,0.376,,,,,54.312,5.878952267,3.715997635,
CRI,Costa Rica,2002,0.721,0.700104455,0.733768833,0.366,0.954,80.374,12.11460899,7.407535244,7928.861983
CIV,Côte d'Ivoire,2002,0.451,,,,,52.163,5.538123894,5.280140042,
HRV,Croatia,2002,0.785,0.767798687,0.799640895,0.189,0.96,78.34,13.85606003,9.295658684,15148.68611
CUB,Cuba,2002,0.706,0.672722456,0.728192418,,0.924,79.022,13.19215012,10.02295017,2734.366525
CYP,Cyprus,2002,0.816,0.79705183,0.832628647,0.249,0.957,79.635,13.17623997,9.75955375,24872.38004
CZE,Czechia,2002,0.826,0.808424094,0.840525572,0.164,0.962,78.713,14.94762993,10.80467288,18422.2121
DNK,Denmark,2002,0.896,0.888844103,0.900840497,0.062,0.987,79.343,16.77774048,12.83480394,38260.97975
DJI,Djibouti,2002,0.346,,,,,58.683,2.977180004,0.828881743,
DMA,Dominica,2002,0.718,,,,,75.389,15.2626423,7.918225426,
DOM,Dominican Republic,2002,0.657,0.646197451,0.665163996,0.467,0.971,72.694,11.71026674,6.670966926,6830.115831
ECU,Ecuador,2002,0.697,,,0.493,,76.663,,7.21522076,5589.477103
EGY,Egypt,2002,0.634,0.565552178,0.671995791,0.618,0.842,70.735,10.45309496,5.484140205,3027.992815
SLV,El Salvador,2002,0.621,0.590800896,0.637659264,0.467,0.927,74.708,11.14966011,4.36229011,4186.773623
GNQ,Equatorial Guinea,2002,0.539,,,,,55.731,5.733315686,5.40956518,
ERI,Eritrea,2002,,,,,,60.449,6.505539894,,
EST,Estonia,2002,0.818,0.830865876,0.801935057,0.243,1.036,77.44,16.97903061,12.64288648,15298.10612
SWZ,Eswatini (Kingdom of),2002,0.444,,,,,46.616,9.016220093,3.594,
ETH,Ethiopia,2002,0.305,0.258069984,0.346874434,0.698,0.744,52.317,4.089260101,0.964315952,548.4970412
FJI,Fiji,2002,0.671,0.635735633,0.691245851,0.407,0.92,67.98,12.33407846,8.390563401,4972.398796
FIN,Finland,2002,0.901,0.893655642,0.898750344,0.094,0.994,81.529,18.91239929,11.86277191,33368.8873
FRA,France,2002,0.85,0.840321637,0.856215519,0.175,0.981,83.039,15.03240013,9.558601652,30770.5041
GAB,Gabon,2002,0.635,0.625578456,0.641390851,0.544,0.975,62.397,11.25357813,7.36,11359.00477
GMB,Gambia,2002,0.402,,,,,58.951,5.848739294,1.404459226,
GEO,Georgia,2002,0.709,0.680622418,0.725028866,0.403,0.939,74.339,12.93050003,11.77622986,3251.232646
DEU,Germany,2002,0.902,0.87713596,0.923079956,0.121,0.95,81.281,16.04640597,12.41211526,31353.01454
GHA,Ghana,2002,0.506,0.470211402,0.540434245,0.595,0.87,59.852,6.722559929,5.736996374,2377.693042
GRC,Greece,2002,0.838,0.816948726,0.853196479,0.216,0.958,81.901,16.04388046,8.923342818,20339.31957
GRD,Grenada,2002,0.756,,,,,75.464,,,
GTM,Guatemala,2002,0.561,0.528316177,0.585599955,0.572,0.902,72.042,8.469880104,3.408970118,3928.803633
GIN,Guinea,2002,0.363,,,,,53.643,4.557877362,0.694167146,
GNB,Guinea-Bissau,2002,,,,,,53.35,,,
GUY,Guyana,2002,0.584,,,,,68.141,10.62093498,6.196400166,
HTI,Haiti,2002,0.491,0.45544971,0.527395451,0.592,0.864,60.701,9.103585211,2.964132367,2061.517126
HND,Honduras,2002,0.561,0.533263579,0.574335841,0.563,0.928,71.441,9.881159446,4.813263881,2144.814855
HKG,"Hong Kong, China (SAR)",2002,0.846,0.823278322,0.866858233,,0.95,84.353,13.14924007,9.932244301,26373.10017
HUN,Hungary,2002,0.791,0.784927325,0.794980571,0.264,0.987,76.68,15.40878963,9.948232651,15699.15628
ISL,Iceland,2002,0.909,0.897100715,0.914965624,0.126,0.98,82.528,18.43445969,11.85491545,32425.73594
IND,India,2002,0.501,0.432000672,0.555570983,0.64,0.778,64.729,7.46780014,3.223285877,1358.521719
IDN,Indonesia,2002,0.614,0.575458657,0.639876578,0.575,0.899,68.696,10.92673969,5.895169914,3481.133613
IRN,Iran (Islamic Republic of),2002,0.708,0.626035151,0.747910812,0.544,0.837,72.923,11.40680981,8.370945482,3357.627175
IRQ,Iraq,2002,0.588,0.461733537,0.64917544,0.669,0.711,70.114,7.525110006,4.406732,1217.695712
IRL,Ireland,2002,0.868,0.857839852,0.872684643,0.203,0.983,80.275,17.39608955,10.22652757,30042.29448
ISR,Israel,2002,0.843,0.820136669,0.870604242,0.179,0.942,81.284,15.26111984,9.87546548,21313.76415
ITA,Italy,2002,0.854,0.831148065,0.869333557,0.187,0.956,82.957,15.8494997,8.60911727,27572.51655
JAM,Jamaica,2002,0.669,0.662905664,0.671678425,0.437,0.987,73.168,11.51348019,7.964639664,6849.91859
JPN,Japan,2002,0.888,0.865583835,0.903047164,0.158,0.959,85.144,14.883236,11.86127396,24662.45706
JOR,Jordan,2002,0.691,0.603687403,0.725983072,0.591,0.832,74.166,12.34770966,7.288746476,2280.859661
KAZ,Kazakhstan,2002,0.706,0.704122458,0.703704805,0.345,1.001,69.726,13.13832982,10.22087145,9070.883547
KEN,Kenya,2002,0.49,0.452042931,0.520807318,0.678,0.868,56.056,7.921969891,4.325832312,2584.118827
KIR,Kiribati,2002,0.584,0.568641733,0.596704507,,0.953,66.476,11.26603985,7.274051077,2551.750665
PRK,Korea (Democratic People's Rep. of),2002,,,,,,63.765,,,
KOR,Korea (Republic of),2002,0.841,0.806294001,0.867561618,0.162,0.929,81.066,14.83584023,9.931868362,17809.35732
KWT,Kuwait,2002,0.785,0.766758569,0.785495663,0.682,0.976,78.973,13.85737514,6.306649111,32100.60862
KGZ,Kyrgyzstan,2002,0.627,0.613651751,0.636105102,0.44,0.965,69.997,11.80807972,10.41131802,2222.661461
LAO,Lao People's Democratic Republic,2002,0.489,0.445939502,0.531424892,0.584,0.839,61.293,7.377160072,2.981456985,2534.403481
LVA,Latvia,2002,0.784,0.787261679,0.773478685,0.255,1.018,75.997,16.19570923,11.22410677,11707.99084
LBN,Lebanon,2002,,,,,,77.022,10.54877322,,
LSO,Lesotho,2002,0.449,0.439934243,0.455354109,,0.966,47.743,10.25955009,5.983156079,2000.938487
LBR,Liberia,2002,0.446,,,,,55.495,8.613216536,1.71958018,
LBY,Libya,2002,0.75,,,,,73.498,16.50514984,5.43,
LIE,Liechtenstein,2002,0.891,0.872864189,0.908568129,,0.961,82.307,13.02552684,10.87514914,73942.92245
LTU,Lithuania,2002,0.791,0.795794837,0.782632161,0.241,1.017,77.46,16.23225975,11.08773824,12261.72225
LUX,Luxembourg,2002,0.872,0.863566877,0.868813042,0.174,0.994,81.397,13.48897505,10.77670527,60848.41311
MDG,Madagascar,2002,0.442,0.416452138,0.465079849,0.645,0.895,59.863,8.02277422,3.719702721,1100.389614
MWI,Malawi,2002,0.394,0.366557407,0.421765047,0.653,0.869,48.942,10.42735958,2.443196444,867.0115465
MYS,Malaysia,2002,0.725,0.697657068,0.743033145,0.295,0.939,75.857,12.73077965,7.611540127,9082.237706
MDV,Maldives,2002,0.642,0.610767418,0.662000187,0.45,0.923,74.209,11.90445995,3.284325075,7425.811628
MLI,Mali,2002,0.336,,,,,52.776,4.11787504,1.113691788,
MLT,Malta,2002,0.798,0.756773783,0.823856254,0.272,0.919,80.8,14.13012981,7.800323868,13462.30751
MHL,Marshall Islands,2002,,,,,,66.257,11.15670013,,
MRT,Mauritania,2002,0.465,0.418428289,0.501262951,0.727,0.835,62.87,6.042590141,2.57733422,2169.7586
MUS,Mauritius,2002,0.696,0.656023613,0.721243657,0.47,0.91,75.435,12.67731953,6.037436269,6325.719774
MEX,Mexico,2002,0.719,0.689172043,0.740650934,0.46,0.93,76.826,12.30335045,6.584150076,10145.88785
FSM,Micronesia (Federated States of),2002,0.636,,,,,72.093,,,
MDA,Moldova (Republic of),2002,0.671,0.666296236,0.675646135,0.34,0.986,70.505,11.8583498,10.24587176,5203.892447
MCO,Monaco,2002,,,,,,85.618,18.50868938,,
MNG,Mongolia,2002,0.615,0.63058014,0.601474917,0.402,1.048,68.112,11.24952984,9.22855587,4535.993682
MNE,Montenegro,2002,,,,,,77.057,11.41284976,,
MAR,Morocco,2002,0.547,0.473941396,0.596991481,0.601,0.794,69.239,8.682009697,2.514,2040.951155
MOZ,Mozambique,2002,0.325,0.2959601,0.351696385,0.571,0.842,52.181,6.01210022,1.313010934,594.8584993
MMR,Myanmar,2002,0.425,,,,,63.918,9.290207977,2.786146828,
NAM,Namibia,2002,0.544,0.526901368,0.558535759,0.549,0.943,53.036,11.75249004,5.772343334,5313.170247
NRU,Nauru,2002,,,,,,62.396,8.396559715,5.16329049,
NPL,Nepal,2002,0.469,0.423842647,0.509845147,0.645,0.831,65.261,7.614490032,1.65062598,1771.967698
NLD,Netherlands,2002,0.89,0.868849836,0.906936406,0.098,0.958,80.669,16.14306068,11.34944131,35384.37682
NZL,New Zealand,2002,0.904,0.889755253,0.910604567,0.171,0.977,81.078,18.38864169,13.09001598,25117.46715
NIC,Nicaragua,2002,0.573,0.546533965,0.588953534,0.527,0.928,70.137,10.73633957,5.154,2304.158052
NER,Niger,2002,0.271,0.212111404,0.319395469,0.812,0.664,50.915,2.3212301,0.735276236,507.3417965
NGA,Nigeria,2002,,,,,,49.024,7.272490025,,2272.738653
MKD,North Macedonia,2002,0.684,0.653461044,0.708397328,0.236,0.922,75.832,11.73515987,6.387189865,6522.550851
NOR,Norway,2002,0.915,0.910133173,0.918306819,0.084,0.991,81.456,17.8064003,11.98656,47048.48606
OMN,Oman,2002,0.722,0.652271941,0.754563979,,0.864,76.769,11.00067577,4.963424208,10687.29199
PAK,Pakistan,2002,0.447,0.32717776,0.522378446,0.767,0.626,63.65,4.398182511,2.292423537,632.3074451
PLW,Palau,2002,0.76,0.754523628,0.759568453,,0.993,72.109,15.15940079,12.1404566,9110.637633
PSE,"Palestine, State of",2002,,,,,,72.965,11.95205975,,771.1972433
PAN,Panama,2002,0.734,0.71832429,0.740289127,0.481,0.97,77.778,13.29218006,8.306908226,8696.396954
PNG,Papua New Guinea,2002,0.462,0.430109124,0.49372548,0.665,0.871,63.828,6.100688669,2.513179001,2634.984371
PRY,Paraguay,2002,0.669,0.638479502,0.684943547,0.55,0.932,73.432,13.24435043,6.808194551,4031.85302
PER,Peru,2002,0.684,0.663485585,0.702676019,0.455,0.944,73.916,12.64923954,7.983980959,5238.079921
PHL,Philippines,2002,0.646,0.623462103,0.661036228,0.456,0.943,71.549,12.04576015,8.209555149,3296.152984
POL,Poland,2002,0.809,0.80480835,0.810082369,0.162,0.993,78.765,16.10634995,11.24905968,12746.64086
PRT,Portugal,2002,0.8,0.791683431,0.80459822,0.186,0.984,80.817,16.10360193,6.828289986,22694.30655
QAT,Qatar,2002,0.796,0.778145414,0.78271703,,0.994,76.97,13.46205997,8.815347202,26346.40344
ROU,Romania,2002,0.734,0.716479236,0.747910627,0.399,0.958,74.399,13.14396954,9.027819633,9737.44206
RUS,Russian Federation,2002,0.749,,,0.38,,72.254,,12.38875008,12409.50186
RWA,Rwanda,2002,0.367,0.346471613,0.389100646,0.543,0.89,51.87,7.393690109,2.061059759,923.7583756
KNA,Saint Kitts and Nevis,2002,,,,,,73.672,14.28193188,,
LCA,Saint Lucia,2002,0.697,0.695918622,0.696189423,0.409,1.0,74.568,12.85762423,7.836215421,9041.397973
VCT,Saint Vincent and the Grenadines,2002,0.704,,,,,75.308,12.59924984,8.405072976,
WSM,Samoa,2002,0.678,0.643796744,0.694565777,,0.927,74.309,12.04143018,11.11333504,2319.471323
SMR,San Marino,2002,0.882,,,,,82.28,15.73142505,,54261.56313
STP,Sao Tome and Principe,2002,0.508,,,,,64.403,9.321067251,4.000268861,
SAU,Saudi Arabia,2002,0.756,0.660766171,0.794610888,,0.832,74.94,12.36729883,5.902920008,7995.70893
SEN,Senegal,2002,0.399,,,,,59.251,5.762829917,1.021785419,
SRB,Serbia,2002,0.701,,,,,75.154,13.1620903,6.873819828,
SYC,Seychelles,2002,0.749,,,,,75.715,12.69034004,10.20401001,
SLE,Sierra Leone,2002,0.346,,,,,47.127,5.749946239,1.878152101,
SGP,Singapore,2002,0.872,0.848948703,0.884945329,0.189,0.959,82.03,15.81229716,9.200984955,37580.47334
SVK,Slovakia,2002,0.777,0.769562245,0.780866631,0.19,0.986,77.693,13.91320038,10.40323629,12721.13485
SVN,Slovenia,2002,0.849,0.843720658,0.850896805,0.132,0.992,80.662,16.88240051,10.82804254,21154.0546
SLB,Solomon Islands,2002,0.497,,,,,69.919,7.254230022,4.859446031,
SOM,Somalia,2002,,,,,,52.147,,,
ZAF,South Africa,2002,0.633,0.625273112,0.639208198,0.456,0.978,57.668,13.55732261,8.287039757,9769.372065
SSD,South Sudan,2002,,,,,,48.791,,,
ESP,Spain,2002,0.838,0.821702354,0.84747744,0.131,0.97,83.233,16.39703941,7.917289587,23611.14738
LKA,Sri Lanka,2002,0.695,0.673874642,0.706861064,0.459,0.953,75.835,12.71852016,9.958525521,3670.584091
SDN,Sudan,2002,0.434,0.389968625,0.466744784,0.672,0.836,61.985,5.344679832,1.95,2064.923602
SUR,Suriname,2002,,,,,,68.831,12.00389957,,6842.431351
SWE,Sweden,2002,0.909,0.898154803,0.908744861,0.054,0.988,82.081,20.14119911,11.96154361,33776.5518
CHE,Switzerland,2002,0.888,0.860023285,0.908938056,0.093,0.946,82.948,14.62104988,10.02055205,45389.53506
SYR,Syrian Arab Republic,2002,0.602,0.531808983,0.640684673,0.452,0.83,74.356,9.740550041,4.16121006,2110.438586
TJK,Tajikistan,2002,0.569,0.527489363,0.604264593,0.399,0.873,67.251,8.75965023,10.36035577,1099.47353
TZA,Tanzania (United Republic of),2002,0.414,0.385783178,0.441042242,0.61,0.875,55.086,6.701570658,3.60890007,1187.075337
THA,Thailand,2002,0.688,0.677726772,0.696016954,0.382,0.974,76.916,12.99720001,6.120360306,7797.779968
TLS,Timor-Leste,2002,0.522,,,0.583,,61.776,,3.150677349,2213.630872
TGO,Togo,2002,0.443,,,,,56.141,8.071525097,1.804302197,
TON,Tonga,2002,0.686,,,,,72.936,13.51020823,9.935243797,
TTO,Trinidad and Tobago,2002,0.727,0.711516808,0.736272529,0.356,0.966,73.863,11.7896106,9.233459632,11562.03229
TUN,Tunisia,2002,0.663,0.599148913,0.701720954,0.368,0.854,76.729,12.99615955,4.034681679,3132.375196
TUR,Türkiye,2002,0.685,0.621215595,0.728734109,0.513,0.852,75.944,10.93278027,4.581250313,6866.464597
TKM,Turkmenistan,2002,,,,,,68.972,,10.53368878,
TUV,Tuvalu,2002,0.622,,,,,65.915,11.74529149,8.153117997,
UGA,Uganda,2002,0.414,0.391191551,0.438962419,0.599,0.891,51.578,9.247447681,3.12157011,1164.054268
UKR,Ukraine,2002,0.721,0.723836187,0.715581255,0.333,1.012,73.908,14.21395969,10.92970631,6546.607026
ARE,United Arab Emirates,2002,0.798,0.774708209,0.793239159,0.741,0.977,77.35,12.49957611,9.387982309,25102.54155
GBR,United Kingdom,2002,0.874,0.861266788,0.883008157,0.211,0.975,80.516,16.47794914,11.1430718,30333.91088
USA,United States,2002,0.896,0.891340804,0.899279526,0.267,0.991,79.59,16.71604892,12.83149624,39683.98314
URY,Uruguay,2002,0.765,0.766256606,0.758536513,0.368,1.01,79.949,16.00074959,8.920921394,9394.245875
UZB,Uzbekistan,2002,0.617,0.597132447,0.632334625,0.318,0.944,69.601,11.12425677,9.996449386,2067.272534
VUT,Vanuatu,2002,,,,,,71.76,9.323900223,,2001.768292
VEN,Venezuela (Bolivarian Republic of),2002,0.711,0.697382188,0.717954491,0.509,0.971,76.378,11.94178963,7.817894173,9685.954774
VNM,Viet Nam,2002,0.619,0.60474282,0.631250538,0.334,0.958,77.504,11.05714502,5.573228414,3345.17687
YEM,Yemen,2002,0.453,0.334633292,0.526746289,0.808,0.635,65.855,5.362112403,0.58,911.6518729
ZMB,Zambia,2002,0.434,0.391027646,0.473426896,0.624,0.826,48.05,7.992249966,4.481242929,1504.972354
ZWE,Zimbabwe,2002,0.427,0.396557655,0.457451464,0.607,0.867,45.792,9.971130371,5.992320061,1120.895922
AFG,Afghanistan,2003,0.379,,,,,58.65,4.567920208,0.437888604,
ALB,Albania,2003,0.701,0.669226341,0.725801131,0.275,0.922,79.057,11.24003315,8.388544491,4713.61741
DZA,Algeria,2003,0.675,0.574402318,0.721222623,0.566,0.796,72.25,12.28169379,5.75780468,2164.835627
AND,Andorra,2003,0.836,,,,,86.795,10.76860046,10.03948021,
AGO,Angola,2003,0.424,,,,,51.674,5.399801672,2.456469711,
ATG,Antigua and Barbuda,2003,,,,,,78.01,,,
ARG,Argentina,2003,0.793,0.789283381,0.791769824,0.397,0.997,77.276,17.26329041,10.00761032,11562.8455
ARM,Armenia,2003,0.681,0.650317769,0.694522073,0.413,0.936,75.375,10.94415472,10.55555229,3034.61157
AUS,Australia,2003,0.906,0.883669377,0.921690892,0.14,0.959,82.919,21.57052739,11.29414573,27233.89176
AUT,Austria,2003,0.88,0.860112718,0.896108891,0.131,0.96,81.543,15.38926315,10.93771853,34889.6319
AZE,Azerbaijan,2003,0.663,0.648130773,0.675539873,0.366,0.959,70.336,11.87780773,10.07247496,3960.962837
BHS,Bahamas,2003,0.793,0.793201902,0.79080798,0.37,1.003,75.666,11.78008567,11.47334385,29637.89053
BHR,Bahrain,2003,0.799,0.768507395,0.813589119,0.358,0.945,77.97,14.04432964,7.397367689,25215.26021
BGD,Bangladesh,2003,0.511,0.437534786,0.551326486,0.744,0.794,68.218,8.103836632,3.904292011,919.9807871
BRB,Barbados,2003,0.769,0.765090443,0.767425111,0.355,0.997,76.668,15.52229691,9.410382065,11867.58883
BLR,Belarus,2003,0.728,0.737166454,0.717852149,0.208,1.027,75.081,14.13940477,10.43860845,8358.063002
BEL,Belgium,2003,0.893,0.875253888,0.907099152,0.109,0.965,81.197,19.28200912,10.57273657,31939.29691
BLZ,Belize,2003,0.679,0.652530428,0.694727491,0.51,0.939,71.612,13.10391998,7.620628766,5136.870346
BEN,Benin,2003,0.438,0.385860909,0.484972132,0.658,0.796,58.164,6.240920067,1.520753352,2206.074461
BTN,Bhutan,2003,,,,,,66.335,8.455946922,,
BOL,Bolivia (Plurinational State of),2003,0.619,0.59329644,0.643476309,0.536,0.922,65.977,12.53648062,6.293665886,4061.205385
BIH,Bosnia and Herzegovina,2003,0.671,,,0.276,,78.55,,4.912159405,4707.647407
BWA,Botswana,2003,0.585,0.571549569,0.597301589,0.486,0.957,52.648,11.58080959,7.936,9424.224432
BRA,Brazil,2003,0.682,0.678303198,0.682010874,0.471,0.995,74.42,14.02811045,5.910663849,8215.628358
BRN,Brunei Darussalam,2003,0.802,0.785845875,0.806097297,,0.975,76.956,12.62664032,8.048,49033.27157
BGR,Bulgaria,2003,0.753,0.745528928,0.758171652,0.245,0.983,75.978,13.73513031,10.09719791,10386.43975
BFA,Burkina Faso,2003,0.308,0.276115334,0.338155492,0.633,0.817,53.172,3.141360044,0.870193614,1268.096744
BDI,Burundi,2003,0.322,0.294615042,0.34832775,0.591,0.846,52.589,4.852738123,1.639760551,689.1508577
CPV,Cabo Verde,2003,0.612,,,,,74.843,11.37308979,5.293929018,
KHM,Cambodia,2003,0.484,0.456132318,0.51179238,0.59,0.891,64.643,9.428579807,2.624311438,1601.402285
CMR,Cameroon,2003,0.452,0.418666188,0.48261544,0.642,0.867,55.31,7.78151989,2.556440775,2437.528745
CAN,Canada,2003,0.897,0.886120854,0.904683309,0.14,0.979,82.146,15.92628615,12.88531208,31642.78422
CAF,Central African Republic,2003,0.322,,,,,46.605,4.186519959,1.605792501,
TCD,Chad,2003,0.309,,,,,49.102,4.129119873,0.689223431,
CHL,Chile,2003,0.78,0.753406555,0.79614043,0.41,0.946,80.433,13.63827038,9.49816934,9629.903963
CHN,China,2003,0.619,0.588724127,0.644271953,0.268,0.914,76.044,10.5587821,5.556938791,3077.852732
COL,Colombia,2003,0.683,0.677938177,0.684969628,0.489,0.99,76.252,12.55410004,6.973203023,7310.716643
COM,Comoros,2003,0.478,0.423767577,0.522721327,,0.811,60.863,8.192649841,2.383902237,1612.017996
COG,Congo,2003,0.52,,,,,56.557,7.864840031,6.279132711,
COD,Congo (Democratic Republic of the),2003,0.382,,,,,54.597,5.942553808,3.775933081,
CRI,Costa Rica,2003,0.726,0.707488233,0.738570762,0.365,0.958,80.412,12.27136433,7.54975265,8483.753603
CIV,Côte d'Ivoire,2003,0.45,,,,,52.268,5.689898554,5.182055026,
HRV,Croatia,2003,0.79,0.778053827,0.800845044,0.186,0.972,78.183,14.09862041,9.444137764,17284.98034
CUB,Cuba,2003,0.714,0.681642533,0.735370419,,0.927,79.183,13.65633965,10.1692112,2842.213416
CYP,Cyprus,2003,0.825,0.80504151,0.84203169,0.238,0.956,79.992,13.40439987,9.943857114,25683.48819
CZE,Czechia,2003,0.833,0.816314941,0.846776213,0.154,0.964,78.656,15.29924011,11.04164219,19172.76219
DNK,Denmark,2003,0.901,0.895124573,0.904913096,0.057,0.989,79.738,16.97212982,13.02505016,38523.35014
DJI,Djibouti,2003,0.357,,,,,59.209,3.243195057,0.894027691,
DMA,Dominica,2003,0.718,,,,,73.838,15.18928204,7.959231174,
DOM,Dominican Republic,2003,0.66,0.63765647,0.672516846,0.494,0.948,72.784,11.95154809,6.766652763,5349.034368
ECU,Ecuador,2003,0.701,,,0.486,,76.997,,7.284706649,5903.376563
EGY,Egypt,2003,0.632,0.566378056,0.670849209,0.589,0.844,70.659,10.45182037,5.413885212,3144.303704
SLV,El Salvador,2003,0.627,0.599251628,0.641842982,0.454,0.934,74.682,11.66434956,4.425100122,4309.806022
GNQ,Equatorial Guinea,2003,0.545,,,,,56.188,6.078963607,5.570785586,
ERI,Eritrea,2003,,,,,,61.15,6.726954937,,
EST,Estonia,2003,0.826,0.838980298,0.809948866,0.229,1.036,77.574,17.20472908,12.83768988,16299.89434
SWZ,Eswatini (Kingdom of),2003,0.438,,,,,44.972,9.275364876,3.368,
ETH,Ethiopia,2003,0.31,0.262444484,0.35091945,0.689,0.748,53.436,4.208099842,1.010431282,531.1383821
FJI,Fiji,2003,0.675,0.639175695,0.695932,0.409,0.918,68.302,12.43900013,8.555810668,4889.566431
FIN,Finland,2003,0.905,0.898068703,0.905515571,0.09,0.992,81.809,19.06884003,12.1036396,33586.73103
FRA,France,2003,0.853,0.844751029,0.859302929,0.171,0.983,82.954,15.15610027,9.752360957,31453.69392
GAB,Gabon,2003,0.638,0.630313182,0.643702184,0.539,0.979,62.982,11.30915412,7.53,11105.69369
GMB,Gambia,2003,0.408,,,,,59.206,6.134087764,1.473865641,
GEO,Georgia,2003,0.719,0.693116579,0.734942363,0.402,0.943,74.631,13.09482956,11.84008884,3748.844102
DEU,Germany,2003,0.906,0.883319222,0.925514679,0.114,0.954,81.367,16.12673724,12.85770282,31340.25535
GHA,Ghana,2003,0.51,0.474649874,0.542794237,0.59,0.874,60.434,6.690189838,5.826925176,2432.664128
GRC,Greece,2003,0.844,0.822933361,0.859166285,0.214,0.958,81.91,16.15608978,9.061952031,21615.8201
GRD,Grenada,2003,0.762,,,,,75.825,,,
GTM,Guatemala,2003,0.566,0.537772107,0.588322876,0.57,0.914,72.447,8.783956146,3.354105115,4319.659249
GIN,Guinea,2003,0.37,,,,,54.085,4.899313599,0.694389999,
GNB,Guinea-Bissau,2003,,,,,,53.627,,,
GUY,Guyana,2003,0.591,,,,,68.004,10.70758611,6.340323673,
HTI,Haiti,2003,0.497,0.461996469,0.532912825,0.592,0.867,61.463,9.233629821,3.049572989,2092.145207
HND,Honduras,2003,0.565,0.539865085,0.576842321,0.552,0.936,71.57,10.0218112,4.885804391,2280.699159
HKG,"Hong Kong, China (SAR)",2003,0.854,0.83209392,0.875003424,,0.951,84.262,13.62267017,10.0717783,27608.99442
HUN,Hungary,2003,0.798,0.794791533,0.800678328,0.254,0.993,76.658,15.8861599,10.10846519,16831.4714
ISL,Iceland,2003,0.916,0.89804223,0.924796197,0.125,0.971,82.349,19.2703495,11.99020692,32634.24595
IND,India,2003,0.514,0.445624223,0.564782065,0.637,0.789,65.287,8.399800301,3.162469162,1383.553608
IDN,Indonesia,2003,0.622,0.585287801,0.647252217,0.569,0.904,69.242,11.14181995,6.181457415,3588.207837
IRN,Iran (Islamic Republic of),2003,0.713,0.635191385,0.751468665,0.537,0.845,72.23,11.5975399,8.62559752,3798.748236
IRQ,Iraq,2003,0.566,0.437880251,0.622759472,0.674,0.703,69.925,7.782019973,4.491459,802.0974401
IRL,Ireland,2003,0.877,0.867412654,0.882099544,0.198,0.983,80.561,17.60222054,10.48811007,31995.03542
ISR,Israel,2003,0.843,0.820920194,0.871643665,0.174,0.942,81.648,15.07734013,9.918822809,21493.28547
ITA,Italy,2003,0.858,0.835934255,0.873597287,0.179,0.957,82.874,16.2056694,8.710484982,27652.24822
JAM,Jamaica,2003,0.665,0.658631159,0.666244721,0.446,0.989,73.261,10.84215417,8.065584183,7003.062242
JPN,Japan,2003,0.889,0.86781522,0.904722308,0.156,0.959,85.245,14.91810458,11.90465097,25092.26148
JOR,Jordan,2003,0.697,0.606003314,0.730550479,0.552,0.83,74.393,12.56188011,7.485459805,2183.715044
KAZ,Kazakhstan,2003,0.717,0.716625013,0.714021941,0.347,1.004,70.138,13.56746483,10.50693512,9673.234741
KEN,Kenya,2003,0.501,0.461599607,0.53168056,0.647,0.868,56.669,8.461624861,4.443015097,2535.00578
KIR,Kiribati,2003,0.588,0.572067594,0.601637446,,0.951,66.586,12.03026009,7.380902587,2332.358401
PRK,Korea (Democratic People's Rep. of),2003,,,,,,73.098,,,
KOR,Korea (Republic of),2003,0.845,0.810650896,0.872103447,0.152,0.93,81.052,15.03481007,10.07606239,18051.02784
KWT,Kuwait,2003,0.796,0.788924483,0.790438774,0.68,0.998,79.11,14.43459988,6.385532791,43733.64585
KGZ,Kyrgyzstan,2003,0.635,0.623208441,0.642250491,0.434,0.97,70.34,12.11104965,10.48570404,2390.132377
LAO,Lao People's Democratic Republic,2003,0.498,0.457451071,0.537816384,0.578,0.851,62.013,7.751379967,3.063087489,2668.914727
LVA,Latvia,2003,0.795,0.804429835,0.781890974,0.26,1.029,75.893,16.60366058,12.09474255,12818.99457
LBN,Lebanon,2003,,,,,,77.352,10.59053625,,
LSO,Lesotho,2003,0.45,0.438873805,0.456549813,,0.961,46.633,10.6787796,6.196716206,1999.294332
LBR,Liberia,2003,0.422,,,,,55.527,8.628049578,1.773038631,
LBY,Libya,2003,0.755,,,,,73.529,16.03392982,5.72,
LIE,Liechtenstein,2003,0.896,0.870294519,0.918484735,,0.948,81.621,13.15365028,10.97576865,70702.37767
LTU,Lithuania,2003,0.805,0.811811739,0.795385619,0.233,1.021,77.861,16.84733009,11.28517895,13786.16554
LUX,Luxembourg,2003,0.873,0.856442146,0.87455534,0.178,0.979,80.648,13.53746033,10.70322037,56888.67416
MDG,Madagascar,2003,0.451,0.428758316,0.472778232,0.654,0.907,60.548,8.195249557,3.844427109,1224.895443
MWI,Malawi,2003,0.402,0.375141452,0.429101621,0.648,0.874,50.433,10.2423296,2.586150562,896.9571783
MYS,Malaysia,2003,0.73,0.705849325,0.745571045,0.274,0.947,76.194,13.29199028,7.45714016,9576.269841
MDV,Maldives,2003,0.655,0.624229219,0.675863411,0.436,0.924,75.184,12.28991032,3.253137182,8281.314618
MLI,Mali,2003,0.348,,,,,53.579,4.412137538,1.159148595,
MLT,Malta,2003,0.812,0.773602061,0.835125943,0.29,0.926,81.496,14.56095982,8.313975906,14177.07655
MHL,Marshall Islands,2003,,,,,,66.257,11.44724655,,
MRT,Mauritania,2003,0.47,0.423306031,0.505177621,0.712,0.838,63.02,6.190199852,2.631420613,2224.501592
MUS,Mauritius,2003,0.704,0.666699223,0.7293245,0.46,0.914,75.723,12.84638023,6.251934442,6931.75201
MEX,Mexico,2003,0.725,0.696509165,0.745450994,0.435,0.934,76.921,12.63562965,6.743870139,10355.70931
FSM,Micronesia (Federated States of),2003,0.643,,,,,73.739,,,
MDA,Moldova (Republic of),2003,0.681,0.67798032,0.683473144,0.321,0.992,70.997,12.07691002,10.37109908,5793.588053
MCO,Monaco,2003,,,,,,87.404,18.55743729,,
MNG,Mongolia,2003,0.629,0.642827059,0.61797622,0.381,1.04,69.344,11.96197987,9.365158844,4409.331078
MNE,Montenegro,2003,0.749,,,,,76.841,11.9168396,9.591389656,
MAR,Morocco,2003,0.557,0.487812006,0.605618185,0.589,0.805,69.593,9.045399666,2.606,2303.164585
MOZ,Mozambique,2003,0.339,0.311508275,0.363958918,0.57,0.856,52.305,6.453405142,1.380925292,693.8531336
MMR,Myanmar,2003,0.435,,,,,64.306,9.45763998,2.876407086,
NAM,Namibia,2003,0.547,0.52752285,0.562997123,0.548,0.937,52.74,11.73781967,5.872006767,5478.327109
NRU,Nauru,2003,,,,,,62.339,7.953529835,5.319562079,
NPL,Nepal,2003,0.476,0.437834362,0.512191179,0.639,0.855,66.095,7.87966013,1.72551198,2003.223908
NLD,Netherlands,2003,0.893,0.872294619,0.909247849,0.084,0.959,80.926,16.30307961,11.36226071,35715.58199
NZL,New Zealand,2003,0.908,0.893651998,0.914797968,0.172,0.977,81.344,18.53537694,13.14112206,26077.05767
NIC,Nicaragua,2003,0.575,0.55268457,0.589752654,0.521,0.937,70.179,10.79493656,5.286,2454.51793
NER,Niger,2003,0.276,0.215466705,0.32478123,0.811,0.663,51.63,2.39966011,0.772040047,494.9792004
NGA,Nigeria,2003,0.449,0.40139424,0.492967301,0.704,0.814,49.54,7.619009972,3.458976507,2328.644059
MKD,North Macedonia,2003,0.69,0.659652152,0.713521177,0.229,0.925,75.91,11.74440956,6.687923014,6743.107606
NOR,Norway,2003,0.923,0.915609195,0.925538104,0.077,0.989,81.93,18.17791939,12.07365996,47271.97609
OMN,Oman,2003,0.732,0.667468538,0.763160392,,0.875,77.238,11.32030964,5.252729893,11852.91804
PAK,Pakistan,2003,0.455,0.352600163,0.528645721,0.666,0.667,63.967,4.535904378,2.4926352,880.8295318
PLW,Palau,2003,0.765,0.756585967,0.765206529,,0.989,72.286,15.34989621,12.20337885,8936.717492
PSE,"Palestine, State of",2003,,,,,,73.331,12.36633968,,989.2919885
PAN,Panama,2003,0.738,0.730358758,0.741024895,0.48,0.986,78.141,13.41481495,8.455827141,9982.856585
PNG,Papua New Guinea,2003,0.467,0.43474184,0.498475507,0.697,0.872,63.932,6.283130791,2.588533639,2636.148583
PRY,Paraguay,2003,0.663,0.643798945,0.67468482,0.53,0.954,73.637,12.64665985,6.924530029,4733.753188
PER,Peru,2003,0.683,0.660581626,0.703405113,0.45,0.939,74.361,12.1830101,8.08030549,5117.95601
PHL,Philippines,2003,0.652,0.639374347,0.660749139,0.458,0.968,71.693,12.04751968,8.513547659,4032.362862
POL,Poland,2003,0.814,0.809567796,0.815737685,0.16,0.992,78.884,16.27783966,11.38986142,13005.73081
PRT,Portugal,2003,0.803,0.79517221,0.808454171,0.18,0.984,80.85,16.12813568,7.036900043,22864.53314
QAT,Qatar,2003,0.801,0.784461191,0.788738331,,0.995,77.156,13.59550953,8.979758505,27425.85741
ROU,Romania,2003,0.733,0.719186529,0.745992224,0.387,0.964,73.346,13.25384045,9.234307671,10532.95056
RUS,Russian Federation,2003,0.757,0.77520086,0.739161591,0.37,1.049,72.37,14.75026035,12.38431132,13252.58427
RWA,Rwanda,2003,0.385,0.361283334,0.409340218,0.499,0.883,54.007,8.012499809,2.173199972,887.3921364
KNA,Saint Kitts and Nevis,2003,,,,,,74.466,14.40181319,,
LCA,Saint Lucia,2003,0.701,0.699589562,0.700272017,0.377,0.999,75.039,12.89229688,7.937512272,9032.629328
VCT,Saint Vincent and the Grenadines,2003,0.712,,,,,75.118,13.01671982,8.554919987,
WSM,Samoa,2003,0.683,0.649778604,0.699228275,,0.929,74.497,12.09402517,11.19118004,2458.817488
SMR,San Marino,2003,0.883,,,,,82.168,15.78606761,,55837.36558
STP,Sao Tome and Principe,2003,0.516,,,,,65.037,9.407030106,4.062613759,
SAU,Saudi Arabia,2003,0.765,0.675937584,0.801662062,0.777,0.843,75.22,12.58003552,6.298314929,9057.315871
SEN,Senegal,2003,0.407,,,,,60.338,5.979049904,0.988139106,
SRB,Serbia,2003,0.71,,,,,75.317,13.38494968,7.326773246,
SYC,Seychelles,2003,0.749,,,,,75.959,12.47924042,10.30316662,
SLE,Sierra Leone,2003,0.355,0.317902487,0.391250173,0.667,0.813,47.71,6.020621702,1.94220601,1063.268466
SGP,Singapore,2003,0.878,0.856354587,0.889563398,0.16,0.963,82.28,15.88066096,9.495739937,39008.6771
SVK,Slovakia,2003,0.783,0.775691197,0.786537311,0.182,0.986,77.79,14.21401978,10.61523228,12797.04567
SVN,Slovenia,2003,0.858,0.851199807,0.860748084,0.128,0.989,80.498,17.22753906,11.1941364,21541.26507
SLB,Solomon Islands,2003,0.503,,,,,69.991,7.451930046,4.892094066,
SOM,Somalia,2003,,,,,,52.106,,,
ZAF,South Africa,2003,0.629,0.618880971,0.636525022,0.463,0.972,56.232,13.58157539,8.470330238,9792.94101
SSD,South Sudan,2003,,,,,,51.229,,,
ESP,Spain,2003,0.84,0.824132108,0.849533116,0.132,0.97,83.07,16.31253052,8.125574992,24290.4876
LKA,Sri Lanka,2003,0.7,0.676403785,0.712518347,0.458,0.949,76.033,12.81443763,9.960751261,3717.841798
SDN,Sudan,2003,0.438,0.394243,0.468757924,0.669,0.841,61.517,5.481349945,2.05,2140.301846
SUR,Suriname,2003,,,,,,68.94,11.9688533,,7163.498363
SWE,Sweden,2003,0.914,0.903806124,0.913572106,0.049,0.989,82.417,20.10911942,12.15696695,34975.2285
CHE,Switzerland,2003,0.893,0.865708036,0.912360001,0.084,0.949,82.979,14.78816032,10.19941705,46810.7421
SYR,Syrian Arab Republic,2003,0.613,0.535093175,0.652988139,0.46,0.819,74.978,10.1322298,4.449246025,1860.116149
TJK,Tajikistan,2003,0.581,0.515981132,0.624302612,0.387,0.826,67.913,9.128290176,10.39258873,875.3846769
TZA,Tanzania (United Republic of),2003,0.425,0.398978737,0.450389801,0.606,0.886,56.061,6.988246808,3.735548067,1287.921181
THA,Thailand,2003,0.698,0.688341252,0.705336698,0.387,0.976,77.113,13.2582202,6.516145195,8056.583075
TLS,Timor-Leste,2003,0.522,,,0.566,,62.507,,3.308061453,2017.635096
TGO,Togo,2003,0.449,,,,,56.402,8.255949974,1.837607936,
TON,Tonga,2003,0.693,,,,,73.021,14.25128808,9.939797783,
TTO,Trinidad and Tobago,2003,0.733,0.716807811,0.741981185,0.362,0.966,72.824,11.91852509,9.408387952,13228.80063
TUN,Tunisia,2003,0.669,0.609152342,0.705904324,0.361,0.863,77.009,13.23476982,4.214000865,3351.053734
TUR,Türkiye,2003,0.691,0.626608751,0.734574669,0.508,0.853,76.252,11.06484985,4.706410231,6958.772162
TKM,Turkmenistan,2003,,,,,,69.371,,10.53588581,
TUV,Tuvalu,2003,0.608,,,,,66.111,11.82488302,8.28138692,
UGA,Uganda,2003,0.427,0.401017532,0.452493733,0.588,0.886,51.913,9.755233622,3.456990083,1150.608733
UKR,Ukraine,2003,0.73,0.733517001,0.724963722,0.35,1.012,73.79,14.59183025,11.07205243,7193.266508
ARE,United Arab Emirates,2003,0.807,0.786974972,0.801686576,0.73,0.982,78.521,12.66578571,9.611995021,26222.13741
GBR,United Kingdom,2003,0.879,0.865834206,0.887538931,0.211,0.976,80.488,16.55761909,11.37458212,31116.12821
USA,United States,2003,0.898,0.891466776,0.902199848,0.263,0.988,79.715,16.7628261,12.80369329,39170.07709
URY,Uruguay,2003,0.771,0.774438454,0.762346463,0.363,1.016,80.119,16.56212997,9.139019966,9332.741602
UZB,Uzbekistan,2003,0.624,0.603851671,0.639334296,0.305,0.945,70.067,11.32542992,10.08956713,2132.996831
VUT,Vanuatu,2003,,,,,,71.856,9.543370247,,2046.415212
VEN,Venezuela (Bolivarian Republic of),2003,0.702,0.690715444,0.707144652,0.513,0.977,75.88,11.94960022,7.778218174,8940.6681
VNM,Viet Nam,2003,0.628,0.614885265,0.638737856,0.328,0.963,77.718,11.35525127,5.784241516,3532.682333
YEM,Yemen,2003,0.462,0.33665282,0.535544775,0.832,0.629,66.514,5.691569805,0.66,793.4276318
ZMB,Zambia,2003,0.448,0.404588431,0.487749679,0.619,0.83,49.439,8.416257286,4.5856265,1542.643869
ZWE,Zimbabwe,2003,0.414,0.381419975,0.447389588,0.616,0.853,43.956,9.797050476,6.143753052,1031.25015
AFG,Afghanistan,2004,0.395,,,,,59.216,4.210760117,0.459014809,
ALB,Albania,2004,0.707,0.676898493,0.730722673,0.271,0.926,79.237,11.44048977,8.465221541,5043.144801
DZA,Algeria,2004,0.683,0.595913122,0.727802499,0.561,0.819,72.812,12.56894016,5.928468473,2739.230047
AND,Andorra,2004,0.828,,,,,81.149,10.61168003,10.56851959,
AGO,Angola,2004,0.437,0.398112008,0.473847303,,0.84,52.657,5.764119983,2.517891566,4001.391827
ATG,Antigua and Barbuda,2004,,,,,,77.964,,,
ARG,Argentina,2004,0.798,0.793318286,0.79754487,0.391,0.995,78.103,17.22639084,10.09709676,11448.58495
ARM,Armenia,2004,0.689,0.666300459,0.699383228,0.404,0.953,75.116,10.98648395,10.63479824,3914.383945
AUS,Australia,2004,0.908,0.885411024,0.924780472,0.136,0.957,83.18,21.73842515,11.35781956,27108.67427
AUT,Austria,2004,0.886,0.863813257,0.901591605,0.126,0.958,82.094,15.62208138,11.03798921,33160.83165
AZE,Azerbaijan,2004,0.67,0.655638228,0.683157699,0.362,0.96,70.771,11.97808617,10.1559788,4221.495694
BHS,Bahamas,2004,0.795,0.793781503,0.793049524,0.356,1.001,75.705,11.79783239,11.5505619,29160.98076
BHR,Bahrain,2004,0.795,0.774661575,0.805247599,0.355,0.962,78.253,13.72264004,7.481086572,29593.00662
BGD,Bangladesh,2004,0.518,0.447631025,0.557586598,0.738,0.803,68.534,8.374423313,3.966783023,995.39814
BRB,Barbados,2004,0.774,0.769551121,0.770926456,0.347,0.998,76.835,15.74687529,9.522509301,11927.72132
BLR,Belarus,2004,0.74,0.749298649,0.729858444,0.157,1.027,75.453,14.48172779,10.53984069,9335.33495
BEL,Belgium,2004,0.899,0.881064695,0.911272045,0.105,0.967,81.849,19.10183907,10.67168205,32865.05611
BLZ,Belize,2004,0.685,0.658037655,0.702780592,0.495,0.936,71.853,13.24388027,7.7928445,5236.375393
BEN,Benin,2004,0.444,0.393136779,0.490980726,0.652,0.801,58.05,6.65970993,1.530166682,2256.612825
BTN,Bhutan,2004,,,,,,66.917,8.836283684,,
BOL,Bolivia (Plurinational State of),2004,0.626,0.60100822,0.65013573,0.533,0.924,66.242,13.09912917,6.291843891,4139.617957
BIH,Bosnia and Herzegovina,2004,0.678,,,0.268,,78.692,,4.922838662,5046.247919
BWA,Botswana,2004,0.591,0.574482227,0.605128472,0.51,0.949,53.276,11.58576965,8.058,8910.41848
BRA,Brazil,2004,0.689,0.685743006,0.688852537,0.471,0.995,74.916,14.06447874,6.071249962,8681.389693
BRN,Brunei Darussalam,2004,0.807,0.790323209,0.812162648,,0.973,77.038,12.98964977,8.074,48431.23556
BGR,Bulgaria,2004,0.76,0.753484331,0.764948115,0.239,0.985,76.256,13.87899971,10.19052181,11236.96191
BFA,Burkina Faso,2004,0.317,0.285992549,0.346430316,0.626,0.826,53.786,3.50821507,0.862603061,1279.789387
BDI,Burundi,2004,0.333,0.305757485,0.359408842,0.587,0.851,53.583,5.341420174,1.702644441,688.3486069
CPV,Cabo Verde,2004,0.615,,,,,75.779,11.32073021,5.319904854,
KHM,Cambodia,2004,0.499,0.464666862,0.532658878,0.584,0.872,65.46,9.987409592,2.691104257,1544.453674
CMR,Cameroon,2004,0.458,0.423705289,0.487716836,0.639,0.869,55.64,7.765140057,2.634266002,2589.928676
CAN,Canada,2004,0.901,0.889705056,0.90806951,0.134,0.98,82.365,15.84259469,13.01500797,32787.85279
CAF,Central African Republic,2004,0.326,,,,,46.855,4.281889958,1.663142233,
TCD,Chad,2004,0.327,,,,,49.313,4.194149971,0.723670006,
CHL,Chile,2004,0.787,0.759274057,0.804107335,0.392,0.944,80.72,13.89673996,9.644229889,9680.881758
CHN,China,2004,0.631,0.60194736,0.65420291,0.275,0.92,76.433,11.0168848,5.65497179,3374.814232
COL,Colombia,2004,0.689,0.684123721,0.692464126,0.487,0.988,76.495,12.81904984,7.022190094,7546.952415
COM,Comoros,2004,0.484,0.444268416,0.521559756,,0.852,61.269,8.510909843,2.528299212,2079.845842
COG,Congo,2004,0.525,,,,,57.578,8.140162256,6.315279035,
COD,Congo (Democratic Republic of the),2004,0.388,,,,,54.985,6.006155349,3.835868527,
CRI,Costa Rica,2004,0.731,0.711661586,0.743670284,0.355,0.957,80.635,12.42811966,7.600319779,8623.002651
CIV,Côte d'Ivoire,2004,0.451,,,,,52.505,5.841673215,5.08397001,
HRV,Croatia,2004,0.801,0.789858384,0.810753179,0.158,0.974,79.011,14.40340519,9.592616844,18356.04965
CUB,Cuba,2004,0.728,0.700168421,0.744299369,0.333,0.941,79.321,15.15322971,10.31547222,2993.218793
CYP,Cyprus,2004,0.83,0.809209291,0.847546806,0.217,0.955,80.105,13.49553967,10.12816048,25866.23326
CZE,Czechia,2004,0.838,0.821534652,0.851107414,0.153,0.965,79.215,15.11312962,11.2786115,19765.99715
DNK,Denmark,2004,0.906,0.900519686,0.908625822,0.055,0.991,80.108,17.16651917,13.05692005,39565.61569
DJI,Djibouti,2004,0.365,,,,,59.26,3.50921011,0.964293783,
DMA,Dominica,2004,0.723,,,,,74.462,15.11627439,8.000236923,
DOM,Dominican Republic,2004,0.663,0.640067287,0.675896772,0.498,0.947,72.805,12.19282944,6.8623386,5209.115578
ECU,Ecuador,2004,0.708,,,0.478,,77.285,,7.354192537,6647.278238
EGY,Egypt,2004,0.635,0.569934428,0.674075366,0.574,0.846,70.914,10.48301983,5.343630219,3331.543688
SLV,El Salvador,2004,0.633,0.606711753,0.646899844,0.447,0.938,74.968,12.07104015,4.487910134,4369.482274
GNQ,Equatorial Guinea,2004,0.556,,,,,56.638,6.424611529,5.736810818,
ERI,Eritrea,2004,,,,,,61.54,6.94836998,,
EST,Estonia,2004,0.836,0.850214014,0.818300785,0.212,1.039,78.087,17.37792015,13.03249327,17901.10924
SWZ,Eswatini (Kingdom of),2004,0.436,,,,,43.95,9.534509659,3.184,
ETH,Ethiopia,2004,0.323,0.278161823,0.362695033,0.687,0.767,54.249,4.599450111,1.06947347,596.0009018
FJI,Fiji,2004,0.682,0.644807923,0.702845904,0.437,0.917,68.484,12.53987026,8.721057935,5069.817683
FIN,Finland,2004,0.901,0.899849815,0.90043458,0.088,0.999,82.275,17.64612007,12.15952969,34982.36916
FRA,France,2004,0.861,0.852235077,0.866854133,0.159,0.983,83.868,15.14223003,9.946120262,32066.26509
GAB,Gabon,2004,0.638,0.629163787,0.643961123,0.535,0.977,63.05,11.3647301,7.7,10124.61147
GMB,Gambia,2004,0.419,,,,,59.627,6.419436235,1.543272057,
GEO,Georgia,2004,0.727,0.703160941,0.740988831,0.399,0.949,74.791,13.37078953,11.90394783,4143.841887
DEU,Germany,2004,0.915,0.893057225,0.932876191,0.107,0.957,81.886,16.2070685,13.30329037,32221.15388
GHA,Ghana,2004,0.517,0.481578846,0.550009661,0.58,0.876,60.483,7.063029766,5.916853978,2493.051376
GRC,Greece,2004,0.852,0.83329179,0.867039571,0.176,0.961,82.249,16.55788994,9.200561243,22944.58311
GRD,Grenada,2004,0.754,,,,,74.162,,,
GTM,Guatemala,2004,0.57,0.541309264,0.59351817,0.573,0.912,72.809,9.098032188,3.299240112,4211.624323
GIN,Guinea,2004,0.377,,,,,54.649,5.240749836,0.694612852,
GNB,Guinea-Bissau,2004,,,,,,54.349,,,
GUY,Guyana,2004,0.604,,,,,68.504,11.08473292,6.48424718,
HTI,Haiti,2004,0.494,0.4600868,0.528940157,0.591,0.87,60.246,9.365532117,3.135013612,2100.356665
HND,Honduras,2004,0.57,0.54522953,0.581093836,0.534,0.938,72.07,10.16246296,4.958344901,2318.857599
HKG,"Hong Kong, China (SAR)",2004,0.863,0.84200078,0.88324474,,0.953,84.47,13.91662979,10.21131229,29946.69292
HUN,Hungary,2004,0.802,0.798061857,0.804160222,0.257,0.992,77.092,15.60299015,10.26869774,17501.48785
ISL,Iceland,2004,0.92,0.90552746,0.923372182,0.115,0.981,83.229,19.00530052,12.1254984,33654.53433
IND,India,2004,0.523,0.450891602,0.573543973,0.631,0.786,65.831,8.668715239,3.101652447,1408.129445
IDN,Indonesia,2004,0.621,0.581461561,0.648055291,0.552,0.897,67.113,11.2891798,6.467744917,3598.953641
IRN,Iran (Islamic Republic of),2004,0.722,0.651042503,0.754688671,0.526,0.863,73.886,11.78666019,8.880249559,4071.722909
IRQ,Iraq,2004,0.588,0.468465534,0.639986742,0.678,0.732,69.917,8.038929939,4.576186,1196.972631
IRL,Ireland,2004,0.888,0.868964738,0.898531779,0.193,0.967,80.995,17.43943024,10.74969256,30719.67701
ISR,Israel,2004,0.847,0.825118909,0.874962939,0.171,0.943,82.116,15.03958988,9.962180138,22306.86205
ITA,Italy,2004,0.866,0.84595402,0.879024089,0.177,0.962,83.761,16.47031975,8.811852694,28729.37573
JAM,Jamaica,2004,0.68,0.678631135,0.683610894,0.441,0.993,73.581,12.47675673,8.166528702,7043.77
JPN,Japan,2004,0.893,0.871480405,0.907988501,0.158,0.96,85.503,14.95297316,11.94802799,25878.46091
JOR,Jordan,2004,0.707,0.616290073,0.741146036,0.551,0.832,74.604,12.66201019,7.77303791,2368.373086
KAZ,Kazakhstan,2004,0.729,0.729499773,0.724282814,0.329,1.007,70.464,13.99659983,10.79299879,10487.21869
KEN,Kenya,2004,0.513,0.472785109,0.544322143,0.645,0.869,57.44,9.001279831,4.560197883,2546.29919
KIR,Kiribati,2004,0.585,0.56996465,0.597181499,,0.954,66.621,11.96893024,7.489077841,2224.724365
PRK,Korea (Democratic People's Rep. of),2004,,,,,,72.92,,,
KOR,Korea (Republic of),2004,0.853,0.819728602,0.879302447,0.091,0.932,81.521,15.24724007,10.22025642,19150.89884
KWT,Kuwait,2004,0.8,0.786514764,0.792225916,0.68,0.993,79.087,14.56437969,6.464416471,39033.13751
KGZ,Kyrgyzstan,2004,0.638,0.623349463,0.646961862,0.434,0.964,70.21,12.07374954,10.56009007,2400.004283
LAO,Lao People's Democratic Republic,2004,0.506,0.465732138,0.545146198,0.574,0.854,62.399,8.012749672,3.144717993,2787.405154
LVA,Latvia,2004,0.805,0.815713591,0.79129343,0.251,1.031,76.261,17.09247971,12.25722027,13671.82566
LBN,Lebanon,2004,,,,,,77.852,10.63246462,,5105.968354
LSO,Lesotho,2004,0.448,0.435159611,0.454527193,,0.957,45.93,10.81482983,6.410276333,1898.837618
LBR,Liberia,2004,0.435,,,,,57.686,8.64288262,1.826497083,
LBY,Libya,2004,0.758,,,,,73.906,15.96160721,6.01,
LIE,Liechtenstein,2004,0.91,0.891541067,0.926455449,,0.962,85.103,13.43647957,11.07638815,70664.41188
LTU,Lithuania,2004,0.813,0.820026309,0.803197131,0.18,1.021,77.858,17.17064095,11.48261967,14630.23318
LUX,Luxembourg,2004,0.881,0.868955915,0.88202076,0.14,0.985,82.072,13.46848361,10.84340787,62842.11164
MDG,Madagascar,2004,0.459,0.435862919,0.480489416,0.638,0.907,61.532,8.367724895,3.969151497,1221.618574
MWI,Malawi,2004,0.41,0.382842612,0.436898825,0.62,0.876,52.143,10.05729961,2.72910468,902.0077272
MYS,Malaysia,2004,0.731,0.706787684,0.747247947,0.288,0.946,76.276,13.3032999,7.302740192,10039.98865
MDV,Maldives,2004,0.656,0.625501805,0.676580323,0.436,0.925,74.746,12.35124594,3.221949289,8773.318413
MLI,Mali,2004,0.355,0.318442999,0.385371558,0.672,0.826,54.346,4.706400037,1.204605403,1284.988186
MLT,Malta,2004,0.826,0.779847868,0.854283217,0.297,0.913,81.295,14.88286972,8.827627945,13495.87554
MHL,Marshall Islands,2004,,,,,,66.076,11.73779297,,
MRT,Mauritania,2004,0.48,0.433363181,0.515246243,0.713,0.841,63.284,6.705729961,2.685507007,2250.278867
MUS,Mauritius,2004,0.711,0.673665786,0.735720146,0.46,0.916,75.967,12.93669987,6.466432615,7223.141894
MEX,Mexico,2004,0.729,0.701892429,0.75002702,0.433,0.936,76.983,12.69664001,6.903590202,10842.08753
FSM,Micronesia (Federated States of),2004,0.641,,,,,73.785,,,
MDA,Moldova (Republic of),2004,0.691,0.690312752,0.690972622,0.292,0.999,71.621,12.33907986,10.49632641,6410.35415
MCO,Monaco,2004,,,,,,87.811,18.60618521,,
MNG,Mongolia,2004,0.646,0.664594108,0.630813268,0.391,1.054,69.929,12.59714031,9.501761818,5432.06469
MNE,Montenegro,2004,0.758,,,,,77.8,12.33412075,9.723419666,
MAR,Morocco,2004,0.564,0.496692571,0.612066359,0.579,0.812,69.869,9.287329674,2.698,2451.846356
MOZ,Mozambique,2004,0.349,0.320079172,0.375707377,0.559,0.852,52.636,6.894710064,1.448839651,704.6171196
MMR,Myanmar,2004,0.445,,,,,64.368,9.625071983,2.966667344,
NAM,Namibia,2004,0.551,0.533164747,0.565237227,0.533,0.943,53.12,11.61436987,5.971670201,5930.874141
NRU,Nauru,2004,,,,,,62.229,8.118729591,5.48031957,
NPL,Nepal,2004,0.484,0.443762844,0.522111832,0.639,0.85,66.834,8.229310274,1.80039798,1889.544045
NLD,Netherlands,2004,0.896,0.876391734,0.911767799,0.075,0.961,81.43,16.21552086,11.37508011,37416.19317
NZL,New Zealand,2004,0.912,0.895167351,0.91926615,0.183,0.974,81.374,18.68211219,13.19222813,26480.93863
NIC,Nicaragua,2004,0.58,0.555571736,0.594252937,0.523,0.935,70.4,10.85353355,5.302,2506.101553
NER,Niger,2004,0.286,0.224328648,0.335309705,0.73,0.669,53.007,2.674240112,0.808803859,481.9874194
NGA,Nigeria,2004,0.461,0.414315786,0.503590104,0.699,0.823,49.78,7.965529919,3.694676781,2597.527122
MKD,North Macedonia,2004,0.697,0.666408647,0.721331886,0.214,0.924,76.175,11.74654007,6.988656163,6958.137614
NOR,Norway,2004,0.929,0.920302893,0.931067892,0.069,0.988,82.325,18.3425293,12.16075993,48906.11535
OMN,Oman,2004,0.74,0.675633602,0.769752437,0.368,0.878,77.401,11.6284399,5.596659946,11487.17352
PAK,Pakistan,2004,0.468,0.356915462,0.537138101,0.658,0.664,64.409,4.673626244,2.692846862,838.1273366
PLW,Palau,2004,0.768,0.755831013,0.770194632,,0.981,71.85,15.54039163,12.26662722,8815.619875
PSE,"Palestine, State of",2004,0.652,0.553538377,0.693694836,,0.798,73.595,12.74341011,6.59070015,1205.966685
PAN,Panama,2004,0.744,0.730100527,0.749800731,0.451,0.974,78.466,13.53744984,8.604746056,9129.869389
PNG,Papua New Guinea,2004,0.465,0.433967248,0.496669844,0.693,0.874,64.021,6.465572913,2.663888277,2347.086325
PRY,Paraguay,2004,0.671,0.655402272,0.681786696,0.517,0.961,73.815,12.90594006,7.050154924,5339.425019
PER,Peru,2004,0.69,0.664888805,0.710729272,0.452,0.936,74.737,12.46708012,8.17663002,5002.23846
PHL,Philippines,2004,0.658,0.634651175,0.671012985,0.463,0.946,71.752,12.16551971,8.817540169,3428.238578
POL,Poland,2004,0.812,0.809091803,0.812305623,0.156,0.996,79.224,15.76885033,11.53066317,13238.88582
PRT,Portugal,2004,0.811,0.803356722,0.81637911,0.177,0.984,81.786,16.15266943,7.281909943,23105.28501
QAT,Qatar,2004,0.804,0.793488871,0.792239018,,1.002,77.736,13.43352985,9.144169807,31131.51262
ROU,Romania,2004,0.74,0.725525395,0.751802075,0.375,0.965,72.971,13.39435959,9.440795708,11457.11382
RUS,Russian Federation,2004,0.764,0.782103639,0.745741059,0.345,1.049,72.995,14.67141008,12.37987256,14409.89312
RWA,Rwanda,2004,0.403,0.381531263,0.426825414,0.485,0.894,56.236,8.662329674,2.285340184,935.6716731
KNA,Saint Kitts and Nevis,2004,,,,,,75.196,14.5216945,,
LCA,Saint Lucia,2004,0.706,0.704915569,0.705278763,0.39,0.999,75.287,12.92696953,8.038809124,9498.208302
VCT,Saint Vincent and the Grenadines,2004,0.719,,,,,75.555,13.01933956,8.707438495,
WSM,Samoa,2004,0.688,0.655591785,0.703544383,,0.932,74.694,12.14662016,11.26902504,2599.572141
SMR,San Marino,2004,0.885,,,,,82.255,15.84071016,,57349.32153
STP,Sao Tome and Principe,2004,0.522,,,,,65.923,9.588430405,4.125930314,
SAU,Saudi Arabia,2004,0.775,0.69194029,0.808163728,0.766,0.856,75.953,12.79643162,6.69370985,10042.6047
SEN,Senegal,2004,0.414,,,,,61.136,6.195269891,0.954492792,
SRB,Serbia,2004,0.721,0.700719525,0.739323335,,0.948,75.552,13.42998981,7.779726664,8251.273404
SYC,Seychelles,2004,0.748,,,,,76.111,12.15948009,10.4114537,
SLE,Sierra Leone,2004,0.363,0.326244133,0.398860156,0.665,0.818,48.235,6.304039059,2.006259918,1101.561928
SGP,Singapore,2004,0.886,0.865189269,0.895531361,0.154,0.966,82.637,15.94932034,9.790494919,41287.4352
SVK,Slovakia,2004,0.793,0.785357318,0.797090327,0.191,0.985,78.023,14.53162956,10.82722826,13565.44146
SVN,Slovenia,2004,0.864,0.858018664,0.866243028,0.125,0.991,81.08,16.96923065,11.56023026,22499.21151
SLB,Solomon Islands,2004,0.51,,,,,70.073,7.64963007,4.924961446,
SOM,Somalia,2004,,,,,,52.071,,,
ZAF,South Africa,2004,0.63,0.61762729,0.639072924,0.466,0.966,55.721,13.60582818,8.617560387,9826.924947
SSD,South Sudan,2004,,,,,,51.819,,,
ESP,Spain,2004,0.846,0.832062595,0.854537922,0.123,0.974,83.657,16.42206001,8.333860397,25022.06943
LKA,Sri Lanka,2004,0.683,0.657830675,0.698478746,0.446,0.942,70.576,12.91035509,9.962977001,3999.78121
SDN,Sudan,2004,0.441,0.399685762,0.468957582,0.662,0.852,60.569,5.84126997,2.15,2187.219843
SUR,Suriname,2004,0.667,0.650894593,0.676490638,0.531,0.962,69.832,11.93380702,7.389410019,7661.544732
SWE,Sweden,2004,0.901,0.898258509,0.900446044,0.048,0.998,82.659,16.90859985,12.35239029,35836.47581
CHE,Switzerland,2004,0.898,0.872274287,0.917163483,0.083,0.951,83.47,14.8867197,10.37828205,47701.61313
SYR,Syrian Arab Republic,2004,0.626,0.542999934,0.668152148,0.475,0.813,74.752,10.49203968,4.73728199,1880.560355
TJK,Tajikistan,2004,0.591,0.550014439,0.624701096,0.375,0.88,68.534,9.250809669,10.42482169,1310.598465
TZA,Tanzania (United Republic of),2004,0.435,0.409223601,0.460578207,0.602,0.888,56.744,7.274922958,3.862196064,1350.470451
THA,Thailand,2004,0.707,0.698117171,0.712599032,0.401,0.98,76.996,13.51924038,6.911930084,8424.787104
TLS,Timor-Leste,2004,0.536,,,0.555,,63.319,,3.473307281,2388.931915
TGO,Togo,2004,0.448,,,,,56.123,8.390330315,1.870913675,
TON,Tonga,2004,0.694,,,,,73.113,15.04099369,9.944351768,
TTO,Trinidad and Tobago,2004,0.747,0.734329175,0.754322692,0.351,0.973,74.489,12.04743958,9.583316273,15000.59317
TUN,Tunisia,2004,0.679,0.620083228,0.713919903,0.313,0.869,77.29,13.58931971,4.393320051,3565.925068
TUR,Türkiye,2004,0.696,0.630289016,0.738889716,0.516,0.853,76.564,11.10762978,4.831570148,6967.646424
TKM,Turkmenistan,2004,,,,,,69.806,,10.53808284,
TUV,Tuvalu,2004,0.614,,,,,66.327,11.90447455,8.409655843,
UGA,Uganda,2004,0.441,0.416036781,0.465083167,0.581,0.895,52.832,10.26301956,3.792410056,1197.209768
UKR,Ukraine,2004,0.739,0.741301077,0.733152429,0.341,1.011,74.175,14.54073048,11.26112235,7770.92224
ARE,United Arab Emirates,2004,0.811,0.795878384,0.804814646,0.727,0.989,78.784,12.8319953,9.836007734,27927.43359
GBR,United Kingdom,2004,0.889,0.877426272,0.899198376,0.206,0.976,81.059,17.01806068,11.60609243,32201.25676
USA,United States,2004,0.902,0.894804921,0.906015503,0.259,0.988,80.075,16.80960328,12.77589035,40244.69882
URY,Uruguay,2004,0.77,0.771257674,0.762512372,0.359,1.011,80.263,16.51649094,8.817373276,9373.47963
UZB,Uzbekistan,2004,0.631,0.617643419,0.64215662,0.219,0.962,70.548,11.30784035,10.18355228,2524.722428
VUT,Vanuatu,2004,,,,,,71.872,9.529509544,,2076.977114
VEN,Venezuela (Bolivarian Republic of),2004,0.713,0.706484211,0.71839163,0.513,0.983,76.319,12.61574821,7.738542175,10293.66112
VNM,Viet Nam,2004,0.637,0.624840268,0.646365229,0.329,0.967,77.919,11.65335751,5.995254619,3726.325401
YEM,Yemen,2004,0.47,0.332279015,0.544042723,0.838,0.611,66.849,6.003240108,0.74,642.0800511
ZMB,Zambia,2004,0.459,0.413678126,0.501075558,0.62,0.826,50.457,8.840264606,4.690010071,1504.707653
ZWE,Zimbabwe,2004,0.419,0.386901508,0.451210718,0.61,0.857,45.49,9.87355815,6.295186043,938.6107916
AFG,Afghanistan,2005,0.402,,,,,59.697,4.675174141,0.480141013,
ALB,Albania,2005,0.72,0.690346737,0.742740271,0.263,0.929,79.493,12.18710995,8.541898591,5381.408702
DZA,Algeria,2005,0.69,0.594379949,0.734374723,0.56,0.809,73.075,12.9340601,6.099132265,2394.462043
AND,Andorra,2005,0.828,,,,,83.775,10.72117996,9.964730263,
AGO,Angola,2005,0.451,0.411161058,0.489207881,,0.84,53.634,6.128438294,2.579313421,4250.171868
ATG,Antigua and Barbuda,2005,,,,,,78.369,,,
ARG,Argentina,2005,0.802,0.797734266,0.800046329,0.376,0.997,78.527,16.9937191,10.1865832,12200.85027
ARM,Armenia,2005,0.701,0.682282506,0.709397404,0.394,0.962,75.781,11.24729291,10.71404419,4610.66269
AUS,Australia,2005,0.911,0.888919475,0.927327032,0.135,0.959,83.49,21.9063229,11.4115696,27838.56611
AUT,Austria,2005,0.889,0.868563385,0.904069194,0.121,0.961,82.204,15.74035155,11.13825989,34415.15752
AZE,Azerbaijan,2005,0.682,0.667902485,0.694075908,0.352,0.962,70.947,12.07921121,10.23948264,4988.970669
BHS,Bahamas,2005,0.798,0.797636716,0.796174876,0.358,1.002,76.028,11.81560585,11.62777996,29863.84387
BHR,Bahrain,2005,0.791,0.774948093,0.799263219,0.358,0.97,78.723,13.40095043,7.564805455,30018.91997
BGD,Bangladesh,2005,0.525,0.459201008,0.562559412,0.652,0.816,68.817,8.645009995,4.029274035,1105.009419
BRB,Barbados,2005,0.779,0.775454035,0.77496818,0.344,1.001,76.942,15.97145367,9.634636536,12384.39658
BLR,Belarus,2005,0.749,0.760598114,0.737177353,0.155,1.032,75.601,14.82405081,10.64205467,10477.10068
BEL,Belgium,2005,0.901,0.883643226,0.914937244,0.103,0.966,81.859,19.60954094,10.77062752,33784.81215
BLZ,Belize,2005,0.682,0.656165156,0.700073902,0.486,0.937,71.829,12.64838982,7.965060234,5433.567418
BEN,Benin,2005,0.45,0.40063067,0.4954856,0.649,0.809,58.504,7.073754174,1.539580011,2222.53956
BTN,Bhutan,2005,,,,,,67.463,9.216620445,,3400.60603
BOL,Bolivia (Plurinational State of),2005,0.634,0.608821187,0.657834766,0.538,0.925,66.676,13.66177773,6.290021896,4172.067516
BIH,Bosnia and Herzegovina,2005,0.679,0.640784207,0.709959786,0.264,0.903,78.332,12.44665375,4.933517919,5322.987268
BWA,Botswana,2005,0.601,0.583677338,0.615215186,0.51,0.949,54.383,11.64752007,8.18,9013.334895
BRA,Brazil,2005,0.696,0.692442379,0.695521522,0.469,0.996,75.402,14.10094132,6.248260021,9012.378875
BRN,Brunei Darussalam,2005,0.811,0.793459745,0.816848656,,0.971,77.089,13.24536991,8.1,47947.61668
BGR,Bulgaria,2005,0.765,0.759174771,0.770552219,0.241,0.985,76.253,14.03125,10.28384571,11927.82057
BFA,Burkina Faso,2005,0.327,0.294182753,0.358665732,0.626,0.82,54.617,3.875070095,0.855078719,1224.979589
BDI,Burundi,2005,0.342,0.314724241,0.367041632,0.556,0.857,54.6,5.759769917,1.765528331,674.9899955
CPV,Cabo Verde,2005,0.622,,,,,76.223,11.48746967,5.346008146,
KHM,Cambodia,2005,0.51,0.474164176,0.544825059,0.576,0.87,66.209,10.18818998,2.757897077,1643.164199
CMR,Cameroon,2005,0.459,0.423959679,0.49009474,0.639,0.865,55.679,7.680049896,2.712091228,2588.792441
CAN,Canada,2005,0.903,0.892159336,0.910486125,0.136,0.98,82.435,15.75890323,13.14470387,33716.79437
CAF,Central African Republic,2005,0.33,,,,,47.287,4.377259956,1.720491965,
TCD,Chad,2005,0.329,,,,,49.304,4.120870113,0.756062007,
CHL,Chile,2005,0.795,0.76745221,0.811436623,0.378,0.946,81.078,14.21294975,9.670116742,10252.48367
CHN,China,2005,0.643,0.617224783,0.662490373,0.274,0.932,76.819,11.6202054,5.753004789,3734.318102
COL,Colombia,2005,0.701,0.695718408,0.705028893,0.487,0.987,76.766,13.33514023,7.261559963,7823.804201
COM,Comoros,2005,0.491,0.448257151,0.52851659,,0.848,61.431,8.829169846,2.672696188,1964.083954
COG,Congo,2005,0.539,0.503753431,0.574484753,0.621,0.877,58.747,8.415484481,6.351425358,3016.513954
COD,Congo (Democratic Republic of the),2005,0.392,0.347687254,0.434828088,0.651,0.8,55.454,6.06975689,3.895803973,628.9177584
CRI,Costa Rica,2005,0.739,0.725264873,0.747981844,0.343,0.97,80.862,12.71146543,7.771492592,9898.328781
CIV,Côte d'Ivoire,2005,0.453,,,,,52.899,5.993447876,4.985884994,
HRV,Croatia,2005,0.806,0.795939881,0.814991514,0.158,0.977,78.838,14.70818996,9.741095924,19101.8047
CUB,Cuba,2005,0.741,0.713965256,0.755611357,0.332,0.945,79.453,15.65200996,10.46173325,3343.293819
CYP,Cyprus,2005,0.833,0.814630897,0.848908835,0.196,0.96,80.287,13.53046989,10.35309029,26606.02602
CZE,Czechia,2005,0.847,0.831054388,0.859272198,0.152,0.967,79.285,15.45092964,11.51558081,21051.07631
DNK,Denmark,2005,0.911,0.904710937,0.91456754,0.055,0.989,80.445,17.4025898,12.93390338,40869.62082
DJI,Djibouti,2005,0.374,,,,,60.184,3.744800091,1.040082437,
DMA,Dominica,2005,0.724,,,,,75.529,15.04361765,8.041242671,
DOM,Dominican Republic,2005,0.674,0.654660745,0.68511983,0.498,0.956,73.407,12.4341108,6.958024437,6082.259176
ECU,Ecuador,2005,0.714,,,0.477,,77.534,,7.423678426,6735.623707
EGY,Egypt,2005,0.637,0.569178307,0.677685299,0.575,0.84,71.226,10.56779995,5.273375225,3212.477489
SLV,El Salvador,2005,0.64,0.612747291,0.653568666,0.444,0.938,75.083,12.28742981,4.550720147,4554.709725
GNQ,Equatorial Guinea,2005,0.57,,,,,57.078,6.77025945,5.907784074,
ERI,Eritrea,2005,0.466,,,,,62.375,6.832581997,3.897536709,
EST,Estonia,2005,0.848,0.862622968,0.830297927,0.2,1.039,78.506,17.58706093,13.22729667,20158.26806
SWZ,Eswatini (Kingdom of),2005,0.439,,,,,43.356,9.822719574,3.0,
ETH,Ethiopia,2005,0.343,0.296489475,0.382306632,0.64,0.776,55.338,5.467860222,1.128515657,606.3224565
FJI,Fiji,2005,0.684,0.65766017,0.70175983,0.434,0.937,68.666,12.64918966,8.886305202,5999.039525
FIN,Finland,2005,0.904,0.902731313,0.903464462,0.085,0.999,82.296,17.73031998,12.21541977,35931.24573
FRA,France,2005,0.869,0.860299953,0.874292718,0.157,0.984,83.839,15.72220039,10.03040981,32794.79665
GAB,Gabon,2005,0.643,0.633019957,0.64964719,0.542,0.974,63.215,11.42030609,7.87,10206.87736
GMB,Gambia,2005,0.422,,,,,60.002,6.704784705,1.612678472,
GEO,Georgia,2005,0.738,0.710828171,0.752214588,0.402,0.945,75.596,13.68311024,11.96780682,4195.03218
DEU,Germany,2005,0.916,0.886670258,0.93771867,0.108,0.946,81.966,16.28739977,13.20040035,28490.55596
GHA,Ghana,2005,0.529,0.494887305,0.561573979,0.575,0.881,61.091,7.717350006,6.006782779,2604.276829
GRC,Greece,2005,0.864,0.844647581,0.878897044,0.178,0.961,82.658,17.22257042,9.339170456,23465.12591
GRD,Grenada,2005,0.773,,,,,76.515,,,
GTM,Guatemala,2005,0.574,0.539199235,0.599310089,0.571,0.9,72.701,9.412108231,3.24437511,3792.822413
GIN,Guinea,2005,0.387,,,,,55.288,5.750380039,0.694835705,
GNB,Guinea-Bissau,2005,0.402,,,,,54.373,,1.290052633,
GUY,Guyana,2005,0.615,,,,,68.675,11.46187973,6.628170687,
HTI,Haiti,2005,0.506,0.476970234,0.536036743,0.575,0.89,62.609,9.499318635,3.220454234,2301.206057
HND,Honduras,2005,0.575,0.56766302,0.579793424,0.468,0.979,72.132,10.30311472,5.030885411,3291.974312
HKG,"Hong Kong, China (SAR)",2005,0.871,0.848690618,0.891174591,,0.952,84.743,14.07201958,10.35084629,31185.79601
HUN,Hungary,2005,0.807,0.800472312,0.811035778,0.254,0.987,77.068,15.86814976,10.42893028,16902.89826
ISL,Iceland,2005,0.926,0.909629865,0.931490527,0.106,0.977,83.17,19.26896095,12.26078987,35588.61542
IND,India,2005,0.532,0.457380752,0.582286248,0.619,0.785,66.379,8.937630177,3.040835733,1464.024752
IDN,Indonesia,2005,0.634,0.593174048,0.6612678,0.55,0.897,69.294,11.09840536,6.754032418,3652.485102
IRN,Iran (Islamic Republic of),2005,0.727,0.660741147,0.758859039,0.506,0.871,74.356,11.81177998,9.134901597,4398.770825
IRQ,Iraq,2005,0.591,0.473847806,0.641392753,0.678,0.739,69.873,8.332022805,4.660913,1216.326363
IRL,Ireland,2005,0.894,0.877634734,0.904614027,0.187,0.97,81.181,17.49482918,11.01127505,33402.02307
ISR,Israel,2005,0.856,0.837980555,0.874428353,0.168,0.958,82.088,15.02670956,10.84851027,23384.45977
ITA,Italy,2005,0.869,0.848735906,0.882390401,0.175,0.962,83.673,16.62484932,8.913220406,28913.30651
JAM,Jamaica,2005,0.685,0.686064386,0.690136827,0.442,0.994,73.735,12.958395,8.267473221,7133.539978
JPN,Japan,2005,0.894,0.873116669,0.909196283,0.145,0.96,85.41,14.98784174,11.99140501,26482.09413
JOR,Jordan,2005,0.713,0.623013893,0.748308918,0.551,0.833,74.781,12.49903965,8.060616016,2532.198683
KAZ,Kazakhstan,2005,0.739,0.741158736,0.732459763,0.335,1.012,70.839,14.42573484,11.07906246,11068.07577
KEN,Kenya,2005,0.521,0.482039748,0.551286853,0.644,0.874,58.523,9.135290146,4.677380668,2620.506001
KIR,Kiribati,2005,0.585,0.554378577,0.607232939,,0.913,66.597,11.79362011,7.598592068,1749.938669
PRK,Korea (Democratic People's Rep. of),2005,,,,,,72.71,,,
KOR,Korea (Republic of),2005,0.861,0.827471622,0.886842866,0.093,0.933,81.934,15.46644974,10.36445045,19878.8904
KWT,Kuwait,2005,0.8,0.791367103,0.791202626,0.364,1.0,79.187,14.59220772,6.543300152,41749.91888
KGZ,Kyrgyzstan,2005,0.64,0.625520452,0.647631294,0.766,0.966,70.379,12.19989014,10.63447609,2386.532709
LAO,Lao People's Democratic Republic,2005,0.516,0.476443139,0.554470219,0.568,0.859,63.149,8.271590233,3.226348497,2978.87475
LVA,Latvia,2005,0.815,0.828486916,0.797578461,0.245,1.039,76.442,17.49542999,12.42492962,15440.07903
LBN,Lebanon,2005,0.71,0.655667269,0.734375772,,0.893,78.128,10.67455898,7.515369523,5383.242546
LSO,Lesotho,2005,0.447,0.430223895,0.453867436,,0.948,45.428,10.95088005,6.62383646,1723.132507
LBR,Liberia,2005,0.439,0.388552538,0.489920129,0.66,0.793,58.544,8.657715661,1.879955534,1007.509063
LBY,Libya,2005,0.764,,,,,73.991,15.88928459,6.3,
LIE,Liechtenstein,2005,0.902,0.887363593,0.917149601,,0.968,84.123,13.12007046,11.17700765,76196.78464
LTU,Lithuania,2005,0.821,0.83077805,0.808885752,0.176,1.027,77.692,17.64076996,11.68006039,16138.90066
LUX,Luxembourg,2005,0.882,0.869481533,0.884929005,0.138,0.983,81.903,13.39950689,10.98359537,63213.49034
MDG,Madagascar,2005,0.464,0.442556099,0.483839168,0.633,0.915,61.884,8.540200233,4.032001393,1278.554016
MWI,Malawi,2005,0.417,0.388362798,0.446196972,0.618,0.87,53.962,9.883709908,2.872058798,870.207118
MYS,Malaysia,2005,0.728,0.701820776,0.744755212,0.286,0.942,76.437,12.83209991,7.148340225,10325.02369
MDV,Maldives,2005,0.655,0.626016086,0.675618037,0.39,0.927,76.307,12.41258156,3.190761395,7738.624583
MLI,Mali,2005,0.364,0.3247357,0.397429107,0.66,0.817,54.851,5.000662535,1.250062211,1245.878531
MLT,Malta,2005,0.834,0.793126902,0.859017768,0.285,0.923,82.0,14.9826498,9.341279984,14249.01153
MHL,Marshall Islands,2005,,,,,,65.761,12.02833939,,
MRT,Mauritania,2005,0.485,0.438847162,0.519090059,0.713,0.845,63.394,6.827030182,2.7395934,2369.547686
MUS,Mauritius,2005,0.719,0.685075494,0.741466686,0.386,0.924,76.229,13.30230045,6.680930788,7733.939488
MEX,Mexico,2005,0.733,0.708238523,0.750958344,0.425,0.943,76.986,12.75568962,7.199230194,11226.92759
FSM,Micronesia (Federated States of),2005,0.642,,,,,73.884,,,
MDA,Moldova (Republic of),2005,0.698,0.699499062,0.695837385,0.274,1.005,72.045,12.44596004,10.62155373,6996.266965
MCO,Monaco,2005,,,,,,88.222,18.65493313,,
MNG,Mongolia,2005,0.658,0.67509832,0.642820336,0.383,1.05,70.15,13.55688,9.638364792,5359.738412
MNE,Montenegro,2005,0.761,0.737776978,0.781300483,,0.944,77.165,12.75846958,9.855449677,10239.74535
MAR,Morocco,2005,0.57,0.502598137,0.618063184,0.574,0.813,70.398,9.421930313,2.79,2491.33215
MOZ,Mozambique,2005,0.359,0.331844525,0.384205039,0.555,0.864,52.89,7.487299919,1.516754009,739.9047393
MMR,Myanmar,2005,0.456,,,,,64.761,9.792503986,3.056927601,
NAM,Namibia,2005,0.553,0.534983521,0.567924663,0.53,0.942,53.672,11.49092007,6.071333634,5753.955045
NRU,Nauru,2005,0.527,0.520829885,0.533224539,,0.977,62.328,9.83450985,5.645680416,2734.297089
NPL,Nepal,2005,0.492,0.453009279,0.52874442,0.635,0.857,67.465,8.578960419,1.87528398,1924.980779
NLD,Netherlands,2005,0.899,0.871654096,0.91978579,0.068,0.948,81.591,16.3429203,11.37841988,32628.63306
NZL,New Zealand,2005,0.917,0.900528152,0.924494507,0.165,0.974,82.123,18.82884744,13.2433342,26997.8657
NIC,Nicaragua,2005,0.585,0.563832251,0.597153846,0.517,0.944,70.937,10.91213054,5.55,2611.007658
NER,Niger,2005,0.296,0.235474448,0.344682692,0.727,0.683,54.042,2.888520002,0.845567671,516.9920484
NGA,Nigeria,2005,0.468,0.422180505,0.50999224,0.685,0.828,50.255,8.074529648,3.930377054,2666.714256
MKD,North Macedonia,2005,0.704,0.674494123,0.726833416,0.209,0.928,76.113,11.88263035,7.289389312,7353.767069
NOR,Norway,2005,0.93,0.9231224,0.933000593,0.068,0.989,82.512,18.15383911,12.21986961,50098.40809
OMN,Oman,2005,0.748,0.684244957,0.77498358,0.353,0.883,77.517,11.93657017,5.94059,11343.42024
PAK,Pakistan,2005,0.477,0.361318512,0.541684518,0.654,0.667,63.967,4.81134811,2.893058525,839.3382306
PLW,Palau,2005,0.779,0.77499269,0.778957303,,0.995,71.219,15.73088705,12.33020339,12752.00342
PSE,"Palestine, State of",2005,0.662,0.56213146,0.704471696,,0.798,73.918,12.73112965,6.770235062,1301.379801
PAN,Panama,2005,0.75,0.737090898,0.754563014,0.441,0.977,78.785,13.56785965,8.75366497,9737.755662
PNG,Papua New Guinea,2005,0.469,0.437915684,0.50029349,0.693,0.875,63.937,6.648015035,2.739242914,2357.097857
PRY,Paraguay,2005,0.673,0.653770464,0.687015608,0.517,0.952,73.721,12.68447971,7.175779819,5290.220494
PER,Peru,2005,0.685,0.6593968,0.707983502,0.449,0.931,75.015,12.48865986,7.390299797,5245.730323
PHL,Philippines,2005,0.659,0.636471205,0.672994154,0.461,0.946,71.957,11.94213009,8.826147556,3601.445992
POL,Poland,2005,0.819,0.814870649,0.8187888,0.16,0.995,79.338,15.92179966,11.67146492,13804.64923
PRT,Portugal,2005,0.813,0.805297212,0.817898838,0.165,0.985,81.627,16.17720318,7.394710064,23552.99862
QAT,Qatar,2005,0.811,0.79922984,0.799797919,,0.999,78.33,13.57485008,9.479646683,29218.3524
ROU,Romania,2005,0.75,0.739138569,0.759800021,0.365,0.973,73.964,13.34624958,9.647283745,13123.60769
RUS,Russian Federation,2005,0.767,0.785502619,0.748894822,0.338,1.049,73.15,14.59255981,12.3754338,15362.72544
RWA,Rwanda,2005,0.421,0.399468325,0.442701399,0.475,0.902,58.206,9.091625786,2.397480396,1008.134485
KNA,Saint Kitts and Nevis,2005,0.759,,,,,74.639,14.64157581,8.512123253,
LCA,Saint Lucia,2005,0.711,0.713993817,0.705829128,0.386,1.012,75.492,13.62238979,8.140105975,9453.379731
VCT,Saint Vincent and the Grenadines,2005,0.727,,,,,76.2,13.24717865,8.862676128,
WSM,Samoa,2005,0.692,0.660121145,0.70709577,,0.934,74.686,12.19921515,11.34687004,2732.004883
SMR,San Marino,2005,0.888,,,,,82.744,15.89535272,,57199.23053
STP,Sao Tome and Principe,2005,0.529,,,,,66.06,9.875519753,4.190233669,
SAU,Saudi Arabia,2005,0.783,0.702449983,0.81634415,0.759,0.86,76.211,13.01655006,6.95037206,10785.79129
SEN,Senegal,2005,0.421,0.374817947,0.458306903,0.633,0.818,62.072,6.411489878,0.920846478,1552.468796
SRB,Serbia,2005,0.732,0.710083593,0.749877555,,0.947,75.606,13.69141006,8.232680082,8400.735324
SYC,Seychelles,2005,0.762,,,,,76.462,12.72883034,10.51974079,
SLE,Sierra Leone,2005,0.369,0.331166838,0.407466513,0.663,0.813,48.848,6.600798128,2.029845311,1062.289557
SGP,Singapore,2005,0.896,0.875891294,0.902395542,0.148,0.971,83.244,16.01827655,10.0852499,44318.58002
SVK,Slovakia,2005,0.802,0.794631964,0.805538567,0.192,0.986,78.083,14.8767004,11.03922424,14436.49831
SVN,Slovenia,2005,0.869,0.863216518,0.872012302,0.134,0.99,81.065,17.48205948,11.39686966,23519.58381
SLB,Solomon Islands,2005,0.516,,,,,70.148,7.847330093,4.958049644,
SOM,Somalia,2005,,,,,,52.173,,,
ZAF,South Africa,2005,0.632,0.618636031,0.643269967,0.455,0.962,55.431,13.63008096,8.609950066,10436.46289
SSD,South Sudan,2005,,,,,,52.406,,,
ESP,Spain,2005,0.851,0.837109264,0.859413748,0.124,0.974,83.616,16.45420074,8.626420021,25640.65246
LKA,Sri Lanka,2005,0.71,0.691710876,0.720398239,0.436,0.96,76.667,13.00627255,9.96520274,4431.643912
SDN,Sudan,2005,0.448,0.40978101,0.475216364,0.635,0.862,61.022,6.061600208,2.25,2352.859152
SUR,Suriname,2005,0.673,0.656537177,0.681178867,0.502,0.964,70.425,11.89876075,7.46217932,8035.866401
SWE,Sweden,2005,0.903,0.899837179,0.904272696,0.047,0.995,82.745,16.76092911,12.44297981,36923.54035
CHE,Switzerland,2005,0.903,0.878783546,0.919446327,0.079,0.956,83.695,14.96555042,10.55714706,50106.71496
SYR,Syrian Arab Republic,2005,0.639,0.551672245,0.682545572,0.483,0.808,75.124,10.99771023,5.025317955,1821.963589
TJK,Tajikistan,2005,0.606,0.564344955,0.640206135,0.346,0.882,68.995,9.414679527,10.45705464,1527.992061
TZA,Tanzania (United Republic of),2005,0.445,0.419133138,0.470390818,0.581,0.891,57.432,7.561599108,3.988844061,1407.328098
THA,Thailand,2005,0.715,0.706453368,0.721040406,0.388,0.98,77.758,13.80375004,6.786220074,9033.688337
TLS,Timor-Leste,2005,0.553,,,0.552,,64.0,,3.646807546,2730.604496
TGO,Togo,2005,0.446,0.393935568,0.495159848,0.635,0.796,56.485,8.506119728,1.904219414,1322.683489
TON,Tonga,2005,0.695,,,,,73.063,15.18577711,9.948905754,
TTO,Trinidad and Tobago,2005,0.753,0.742574306,0.759165381,0.344,0.978,74.814,12.18066226,9.758244594,16000.61738
TUN,Tunisia,2005,0.686,0.627876503,0.720853855,0.324,0.871,77.696,13.94386959,4.572639237,3570.100272
TUR,Türkiye,2005,0.701,0.637517963,0.742156151,0.515,0.859,76.867,11.25973988,4.901140213,7422.250188
TKM,Turkmenistan,2005,0.652,,,,,69.636,8.780744643,10.54027987,
TUV,Tuvalu,2005,0.614,,,,,66.711,11.98406608,8.537924767,
UGA,Uganda,2005,0.451,0.428201479,0.472509968,0.573,0.906,54.269,10.27693876,4.127830029,1235.030666
UKR,Ukraine,2005,0.743,0.744324455,0.737460427,0.337,1.009,74.015,14.60542965,11.35674467,8080.545715
ARE,United Arab Emirates,2005,0.815,0.809682472,0.807920461,0.713,1.002,79.033,12.99820489,10.06002045,33089.3613
GBR,United Kingdom,2005,0.895,0.882153951,0.906764991,0.204,0.973,81.197,17.07101059,11.83760274,32790.4999
USA,United States,2005,0.904,0.897260099,0.907246183,0.257,0.989,80.094,16.85638046,12.79817963,41624.56634
URY,Uruguay,2005,0.768,0.771160052,0.759309259,0.36,1.016,80.376,16.02436066,8.495726585,10794.19835
UZB,Uzbekistan,2005,0.636,0.621369976,0.649099324,0.226,0.957,70.301,11.39192963,10.2784129,2649.437245
VUT,Vanuatu,2005,0.557,0.535079809,0.574776309,,0.931,71.922,9.665270502,5.060410447,2114.074947
VEN,Venezuela (Bolivarian Republic of),2005,0.722,0.716796745,0.72489463,0.478,0.989,76.674,13.28189621,7.698866177,10736.5979
VNM,Viet Nam,2005,0.645,0.634817168,0.654147484,0.329,0.97,77.988,11.95146376,6.206267722,3971.323182
YEM,Yemen,2005,0.476,0.339524433,0.548621456,0.814,0.619,67.411,6.23871994,0.82,648.2618861
ZMB,Zambia,2005,0.472,0.426305154,0.513361259,0.614,0.83,51.594,9.264271927,4.794393642,1559.374084
ZWE,Zimbabwe,2005,0.42,0.389779071,0.449479295,0.58,0.867,45.592,9.950065825,6.446619034,945.1476719
AFG,Afghanistan,2006,0.41,,,,,60.243,5.139588165,0.495505526,
ALB,Albania,2006,0.728,0.69998739,0.751080855,0.256,0.932,79.686,12.55358982,8.618575641,5785.317226
DZA,Algeria,2006,0.696,0.601805169,0.738475538,0.552,0.815,73.379,13.01191998,6.364920139,2486.838678
AND,Andorra,2006,0.842,,,,,84.418,10.87094975,10.36855984,
AGO,Angola,2006,0.463,0.423284001,0.501045139,,0.845,54.518,6.492756605,2.640735276,4460.182544
ATG,Antigua and Barbuda,2006,,,,,,78.349,,,
ARG,Argentina,2006,0.814,0.811190142,0.810389235,0.375,1.001,78.716,17.29195023,10.27606964,14336.58777
ARM,Armenia,2006,0.714,0.696506645,0.722133357,0.389,0.965,76.011,11.71717509,10.79329014,5272.72335
AUS,Australia,2006,0.914,0.893031934,0.929325059,0.134,0.961,83.593,22.07422066,11.55757999,28903.44887
AUT,Austria,2006,0.893,0.873180088,0.908406866,0.118,0.961,82.631,15.85862172,11.09018517,35793.00355
AZE,Azerbaijan,2006,0.701,0.688118331,0.712617465,0.354,0.966,71.557,12.18119,10.32298648,6587.619577
BHS,Bahamas,2006,0.8,0.80202151,0.796636665,0.35,1.007,76.176,11.83340608,11.70499802,31516.769
BHR,Bahrain,2006,0.794,0.78233381,0.801420382,0.291,0.976,78.941,13.54226971,7.648524337,32511.78676
BGD,Bangladesh,2006,0.53,0.464897711,0.567924818,0.643,0.819,68.793,8.728190422,4.091765046,1176.73632
BRB,Barbados,2006,0.784,0.781169861,0.778673275,0.34,1.003,77.2,16.19603205,9.672012282,12846.03841
BLR,Belarus,2006,0.761,0.772150416,0.748948657,0.149,1.031,76.008,15.16637383,10.74525991,11555.11324
BEL,Belgium,2006,0.904,0.886872924,0.917862077,0.102,0.966,82.153,19.85601044,10.7891798,34843.37472
BLZ,Belize,2006,0.697,0.671746353,0.713116367,0.47,0.942,72.775,13.29405022,8.470604134,5359.268695
BEN,Benin,2006,0.456,0.408263056,0.501598248,0.647,0.814,58.836,7.487798418,1.548993341,2228.482682
BTN,Bhutan,2006,,,,,,68.099,9.757060051,,4402.160096
BOL,Bolivia (Plurinational State of),2006,0.637,0.609966923,0.661667933,0.529,0.922,67.106,13.53381374,6.288199902,4205.058669
BIH,Bosnia and Herzegovina,2006,0.687,0.653254865,0.716169144,0.251,0.912,79.141,12.61247253,4.944197176,6101.315713
BWA,Botswana,2006,0.615,0.597472099,0.630622824,0.511,0.947,55.147,11.81962013,8.28,10476.86467
BRA,Brazil,2006,0.701,0.698257004,0.700981509,0.467,0.996,75.665,14.13749843,6.425270081,9372.481457
BRN,Brunei Darussalam,2006,0.817,0.799769734,0.822401699,,0.972,77.124,13.57929993,8.176,49386.7957
BGR,Bulgaria,2006,0.77,0.765418347,0.773681601,0.231,0.989,76.298,14.17967987,10.37716961,12753.94104
BFA,Burkina Faso,2006,0.335,0.298826008,0.36919009,0.634,0.809,55.158,4.155260086,0.84762001,1155.47943
BDI,Burundi,2006,0.365,0.341225363,0.387028416,0.552,0.882,55.388,7.32407999,1.828412222,714.2953654
CPV,Cabo Verde,2006,0.633,,,,,76.135,12.37674046,5.37223952,
KHM,Cambodia,2006,0.522,0.485601721,0.555695448,0.567,0.874,67.01,10.38897038,2.887173503,1775.618998
CMR,Cameroon,2006,0.46,0.425596852,0.49053415,0.636,0.868,56.181,7.471399784,2.791095625,2648.747224
CAN,Canada,2006,0.907,0.895824488,0.914397213,0.135,0.98,82.809,15.67521177,13.27439976,34472.23276
CAF,Central African Republic,2006,0.333,,,,,47.83,4.472629954,1.772781427,
TCD,Chad,2006,0.328,,,,,49.515,4.362793446,0.788454008,
CHL,Chile,2006,0.796,0.770027203,0.812954436,0.382,0.947,80.917,14.22270012,9.696003596,10802.40995
CHN,China,2006,0.656,0.630274931,0.675451557,0.269,0.933,77.167,11.94101048,5.851037788,4216.400204
COL,Colombia,2006,0.703,0.688678279,0.710942834,0.491,0.969,77.075,13.75024033,6.802609921,6877.380285
COM,Comoros,2006,0.497,0.45521087,0.5346792,,0.851,61.645,9.147429848,2.817093164,1968.028572
COG,Congo,2006,0.552,0.516026069,0.589090697,0.619,0.876,59.514,8.690806707,6.346261597,3401.238926
COD,Congo (Democratic Republic of the),2006,0.397,0.351632155,0.441530036,0.665,0.796,56.081,6.133358431,3.938111346,634.0508715
CRI,Costa Rica,2006,0.745,0.729940084,0.754616692,0.333,0.967,81.064,12.99481119,7.836434158,9878.362148
CIV,Côte d'Ivoire,2006,0.455,,,,,53.389,6.145222537,4.887799978,
HRV,Croatia,2006,0.814,0.804403466,0.822225596,0.154,0.978,79.325,14.86227989,9.889575005,20203.20202
CUB,Cuba,2006,0.761,0.737658612,0.773241305,0.331,0.954,79.578,17.14246941,10.60799427,3835.142107
CYP,Cyprus,2006,0.839,0.820942757,0.854668748,0.205,0.961,80.522,13.52112961,10.63368988,27602.21153
CZE,Czechia,2006,0.856,0.84065335,0.866471576,0.151,0.97,79.856,15.6402998,11.75255013,22021.77694
DNK,Denmark,2006,0.911,0.904544854,0.914148563,0.056,0.989,80.511,17.26046944,12.8108867,42671.68354
DJI,Djibouti,2006,0.384,,,,,60.419,3.848320007,1.1218277,
DMA,Dominica,2006,0.731,,,,,76.113,14.97131014,8.08224842,
DOM,Dominican Republic,2006,0.684,0.665220717,0.693356068,0.489,0.959,73.86,12.67539215,7.168117252,6490.330502
ECU,Ecuador,2006,0.719,,,0.452,,77.747,,7.493164315,7148.951754
EGY,Egypt,2006,0.642,0.572071091,0.68273609,0.576,0.838,71.49,10.65258007,5.203120232,3323.875946
SLV,El Salvador,2006,0.645,0.622663141,0.655888368,0.412,0.949,75.401,12.32172012,4.613530159,5238.435088
GNQ,Equatorial Guinea,2006,0.587,,,,,57.683,7.115907371,6.083852818,
ERI,Eritrea,2006,0.466,,,,,63.272,6.716794014,3.859498481,
EST,Estonia,2006,0.856,0.870822684,0.836704961,0.192,1.041,78.898,17.63454056,13.42210007,21611.88805
SWZ,Eswatini (Kingdom of),2006,0.454,,,,,44.666,10.39875984,3.172,
ETH,Ethiopia,2006,0.359,0.318431496,0.394757456,0.631,0.807,56.528,6.061356862,1.187557844,712.3729261
FJI,Fiji,2006,0.687,0.651643225,0.70809475,0.427,0.92,68.797,12.75850905,9.051552469,5039.255326
FIN,Finland,2006,0.909,0.908525533,0.906709103,0.079,1.002,82.829,17.76102066,12.27476978,37487.08866
FRA,France,2006,0.873,0.865161682,0.878237178,0.156,0.985,84.189,15.70320034,10.17281485,33910.6554
GAB,Gabon,2006,0.643,0.631451215,0.648863997,0.536,0.973,63.765,11.47588208,8.022,8815.16853
GMB,Gambia,2006,0.427,,,,,60.533,6.990133175,1.700457173,
GEO,Georgia,2006,0.744,0.719480386,0.754278859,0.398,0.954,75.952,13.75953007,12.0316658,4596.588041
DEU,Germany,2006,0.92,0.890645696,0.941324925,0.105,0.946,82.24,16.36773103,13.09622955,30192.85309
GHA,Ghana,2006,0.537,0.505799893,0.566905896,0.568,0.892,61.217,8.205439568,6.119770248,2793.017626
GRC,Greece,2006,0.872,0.853273506,0.88608816,0.177,0.963,82.689,17.33799934,9.790320396,24399.2422
GRD,Grenada,2006,0.772,,,,,76.75,,,
GTM,Guatemala,2006,0.58,0.55670149,0.601165616,0.561,0.926,73.423,9.726184273,3.189510107,4805.632608
GIN,Guinea,2006,0.394,,,,,55.851,6.174320221,0.695058559,
GNB,Guinea-Bissau,2006,0.414,,,,,55.509,8.664739,1.380873,
GUY,Guyana,2006,0.624,,,,,69.17,11.21279478,6.772094194,
HTI,Haiti,2006,0.51,0.478492728,0.541406239,0.608,0.884,63.06,9.635016293,3.251125227,2199.994573
HND,Honduras,2006,0.579,0.568211728,0.585541287,0.474,0.97,72.306,10.44376648,4.94681227,3257.337673
HKG,"Hong Kong, China (SAR)",2006,0.878,0.857415088,0.896737673,,0.956,85.017,14.08889961,10.49038029,34890.05815
HUN,Hungary,2006,0.815,0.809396052,0.818002331,0.24,0.989,77.547,15.98550034,10.73459029,17578.06918
ISL,Iceland,2006,0.928,0.909847488,0.933825011,0.106,0.974,82.96,19.33069038,12.37658848,35577.36646
IND,India,2006,0.541,0.465977568,0.591087107,0.604,0.788,66.891,9.206545115,3.179246187,1505.215981
IDN,Indonesia,2006,0.643,0.605922481,0.666308524,0.543,0.909,69.812,11.34307957,7.04031992,3965.741901
IRN,Iran (Islamic Republic of),2006,0.738,0.672734736,0.766768225,0.505,0.877,74.918,12.14035988,9.599789619,4483.027694
IRQ,Iraq,2006,0.591,0.47954841,0.636072329,0.63,0.754,69.549,8.625115671,4.74564,1262.439985
IRL,Ireland,2006,0.898,0.880508896,0.908117965,0.186,0.97,81.519,17.1386795,11.27285755,34478.20362
ISR,Israel,2006,0.864,0.850521962,0.874930523,0.169,0.972,82.341,14.89892006,11.73484039,24365.46214
ITA,Italy,2006,0.874,0.854781497,0.887285038,0.142,0.963,84.052,16.78215981,9.046719551,29503.99912
JAM,Jamaica,2006,0.695,0.693755721,0.697816582,0.447,0.994,73.797,13.44003328,8.36841774,7326.384578
JPN,Japan,2006,0.898,0.876353408,0.912891561,0.14,0.96,85.698,15.02271032,12.03478203,27017.13256
JOR,Jordan,2006,0.719,0.630989641,0.753329135,0.54,0.838,74.993,12.58932018,8.348194122,2656.056941
KAZ,Kazakhstan,2006,0.75,0.75406766,0.743380807,0.327,1.014,71.262,14.85486984,11.36512613,11918.52491
KEN,Kenya,2006,0.531,0.494252703,0.560137527,0.638,0.882,59.595,9.410914898,4.901815494,2703.063131
KIR,Kiribati,2006,0.581,0.554967947,0.601282141,,0.923,66.527,11.52429962,7.709460664,1807.868281
PRK,Korea (Democratic People's Rep. of),2006,,,,,,72.455,,,
KOR,Korea (Republic of),2006,0.866,0.833014016,0.892035982,0.095,0.934,82.504,15.59407043,10.27032781,20959.95315
KWT,Kuwait,2006,0.8,0.793324927,0.79003286,0.347,1.004,79.282,14.62003574,6.687940121,40953.99893
KGZ,Kyrgyzstan,2006,0.646,0.631856871,0.652708499,0.766,0.968,70.862,12.3916502,10.70886211,2456.000732
LAO,Lao People's Democratic Republic,2006,0.517,0.478789469,0.555134727,0.559,0.862,63.717,8.399089813,3.325471252,2792.390406
LVA,Latvia,2006,0.821,0.8362831,0.802986329,0.253,1.041,76.47,17.5404892,12.5667696,17179.25928
LBN,Lebanon,2006,0.711,0.662917522,0.731821751,,0.906,78.915,10.71682,7.663293885,5554.914395
LSO,Lesotho,2006,0.444,0.426461409,0.453120432,0.599,0.941,45.302,11.16674995,6.394649982,1639.158093
LBR,Liberia,2006,0.443,0.392925205,0.494719295,0.659,0.794,59.063,8.672548703,1.960143211,1029.135229
LBY,Libya,2006,0.768,,,,,74.093,15.81696197,6.586,
LIE,Liechtenstein,2006,0.907,0.885436036,0.929496098,,0.953,83.118,13.44246006,11.12876568,84258.82734
LTU,Lithuania,2006,0.828,0.840209157,0.815008765,0.181,1.031,77.524,17.97579002,11.90336037,17704.20257
LUX,Luxembourg,2006,0.882,0.868100474,0.886554452,0.126,0.979,81.701,13.33053017,11.12378287,61177.38718
MDG,Madagascar,2006,0.469,0.447399023,0.489639201,0.63,0.914,62.719,8.643580437,4.094851289,1273.33922
MWI,Malawi,2006,0.426,0.399249925,0.453227826,0.614,0.881,55.253,10.00018024,3.015012916,911.8047678
MYS,Malaysia,2006,0.732,0.706351084,0.749665723,0.281,0.942,76.432,12.40417004,7.673980236,10815.89776
MDV,Maldives,2006,0.67,0.643003925,0.688998369,0.378,0.933,76.652,12.47391719,3.529030085,9478.084607
MLI,Mali,2006,0.373,0.343862372,0.399078847,0.629,0.862,55.487,5.294925034,1.526049972,1457.590859
MLT,Malta,2006,0.832,0.794044613,0.855160664,0.274,0.929,82.327,14.8075304,9.388160229,14429.64542
MHL,Marshall Islands,2006,,,,,,65.49,12.3188858,,
MRT,Mauritania,2006,0.495,0.44832887,0.530006969,0.653,0.846,63.566,6.985869884,2.83130511,2641.014493
MUS,Mauritius,2006,0.725,0.692562899,0.745757045,0.374,0.929,76.524,13.45034027,6.895428961,8019.213859
MEX,Mexico,2006,0.741,0.716705747,0.759839285,0.429,0.943,76.981,12.89663982,7.501309872,11913.01695
FSM,Micronesia (Federated States of),2006,0.643,,,,,73.937,,,
MDA,Moldova (Republic of),2006,0.706,0.708679174,0.702403299,0.265,1.009,72.564,12.62959003,10.89477697,7257.53497
MCO,Monaco,2006,,,,,,87.914,18.70368104,,
MNG,Mongolia,2006,0.669,0.684252558,0.655305065,0.403,1.044,70.436,13.86316013,9.774967766,5712.414723
MNE,Montenegro,2006,0.771,0.742019742,0.79440975,0.243,0.934,76.618,13.2925396,9.987479687,10215.1914
MAR,Morocco,2006,0.576,0.509605912,0.623134539,0.567,0.818,70.876,9.478460312,2.878,2649.774507
MOZ,Mozambique,2006,0.367,0.340656546,0.390926536,0.554,0.871,53.273,7.879600048,1.571085496,767.4772645
MMR,Myanmar,2006,0.466,,,,,64.781,9.959935989,3.169327168,
NAM,Namibia,2006,0.559,0.54487205,0.57081107,0.529,0.955,54.873,11.35564041,6.1425218,6239.644584
NRU,Nauru,2006,0.499,0.487952772,0.507301856,,0.962,62.524,9.206459999,5.815764591,1609.056669
NPL,Nepal,2006,0.503,0.466130258,0.538696658,0.626,0.865,67.787,9.303830147,1.950169981,1959.452799
NLD,Netherlands,2006,0.905,0.875541467,0.927079853,0.061,0.944,81.882,16.47464943,11.50330973,32457.93353
NZL,New Zealand,2006,0.918,0.901397029,0.927160114,0.172,0.972,82.038,18.97558268,13.29444027,27380.69625
NIC,Nicaragua,2006,0.59,0.568898633,0.601830132,0.524,0.945,71.753,10.82711335,5.674,2667.210771
NER,Niger,2006,0.303,0.244622564,0.351308075,0.718,0.696,55.11,3.014130116,0.879880562,552.0878611
NGA,Nigeria,2006,0.475,0.430923362,0.516732023,0.683,0.834,50.575,8.003031731,4.166077328,2983.755757
MKD,North Macedonia,2006,0.712,0.682191258,0.73567201,0.183,0.927,76.41,11.91777039,7.590122461,7661.798163
NOR,Norway,2006,0.934,0.925551158,0.936697682,0.072,0.988,82.657,18.24053001,12.33580971,50479.75886
OMN,Oman,2006,0.757,0.693596975,0.783933987,0.345,0.885,77.59,12.1361599,6.284520054,11770.87428
PAK,Pakistan,2006,0.485,0.379777006,0.545956581,0.624,0.696,65.653,4.949069977,2.885050058,1035.797422
PLW,Palau,2006,0.78,0.788420675,0.773187029,,1.02,70.479,15.92138246,12.39410907,17044.89678
PSE,"Palestine, State of",2006,0.662,0.570083509,0.700625369,,0.814,74.143,13.07279968,6.949769974,1340.278522
PAN,Panama,2006,0.756,0.750117053,0.757625261,0.443,0.99,79.041,13.62652969,8.902583885,11638.44517
PNG,Papua New Guinea,2006,0.471,0.439637168,0.502509414,0.693,0.875,63.872,6.830457157,2.832927059,2242.435323
PRY,Paraguay,2006,0.674,0.65438401,0.687891373,0.515,0.951,73.924,12.7286849,6.880959988,5583.457777
PER,Peru,2006,0.69,0.665270289,0.713653702,0.417,0.932,75.209,12.72646999,7.275939941,5641.890915
PHL,Philippines,2006,0.659,0.636786389,0.672954657,0.461,0.946,71.959,11.74464035,8.834754944,3730.631874
POL,Poland,2006,0.824,0.819960195,0.823812518,0.161,0.995,79.577,15.90042973,11.81226667,14474.04328
PRT,Portugal,2006,0.819,0.81146414,0.822892969,0.157,0.986,82.54,16.20173693,7.530449867,23567.05321
QAT,Qatar,2006,0.818,0.81348849,0.80828369,0.698,1.006,79.278,13.46446037,9.815123558,33650.08927
ROU,Romania,2006,0.768,0.758899157,0.77567749,0.355,0.978,74.893,14.21181011,9.853771782,14307.68982
RUS,Russian Federation,2006,0.778,0.792991369,0.761856754,0.329,1.041,73.833,14.58343983,12.37099504,16624.93036
RWA,Rwanda,2006,0.44,0.415489022,0.465309045,0.467,0.893,59.802,9.520921898,2.559890358,1064.821764
KNA,Saint Kitts and Nevis,2006,0.765,,,,,74.317,14.76145713,8.745180259,
LCA,Saint Lucia,2006,0.722,0.723566208,0.717280369,0.395,1.009,75.699,13.96150017,8.241402827,10199.01049
VCT,Saint Vincent and the Grenadines,2006,0.737,,,,,76.82,13.47501774,9.020681363,
WSM,Samoa,2006,0.695,0.66374179,0.709574783,,0.935,74.964,12.25181014,11.42471504,2781.897979
SMR,San Marino,2006,0.892,,,,,83.131,15.94999528,,59006.77061
STP,Sao Tome and Principe,2006,0.539,,,,,66.871,10.02382469,4.255539202,
SAU,Saudi Arabia,2006,0.785,0.70273841,0.821348855,0.755,0.856,76.425,12.50283255,7.20703427,11142.88656
SEN,Senegal,2006,0.429,0.386401935,0.465968621,0.63,0.829,62.979,6.627709866,1.051890016,1641.636501
SRB,Serbia,2006,0.743,0.72199678,0.760798769,0.255,0.949,76.261,13.8164196,8.6856335,8770.973516
SYC,Seychelles,2006,0.753,,,,,76.724,11.14101028,10.62802788,
SLE,Sierra Leone,2006,0.371,0.333790152,0.408450321,0.662,0.817,49.865,6.911526962,2.053430704,944.4628863
SGP,Singapore,2006,0.901,0.881957077,0.903664774,0.121,0.976,83.485,16.0875309,9.99641037,49528.42663
SVK,Slovakia,2006,0.812,0.805425687,0.814190167,0.18,0.989,78.374,15.21660995,11.25122023,15511.60156
SVN,Slovenia,2006,0.878,0.874452496,0.878459793,0.127,0.995,81.859,17.72116089,11.59389973,24871.60669
SLB,Solomon Islands,2006,0.523,,,,,70.237,8.456040382,4.991360145,
SOM,Somalia,2006,,,,,,52.212,,,
ZAF,South Africa,2006,0.637,0.622862821,0.647860711,0.452,0.961,55.892,13.65433375,8.665579796,10570.15562
SSD,South Sudan,2006,,,,,,52.82,,,
ESP,Spain,2006,0.856,0.843118516,0.863328602,0.125,0.977,84.211,16.41213036,8.749580383,26783.96738
LKA,Sri Lanka,2006,0.713,0.700052601,0.720673197,0.412,0.971,77.11,13.10219002,9.96742848,4856.807414
SDN,Sudan,2006,0.466,0.423234661,0.497815263,0.626,0.85,63.021,6.361589909,2.302,2396.423065
SUR,Suriname,2006,0.678,0.662058298,0.685738013,0.499,0.965,71.011,11.86371447,7.534948621,8415.408399
SWE,Sweden,2006,0.907,0.903737775,0.908457444,0.047,0.995,82.897,16.71277046,12.52620029,38910.17858
CHE,Switzerland,2006,0.913,0.888984147,0.928578845,0.073,0.957,83.844,15.08378983,11.11224534,51435.7708
SYR,Syrian Arab Republic,2006,0.65,0.553733434,0.694222122,0.489,0.798,75.978,11.23647022,5.31335392,1632.089915
TJK,Tajikistan,2006,0.615,0.57156708,0.651133873,0.344,0.878,69.536,9.515049934,10.4892876,1615.722688
TZA,Tanzania (United Republic of),2006,0.455,0.431567584,0.478709642,0.578,0.902,58.184,7.848275258,4.115492058,1531.601498
THA,Thailand,2006,0.721,0.713933968,0.727007106,0.401,0.982,79.108,13.92648983,6.660510063,9398.161616
TLS,Timor-Leste,2006,0.579,,,0.548,,64.728,,3.828974576,3637.28151
TGO,Togo,2006,0.452,0.400669166,0.499733579,0.628,0.802,56.568,8.880479813,1.936077077,1360.599967
TON,Tonga,2006,0.696,,,,,73.13,15.33056114,9.95345974,
TTO,Trinidad and Tobago,2006,0.762,0.749083369,0.769454365,0.347,0.974,74.204,12.31535815,9.933172915,18061.3067
TUN,Tunisia,2006,0.693,0.638303036,0.725286688,0.317,0.88,77.861,14.17580032,4.793799566,3853.650124
TUR,Türkiye,2006,0.711,0.648726399,0.751843662,0.506,0.863,77.124,11.69789982,4.991680145,7962.02615
TKM,Turkmenistan,2006,0.661,,,,,70.159,9.042662676,10.54247689,
TUV,Tuvalu,2006,0.616,,,,,67.015,12.06365761,8.66619369,
UGA,Uganda,2006,0.463,0.443793246,0.481320879,0.555,0.922,55.885,10.29085795,4.463250001,1335.725281
UKR,Ukraine,2006,0.752,0.75527817,0.744544238,0.314,1.014,74.37,15.04666996,11.41450831,8792.294514
ARE,United Arab Emirates,2006,0.82,0.811948273,0.812489179,0.323,0.999,79.289,13.16441449,10.095584,32251.16021
GBR,United Kingdom,2006,0.894,0.881706707,0.90443805,0.2,0.975,81.478,16.51719093,12.12371454,32877.14005
USA,United States,2006,0.908,0.901294482,0.910556314,0.253,0.99,80.361,16.91596174,12.91238976,42321.21519
URY,Uruguay,2006,0.767,0.76824104,0.760415405,0.358,1.01,80.488,16.06771088,8.174079895,10786.28563
UZB,Uzbekistan,2006,0.642,0.626872167,0.655157836,0.223,0.957,70.585,11.39941978,10.37415716,2787.467541
VUT,Vanuatu,2006,0.564,0.542000595,0.582787587,,0.93,71.966,9.801031459,5.160039253,2259.512374
VEN,Venezuela (Bolivarian Republic of),2006,0.73,0.728520476,0.728202309,0.477,1.0,76.886,13.9480442,7.659190178,11669.97712
VNM,Viet Nam,2006,0.653,0.641129225,0.662665864,0.333,0.968,78.06,12.24957,6.413143312,3980.260509
YEM,Yemen,2006,0.481,0.346532241,0.551490367,0.812,0.628,68.028,6.318759918,0.918,674.0415639
ZMB,Zambia,2006,0.484,0.438351907,0.525321776,0.606,0.834,52.802,9.688279247,4.898777212,1589.737749
ZWE,Zimbabwe,2006,0.422,0.393625247,0.449806014,0.578,0.875,46.394,10.0265735,6.598052025,905.668409
AFG,Afghanistan,2007,0.426,,,,,60.909,5.60400219,0.510870038,
ALB,Albania,2007,0.74,0.71005158,0.763287954,0.259,0.93,80.247,13.06161022,8.695252691,5957.324311
DZA,Algeria,2007,0.701,0.610907055,0.742533102,0.533,0.823,73.735,13.26461029,6.46186018,2656.668069
AND,Andorra,2007,0.851,,,,,85.454,11.72696972,10.39617991,
AGO,Angola,2007,0.48,0.439546481,0.518053078,,0.848,55.815,6.857074916,2.702157132,4988.529503
ATG,Antigua and Barbuda,2007,0.816,,,,,78.769,16.36033058,,
ARG,Argentina,2007,0.817,0.812938859,0.81428427,0.376,0.998,78.515,17.33815956,10.38473463,14631.91704
ARM,Armenia,2007,0.73,0.719575683,0.735162074,0.348,0.979,76.322,12.18002033,10.87253609,7016.898972
AUS,Australia,2007,0.916,0.894881988,0.931063391,0.134,0.961,83.553,22.24211841,11.6340704,29565.29341
AUT,Austria,2007,0.896,0.873799346,0.911730448,0.114,0.958,82.845,15.77728195,11.04211044,36506.79838
AZE,Azerbaijan,2007,0.714,0.688094059,0.732185751,0.353,0.94,72.025,12.28578085,10.40649033,6115.895965
BHS,Bahamas,2007,0.8,0.798716451,0.799693594,0.364,0.999,75.87,11.85123313,11.78221607,29605.87743
BHR,Bahrain,2007,0.8,0.787406423,0.806360342,0.268,0.976,79.469,13.7270298,7.73224322,32064.52327
BGD,Bangladesh,2007,0.533,0.472649819,0.569759057,0.643,0.83,68.213,8.758319855,4.154256058,1351.133156
BRB,Barbados,2007,0.789,0.787288557,0.783275844,0.336,1.005,77.497,16.42061043,9.709388027,13379.68559
BLR,Belarus,2007,0.772,0.782839214,0.761752896,0.15,1.028,76.556,15.50869684,10.84946601,12387.32858
BEL,Belgium,2007,0.907,0.887702016,0.922081142,0.101,0.963,82.201,19.9710598,10.83637476,34878.17939
BLZ,Belize,2007,0.704,0.681924164,0.717779661,0.446,0.95,73.484,13.28122044,8.976148033,5491.661468
BEN,Benin,2007,0.464,0.415762228,0.508820457,0.627,0.817,58.93,7.901842662,1.558406671,2281.306687
BTN,Bhutan,2007,,,,,,68.675,10.35711002,,4741.009897
BOL,Bolivia (Plurinational State of),2007,0.644,0.621788728,0.665322396,0.532,0.935,67.354,14.2022282,6.404705048,4439.695911
BIH,Bosnia and Herzegovina,2007,0.702,0.670985614,0.726881043,0.249,0.923,78.953,12.78050041,5.786719131,6686.369115
BWA,Botswana,2007,0.629,0.608752654,0.646159249,0.51,0.942,56.99,11.81650143,8.38,10276.42853
BRA,Brazil,2007,0.708,0.704745887,0.708256066,0.465,0.995,75.88,14.17415031,6.612539768,9892.450823
BRN,Brunei Darussalam,2007,0.82,0.802471225,0.825393803,,0.972,77.143,13.72618008,8.252,49277.15982
BGR,Bulgaria,2007,0.776,0.768119937,0.781210683,0.226,0.983,76.621,14.37915993,10.49927998,12251.48488
BFA,Burkina Faso,2007,0.339,0.308350393,0.366989815,0.624,0.84,55.777,4.604929924,0.594940007,1301.312432
BDI,Burundi,2007,0.377,0.351140148,0.39934122,0.547,0.879,56.11,8.022270083,1.891296112,695.1217824
CPV,Cabo Verde,2007,0.639,,,,,77.213,12.30593967,5.398599604,
KHM,Cambodia,2007,0.531,0.499123857,0.561479761,0.536,0.889,67.698,10.41151047,3.016449928,2084.89266
CMR,Cameroon,2007,0.472,0.439317705,0.500828492,0.611,0.877,56.469,8.224880219,2.870100021,2748.352771
CAN,Canada,2007,0.907,0.896493008,0.914698448,0.134,0.98,82.804,15.59152031,13.33102379,35045.55078
CAF,Central African Republic,2007,0.339,,,,,48.425,4.567999952,1.825070889,
TCD,Chad,2007,0.339,,,,,50.005,4.604716778,0.820846009,
CHL,Chile,2007,0.801,0.774201244,0.818105594,0.377,0.946,80.549,14.60606956,9.72189045,11144.54727
CHN,China,2007,0.668,0.644319477,0.686967182,0.264,0.938,77.492,12.2841301,5.949070787,4839.590643
COL,Colombia,2007,0.715,0.711364903,0.716838494,0.492,0.992,77.391,14.06005001,7.209209919,8763.516607
COM,Comoros,2007,0.503,0.461794282,0.539178901,,0.856,61.999,9.46568985,2.961490139,1942.385398
COG,Congo,2007,0.553,0.518578473,0.587851786,0.618,0.882,60.395,8.966128932,6.341097837,3116.634433
COD,Congo (Democratic Republic of the),2007,0.401,0.354779451,0.446428719,0.663,0.795,56.352,6.196959972,3.98041872,643.7875888
CRI,Costa Rica,2007,0.754,0.737447215,0.764038671,0.334,0.965,80.934,13.27815696,7.988930225,10456.71855
CIV,Côte d'Ivoire,2007,0.458,,,,,54.001,6.296997197,4.789714962,
HRV,Croatia,2007,0.818,0.807593418,0.826926241,0.157,0.977,79.194,14.94917011,10.03805408,20672.1904
CUB,Cuba,2007,0.775,0.752376266,0.782865925,0.333,0.961,79.694,18.6350708,10.75425529,4178.465024
CYP,Cyprus,2007,0.845,0.827932671,0.860706804,0.182,0.962,81.006,13.54687977,10.86209965,28516.96694
CZE,Czechia,2007,0.862,0.846877273,0.872091448,0.156,0.971,80.077,15.95051003,11.77937984,22852.08642
DNK,Denmark,2007,0.912,0.905000012,0.915748935,0.054,0.988,80.53,17.45783997,12.68787003,42583.50151
DJI,Djibouti,2007,0.394,,,,,61.018,4.238399982,1.20999773,
DMA,Dominica,2007,0.73,,,,,74.739,14.9249572,8.123254168,
DOM,Dominican Republic,2007,0.692,0.674888707,0.699856365,0.495,0.964,74.281,12.9166735,7.378210068,6831.405346
ECU,Ecuador,2007,0.722,,,0.451,,77.947,,7.562650204,7153.823956
EGY,Egypt,2007,0.649,0.584277111,0.687348115,0.561,0.85,71.706,10.73736019,5.548448389,3695.779852
SLV,El Salvador,2007,0.651,0.635607155,0.660598998,0.416,0.962,75.677,12.98437023,5.331679821,4743.440144
GNQ,Equatorial Guinea,2007,0.599,,,,,58.205,7.461555292,6.265168911,
ERI,Eritrea,2007,0.465,,,,,63.784,6.601006031,3.82183149,
EST,Estonia,2007,0.859,0.874073684,0.84053866,0.196,1.04,79.06,17.58703041,13.45440006,22635.33205
SWZ,Eswatini (Kingdom of),2007,0.464,,,,,45.163,10.66836185,3.344,
ETH,Ethiopia,2007,0.376,0.337000704,0.410159164,0.626,0.822,58.062,6.654853503,1.246600032,773.2535453
FJI,Fiji,2007,0.689,0.655362537,0.709244267,0.422,0.924,68.727,12.86782845,9.216799736,5152.386606
FIN,Finland,2007,0.911,0.911650866,0.908290552,0.072,1.004,82.861,17.74167061,12.32907963,39400.03484
FRA,France,2007,0.876,0.868618925,0.880462329,0.137,0.987,84.401,15.65347958,10.31521988,34752.8594
GAB,Gabon,2007,0.646,0.634777497,0.652059563,0.529,0.973,64.079,11.53145806,8.174,8696.39782
GMB,Gambia,2007,0.433,,,,,60.569,7.275481646,1.788235875,
GEO,Georgia,2007,0.755,0.735828881,0.762482559,0.398,0.965,75.784,14.51715517,12.09552479,5403.785175
DEU,Germany,2007,0.923,0.89544465,0.944450815,0.105,0.948,82.399,16.4480623,13.18692017,31534.39919
GHA,Ghana,2007,0.547,0.514886939,0.577109206,0.566,0.892,61.661,8.877389908,6.232757717,2714.374941
GRC,Greece,2007,0.866,0.84952335,0.880481113,0.171,0.965,82.609,16.62462044,9.651949883,27084.80005
GRD,Grenada,2007,0.778,,,,,77.355,,,
GTM,Guatemala,2007,0.59,0.55750216,0.614490858,0.543,0.907,73.682,10.04026031,3.366653403,4145.863963
GIN,Guinea,2007,0.402,,,,,56.447,6.449745178,0.695281412,
GNB,Guinea-Bissau,2007,0.421,,,,,56.138,8.787086,1.490062375,
GUY,Guyana,2007,0.631,,,,,69.776,10.96370983,6.916017701,
HTI,Haiti,2007,0.516,0.480992096,0.547913609,0.6,0.878,63.419,9.77265239,3.28179622,2159.773809
HND,Honduras,2007,0.584,0.574472153,0.590057428,0.471,0.974,72.368,10.58441824,4.972330093,3510.094527
HKG,"Hong Kong, China (SAR)",2007,0.892,0.869477717,0.912889867,,0.952,85.231,14.97673988,10.61336517,34975.14649
HUN,Hungary,2007,0.818,0.811781946,0.820717822,0.241,0.989,77.52,15.97665977,11.0402503,17307.71713
ISL,Iceland,2007,0.933,0.916448565,0.934883193,0.109,0.98,83.333,19.33962059,12.49238709,38036.94437
IND,India,2007,0.55,0.475740811,0.599491244,0.595,0.794,67.342,9.475460052,3.317656641,1586.619494
IDN,Indonesia,2007,0.646,0.611038382,0.673334185,0.536,0.907,69.929,12.0053196,6.39109993,4413.847871
IRN,Iran (Islamic Republic of),2007,0.742,0.677248189,0.769708229,0.508,0.88,75.364,12.49542046,9.397729874,4601.584038
IRQ,Iraq,2007,0.596,0.500876326,0.63882042,0.604,0.784,69.422,8.918208537,4.8510632,1668.592406
IRL,Ireland,2007,0.904,0.885125502,0.915032547,0.18,0.967,81.839,17.16287041,11.53444004,34340.80494
ISR,Israel,2007,0.876,0.862616778,0.885835034,0.17,0.974,82.475,15.12030029,12.34113979,25451.70242
ITA,Italy,2007,0.878,0.858844372,0.890154112,0.14,0.965,84.043,16.86799049,9.217530251,30167.86367
JAM,Jamaica,2007,0.703,0.69989846,0.705951333,0.437,0.991,73.684,13.92167155,8.469362259,7431.304699
JPN,Japan,2007,0.9,0.878851305,0.91552586,0.132,0.96,85.88,15.0575789,12.07815905,27431.91221
JOR,Jordan,2007,0.716,0.638879201,0.750000816,0.515,0.852,75.29,11.67720032,8.635772228,3219.83587
KAZ,Kazakhstan,2007,0.757,0.760381025,0.750872964,0.302,1.013,71.022,14.81057239,11.6511898,13095.5502
KEN,Kenya,2007,0.54,0.504882373,0.568859941,0.635,0.888,60.211,9.68653965,5.12625032,2816.132834
KIR,Kiribati,2007,0.582,0.559277995,0.599558569,,0.933,66.468,11.46282005,7.821699196,1922.595998
PRK,Korea (Democratic People's Rep. of),2007,,,,,,72.236,,,
KOR,Korea (Republic of),2007,0.871,0.83748184,0.897371038,0.091,0.933,82.831,15.75181007,10.17620516,21998.80479
KWT,Kuwait,2007,0.802,0.79447353,0.79229013,0.344,1.003,79.302,14.64786377,6.684350014,41688.31076
KGZ,Kyrgyzstan,2007,0.652,0.639751842,0.658992152,0.359,0.971,70.836,12.50146008,10.78324814,2706.908103
LAO,Lao People's Democratic Republic,2007,0.531,0.492915851,0.568565997,0.552,0.867,64.286,8.586310387,3.424594007,3301.883422
LVA,Latvia,2007,0.825,0.838522807,0.807972966,0.249,1.038,76.352,17.52634048,12.37106037,18850.13382
LBN,Lebanon,2007,0.724,0.677113153,0.746015184,0.412,0.908,79.242,11.099632,7.814129829,6274.288816
LSO,Lesotho,2007,0.45,0.43870842,0.455127687,0.579,0.964,45.619,11.33710337,6.238034964,2020.159785
LBR,Liberia,2007,0.448,0.393364234,0.50464473,0.666,0.779,59.692,8.687381744,2.040330887,974.3822923
LBY,Libya,2007,0.771,,,,,74.202,15.74463936,6.872,
LIE,Liechtenstein,2007,0.909,0.889451875,0.931417162,,0.955,83.624,13.64175034,11.08052372,86009.67052
LTU,Lithuania,2007,0.835,0.848052118,0.819847969,0.178,1.034,77.808,17.98756981,12.02875996,19419.62659
LUX,Luxembourg,2007,0.885,0.88048719,0.886963417,0.112,0.993,82.186,13.35873032,11.26397038,72925.59662
MDG,Madagascar,2007,0.477,0.456569747,0.496014716,0.624,0.92,63.398,8.953619957,4.157701186,1327.004246
MWI,Malawi,2007,0.433,0.405270661,0.461167937,0.618,0.879,55.922,9.810020447,3.157967035,966.5771157
MYS,Malaysia,2007,0.744,0.718238612,0.761152583,0.264,0.944,76.474,12.61857033,8.199620247,11387.21667
MDV,Maldives,2007,0.67,0.642584816,0.688725089,0.362,0.933,77.091,12.53525281,3.825365543,8116.118097
MLI,Mali,2007,0.381,0.35491791,0.406402782,0.631,0.873,55.74,5.589187533,1.518459988,1663.125377
MLT,Malta,2007,0.84,0.802129688,0.863322657,0.265,0.929,82.363,15.10437965,9.435040474,15661.17843
MHL,Marshall Islands,2007,,,,,,65.29,12.60943222,,
MRT,Mauritania,2007,0.495,0.448937997,0.528795612,0.646,0.849,63.942,6.925679922,2.923016821,2557.764608
MUS,Mauritius,2007,0.732,0.70303999,0.751006771,0.377,0.936,76.919,13.59428024,7.109927134,8740.52598
MEX,Mexico,2007,0.743,0.719056469,0.760763654,0.429,0.945,76.956,13.05675983,7.528180122,12000.90314
FSM,Micronesia (Federated States of),2007,0.642,,,,,73.953,,,
MDA,Moldova (Republic of),2007,0.711,0.714422763,0.707358698,0.249,1.01,72.996,12.55589008,11.16800022,7440.175522
MCO,Monaco,2007,,,,,,87.604,18.75242896,,
MNG,Mongolia,2007,0.68,0.69386259,0.666964179,0.389,1.04,70.796,14.2428201,9.91157074,6031.364304
MNE,Montenegro,2007,0.783,0.758294757,0.804160794,0.218,0.943,77.088,13.83281994,10.1195097,11714.66546
MAR,Morocco,2007,0.583,0.517993129,0.629516861,0.563,0.823,71.34,9.721019745,2.966,2764.590203
MOZ,Mozambique,2007,0.38,0.354686387,0.403689143,0.551,0.879,53.993,8.480079651,1.625416983,820.0647226
MMR,Myanmar,2007,0.475,,,,,65.301,10.12736799,3.281726734,
NAM,Namibia,2007,0.567,0.555633875,0.576612747,0.528,0.964,56.201,11.45399397,6.213709967,6469.320019
NRU,Nauru,2007,0.506,0.496543269,0.512835865,,0.968,62.601,8.539010048,5.990694615,2022.552738
NPL,Nepal,2007,0.508,0.474677396,0.545421038,0.574,0.87,68.21,9.682905197,2.025055981,1993.246391
NLD,Netherlands,2007,0.911,0.8824734,0.932375451,0.054,0.946,82.303,16.62738991,11.62819958,33734.54054
NZL,New Zealand,2007,0.919,0.903258429,0.929433605,0.175,0.972,82.193,19.12231793,13.30167027,27898.60304
NIC,Nicaragua,2007,0.596,0.573955961,0.609462909,0.51,0.942,72.591,10.74209615,5.798,2721.07085
NER,Niger,2007,0.309,0.253752688,0.355207405,0.709,0.714,56.133,3.14199996,0.914193453,590.2209266
NGA,Nigeria,2007,0.479,0.43548316,0.518527812,0.67,0.84,50.819,7.931533813,4.401777601,3053.702835
MKD,North Macedonia,2007,0.717,0.68693714,0.74063282,0.179,0.928,76.204,11.95291042,7.89085561,7863.360773
NOR,Norway,2007,0.936,0.927306264,0.937815781,0.077,0.989,82.675,18.24003983,12.39356995,51520.5516
OMN,Oman,2007,0.764,0.700710797,0.789200956,0.338,0.888,77.569,12.26527977,6.628450108,11988.25471
PAK,Pakistan,2007,0.49,0.38296172,0.549948905,0.621,0.696,66.103,5.349919796,2.747105002,1005.188897
PLW,Palau,2007,0.782,0.766792136,0.788889762,,0.972,69.933,16.11187788,12.45834597,11446.51117
PSE,"Palestine, State of",2007,0.672,0.586190527,0.708816609,,0.827,74.388,13.63928986,7.179599762,1491.127223
PAN,Panama,2007,0.765,0.760932203,0.766258571,0.441,0.993,79.273,13.60552979,9.0515028,13611.05217
PNG,Papua New Guinea,2007,0.479,0.44700584,0.510349379,0.693,0.876,63.861,7.012899279,2.926611203,2400.891691
PRY,Paraguay,2007,0.681,0.662672608,0.69328059,0.5,0.956,74.101,12.77289009,6.990479946,6207.265659
PER,Peru,2007,0.7,0.676651831,0.722016131,0.412,0.937,75.296,12.92430496,7.509900093,6305.006258
PHL,Philippines,2007,0.663,0.641109302,0.677141789,0.445,0.947,72.175,11.81130028,8.843362331,3904.388486
POL,Poland,2007,0.828,0.825367963,0.827970255,0.167,0.997,79.672,15.91096973,11.95306842,15378.2395
PRT,Portugal,2007,0.822,0.816659688,0.82499343,0.138,0.99,82.515,16.22627068,7.61838007,25513.52812
QAT,Qatar,2007,0.827,0.821281541,0.820921678,0.691,1.0,79.734,13.52138996,10.15060043,34156.4629
ROU,Romania,2007,0.78,0.768195302,0.790237444,0.352,0.972,76.067,14.39855957,10.06025982,14153.40621
RUS,Russian Federation,2007,0.789,0.801964054,0.773723419,0.293,1.036,74.479,14.71675014,12.36655629,18139.67873
RWA,Rwanda,2007,0.454,0.429943591,0.479172662,0.465,0.897,61.158,9.95021801,2.72230032,1112.929683
KNA,Saint Kitts and Nevis,2007,0.769,,,,,74.614,14.88133844,8.98448562,
LCA,Saint Lucia,2007,0.721,0.721879174,0.71800761,0.39,1.005,75.746,13.60653973,8.342699678,10291.40794
VCT,Saint Vincent and the Grenadines,2007,0.747,,,,,77.428,13.70285683,9.181503541,
WSM,Samoa,2007,0.7,0.667569225,0.715335058,,0.933,75.014,12.30440513,11.50256004,2883.116847
SMR,San Marino,2007,0.895,,,,,83.507,16.00463784,,60617.97224
STP,Sao Tome and Principe,2007,0.543,,,,,66.993,10.17212963,4.321862534,
SAU,Saudi Arabia,2007,0.786,0.699833825,0.826582052,0.756,0.847,76.61,12.00744561,7.46369648,10784.94935
SEN,Senegal,2007,0.442,0.398398877,0.477934534,0.6,0.834,63.87,7.055389881,1.196804023,1625.552956
SRB,Serbia,2007,0.753,0.732671514,0.770411133,0.218,0.951,76.524,13.83693981,9.138586919,9433.549399
SYC,Seychelles,2007,0.771,,,,,76.885,13.04148006,10.73631496,
SLE,Sierra Leone,2007,0.392,0.356047556,0.42855863,0.664,0.831,51.037,7.23688318,2.077016097,1240.785936
SGP,Singapore,2007,0.906,0.887022595,0.907410143,0.107,0.978,83.644,16.15708467,10.11680984,51730.14794
SVK,Slovakia,2007,0.822,0.816688128,0.824051128,0.182,0.991,78.347,15.58296967,11.46321621,17242.64219
SVN,Slovenia,2007,0.881,0.878124489,0.880957741,0.14,0.997,81.982,17.77984047,11.61896992,25954.93351
SLB,Solomon Islands,2007,0.524,,,,,70.005,8.635860443,5.024894441,
SOM,Somalia,2007,,,,,,52.196,,,
ZAF,South Africa,2007,0.644,0.633534054,0.651975372,0.454,0.972,56.852,13.67858654,8.819749832,11285.68853
SSD,South Sudan,2007,,,,,,53.836,,,
ESP,Spain,2007,0.857,0.845254464,0.864546891,0.128,0.978,84.169,16.4124794,8.84210968,27412.56488
LKA,Sri Lanka,2007,0.718,0.707884044,0.723180627,0.405,0.979,77.259,13.19810748,9.969654219,5395.407641
SDN,Sudan,2007,0.472,0.42711869,0.504587374,0.62,0.846,64.052,6.216020107,2.354,2485.608935
SUR,Suriname,2007,0.684,0.668634614,0.691525515,0.492,0.967,71.641,11.82866819,7.607717923,8968.242353
SWE,Sweden,2007,0.909,0.905197049,0.910115198,0.047,0.995,82.943,16.5783596,12.60389042,40181.63952
CHE,Switzerland,2007,0.92,0.896238408,0.936572789,0.065,0.957,83.95,15.23834038,11.66734363,49607.48594
SYR,Syrian Arab Republic,2007,0.657,0.560415967,0.701727587,0.495,0.799,76.517,11.31274986,5.601389885,1642.552847
TJK,Tajikistan,2007,0.62,0.541652946,0.665196633,0.346,0.814,69.697,9.608320236,10.52152056,1044.253477
TZA,Tanzania (United Republic of),2007,0.464,0.439640437,0.487873738,0.576,0.901,58.882,8.134951408,4.242140055,1542.089944
THA,Thailand,2007,0.732,0.733697926,0.730849464,0.388,1.004,79.407,14.63562965,6.850017548,11039.25392
TLS,Timor-Leste,2007,0.601,,,0.534,,65.402,,4.0202413,5641.015532
TGO,Togo,2007,0.445,0.392375789,0.494890067,0.616,0.793,56.892,8.367970467,1.96793474,1262.900984
TON,Tonga,2007,0.698,,,,,73.209,15.4722378,10.14165382,
TTO,Trinidad and Tobago,2007,0.768,0.754357555,0.776150556,0.333,0.972,74.685,12.46563286,10.10810124,17785.63792
TUN,Tunisia,2007,0.7,0.646153446,0.731446098,0.31,0.883,78.052,14.30268002,5.014959895,4053.253715
TUR,Türkiye,2007,0.718,0.656755687,0.758231028,0.453,0.866,77.442,11.98503971,5.101059914,8236.738568
TKM,Turkmenistan,2007,0.672,,,,,70.469,9.32896417,10.54467392,
TUV,Tuvalu,2007,0.618,,,,,67.231,12.14324914,8.794462613,
UGA,Uganda,2007,0.473,0.455122581,0.489243874,0.545,0.93,56.719,10.35034659,4.798669974,1414.44355
UKR,Ukraine,2007,0.759,0.763758169,0.749960261,0.314,1.018,74.509,15.30342007,11.47227195,9604.214996
ARE,United Arab Emirates,2007,0.825,0.810652666,0.816865658,0.208,0.992,79.52,13.33062408,10.13114755,29245.86071
GBR,United Kingdom,2007,0.897,0.884854888,0.907820821,0.196,0.975,81.624,16.36865997,12.40982634,33254.83089
USA,United States,2007,0.911,0.904169891,0.913715912,0.253,0.99,80.603,16.97554302,12.94924974,42884.55905
URY,Uruguay,2007,0.769,0.77761149,0.766886964,0.344,1.014,80.58,16.24940414,8.364799976,11802.02301
UZB,Uzbekistan,2007,0.655,0.641045733,0.666816217,0.221,0.961,71.034,11.52068043,10.47079329,3281.656124
VUT,Vanuatu,2007,0.567,0.544288113,0.586662153,,0.928,72.041,9.936792417,5.26162954,2225.594618
VEN,Venezuela (Bolivarian Republic of),2007,0.747,0.747236451,0.741716153,0.475,1.007,77.287,14.6141922,8.179120064,12509.96641
VNM,Viet Nam,2007,0.66,0.657279303,0.662310494,0.34,0.992,78.212,12.36349,6.620018903,4881.175606
YEM,Yemen,2007,0.485,0.350917919,0.553680264,0.806,0.634,68.584,6.398799896,1.016,673.1484188
ZMB,Zambia,2007,0.495,0.450053637,0.535758531,0.6,0.84,53.869,10.11228657,5.003160783,1633.418666
ZWE,Zimbabwe,2007,0.423,0.393502048,0.452118418,0.586,0.87,46.336,10.10308117,6.749485016,880.6455666
AFG,Afghanistan,2008,0.431,0.340360843,0.499147946,0.69,0.682,61.529,6.068416214,0.52623455,1033.807013
ALB,Albania,2008,0.747,0.726796716,0.764881797,0.244,0.95,80.429,13.21650982,8.771929741,7549.254089
DZA,Algeria,2008,0.709,0.619580194,0.74988906,0.523,0.826,74.071,13.68527508,6.55880022,2750.50242
AND,Andorra,2008,0.857,,,,,85.454,12.58298969,10.42379999,
AGO,Angola,2008,0.492,0.450568209,0.530314073,,0.85,56.734,7.221393228,2.763578987,5079.875168
ATG,Antigua and Barbuda,2008,0.816,,,,,79.088,16.09999514,,
ARG,Argentina,2008,0.825,0.822527263,0.82127804,0.372,1.002,78.927,17.57691956,10.49339962,15819.99918
ARM,Armenia,2008,0.733,0.716998113,0.74065444,0.338,0.968,76.572,11.89675045,10.95178204,6785.709543
AUS,Australia,2008,0.92,0.898426413,0.934803782,0.138,0.961,83.722,22.41001617,11.90552044,29390.02464
AUT,Austria,2008,0.899,0.875113877,0.914807038,0.121,0.957,82.946,15.87428665,10.92391968,37465.2679
AZE,Azerbaijan,2008,0.723,0.701579533,0.739573604,0.354,0.949,71.989,12.39037171,10.42187977,7683.83396
BHS,Bahamas,2008,0.801,0.799392914,0.799476817,0.367,1.0,75.962,11.86908703,11.85943413,29035.27192
BHR,Bahrain,2008,0.803,0.792273062,0.808827326,0.264,0.98,79.719,13.91178989,7.815962103,32396.66012
BGD,Bangladesh,2008,0.535,0.480050674,0.570098493,0.672,0.842,68.731,8.575699806,4.216747069,1515.726261
BRB,Barbados,2008,0.792,0.791817523,0.784974524,0.373,1.009,77.576,16.86798477,9.746763772,13274.74178
BLR,Belarus,2008,0.782,0.791943863,0.771810147,0.145,1.026,76.77,15.85101986,10.9546827,13287.20144
BEL,Belgium,2008,0.909,0.889684282,0.923157827,0.1,0.964,82.299,20.06921005,10.88356972,35544.33848
BLZ,Belize,2008,0.709,0.688005307,0.721814025,0.44,0.953,74.045,13.12176991,9.481691933,5431.991604
BEN,Benin,2008,0.47,0.423735378,0.514615366,0.628,0.823,59.24,8.315886906,1.567820001,2323.970734
BTN,Bhutan,2008,,,,,,69.199,10.86042976,,5005.663534
BOL,Bolivia (Plurinational State of),2008,0.651,0.627684481,0.672906684,0.527,0.933,67.857,14.18346723,6.521210194,4641.397775
BIH,Bosnia and Herzegovina,2008,0.714,0.684537765,0.73814916,0.246,0.927,79.607,13.14647007,5.90707941,7370.754427
BWA,Botswana,2008,0.637,0.618155072,0.653821891,0.51,0.945,58.443,11.81338272,8.48,10247.32097
BRA,Brazil,2008,0.714,0.709564746,0.715133918,0.46,0.992,76.134,14.21089722,6.791349888,10094.59906
BRN,Brunei Darussalam,2008,0.821,0.803675992,0.827190395,,0.972,77.149,13.85795975,8.328,47776.14978
BGR,Bulgaria,2008,0.782,0.775708613,0.785807853,0.227,0.987,76.981,14.44237995,10.55844021,13363.0591
BFA,Burkina Faso,2008,0.352,0.322929761,0.379347781,0.611,0.851,56.842,5.124690056,0.636552862,1319.313672
BDI,Burundi,2008,0.39,0.365632345,0.408908399,0.539,0.894,57.407,8.720460176,1.954180002,710.1691155
CPV,Cabo Verde,2008,0.643,,,,,76.354,12.31095028,5.42508903,
KHM,Cambodia,2008,0.536,0.508456157,0.563314306,0.526,0.903,68.479,10.35709953,3.164829969,2284.575547
CMR,Cameroon,2008,0.487,0.449519173,0.520657908,0.615,0.863,56.989,8.597579956,3.212850014,2647.463956
CAN,Canada,2008,0.909,0.898125765,0.916555056,0.148,0.98,82.95,15.64599037,13.38764782,34876.174
CAF,Central African Republic,2008,0.345,,,,,49.088,4.66336995,1.87736035,
TCD,Chad,2008,0.343,,,,,50.281,4.84664011,0.85323801,
CHL,Chile,2008,0.812,0.786432528,0.829091245,0.371,0.949,81.25,14.78108025,9.959739685,12120.20302
CHN,China,2008,0.678,0.654956182,0.696070293,0.263,0.941,77.562,12.64663029,6.047103786,5305.771906
COL,Colombia,2008,0.722,0.715822326,0.725492371,0.481,0.987,77.731,14.17473984,7.336639881,8796.924675
COM,Comoros,2008,0.51,0.469062124,0.546322175,,0.859,62.269,9.783949852,3.105887115,1959.635437
COG,Congo,2008,0.561,0.528409221,0.594691522,0.614,0.889,61.212,9.241451157,6.335934076,3328.042282
COD,Congo (Democratic Republic of the),2008,0.41,0.364228331,0.454713505,0.662,0.801,56.818,6.918540001,4.022726093,640.4026928
CRI,Costa Rica,2008,0.762,0.752664778,0.768865033,0.331,0.979,81.016,13.56150273,8.284500122,12184.14075
CIV,Côte d'Ivoire,2008,0.461,,,,,54.771,6.448771858,4.691629946,
HRV,Croatia,2008,0.821,0.812238963,0.828550323,0.156,0.98,79.643,14.94312,10.18653316,21001.83879
CUB,Cuba,2008,0.784,0.756778632,0.792148281,0.329,0.955,79.798,19.03713036,10.90051632,4338.56202
CYP,Cyprus,2008,0.853,0.834904474,0.868170021,0.188,0.962,81.198,13.73122025,10.96082973,30279.4419
CZE,Czechia,2008,0.865,0.850818399,0.874671324,0.154,0.973,80.314,16.08044052,11.8490696,23196.18151
DNK,Denmark,2008,0.915,0.90890893,0.918676096,0.056,0.989,80.91,17.40914917,12.94357967,42207.76892
DJI,Djibouti,2008,0.401,,,,,61.26,4.424079895,1.305097483,
DMA,Dominica,2008,0.741,,,,,76.214,14.89226813,8.164259917,
DOM,Dominican Republic,2008,0.697,0.68223164,0.704023845,0.493,0.969,74.832,13.15795485,7.392826716,7129.521878
ECU,Ecuador,2008,0.728,,,0.451,,78.116,,7.59871006,7602.936956
EGY,Egypt,2008,0.656,0.57559485,0.695526848,0.56,0.828,71.93,10.82214031,5.893776547,2821.229705
SLV,El Salvador,2008,0.651,0.632888294,0.663675548,0.406,0.954,75.92,12.15783024,5.664899826,4833.095599
GNQ,Equatorial Guinea,2008,0.606,,,,,58.772,7.807203213,6.451888738,
ERI,Eritrea,2008,0.45,,,,,64.188,6.485218048,3.784532112,
EST,Estonia,2008,0.861,0.874796361,0.842530183,0.185,1.038,79.521,17.48423004,13.53604031,21972.66961
SWZ,Eswatini (Kingdom of),2008,0.473,,,,,45.72,10.93796387,3.516,
ETH,Ethiopia,2008,0.391,0.353628415,0.42497802,0.62,0.832,59.416,7.248350143,1.254805028,832.9401546
FJI,Fiji,2008,0.693,0.660722216,0.711631836,0.415,0.928,68.885,12.97714785,9.364304733,5342.032204
FIN,Finland,2008,0.913,0.912007563,0.911410359,0.071,1.001,83.004,17.74765015,12.39402008,38524.27323
FRA,France,2008,0.877,0.868824714,0.88187431,0.133,0.985,84.353,15.59041023,10.41182041,34672.19682
GAB,Gabon,2008,0.647,0.635630733,0.651869318,0.524,0.975,64.768,11.58703405,8.326,7839.809641
GMB,Gambia,2008,0.442,,,,,61.112,7.560830116,1.876014577,
GEO,Georgia,2008,0.751,0.729076433,0.761775089,0.432,0.957,75.873,13.3856802,12.15938377,5572.686185
DEU,Germany,2008,0.926,0.896377835,0.947668211,0.103,0.946,82.392,16.52839357,13.26113987,31175.12386
GHA,Ghana,2008,0.558,0.525622835,0.589599902,0.579,0.891,61.77,9.407959938,6.345745186,2893.86482
GRC,Greece,2008,0.871,0.853742418,0.884919374,0.174,0.965,83.045,16.82441012,9.711009979,26796.11583
GRD,Grenada,2008,0.781,,,,,77.341,,,
GTM,Guatemala,2008,0.599,0.565782135,0.623199821,0.544,0.908,73.899,10.33895016,3.543796698,4213.424348
GIN,Guinea,2008,0.408,,,,,57.042,6.725170135,0.695504265,
GNB,Guinea-Bissau,2008,0.426,,,,,56.718,8.909433,1.59925175,
GUY,Guyana,2008,0.636,,,,,69.799,11.14978981,7.059941208,
HTI,Haiti,2008,0.52,0.48667726,0.550373619,0.608,0.884,63.696,9.912254616,3.312467213,2267.520065
HND,Honduras,2008,0.589,0.579915379,0.594865984,0.469,0.975,72.451,10.72507,5.133587599,3594.300144
HKG,"Hong Kong, China (SAR)",2008,0.908,0.890492338,0.925116548,,0.963,85.357,16.22072029,10.73635006,39520.42244
HUN,Hungary,2008,0.824,0.818019004,0.827194014,0.24,0.989,77.968,15.90050983,11.34591031,17756.6112
ISL,Iceland,2008,0.927,0.90747233,0.931035246,0.111,0.975,82.891,19.35205078,12.6081857,32574.69024
IND,India,2008,0.557,0.48209618,0.602823344,0.596,0.8,67.786,9.697170258,3.456067095,1593.425687
IDN,Indonesia,2008,0.649,0.615816243,0.67508743,0.535,0.912,69.939,11.95283985,6.507730007,4741.299064
IRN,Iran (Islamic Republic of),2008,0.744,0.671785836,0.773738158,0.551,0.868,74.918,13.01688957,9.195670128,4147.79171
IRQ,Iraq,2008,0.612,0.513359905,0.65962638,0.605,0.778,69.351,9.211301403,4.9564864,1912.291506
IRL,Ireland,2008,0.905,0.887942495,0.915812415,0.177,0.97,82.04,17.39962959,11.5893933,33634.62601
ISR,Israel,2008,0.877,0.863616886,0.886309708,0.17,0.974,82.882,14.98066044,12.38947487,25373.49711
ITA,Italy,2008,0.878,0.860182421,0.890306663,0.127,0.966,84.136,16.83876991,9.358550072,29852.8843
JAM,Jamaica,2008,0.712,0.708968763,0.711265129,0.441,0.997,73.604,14.40330982,8.570306778,7947.726776
JPN,Japan,2008,0.901,0.879353013,0.915973248,0.132,0.96,85.951,15.09244749,12.12153606,27073.6138
JOR,Jordan,2008,0.726,0.646516037,0.760812144,0.516,0.85,75.578,11.9177599,8.923350334,3264.748042
KAZ,Kazakhstan,2008,0.757,0.756871934,0.752871721,0.299,1.005,71.672,14.76627493,11.33868504,12325.25898
KEN,Kenya,2008,0.546,0.514858028,0.572922135,0.615,0.899,61.225,9.973129749,5.350685146,2794.301175
KIR,Kiribati,2008,0.583,0.560734158,0.600160666,,0.934,66.451,11.49236012,7.935323404,1924.087352
PRK,Korea (Democratic People's Rep. of),2008,,,,,,72.252,,,
KOR,Korea (Republic of),2008,0.874,0.841519012,0.900398249,0.096,0.935,83.491,15.83545971,10.08208251,22552.12208
KWT,Kuwait,2008,0.806,0.795618979,0.794937663,0.287,1.001,79.36,14.6756918,7.02670002,37912.23447
KGZ,Kyrgyzstan,2008,0.657,0.645455475,0.661688897,0.358,0.975,71.317,12.55121994,10.85763416,2810.072918
LAO,Lao People's Democratic Republic,2008,0.539,0.500864962,0.57566708,0.551,0.87,64.593,8.837059975,3.523716763,3443.905286
LVA,Latvia,2008,0.832,0.846758256,0.81345307,0.242,1.041,77.388,17.54542923,12.58559036,19024.83238
LBN,Lebanon,2008,0.733,0.684165565,0.755628077,0.412,0.905,79.439,11.482444,7.815063839,6514.67576
LSO,Lesotho,2008,0.453,0.44927279,0.455153382,0.58,0.987,46.075,11.50745678,6.081419945,2377.640306
LBR,Liberia,2008,0.453,0.399332424,0.508009613,0.662,0.786,60.137,8.789997419,2.120518564,1009.849565
LBY,Libya,2008,0.773,,,,,74.794,15.67231674,7.158,
LIE,Liechtenstein,2008,0.918,0.898747935,0.942520032,,0.954,85.516,13.80313969,10.96192179,92161.91197
LTU,Lithuania,2008,0.843,0.853813588,0.830085872,0.184,1.029,78.113,18.02346992,12.19009972,20310.63624
LUX,Luxembourg,2008,0.898,0.886817609,0.902671708,0.112,0.982,82.727,13.38693047,11.83503008,66655.25232
MDG,Madagascar,2008,0.485,0.464503607,0.503891607,0.623,0.922,63.7,9.298100471,4.220551082,1378.635456
MWI,Malawi,2008,0.442,0.413096712,0.470775143,0.626,0.877,56.356,10.01255703,3.300921153,1005.708384
MYS,Malaysia,2008,0.754,0.728667834,0.769834429,0.275,0.947,76.576,12.83971024,8.725260258,11612.50874
MDV,Maldives,2008,0.682,0.654343247,0.699623481,0.371,0.935,77.829,12.59658843,4.121701002,8748.314813
MLI,Mali,2008,0.39,0.353630368,0.423463753,0.643,0.835,56.097,5.883450031,1.510870004,1414.437006
MLT,Malta,2008,0.844,0.812852873,0.864318305,0.271,0.94,82.423,15.06809044,9.595897039,18547.68664
MHL,Marshall Islands,2008,,,,,,65.124,12.89997864,,
MRT,Mauritania,2008,0.495,0.449559056,0.527869939,0.645,0.852,64.124,6.86548996,3.014728531,2516.721097
MUS,Mauritius,2008,0.739,0.710692522,0.7566591,0.375,0.939,77.205,13.71741962,7.324425307,9149.803425
MEX,Mexico,2008,0.745,0.722158904,0.762805136,0.432,0.947,76.952,13.27972031,7.611249924,11914.49572
FSM,Micronesia (Federated States of),2008,0.641,,,,,74.253,,,
MDA,Moldova (Republic of),2008,0.718,0.721294252,0.713903964,0.24,1.01,73.477,12.49081039,11.28320026,7990.461994
MCO,Monaco,2008,,,,,,87.114,18.80117687,,
MNG,Mongolia,2008,0.69,0.704628096,0.676361551,0.42,1.042,71.103,14.62248007,10.04817371,6532.097561
MNE,Montenegro,2008,0.797,0.778493511,0.811533071,0.224,0.959,78.169,14.78448009,10.25153971,12736.77943
MAR,Morocco,2008,0.59,0.523779593,0.636514959,0.562,0.823,71.757,9.885100365,3.054,2808.366089
MOZ,Mozambique,2008,0.391,0.365908,0.414029638,0.552,0.884,54.692,8.970159531,1.67974847,854.9857468
MMR,Myanmar,2008,0.461,,,,,57.787,10.2948,3.394126301,
NAM,Namibia,2008,0.574,0.566190245,0.580582361,0.528,0.975,57.422,11.47592921,6.324648111,6823.606589
NRU,Nauru,2008,0.547,0.539121367,0.553521578,,0.974,62.839,9.300290108,6.170595574,3667.845233
NPL,Nepal,2008,0.518,0.484364121,0.551069452,0.533,0.879,68.222,10.06198025,2.099941981,2132.775332
NLD,Netherlands,2008,0.911,0.883312107,0.932062255,0.053,0.948,82.271,16.76655006,11.55582047,34065.5867
NZL,New Zealand,2008,0.919,0.902915147,0.930354426,0.175,0.971,82.265,19.26905318,13.30890026,27493.44658
NIC,Nicaragua,2008,0.602,0.581304721,0.614055265,0.501,0.947,73.674,10.65707896,5.922,2842.986171
NER,Niger,2008,0.318,0.267149956,0.362382246,0.7,0.737,57.118,3.411439896,0.948506344,652.2592397
NGA,Nigeria,2008,0.482,0.439864945,0.522063152,0.67,0.843,50.773,7.860035896,4.637477875,3224.501151
MKD,North Macedonia,2008,0.736,0.705083175,0.760597871,0.173,0.927,76.814,12.7215004,8.191588759,8419.780651
NOR,Norway,2008,0.935,0.929529049,0.937134851,0.079,0.992,82.958,18.07729912,12.49827957,51096.44802
OMN,Oman,2008,0.77,0.707491426,0.789964557,0.342,0.896,77.736,12.70043993,6.972380161,11152.33948
PAK,Pakistan,2008,0.489,0.379940167,0.548360304,0.611,0.693,66.5,5.361889839,2.609159946,971.4434726
PLW,Palau,2008,0.78,0.764350066,0.787445778,,0.971,69.411,16.3023733,12.52291579,11069.31767
PSE,"Palestine, State of",2008,0.678,0.591946633,0.713585209,,0.83,74.522,13.73243046,7.357450008,1545.0231
PAN,Panama,2008,0.769,0.765382018,0.769567501,0.443,0.995,79.433,13.41810989,9.200421715,14662.77236
PNG,Papua New Guinea,2008,0.484,0.45379136,0.514283259,0.684,0.882,64.787,7.195341401,3.020295347,2366.315645
PRY,Paraguay,2008,0.691,0.673510548,0.702681012,0.491,0.958,74.316,13.11503029,7.283860207,6530.782376
PER,Peru,2008,0.707,0.680451021,0.731784325,0.409,0.93,75.509,13.12213993,7.510789871,6403.782161
PHL,Philippines,2008,0.666,0.643183014,0.680399745,0.443,0.945,72.238,11.87796021,8.851969719,3976.670656
POL,Poland,2008,0.834,0.831136777,0.832862268,0.173,0.998,79.858,15.95318985,12.09387016,16233.52396
PRT,Portugal,2008,0.825,0.819266722,0.828542992,0.134,0.989,82.721,16.25080442,7.735949993,25460.96466
QAT,Qatar,2008,0.835,0.822615745,0.831556171,0.69,0.989,79.94,13.72371006,10.36431026,31061.66241
ROU,Romania,2008,0.807,0.797317393,0.813821188,0.354,0.98,77.429,16.02531052,10.18836021,15755.57443
RUS,Russian Federation,2008,0.793,0.805540203,0.779077796,0.286,1.034,74.748,14.76280975,12.36211753,18795.80815
RWA,Rwanda,2008,0.465,0.444677829,0.485160628,0.456,0.917,62.523,10.26829109,2.884710282,1192.661706
KNA,Saint Kitts and Nevis,2008,0.776,,,,,74.768,15.00121975,9.230204259,
LCA,Saint Lucia,2008,0.73,0.729795035,0.727431709,0.386,1.003,75.735,14.20788956,8.44399653,10424.78597
VCT,Saint Vincent and the Grenadines,2008,0.752,,,,,78.117,13.93069592,9.345192882,
WSM,Samoa,2008,0.702,0.666753928,0.717426243,,0.929,75.042,12.35700012,11.58040504,2790.357686
SMR,San Marino,2008,0.898,,,,,83.919,16.0592804,,59970.05955
STP,Sao Tome and Principe,2008,0.544,,,,,67.496,9.837209702,4.389219527,
SAU,Saudi Arabia,2008,0.794,0.708005163,0.833339802,0.753,0.85,76.84,12.27817447,7.72035869,10955.79914
SEN,Senegal,2008,0.454,0.412724159,0.488837793,0.595,0.844,64.647,7.483069897,1.34171803,1714.488224
SRB,Serbia,2008,0.764,0.744879161,0.780694667,0.212,0.954,76.79,13.97511005,9.591540337,10224.27639
SYC,Seychelles,2008,0.77,,,,,77.167,13.18622017,10.84460205,
SLE,Sierra Leone,2008,0.403,0.368284896,0.439024944,0.662,0.839,52.251,7.562239398,2.10060149,1319.094687
SGP,Singapore,2008,0.91,0.891830451,0.913611565,0.098,0.976,83.688,16.22693914,10.37376976,52453.69935
SVK,Slovakia,2008,0.831,0.827152443,0.831096787,0.184,0.995,78.857,15.81968975,11.67521219,18396.91747
SVN,Slovenia,2008,0.889,0.889377998,0.886055417,0.135,1.004,82.316,17.91024017,11.69731045,29971.3395
SLB,Solomon Islands,2008,0.533,,,,,70.422,9.188846906,5.058654036,
SOM,Somalia,2008,,,,,,52.835,,,
ZAF,South Africa,2008,0.653,0.636486894,0.664776933,0.469,0.957,58.111,13.70283932,8.917420387,9911.486134
SSD,South Sudan,2008,,,,,,54.523,,4.762169838,
ESP,Spain,2008,0.858,0.846662196,0.866076611,0.122,0.978,84.341,16.36590004,8.926469803,27441.29578
LKA,Sri Lanka,2008,0.719,0.706793468,0.723973633,0.398,0.976,77.5,13.29402494,9.971879959,5125.990736
SDN,Sudan,2008,0.48,0.435157492,0.513471366,0.62,0.847,63.96,6.7644701,2.406,2428.764146
SUR,Suriname,2008,0.689,0.67370209,0.695883673,0.485,0.968,72.271,11.79362192,7.680487224,9273.673849
SWE,Sweden,2008,0.905,0.900352083,0.907726755,0.048,0.992,83.117,16.57584,12.1476202,39828.63385
CHE,Switzerland,2008,0.926,0.903103549,0.944343011,0.062,0.956,84.172,15.34189987,12.22244192,47594.38001
SYR,Syrian Arab Republic,2008,0.651,0.559415221,0.693806046,0.487,0.806,76.275,11.38434982,5.294549942,1716.991144
TJK,Tajikistan,2008,0.628,0.57952479,0.664847892,0.351,0.872,70.109,9.949749947,10.55375352,1645.157666
TZA,Tanzania (United Republic of),2008,0.472,0.449992939,0.495274386,0.577,0.909,59.44,8.421627558,4.368788052,1638.726206
THA,Thailand,2008,0.735,0.730309809,0.737457438,0.377,0.99,79.729,14.47297955,7.039525032,9948.820235
TLS,Timor-Leste,2008,0.627,,,0.532,,66.035,,4.221062267,6394.537217
TGO,Togo,2008,0.452,0.396942279,0.500313953,0.616,0.793,56.845,8.680444431,1.999792403,1275.533385
TON,Tonga,2008,0.704,,,,,73.272,15.61705271,10.32984791,
TTO,Trinidad and Tobago,2008,0.771,0.759637115,0.777972196,0.333,0.976,74.773,12.61590757,10.28302956,18225.07422
TUN,Tunisia,2008,0.705,0.6523976,0.736590041,0.304,0.886,78.131,14.42955971,5.236120224,4180.428457
TUR,Türkiye,2008,0.721,0.66436843,0.757042992,0.439,0.878,77.69,11.97373009,5.511360168,8378.066888
TKM,Turkmenistan,2008,0.682,,,,,70.816,9.615265663,10.54687095,
TUV,Tuvalu,2008,0.624,,,,,67.473,12.22284068,8.922731536,
UGA,Uganda,2008,0.481,0.465399053,0.495507455,0.542,0.939,57.337,10.40983522,5.134089947,1495.479459
UKR,Ukraine,2008,0.763,0.76827222,0.75426237,0.31,1.019,74.712,15.42928028,11.53003559,9921.348895
ARE,United Arab Emirates,2008,0.827,0.829191252,0.821292647,0.192,1.01,79.75,13.49683368,10.1667111,40474.40251
GBR,United Kingdom,2008,0.902,0.888846263,0.912566602,0.194,0.974,81.679,16.48621941,12.69593814,32859.05457
USA,United States,2008,0.912,0.905512578,0.915060564,0.254,0.99,80.649,17.0351243,12.98610973,43007.59648
URY,Uruguay,2008,0.773,0.785147385,0.774079234,0.34,1.014,80.675,16.43109741,8.555520058,12489.74128
UZB,Uzbekistan,2008,0.66,0.645200486,0.671692927,0.228,0.961,71.445,11.37232018,10.56832959,3425.929346
VUT,Vanuatu,2008,0.575,0.549615421,0.595296085,,0.923,72.084,10.07255337,5.365219926,2313.991845
VEN,Venezuela (Bolivarian Republic of),2008,0.754,0.756412675,0.744300326,0.481,1.016,76.91,15.28034019,8.36166954,13000.08896
VNM,Viet Nam,2008,0.665,0.657884332,0.671174466,0.346,0.98,78.237,12.47741,6.826894494,4600.209846
YEM,Yemen,2008,0.488,0.354058952,0.55522824,0.804,0.638,68.867,6.478839874,1.114,666.7745862
ZMB,Zambia,2008,0.506,0.469789641,0.540423838,0.604,0.869,55.376,10.18506282,5.107544354,1997.841674
ZWE,Zimbabwe,2008,0.42,0.393021225,0.447137706,0.599,0.879,47.774,10.17958885,6.900918007,750.5242909
AFG,Afghanistan,2009,0.441,0.348458579,0.508534863,0.696,0.685,61.892,6.532830238,0.541599063,1014.018123
ALB,Albania,2009,0.752,0.732210799,0.769965588,0.191,0.951,80.544,13.48692036,8.980109851,7503.96211
DZA,Algeria,2009,0.716,0.6292783,0.756320089,0.516,0.832,74.864,14.10593987,6.55311294,2865.842926
AND,Andorra,2009,0.859,,,,,85.444,12.81527233,10.45142007,
AGO,Angola,2009,0.506,0.4662874,0.543599577,,0.858,57.967,7.585711539,2.825000842,5651.08704
ATG,Antigua and Barbuda,2009,0.81,,,,,79.305,15.83965969,,
ARG,Argentina,2009,0.827,0.824214098,0.823828265,0.371,1.0,79.07,17.89896965,10.6630497,14769.79193
ARM,Armenia,2009,0.732,0.718422072,0.738756764,0.342,0.972,77.149,12.39955044,11.03102798,6033.346899
AUS,Australia,2009,0.922,0.901544656,0.93621233,0.135,0.963,84.027,22.57791392,11.96805954,29913.75731
AUT,Austria,2009,0.898,0.876439826,0.912700383,0.112,0.96,82.853,15.97129135,11.23935032,35280.25877
AZE,Azerbaijan,2009,0.729,0.710758854,0.743148913,0.357,0.956,72.777,12.49496256,10.1292696,8894.783061
BHS,Bahamas,2009,0.798,0.798341529,0.796484788,0.385,1.002,76.071,11.88696784,11.93665218,27409.68275
BHR,Bahrain,2009,0.803,0.767689848,0.814531388,0.264,0.942,79.901,14.09654999,7.899680985,17749.98622
BGD,Bangladesh,2009,0.547,0.491579215,0.583361787,0.613,0.843,68.863,8.976849556,4.279238081,1665.241671
BRB,Barbados,2009,0.794,0.794601891,0.785453671,0.35,1.012,77.819,17.31535912,9.784139517,12586.08974
BLR,Belarus,2009,0.784,0.789881807,0.7775078,0.158,1.016,76.859,15.96689034,11.06091976,12188.04251
BEL,Belgium,2009,0.91,0.891445994,0.924265782,0.096,0.964,82.431,20.10174942,11.04335976,35042.31535
BLZ,Belize,2009,0.715,0.69558173,0.727357971,0.424,0.956,74.861,12.76587963,9.987235832,5585.816669
BEN,Benin,2009,0.475,0.429224699,0.518864675,0.635,0.827,59.311,8.72993115,1.57723333,2293.665948
BTN,Bhutan,2009,,,,,,69.561,11.6453104,,6139.805233
BOL,Bolivia (Plurinational State of),2009,0.657,0.628395827,0.681627123,0.485,0.922,68.358,13.96036938,6.781290054,4440.070121
BIH,Bosnia and Herzegovina,2009,0.716,0.687527664,0.739690509,0.216,0.929,79.726,13.2521801,6.027439689,7329.913242
BWA,Botswana,2009,0.639,0.623912709,0.652675345,0.515,0.956,60.03,11.81026402,8.58,9320.301575
BRA,Brazil,2009,0.717,0.712939519,0.717219548,0.456,0.994,76.299,14.24773939,6.892710209,10287.83265
BRN,Brunei Darussalam,2009,0.823,0.806037714,0.831129477,,0.97,77.152,14.08716965,8.404,46443.60261
BGR,Bulgaria,2009,0.784,0.778388061,0.787444928,0.234,0.988,77.326,14.52921009,10.63379002,13201.75032
BFA,Burkina Faso,2009,0.362,0.332074199,0.389576371,0.605,0.852,57.32,5.554490089,0.678165717,1291.240397
BDI,Burundi,2009,0.397,0.372760559,0.416586767,0.541,0.895,57.953,9.41865027,1.890880009,693.3471205
CPV,Cabo Verde,2009,0.645,0.642455335,0.645712071,,0.995,77.726,12.51554012,5.451708432,4954.969668
KHM,Cambodia,2009,0.538,0.507276125,0.567064435,0.514,0.895,69.575,10.43050038,3.061909914,2101.99922
CMR,Cameroon,2009,0.502,0.462330915,0.539582867,0.618,0.857,57.424,9.134260178,3.555600007,2633.694255
CAN,Canada,2009,0.91,0.899659552,0.916884512,0.147,0.981,83.231,15.73373032,13.44427185,33987.94358
CAF,Central African Republic,2009,0.35,,,,,49.82,4.758739948,1.929649812,
TCD,Chad,2009,0.357,,,,,50.361,5.181900024,0.885630012,
CHL,Chile,2009,0.811,0.790068991,0.825986479,0.357,0.957,81.481,14.87629032,9.851214886,12794.77224
CHN,China,2009,0.689,0.666876304,0.705780859,0.258,0.945,78.066,13.03483963,6.145136786,5746.631302
COL,Colombia,2009,0.728,0.723468947,0.729936397,0.474,0.991,78.054,14.7149601,7.302490234,8978.463726
COM,Comoros,2009,0.517,0.477446848,0.551831653,,0.865,62.869,10.10220985,3.250284091,1973.955684
COG,Congo,2009,0.574,0.552766791,0.595152897,0.614,0.929,62.008,9.516773383,6.330770316,4792.727137
COD,Congo (Democratic Republic of the),2009,0.416,0.369566978,0.459573253,0.661,0.804,57.463,7.071579933,4.065033466,649.8190356
CRI,Costa Rica,2009,0.765,0.745918405,0.776851639,0.324,0.96,81.236,13.8448485,8.335780144,9848.144414
CIV,Côte d'Ivoire,2009,0.465,,,,,55.599,6.600546519,4.59354493,
HRV,Croatia,2009,0.819,0.810927624,0.826233881,0.142,0.981,79.597,14.92529964,10.33501225,19921.30607
CUB,Cuba,2009,0.784,0.759332062,0.792467899,0.331,0.958,79.898,18.76173973,11.04677734,4383.513789
CYP,Cyprus,2009,0.857,0.837479576,0.873261289,0.201,0.959,81.766,13.95818043,10.92920017,29031.00699
CZE,Czechia,2009,0.866,0.85269411,0.875674962,0.156,0.974,80.294,16.50159073,11.97356033,21771.91154
DNK,Denmark,2009,0.909,0.904026607,0.911205076,0.051,0.992,81.032,17.39426994,12.68443012,40149.73115
DJI,Djibouti,2009,0.411,,,,,61.471,4.576000214,1.407671599,
DMA,Dominica,2009,0.736,,,,,74.726,14.85957906,8.346732821,
DOM,Dominican Republic,2009,0.701,0.686649157,0.706403018,0.498,0.972,75.276,13.3992362,7.407443364,7106.2583
ECU,Ecuador,2009,0.73,,,0.438,,78.308,,7.606359959,7641.811834
EGY,Egypt,2009,0.661,0.549349431,0.702457923,0.549,0.782,72.087,10.90692043,6.239104704,1670.46402
SLV,El Salvador,2009,0.651,0.632751282,0.662437293,0.398,0.955,75.961,12.08405972,5.833819866,4682.50941
GNQ,Equatorial Guinea,2009,0.613,,,,,59.101,8.152851134,6.644173346,
ERI,Eritrea,2009,0.455,,,,,65.081,6.369430065,3.74759676,
EST,Estonia,2009,0.859,0.871870083,0.841141946,0.172,1.037,80.028,17.49039078,13.67986012,19315.79039
SWZ,Eswatini (Kingdom of),2009,0.481,,,,,45.659,11.20756588,3.688,
ETH,Ethiopia,2009,0.399,0.363853481,0.431621357,0.613,0.843,60.962,7.406690121,1.263010025,879.734687
FJI,Fiji,2009,0.696,0.665790268,0.714135308,0.41,0.932,69.046,13.08646724,9.511809731,5508.928273
FIN,Finland,2009,0.908,0.907680861,0.90650535,0.071,1.001,83.113,17.50746918,12.44548988,36184.04773
FRA,France,2009,0.875,0.868662654,0.878801769,0.129,0.988,84.452,15.57787991,10.50063038,33577.25151
GAB,Gabon,2009,0.652,0.640968065,0.656632517,0.523,0.976,65.12,11.64261004,8.478,8042.114843
GMB,Gambia,2009,0.446,,,,,61.64,7.551239967,1.963793278,
GEO,Georgia,2009,0.756,0.735227225,0.768613688,0.452,0.957,76.427,13.68327808,12.22324276,5608.433215
DEU,Germany,2009,0.925,0.897253812,0.946918977,0.098,0.948,82.484,16.60872483,13.34796047,30420.55448
GHA,Ghana,2009,0.563,0.532735372,0.593396144,0.571,0.898,62.461,9.54679966,6.458732655,2961.955125
GRC,Greece,2009,0.873,0.858425457,0.885196363,0.158,0.97,83.426,17.0241998,9.794350147,26746.03872
GRD,Grenada,2009,0.777,,,,,77.829,,,
GTM,Guatemala,2009,0.606,0.571945094,0.630239536,0.539,0.908,74.127,10.63764,3.720939994,4114.630314
GIN,Guinea,2009,0.41,,,,,57.309,6.93468682,0.695727118,
GNB,Guinea-Bissau,2009,0.434,,,,,57.651,9.03178,1.708441125,
GUY,Guyana,2009,0.641,,,,,70.022,11.17300034,7.203864715,
HTI,Haiti,2009,0.526,0.494126978,0.555554129,0.61,0.889,64.113,10.05385106,3.343138205,2436.276629
HND,Honduras,2009,0.592,0.585092511,0.597031853,0.472,0.98,72.958,10.71269989,5.294845104,3671.21996
HKG,"Hong Kong, China (SAR)",2009,0.91,0.891765942,0.927123143,,0.962,85.521,16.58712006,10.84461021,36105.95723
HUN,Hungary,2009,0.826,0.81900234,0.828637717,0.241,0.988,78.111,15.79039001,11.65157032,17071.22143
ISL,Iceland,2009,0.925,0.909700373,0.927448645,0.098,0.981,83.459,19.27473068,12.72398431,31432.04734
IND,India,2009,0.562,0.491089567,0.608589628,0.578,0.807,68.215,9.918880463,3.594477549,1677.459238
IDN,Indonesia,2009,0.66,0.627240238,0.685084512,0.505,0.916,70.417,12.4032402,6.755380154,4890.297042
IRN,Iran (Islamic Republic of),2009,0.748,0.677581874,0.777995966,0.553,0.871,75.011,13.12602997,9.393929958,4300.735719
IRQ,Iraq,2009,0.622,0.518268141,0.674567474,0.604,0.768,69.589,9.504394268,5.0619096,1890.875038
IRL,Ireland,2009,0.9,0.884452391,0.910560609,0.17,0.971,82.412,17.18153,11.64434656,31169.05039
ISR,Israel,2009,0.881,0.864751113,0.893096197,0.149,0.968,83.342,15.26613045,12.43780994,23354.05618
ITA,Italy,2009,0.877,0.859298717,0.888447522,0.125,0.967,84.176,16.79418945,9.443360329,28890.29912
JAM,Jamaica,2009,0.712,0.708644886,0.712189557,0.439,0.995,74.139,14.32866955,8.671251297,7489.442985
JPN,Japan,2009,0.9,0.876676794,0.916375711,0.123,0.957,86.322,15.12731607,12.16491308,24512.35097
JOR,Jordan,2009,0.728,0.650513897,0.761887444,0.512,0.854,75.86,11.82086992,8.952054977,3453.048644
KAZ,Kazakhstan,2009,0.76,0.758217159,0.757348587,0.283,1.001,71.891,14.72197747,11.02618027,13305.57996
KEN,Kenya,2009,0.546,0.519326939,0.57095328,0.607,0.91,62.2,10.25971985,5.575119972,2513.765997
KIR,Kiribati,2009,0.58,0.559335678,0.596300301,,0.938,66.517,11.57735647,8.050349202,1817.035377
PRK,Korea (Democratic People's Rep. of),2009,,,,,,72.996,,,
KOR,Korea (Republic of),2009,0.876,0.836814694,0.905462936,0.093,0.924,83.984,15.86728001,9.987959862,20048.1612
KWT,Kuwait,2009,0.808,0.79327273,0.80020302,0.22,0.991,79.589,14.70351982,7.118764997,33933.83589
KGZ,Kyrgyzstan,2009,0.661,0.649089773,0.665696853,0.358,0.975,71.852,12.6009798,10.93202019,2814.996839
LAO,Lao People's Democratic Republic,2009,0.549,0.513050346,0.585082476,0.544,0.877,65.438,9.143779755,3.622839518,3701.508097
LVA,Latvia,2009,0.831,0.843808713,0.813412793,0.228,1.037,77.699,17.09165001,12.72791958,18301.51407
LBN,Lebanon,2009,0.741,0.69440298,0.763273248,0.437,0.91,79.701,11.865256,7.840964379,7097.871119
LSO,Lesotho,2009,0.457,0.448361988,0.460997929,0.591,0.973,46.107,11.67781019,6.254594946,2182.793084
LBR,Liberia,2009,0.456,0.404297232,0.510729877,0.662,0.792,60.551,8.892613093,2.200706241,1030.552758
LBY,Libya,2009,0.772,,,,,74.842,15.59999412,7.444,
LIE,Liechtenstein,2009,0.913,0.893600042,0.938811576,,0.952,83.624,13.78289986,11.27844975,78459.71084
LTU,Lithuania,2009,0.843,0.853495475,0.830138534,0.16,1.028,78.724,18.08861923,12.25753021,18812.82066
LUX,Luxembourg,2009,0.908,0.884788372,0.913496445,0.112,0.969,82.92,13.68109512,12.40608978,50083.39134
MDG,Madagascar,2009,0.488,0.468895237,0.506776809,0.621,0.925,64.416,9.799289703,4.283400978,1281.11498
MWI,Malawi,2009,0.452,0.423402199,0.480197761,0.609,0.882,57.317,10.21509361,3.443875271,1052.511724
MYS,Malaysia,2009,0.761,0.736693769,0.7763082,0.277,0.949,76.79,12.98429966,9.250900269,11404.52686
MDV,Maldives,2009,0.684,0.667988522,0.696798302,0.415,0.959,78.324,12.65792406,4.418036461,10002.45322
MLI,Mali,2009,0.398,0.356146317,0.435765121,0.653,0.817,56.753,6.135890007,1.50328002,1310.621711
MLT,Malta,2009,0.849,0.814846536,0.871935525,0.271,0.935,82.909,15.24553013,9.756753604,17198.21641
MHL,Marshall Islands,2009,,,,,,65.112,13.19052505,,
MRT,Mauritania,2009,0.505,0.458648467,0.539247322,0.641,0.851,64.517,7.329539776,3.106440242,2495.214057
MUS,Mauritius,2009,0.746,0.718120253,0.763236034,0.377,0.941,77.437,13.99258995,7.53892348,9298.897999
MEX,Mexico,2009,0.745,0.723957425,0.761343955,0.414,0.951,76.993,13.38519955,7.805429935,11453.98256
FSM,Micronesia (Federated States of),2009,0.642,,,,,74.267,,,
MDA,Moldova (Republic of),2009,0.713,0.718481168,0.708102386,0.228,1.015,73.876,12.28584957,11.41333008,7401.151441
MCO,Monaco,2009,,,,,,86.919,18.84992479,,
MNG,Mongolia,2009,0.694,0.708987218,0.680534717,0.418,1.042,71.472,15.00214005,10.18477669,6286.020053
MNE,Montenegro,2009,0.798,0.774134373,0.817069759,0.227,0.947,77.84,14.73353958,10.38356972,11856.88397
MAR,Morocco,2009,0.596,0.528926271,0.642446263,0.552,0.823,72.142,10.0496397,3.142,2825.366877
MOZ,Mozambique,2009,0.4,0.374924092,0.422274747,0.544,0.888,55.282,9.223690033,1.734079957,905.2317048
MMR,Myanmar,2009,0.497,,,,,66.118,10.462232,3.506525867,
NAM,Namibia,2009,0.579,0.570685704,0.585202763,0.532,0.975,58.395,11.49786445,6.3560863,6628.868242
NRU,Nauru,2009,0.545,0.533904192,0.551648394,,0.968,63.009,9.644214901,6.355595144,2907.210147
NPL,Nepal,2009,0.53,0.496923814,0.564074776,0.529,0.881,68.576,10.80235004,2.174827981,2166.982113
NLD,Netherlands,2009,0.912,0.885586946,0.931519801,0.053,0.951,82.64,16.84094048,11.60715008,33501.49671
NZL,New Zealand,2009,0.922,0.90290503,0.935919653,0.169,0.965,82.514,19.41578843,13.31613026,26816.79602
NIC,Nicaragua,2009,0.603,0.584212725,0.614067758,0.482,0.951,74.545,10.57206177,6.046,2791.346322
NER,Niger,2009,0.325,0.276728024,0.367830811,0.702,0.752,58.006,3.644239902,0.982819235,679.8751243
NGA,Nigeria,2009,0.486,0.444555847,0.524390092,0.67,0.848,51.242,7.788537979,4.682130337,3418.819177
MKD,North Macedonia,2009,0.74,0.709191811,0.763273205,0.172,0.929,77.108,12.65188026,8.492321908,8389.97379
NOR,Norway,2009,0.935,0.929436932,0.938203953,0.076,0.991,83.062,18.06583977,12.52208996,50187.73156
OMN,Oman,2009,0.784,0.723012101,0.809209768,0.356,0.893,77.803,13.13560009,7.259555101,12721.64265
PAK,Pakistan,2009,0.493,0.396814956,0.549687677,0.602,0.722,66.531,5.481080055,2.83859992,1186.373284
PLW,Palau,2009,0.777,0.762484547,0.784957864,,0.971,69.059,16.49286872,12.58782027,10645.50636
PSE,"Palestine, State of",2009,0.683,0.597357839,0.718623847,,0.831,74.735,13.75228977,7.64759016,1575.16479
PAN,Panama,2009,0.771,0.768133879,0.771082706,0.482,0.996,79.615,13.39435005,9.34934063,14755.29655
PNG,Papua New Guinea,2009,0.489,0.459662535,0.519174789,0.682,0.885,65.096,7.377783523,3.113979491,2399.53767
PRY,Paraguay,2009,0.691,0.673056228,0.703853906,0.485,0.956,74.499,13.62607956,6.699570179,6618.462596
PER,Peru,2009,0.711,0.685325032,0.734173211,0.407,0.933,75.673,13.3199749,7.535779953,6623.655229
PHL,Philippines,2009,0.666,0.643256141,0.6808885,0.442,0.945,72.301,11.5735302,8.94334507,4092.566637
POL,Poland,2009,0.838,0.835558195,0.836582491,0.174,0.999,79.953,16.03362083,12.30233002,16523.23709
PRT,Portugal,2009,0.827,0.821515244,0.829993482,0.132,0.99,82.856,16.27533817,7.89041996,25152.38313
QAT,Qatar,2009,0.833,0.820363074,0.829988567,0.686,0.988,80.232,13.80840015,10.53732014,27047.65305
ROU,Romania,2009,0.819,0.810386301,0.82446901,0.348,0.983,77.898,17.35441971,10.24610043,15129.97404
RUS,Russian Federation,2009,0.791,0.801463333,0.77773972,0.288,1.031,75.254,14.49050999,12.35767877,17347.21432
RWA,Rwanda,2009,0.477,0.457430124,0.496363599,0.453,0.922,63.403,10.80881023,3.047120245,1225.493336
KNA,Saint Kitts and Nevis,2009,0.782,,,,,74.995,15.47301817,9.482505403,
LCA,Saint Lucia,2009,0.733,0.73589621,0.727454911,0.372,1.012,75.808,14.39791965,8.545293381,10968.71496
VCT,Saint Vincent and the Grenadines,2009,0.756,,,,,77.921,14.158535,9.511800505,
WSM,Samoa,2009,0.693,0.654574286,0.711254354,,0.92,72.494,12.40959511,11.65825005,2689.296148
SMR,San Marino,2009,0.9,,,,,84.228,16.17228985,,51378.055
STP,Sao Tome and Principe,2009,0.55,,,,,67.765,10.44668007,4.457626291,
SAU,Saudi Arabia,2009,0.798,0.719634372,0.835327095,0.753,0.862,76.932,12.54890332,7.977020899,12085.13188
SEN,Senegal,2009,0.461,0.423747896,0.494499705,0.586,0.857,65.524,7.753605127,1.486632037,1768.035272
SRB,Serbia,2009,0.766,0.746653252,0.78182138,0.209,0.955,76.953,14.01626968,9.691550255,10122.44454
SYC,Seychelles,2009,0.771,,,,,77.384,13.04430962,10.95288914,
SLE,Sierra Leone,2009,0.411,0.377339297,0.446573449,0.657,0.845,53.363,7.887595616,2.124186883,1324.879041
SGP,Singapore,2009,0.91,0.891335957,0.916900517,0.09,0.972,83.839,16.29709563,10.38455963,50204.57303
SVK,Slovakia,2009,0.834,0.828139165,0.835038632,0.192,0.992,78.959,15.92273998,11.88720818,17453.77717
SVN,Slovenia,2009,0.886,0.886058766,0.88440817,0.13,1.002,82.288,17.90855026,11.82357025,27465.62383
SLB,Solomon Islands,2009,0.54,0.520482607,0.570721259,,0.912,70.424,9.741833369,5.092640444,1772.482482
SOM,Somalia,2009,,,,,,53.446,,,
ZAF,South Africa,2009,0.665,0.649852626,0.675143708,0.456,0.963,59.722,13.72709211,9.3499403,9734.942622
SSD,South Sudan,2009,,,,,,54.997,,4.762169838,
ESP,Spain,2009,0.86,0.84997843,0.866552402,0.112,0.981,84.642,16.43782043,9.016180038,27481.72252
LKA,Sri Lanka,2009,0.711,0.698067308,0.716031247,0.405,0.975,74.839,13.38994241,10.06060982,5214.563655
SDN,Sudan,2009,0.489,0.429226089,0.525777061,0.641,0.816,65.321,7.012949944,2.458,1766.359215
SUR,Suriname,2009,0.693,0.684439862,0.697112558,0.466,0.982,73.013,11.75857564,7.753256525,10653.14396
SWE,Sweden,2009,0.904,0.899305445,0.906342754,0.049,0.992,83.321,16.60102081,12.22684956,37369.44336
CHE,Switzerland,2009,0.935,0.912841967,0.950505075,0.059,0.96,84.177,15.41244984,12.77754021,49962.04116
SYR,Syrian Arab Republic,2009,0.66,0.562196078,0.701858091,0.491,0.801,76.668,11.54862976,5.587039948,1618.299861
TJK,Tajikistan,2009,0.629,0.556198745,0.671700866,0.358,0.828,70.507,10.02143002,10.58598647,1151.036786
TZA,Tanzania (United Republic of),2009,0.482,0.457587425,0.506475515,0.572,0.903,60.223,8.708303708,4.495436049,1627.937667
THA,Thailand,2009,0.738,0.733547755,0.740251436,0.37,0.991,80.052,14.53232002,7.229032516,9732.534498
TLS,Timor-Leste,2009,0.625,0.580332937,0.658455579,0.533,0.881,66.549,12.55508041,4.431914737,4678.819966
TGO,Togo,2009,0.46,0.403849831,0.505218768,0.614,0.799,57.304,8.992918396,2.031650066,1299.616534
TON,Tonga,2009,0.704,,,,,73.056,15.76186763,10.51804199,
TTO,Trinidad and Tobago,2009,0.782,0.769871283,0.78718695,0.321,0.978,76.757,12.76618227,10.28293991,17933.42781
TUN,Tunisia,2009,0.709,0.657259599,0.739036037,0.291,0.889,78.326,14.44079971,5.452985048,4271.457969
TUR,Türkiye,2009,0.728,0.674196154,0.762350352,0.429,0.884,77.988,12.57320023,5.697249889,8208.301234
TKM,Turkmenistan,2009,0.69,,,,,71.325,9.901567156,10.54906797,
TUV,Tuvalu,2009,0.622,,,,,67.597,12.30243221,9.051000459,
UGA,Uganda,2009,0.491,0.473489597,0.506978525,0.546,0.934,58.183,10.46932385,5.162114859,1588.691055
UKR,Ukraine,2009,0.761,0.76460453,0.753649825,0.302,1.015,75.271,15.48921013,11.58779923,8683.650759
ARE,United Arab Emirates,2009,0.825,0.799183411,0.823863741,0.185,0.97,79.982,13.66304327,10.20227465,20233.80718
GBR,United Kingdom,2009,0.907,0.893899963,0.916743987,0.187,0.975,82.2,16.64063072,12.98204994,31498.20031
USA,United States,2009,0.913,0.906708863,0.915914065,0.259,0.99,80.987,17.09470558,13.00767994,41864.61787
URY,Uruguay,2009,0.776,0.789245615,0.77711922,0.331,1.016,80.776,16.61279068,8.552359581,12935.77476
UZB,Uzbekistan,2009,0.666,0.649219653,0.679149827,0.257,0.956,71.572,11.45388031,10.66677444,3521.695492
VUT,Vanuatu,2009,0.576,0.548057956,0.598476868,,0.916,72.114,10.20831433,5.470849787,2141.994513
VEN,Venezuela (Bolivarian Republic of),2009,0.754,0.762984989,0.740066281,0.486,1.031,76.959,15.22297237,8.506750107,14375.67234
VNM,Viet Nam,2009,0.671,0.66736444,0.673120322,0.355,0.991,78.266,12.59133,7.033770084,5069.022995
YEM,Yemen,2009,0.493,0.35892807,0.55903618,0.8,0.642,69.317,6.61255002,1.212,666.3556846
ZMB,Zambia,2009,0.519,0.475404495,0.558374042,0.609,0.851,56.618,10.25783907,5.211927925,1919.176512
ZWE,Zimbabwe,2009,0.454,0.429564609,0.479005308,0.599,0.897,49.394,10.25609652,7.052350998,1146.261589
AFG,Afghanistan,2010,0.449,0.353351379,0.516778949,0.707,0.684,62.408,6.95927,0.556963575,944.2040991
ALB,Albania,2010,0.766,0.747593133,0.782251769,0.192,0.956,80.688,14.26589966,9.18828996,8129.253231
DZA,Algeria,2010,0.721,0.638791977,0.760735802,0.517,0.84,74.873,14.55665016,6.54742566,3118.208082
AND,Andorra,2010,0.863,,,,,85.444,13.04755497,10.47904015,
AGO,Angola,2010,0.516,0.480939459,0.549782153,0.554,0.875,59.039,7.95002985,2.886422698,6230.539531
ATG,Antigua and Barbuda,2010,0.808,,,,,79.434,15.83901024,,
ARG,Argentina,2010,0.834,0.830595208,0.83122965,0.372,0.999,78.838,18.17856026,10.68136024,16611.02668
ARM,Armenia,2010,0.739,0.726588768,0.743905788,0.346,0.977,77.437,12.59224033,11.11027393,6485.990469
AUS,Australia,2010,0.924,0.903856077,0.938489635,0.136,0.963,84.234,22.74581167,12.04115963,30190.84288
AUT,Austria,2010,0.903,0.887785496,0.914775278,0.11,0.97,83.121,16.62427444,11.30690956,37321.46001
AZE,Azerbaijan,2010,0.733,0.713141692,0.748412478,0.342,0.953,72.821,12.59955342,10.15892029,9035.678136
BHS,Bahamas,2010,0.8,0.801963824,0.79695314,0.369,1.006,76.149,11.90487557,12.01387024,28660.27237
BHR,Bahrain,2010,0.807,0.775176959,0.818418884,0.259,0.947,79.966,14.28131008,7.983399868,19292.21503
BGD,Bangladesh,2010,0.558,0.508269817,0.592574953,0.602,0.858,70.312,9.254378319,4.341729093,1893.831806
BRB,Barbados,2010,0.792,0.792262525,0.783659566,0.35,1.011,77.68,16.9009304,9.821515262,12987.46684
BLR,Belarus,2010,0.79,0.800303628,0.779583001,0.148,1.027,76.952,15.99256992,11.1702878,14266.8299
BEL,Belgium,2010,0.913,0.895570441,0.926232688,0.092,0.967,82.622,20.1214695,11.1732502,36233.93712
BLZ,Belize,2010,0.72,0.703435521,0.730657374,0.407,0.963,75.37,12.66711044,10.49277973,5669.66071
BEN,Benin,2010,0.481,0.439659641,0.520720423,0.636,0.844,59.68,9.143975394,1.58664666,2465.718847
BTN,Bhutan,2010,0.582,0.567313517,0.59830063,0.476,0.948,70.092,12.20981026,1.519282,6906.958354
BOL,Bolivia (Plurinational State of),2010,0.661,0.636864365,0.682926002,0.477,0.933,68.688,14.05097189,7.040660063,4701.458575
BIH,Bosnia and Herzegovina,2010,0.718,0.691263731,0.741415464,0.215,0.932,79.652,13.26865005,6.147799969,7644.18563
BWA,Botswana,2010,0.652,0.642660167,0.66091121,0.502,0.972,61.829,11.80714531,8.68,11043.21552
BRA,Brazil,2010,0.722,0.718217344,0.722711281,0.448,0.994,76.592,14.28467708,7.044799805,10628.08646
BRN,Brunei Darussalam,2010,0.825,0.810848415,0.832399384,,0.974,77.142,14.16491985,8.48,49729.21807
BGR,Bulgaria,2010,0.79,0.785358319,0.792308843,0.229,0.991,77.351,14.77280045,10.73285961,14079.30331
BFA,Burkina Faso,2010,0.372,0.345036866,0.39886991,0.602,0.865,57.888,6.012000084,0.719778572,1366.954945
BDI,Burundi,2010,0.404,0.383728361,0.4242321,0.535,0.905,58.398,10.11684036,1.827580015,724.799921
CPV,Cabo Verde,2010,0.649,0.646915085,0.650167208,,0.995,78.069,12.78160954,5.478458448,4936.390493
KHM,Cambodia,2010,0.542,0.513233792,0.568124912,0.514,0.903,69.834,10.50442141,3.028151941,2285.957699
CMR,Cameroon,2010,0.515,0.475952647,0.553300783,0.62,0.86,57.971,9.478825092,3.89835,2782.845927
CAN,Canada,2010,0.911,0.900968692,0.91855536,0.139,0.981,83.457,15.57993984,13.50089588,34658.27843
CAF,Central African Republic,2010,0.357,,,,,50.534,4.869489988,1.981939274,
TCD,Chad,2010,0.364,,,,,50.798,5.283450127,0.922358012,
CHL,Chile,2010,0.813,0.790818685,0.827819388,0.351,0.955,81.213,15.2049799,9.742690086,12794.36538
CHN,China,2010,0.698,0.682242724,0.711532411,0.247,0.959,78.326,13.15633965,6.243169785,7134.609733
COL,Colombia,2010,0.732,0.727591587,0.734347496,0.452,0.991,78.301,14.69927025,7.440090179,9235.899078
COM,Comoros,2010,0.524,0.487101655,0.557281193,,0.874,63.06,10.42046986,3.394681066,2101.907187
COG,Congo,2010,0.581,0.548019952,0.614053049,0.618,0.892,62.775,9.792095608,6.325606556,3815.912003
COD,Congo (Democratic Republic of the),2010,0.424,0.37953299,0.46614817,0.66,0.814,57.999,7.394885063,4.10734084,692.9886086
CRI,Costa Rica,2010,0.769,0.757226356,0.776152428,0.318,0.976,81.083,14.12819426,8.250049591,11888.71101
CIV,Côte d'Ivoire,2010,0.47,0.433732565,0.502014679,0.639,0.864,56.212,6.75232118,4.495459914,2190.487657
HRV,Croatia,2010,0.824,0.815233585,0.831801852,0.136,0.98,79.952,15.40184021,10.48349133,18508.9789
CUB,Cuba,2010,0.779,0.761038283,0.788164269,0.333,0.966,79.99,17.42067909,11.19303837,4697.524699
CYP,Cyprus,2010,0.859,0.839886522,0.875881051,0.191,0.959,82.048,13.88097954,11.11723042,28768.1874
CZE,Czechia,2010,0.872,0.860711855,0.879453762,0.139,0.979,80.65,16.74157906,12.06735039,23054.93262
DNK,Denmark,2010,0.913,0.906922337,0.916296414,0.049,0.99,81.336,17.52602959,12.4268198,42608.87783
DJI,Djibouti,2010,0.422,,,,,62.267,4.808995008,1.518307526,
DMA,Dominica,2010,0.735,,,,,74.889,14.82688999,8.405419401,
DOM,Dominican Republic,2010,0.707,0.699433509,0.710349089,0.488,0.985,75.66,13.64051755,7.422060013,8328.441877
ECU,Ecuador,2010,0.736,0.731676829,0.745423054,0.431,0.982,78.488,15.59517943,7.708539963,7842.126206
EGY,Egypt,2010,0.667,0.604035974,0.70165162,0.547,0.861,72.318,11.00205994,6.584432862,3753.515899
SLV,El Salvador,2010,0.657,0.647864518,0.662665606,0.396,0.978,76.213,12.12975025,6.073550224,5675.541922
GNQ,Equatorial Guinea,2010,0.609,,,,,59.583,8.498499055,6.842188582,
ERI,Eritrea,2010,0.458,,,,,65.547,6.242010117,3.71102188,
EST,Estonia,2010,0.864,0.877370894,0.846076595,0.159,1.037,80.438,17.53768921,13.69906044,20332.00226
SWZ,Eswatini (Kingdom of),2010,0.498,,,,,48.306,11.47716789,3.86,
ETH,Ethiopia,2010,0.409,0.375029558,0.441063668,0.599,0.85,61.849,7.490089893,1.271215022,1000.708851
FJI,Fiji,2010,0.699,0.673365239,0.716013774,0.405,0.94,69.271,13.19578664,9.659314728,5912.911975
FIN,Finland,2010,0.912,0.912642871,0.910159046,0.071,1.003,83.247,17.62829971,12.49857998,38044.56566
FRA,France,2010,0.88,0.872301518,0.885167804,0.129,0.985,84.686,15.69717026,10.5266304,34257.92966
GAB,Gabon,2010,0.656,0.650184993,0.657944385,0.52,0.988,65.843,11.69818603,8.63,8599.594049
GMB,Gambia,2010,0.449,0.410753097,0.483099456,0.66,0.85,61.642,7.456940174,2.05157198,1588.133978
GEO,Georgia,2010,0.763,0.742917287,0.774787885,0.432,0.959,76.572,13.98087597,12.28710175,5970.516004
DEU,Germany,2010,0.929,0.901563381,0.950423721,0.096,0.949,82.621,16.6890561,13.38274956,31916.1135
GHA,Ghana,2010,0.571,0.543544716,0.598129345,0.57,0.909,62.485,9.871174812,6.571720123,3323.419227
GRC,Greece,2010,0.874,0.858769459,0.886478066,0.153,0.969,83.444,17.22398949,9.877690315,25375.36086
GRD,Grenada,2010,0.779,,,,,77.632,,,
GTM,Guatemala,2010,0.613,0.586439384,0.634419841,0.539,0.924,74.29,10.86705971,3.898083289,4846.160632
GIN,Guinea,2010,0.415,,,,,57.842,7.144203504,0.695949972,
GNB,Guinea-Bissau,2010,0.441,,,,,58.439,9.154127,1.8176305,
GUY,Guyana,2010,0.65,,,,,70.237,11.71603966,7.347788222,
HTI,Haiti,2010,0.449,0.411935283,0.483619818,0.608,0.852,46.251,10.19747021,3.373809198,2453.968065
HND,Honduras,2010,0.596,0.588610381,0.600422066,0.467,0.98,73.278,10.70032978,5.45610261,3685.858533
HKG,"Hong Kong, China (SAR)",2010,0.914,0.897739261,0.929697976,,0.966,85.944,16.42950322,10.96669006,39164.74169
HUN,Hungary,2010,0.829,0.824691321,0.831443105,0.251,0.992,78.317,15.8488903,11.73375034,18145.73026
ISL,Iceland,2010,0.927,0.914776029,0.9309962,0.092,0.983,83.809,19.74998093,12.83978292,32689.57287
IND,India,2010,0.572,0.504792597,0.617380736,0.563,0.818,68.645,10.21936035,3.732888003,1887.27523
IDN,Indonesia,2010,0.667,0.636265055,0.69056912,0.497,0.921,70.434,12.77558994,6.879184961,5236.277245
IRN,Iran (Islamic Republic of),2010,0.756,0.689009218,0.784240308,0.546,0.879,75.728,13.25712013,9.592189789,4668.867892
IRQ,Iraq,2010,0.629,0.529105255,0.680819405,0.602,0.777,70.145,9.797487134,5.1673328,2029.409111
IRL,Ireland,2010,0.908,0.893165238,0.919172012,0.163,0.972,82.748,17.58342934,11.69929981,32812.89936
ISR,Israel,2010,0.887,0.870124777,0.89819914,0.145,0.969,83.564,15.47871971,12.45526981,24297.64633
ITA,Italy,2010,0.88,0.862466714,0.891449487,0.123,0.967,84.519,16.73106956,9.544340134,29458.57066
JAM,Jamaica,2010,0.711,0.71071924,0.707647241,0.428,1.004,74.667,14.05228043,8.772195816,7649.67569
JPN,Japan,2010,0.903,0.879250727,0.919245743,0.117,0.956,86.233,15.16218465,12.2082901,25516.48377
JOR,Jordan,2010,0.727,0.653439378,0.760435302,0.487,0.859,76.128,11.72397995,8.980759621,3593.873435
KAZ,Kazakhstan,2010,0.766,0.762878872,0.765188792,0.266,0.997,72.473,14.67768002,11.19715023,13366.61489
KEN,Kenya,2010,0.545,0.522085692,0.565338674,0.603,0.923,62.376,10.35299707,5.283370018,2743.297212
KIR,Kiribati,2010,0.584,0.566589275,0.598142052,,0.947,66.625,11.66235282,8.166792678,1959.386706
PRK,Korea (Democratic People's Rep. of),2010,,,,,,73.535,,,
KOR,Korea (Republic of),2010,0.89,0.852735101,0.916744069,0.095,0.93,84.198,15.94894981,10.8644104,21508.55889
KWT,Kuwait,2010,0.811,0.802250744,0.806409441,0.209,0.995,80.105,14.73134785,7.210829973,37909.01522
KGZ,Kyrgyzstan,2010,0.661,0.653145934,0.665854349,0.363,0.981,72.221,12.39455032,11.01805687,2963.234428
LAO,Lao People's Democratic Republic,2010,0.557,0.524258742,0.589967661,0.533,0.889,66.156,9.377510071,3.721962273,4017.715055
LVA,Latvia,2010,0.827,0.841117656,0.810822283,0.229,1.037,77.888,16.76545906,12.81678009,17722.14844
LBN,Lebanon,2010,0.749,0.706579962,0.770133669,0.432,0.917,79.916,12.248068,7.866850407,8051.00171
LSO,Lesotho,2010,0.47,0.467169651,0.470576189,0.59,0.993,48.176,11.8481636,6.427769947,2321.171053
LBR,Liberia,2010,0.46,0.412703299,0.51053442,0.66,0.808,60.644,8.995228767,2.280893918,1139.562169
LBY,Libya,2010,0.774,0.762017843,0.781725345,0.286,0.975,74.883,15.5276715,7.73,19549.79454
LIE,Liechtenstein,2010,0.916,0.897225854,0.940515598,,0.954,84.32,13.72410965,11.34624402,85967.58031
LTU,Lithuania,2010,0.846,0.858088555,0.832051811,0.149,1.031,78.802,17.95763016,12.41851044,19841.59293
LUX,Luxembourg,2010,0.912,0.893340571,0.914892776,0.11,0.976,83.155,13.97525978,12.4364996,54487.97861
MDG,Madagascar,2010,0.488,0.472715969,0.503111543,0.607,0.94,64.606,9.818429947,4.346250875,1326.347731
MWI,Malawi,2010,0.461,0.435611614,0.487410225,0.612,0.894,58.41,10.4176302,3.586829389,1126.999456
MYS,Malaysia,2010,0.768,0.747047745,0.78179689,0.264,0.956,77.124,13.19626045,9.415289879,12482.53862
MDV,Maldives,2010,0.692,0.666339303,0.707398163,0.402,0.942,78.795,12.71925968,4.71437192,8395.577862
MLI,Mali,2010,0.406,0.363248713,0.444520098,0.667,0.817,57.328,6.361060143,1.495690036,1365.236611
MLT,Malta,2010,0.862,0.827921669,0.886299498,0.264,0.934,83.749,15.42296982,9.917610168,19112.5178
MHL,Marshall Islands,2010,,,,,,65.119,13.48107147,,2737.606603
MRT,Mauritania,2010,0.508,0.463955836,0.54261079,0.638,0.855,64.748,7.447629929,3.198151952,2565.601422
MUS,Mauritius,2010,0.755,0.727912408,0.771652534,0.373,0.943,77.579,14.17278957,7.753421653,10154.5145
MEX,Mexico,2010,0.747,0.727486439,0.761641039,0.417,0.955,77.117,13.52509022,7.789669991,11842.54148
FSM,Micronesia (Federated States of),2010,0.644,,,,,74.422,12.80917749,6.646205416,
MDA,Moldova (Republic of),2010,0.716,0.72220573,0.710505651,0.24,1.016,73.778,12.17016029,11.43325043,8107.614215
MCO,Monaco,2010,,,,,,86.722,18.89867271,,
MNG,Mongolia,2010,0.7,0.712445413,0.68803554,0.415,1.035,71.843,15.28030968,10.32137966,6055.620711
MNE,Montenegro,2010,0.806,0.784359848,0.82331048,0.21,0.953,78.862,14.91862011,10.51559973,12351.11043
MAR,Morocco,2010,0.604,0.540588331,0.650111315,0.549,0.832,72.485,10.45646954,3.23,3044.739692
MOZ,Mozambique,2010,0.407,0.384699531,0.427978521,0.542,0.899,55.837,9.458330154,1.854554951,962.4343429
MMR,Myanmar,2010,0.506,,,,,66.215,10.629664,3.618925433,
NAM,Namibia,2010,0.584,0.578081311,0.588194502,0.538,0.983,58.731,11.51979968,6.427274467,7330.723553
NRU,Nauru,2010,0.559,0.550611895,0.565368229,,0.974,63.491,10.00085804,6.54582361,3422.727988
NPL,Nepal,2010,0.543,0.514380282,0.572403706,0.527,0.899,68.566,11.81602001,2.249713981,2340.444867
NLD,Netherlands,2010,0.917,0.892026636,0.93576862,0.052,0.953,82.715,17.04768944,11.62747955,36150.8837
NZL,New Zealand,2010,0.924,0.905023037,0.939658755,0.166,0.963,82.959,19.56252367,13.32336025,26724.94119
NIC,Nicaragua,2010,0.611,0.597040768,0.618699664,0.47,0.965,75.128,10.72004192,6.17,3170.130198
NER,Niger,2010,0.336,0.293937825,0.375607845,0.692,0.783,59.041,4.016200066,1.017132126,781.3871165
NGA,Nigeria,2010,0.488,0.449175355,0.524391285,0.67,0.857,51.404,7.717040062,4.726782799,3762.087654
MKD,North Macedonia,2010,0.746,0.717379878,0.768012633,0.172,0.934,77.465,12.63313007,8.793055058,8892.854683
NOR,Norway,2010,0.938,0.932320975,0.940566034,0.07,0.991,83.156,18.22344017,12.58306026,51948.78432
OMN,Oman,2010,0.798,0.739971185,0.821972634,0.34,0.9,78.498,14.20450497,7.546730042,12380.41921
PAK,Pakistan,2010,0.496,0.400599093,0.552833408,0.593,0.725,66.889,5.441440105,2.933340073,1222.572753
PLW,Palau,2010,0.775,0.763466028,0.782355246,,0.976,68.722,16.68336413,12.65306115,10778.34554
PSE,"Palestine, State of",2010,0.688,0.603481094,0.722607494,,0.835,75.091,13.92240047,7.767769814,1620.26557
PAN,Panama,2010,0.775,0.771979667,0.774679997,0.483,0.997,79.733,13.44550037,9.498259544,15025.23904
PNG,Papua New Guinea,2010,0.497,0.470294296,0.52498592,0.682,0.896,65.268,7.560225645,3.207663636,2717.272951
PRY,Paraguay,2010,0.7,0.681187346,0.712507432,0.484,0.956,74.766,13.52803993,7.053486824,7079.633571
PER,Peru,2010,0.725,0.699894966,0.746917202,0.401,0.937,75.93,13.51780987,8.199580193,7050.499826
PHL,Philippines,2010,0.673,0.652684805,0.686550733,0.443,0.951,72.418,11.80581608,9.034720421,4514.533262
POL,Poland,2010,0.845,0.845755474,0.841250507,0.171,1.005,80.46,16.54743004,12.29596996,17510.83996
PRT,Portugal,2010,0.831,0.827079187,0.833212743,0.127,0.993,83.121,16.29987192,8.064240456,26127.02262
QAT,Qatar,2010,0.829,0.831669368,0.825174323,0.669,1.008,80.492,13.71004009,10.03818989,38996.01429
ROU,Romania,2010,0.813,0.804589733,0.819627381,0.343,0.982,77.672,16.85136986,10.29037952,14967.21935
RUS,Russian Federation,2010,0.797,0.808683125,0.783466268,0.275,1.032,75.324,14.82849503,12.35324001,18684.05386
RWA,Rwanda,2010,0.485,0.469183599,0.502139684,0.453,0.934,64.181,11.05012035,3.209530207,1314.379167
KNA,Saint Kitts and Nevis,2010,0.79,,,,,74.434,15.94481659,9.741562691,
LCA,Saint Lucia,2010,0.731,0.731481121,0.728193248,0.363,1.005,75.707,13.83024979,8.646590233,11077.85359
VCT,Saint Vincent and the Grenadines,2010,0.756,,,,,77.55,14.38637409,9.681378434,
WSM,Samoa,2010,0.704,0.667539588,0.721059906,,0.926,75.048,12.4621901,11.73609505,2720.52673
SMR,San Marino,2010,0.901,0.888644431,0.902188909,,0.985,84.329,16.2852993,9.827244411,52420.12659
STP,Sao Tome and Principe,2010,0.553,,,,,67.812,10.14188004,4.527099186,
SAU,Saudi Arabia,2010,0.805,0.725995159,0.841378662,0.746,0.863,77.572,12.81963217,8.233683109,11461.39532
SEN,Senegal,2010,0.47,0.437168573,0.500047094,0.576,0.874,66.334,8.024140358,1.631546044,1925.925752
SRB,Serbia,2010,0.768,0.755535432,0.77908474,0.207,0.97,77.257,13.91265965,9.759810448,11692.81904
SYC,Seychelles,2010,0.774,0.782851293,0.764581221,,1.024,77.621,12.90810013,11.06117622,17242.62469
SLE,Sierra Leone,2010,0.416,0.385500679,0.449029711,0.652,0.859,54.49,8.212951834,2.147772275,1307.929316
SGP,Singapore,2010,0.921,0.905332239,0.924127779,0.085,0.98,83.955,16.36755544,10.76574993,59391.14523
SVK,Slovakia,2010,0.841,0.836314524,0.841450869,0.203,0.994,79.157,15.91771984,12.09920416,19143.52617
SVN,Slovenia,2010,0.89,0.890653695,0.887980537,0.128,1.003,82.734,18.00068092,11.86530018,28041.05731
SLB,Solomon Islands,2010,0.553,0.53541049,0.58072021,,0.922,70.637,10.29481983,5.126855188,2014.825462
SOM,Somalia,2010,,,,,,52.538,,,
ZAF,South Africa,2010,0.675,0.661470512,0.684287334,0.456,0.967,61.266,13.75134489,9.42043972,10107.1453
SSD,South Sudan,2010,0.406,,,,,55.831,3.879702,4.762169838,
ESP,Spain,2010,0.868,0.857686794,0.874969115,0.105,0.98,84.983,16.81402969,9.126600266,27968.30749
LKA,Sri Lanka,2010,0.735,0.713438909,0.746923189,0.415,0.955,77.596,13.48585987,10.12339415,5367.950228
SDN,Sudan,2010,0.489,0.436722735,0.525131602,0.614,0.832,65.506,7.067699909,2.51,1962.084685
SUR,Suriname,2010,0.696,0.688581086,0.698852492,0.513,0.985,73.587,11.72352936,7.826025827,10870.57934
SWE,Sweden,2010,0.91,0.906706958,0.911616668,0.051,0.995,83.464,16.76656914,12.30389023,40630.42551
CHE,Switzerland,2010,0.94,0.920082331,0.953300854,0.057,0.965,84.36,15.58465958,12.80630016,54549.2785
SYR,Syrian Arab Republic,2010,0.661,0.569003787,0.703332446,0.493,0.809,76.682,11.66215992,5.584248948,1760.645171
TJK,Tajikistan,2010,0.631,0.584098942,0.666440677,0.369,0.876,70.353,9.981730461,10.61821943,1709.713034
TZA,Tanzania (United Republic of),2010,0.493,0.478610405,0.508443231,0.564,0.941,61.914,8.994979858,4.622084045,1936.04778
THA,Thailand,2010,0.743,0.742076682,0.743279797,0.365,0.998,80.358,14.49687004,7.418540001,10732.55195
TLS,Timor-Leste,2010,0.639,0.60393294,0.668316782,0.53,0.904,66.989,12.90408993,4.653299809,6334.494941
TGO,Togo,2010,0.469,0.41198577,0.513932724,0.627,0.802,57.364,9.305392361,2.10326004,1382.625583
TON,Tonga,2010,0.709,,,,,73.381,15.90668254,10.70623608,
TTO,Trinidad and Tobago,2010,0.785,0.774551948,0.79039174,0.335,0.98,76.138,12.91645698,10.47003984,19380.15736
TUN,Tunisia,2010,0.713,0.665179683,0.741843513,0.287,0.897,78.56,14.54166985,5.669849873,4515.494909
TUR,Türkiye,2010,0.75,0.707139556,0.781221405,0.416,0.905,78.221,13.46945953,6.173590183,11089.59319
TKM,Turkmenistan,2010,0.699,,,,,71.636,10.18786865,10.551265,
TUV,Tuvalu,2010,0.623,,,,,67.72,12.38202374,9.179269382,
UGA,Uganda,2010,0.5,0.470400477,0.524394138,0.549,0.897,58.768,10.52881249,5.190139771,1419.875844
UKR,Ukraine,2010,0.766,0.768805535,0.760168016,0.296,1.011,75.391,15.41954994,11.64556288,9255.193722
ARE,United Arab Emirates,2010,0.828,0.806791487,0.825351008,0.177,0.978,80.203,13.82925287,10.2378382,22109.3015
GBR,United Kingdom,2010,0.913,0.901404271,0.922201911,0.179,0.977,82.342,16.84209061,13.11940956,33645.58276
USA,United States,2010,0.916,0.910340641,0.918865637,0.244,0.991,81.166,17.15428686,13.0636797,43168.47977
URY,Uruguay,2010,0.785,0.795338252,0.781733021,0.324,1.017,80.897,16.79448395,8.506019592,14012.93917
UZB,Uzbekistan,2010,0.675,0.659627653,0.687734568,0.271,0.959,71.813,11.45277023,10.76613632,4041.923536
VUT,Vanuatu,2010,0.578,0.553976696,0.598901385,,0.925,72.056,10.34407529,5.578559278,2262.603148
VEN,Venezuela (Bolivarian Republic of),2010,0.759,0.767247923,0.745169508,0.489,1.03,77.139,15.16581992,8.976644993,13933.08313
VNM,Viet Nam,2010,0.676,0.673257621,0.677190075,0.363,0.994,78.264,12.70525,7.13382411,5386.319823
YEM,Yemen,2010,0.496,0.374802036,0.561319993,0.792,0.668,69.397,6.746260166,1.31,809.1168417
ZMB,Zambia,2010,0.528,0.498353435,0.557946962,0.58,0.893,58.533,10.33061532,5.316311496,2414.953683
ZWE,Zimbabwe,2010,0.481,0.459883628,0.501781434,0.594,0.917,52.24,10.3326042,7.203783989,1443.459032
AFG,Afghanistan,2011,0.457,0.352785973,0.525878534,0.718,0.671,62.993,7.385709763,0.595374856,795.3937996
ALB,Albania,2011,0.779,0.761439309,0.79454838,0.194,0.958,80.798,15.05648041,9.39647007,8605.198934
DZA,Algeria,2011,0.725,0.644962651,0.763234982,0.508,0.845,75.236,14.80955029,6.54173838,3239.296024
AND,Andorra,2011,0.867,,,,,85.444,13.27983761,10.50666022,
AGO,Angola,2011,0.533,0.482539351,0.577976176,0.546,0.835,59.869,7.726860046,2.947844553,6248.16661
ATG,Antigua and Barbuda,2011,0.805,,,,,79.706,15.43432045,,
ARG,Argentina,2011,0.842,0.833737041,0.839211491,0.366,0.993,79.322,18.55088997,10.77540016,16536.24349
ARM,Armenia,2011,0.743,0.730824728,0.748756207,0.342,0.976,77.713,12.70121956,11.18951988,6611.59469
AUS,Australia,2011,0.927,0.908022635,0.940784087,0.131,0.965,84.292,22.91370943,12.15478039,31729.10833
AUT,Austria,2011,0.907,0.890985598,0.918038913,0.103,0.971,83.427,16.68009739,11.29426003,38312.14052
AZE,Azerbaijan,2011,0.735,0.712911035,0.751041139,0.341,0.949,73.344,12.70414427,10.16166973,8425.25185
BHS,Bahamas,2011,0.8,0.801690679,0.797547931,0.382,1.005,75.762,11.92281029,12.09261327,28979.46598
BHR,Bahrain,2011,0.812,0.777704342,0.824407766,0.246,0.943,80.109,14.46607018,8.142049869,18469.19523
BGD,Bangladesh,2011,0.565,0.51568152,0.599785316,0.595,0.86,70.467,9.531907082,4.404220104,1986.518383
BRB,Barbados,2011,0.79,0.791013641,0.780912956,0.348,1.013,77.869,16.90377998,9.858891007,12384.68015
BLR,Belarus,2011,0.798,0.805861539,0.788260543,0.145,1.022,77.426,16.12733078,11.27965584,14487.32665
BEL,Belgium,2011,0.914,0.896834776,0.928450441,0.09,0.966,82.865,19.96231079,11.23900986,35744.49134
BLZ,Belize,2011,0.719,0.703251617,0.729147652,0.41,0.964,75.677,12.80527973,10.18298779,5732.272442
BEN,Benin,2011,0.486,0.444434269,0.52668228,0.651,0.844,59.733,9.558019638,1.59605999,2412.758895
BTN,Bhutan,2011,0.591,0.577281806,0.60589621,0.45,0.953,70.628,12.66221046,1.498965987,7238.532762
BOL,Bolivia (Plurinational State of),2011,0.667,0.642658079,0.688296364,0.474,0.934,69.088,14.1415744,7.300030073,4716.749875
BIH,Bosnia and Herzegovina,2011,0.723,0.694986988,0.747528363,0.188,0.93,79.382,13.48184967,6.293360233,7718.821202
BWA,Botswana,2011,0.66,0.65369197,0.667122814,0.523,0.98,62.816,11.8040266,8.93,11744.55753
BRA,Brazil,2011,0.727,0.721893376,0.728060805,0.447,0.992,76.651,14.32171053,7.160999775,10956.16691
BRN,Brunei Darussalam,2011,0.829,0.814434372,0.836906584,,0.973,77.126,14.42708969,8.582,49072.05111
BGR,Bulgaria,2011,0.794,0.789575769,0.796645587,0.224,0.991,77.721,14.83985996,10.79144001,14389.06937
BFA,Burkina Faso,2011,0.383,0.355901306,0.409863099,0.599,0.868,58.616,6.46009016,0.761391427,1376.705164
BDI,Burundi,2011,0.408,0.388083777,0.427306249,0.532,0.908,59.094,10.35283518,1.764280021,727.303818
CPV,Cabo Verde,2011,0.657,0.654502881,0.656644981,,0.997,78.742,12.96883011,5.505339718,5167.564672
KHM,Cambodia,2011,0.546,0.516831143,0.572944954,0.511,0.902,70.726,10.57886633,2.994393969,2285.152263
CMR,Cameroon,2011,0.524,0.483310946,0.562611247,0.619,0.859,58.489,9.823390007,4.09862873,2701.520451
CAN,Canada,2011,0.914,0.904430712,0.921569791,0.128,0.981,83.597,15.66098022,13.55751991,35591.78663
CAF,Central African Republic,2011,0.365,,,,,51.167,4.980240027,2.081457927,
TCD,Chad,2011,0.373,,,,,51.279,5.886539936,0.959086013,
CHL,Chile,2011,0.816,0.796253227,0.829494004,0.335,0.96,81.684,15.46477985,9.3937397,14006.31211
CHN,China,2011,0.706,0.685855518,0.722926996,0.25,0.949,78.644,13.30821991,6.329024792,7070.863661
COL,Colombia,2011,0.738,0.733819365,0.740686526,0.452,0.991,78.548,14.74129963,7.578149796,9772.440974
COM,Comoros,2011,0.532,0.49562409,0.563485959,,0.88,63.608,10.73872986,3.539078042,2135.963908
COG,Congo,2011,0.584,0.547367732,0.618909536,0.622,0.884,63.135,10.06741783,6.483101249,3321.687857
COD,Congo (Democratic Republic of the),2011,0.432,0.387496937,0.474398912,0.659,0.817,58.658,7.718190193,4.220160502,702.9717827
CRI,Costa Rica,2011,0.778,0.765863909,0.785243671,0.307,0.975,81.711,14.41154003,8.37195015,12214.49777
CIV,Côte d'Ivoire,2011,0.468,0.432989609,0.500126922,0.627,0.866,56.747,6.90409584,4.397374898,2037.78016
HRV,Croatia,2011,0.829,0.818530062,0.837730163,0.133,0.977,80.325,15.46827984,10.63197041,18215.2328
CUB,Cuba,2011,0.776,0.755979995,0.78690055,0.332,0.961,80.063,16.47126961,11.33929939,4772.93875
CYP,Cyprus,2011,0.863,0.845898745,0.877410276,0.208,0.964,82.336,13.98414993,11.32223034,29399.8061
CZE,Czechia,2011,0.876,0.865336027,0.88309542,0.138,0.98,80.861,16.89985085,12.17617035,23466.02733
DNK,Denmark,2011,0.927,0.915705858,0.933735301,0.044,0.981,81.822,18.99901962,12.52262974,43311.01597
DJI,Djibouti,2011,0.432,,,,,62.409,5.041989803,1.637638882,
DMA,Dominica,2011,0.724,,,,,72.974,15.03613973,8.46410598,
DOM,Dominican Republic,2011,0.712,0.707463483,0.713120037,0.486,0.992,75.856,13.8817989,7.528470039,8877.492295
ECU,Ecuador,2011,0.743,0.73699428,0.750304042,0.428,0.982,78.675,15.53120359,7.772500038,8484.015522
EGY,Egypt,2011,0.671,0.621955594,0.701145726,0.541,0.887,72.605,10.99493027,6.92976102,4708.409213
SLV,El Salvador,2011,0.657,0.647428019,0.665112283,0.397,0.973,76.189,12.20882988,5.886670113,5813.511632
GNQ,Equatorial Guinea,2011,0.618,,,,,60.172,8.844146976,7.046105234,
ERI,Eritrea,2011,0.473,,,,,66.33,6.383857608,3.674803954,
EST,Estonia,2011,0.873,0.885091347,0.857180826,0.161,1.033,81.022,17.5635891,13.75597954,21853.29911
SWZ,Eswatini (Kingdom of),2011,0.514,,,,,50.181,11.74676991,4.102,
ETH,Ethiopia,2011,0.419,0.385863781,0.451765201,0.596,0.854,62.874,7.722489834,1.279420018,1081.642569
FJI,Fiji,2011,0.704,0.685857468,0.716939271,0.397,0.957,69.521,13.30510604,9.806819725,6934.77302
FIN,Finland,2011,0.916,0.916913268,0.913748421,0.066,1.003,83.532,17.7294693,12.54961014,39044.87218
FRA,France,2011,0.884,0.876546882,0.889040462,0.126,0.986,85.033,15.74705982,10.61380005,34978.87643
GAB,Gabon,2011,0.661,0.648388679,0.665560584,0.526,0.974,66.094,11.75376201,8.882,7533.142235
GMB,Gambia,2011,0.45,0.412285509,0.482802483,0.656,0.854,62.547,7.619269876,2.192426176,1407.878447
GEO,Georgia,2011,0.771,0.755192441,0.77942263,0.425,0.969,76.854,14.44427013,12.35096073,6631.098001
DEU,Germany,2011,0.935,0.908560472,0.955889154,0.09,0.95,82.833,16.76938736,13.49940014,34410.77518
GHA,Ghana,2011,0.579,0.550243784,0.607297486,0.566,0.906,63.233,10.19554996,6.370452949,3486.236738
GRC,Greece,2011,0.871,0.856609151,0.882974053,0.14,0.97,83.632,17.33033943,9.985362768,22901.09649
GRD,Grenada,2011,0.782,,,,,78.067,,,
GTM,Guatemala,2011,0.617,0.584420343,0.642168455,0.54,0.91,74.525,10.82448006,4.075226585,4390.891556
GIN,Guinea,2011,0.421,,,,,58.107,7.353720188,0.780487493,
GNB,Guinea-Bissau,2011,0.45,,,,,59.059,9.276474,1.926819875,
GUY,Guyana,2011,0.663,,,,,70.518,12.36604977,7.491711729,
HTI,Haiti,2011,0.529,0.495535866,0.556429428,0.621,0.891,64.126,9.893714085,3.610413999,2412.136532
HND,Honduras,2011,0.598,0.590405473,0.602394339,0.465,0.98,73.776,10.5704298,5.617360115,3629.177975
HKG,"Hong Kong, China (SAR)",2011,0.921,0.902815319,0.939229569,,0.961,86.183,16.51098061,11.17440033,39645.10113
HUN,Hungary,2011,0.833,0.826734004,0.836458773,0.256,0.988,78.486,15.80842972,11.7915802,18473.1079
ISL,Iceland,2011,0.933,0.919144247,0.941621527,0.087,0.976,83.815,19.89625931,12.95558153,34656.76512
IND,India,2011,0.586,0.51642479,0.628382496,0.555,0.822,69.106,10.6969099,4.045360088,1898.55327
IDN,Indonesia,2011,0.674,0.644182879,0.69771786,0.501,0.923,70.571,13.06173038,7.002989769,5532.101294
IRN,Iran (Islamic Republic of),2011,0.765,0.693744769,0.794741611,0.545,0.873,76.383,13.74411011,9.659184933,4420.378493
IRQ,Iraq,2011,0.637,0.535708927,0.689129298,0.602,0.777,70.348,10.09058,5.272756,2073.216101
IRL,Ireland,2011,0.906,0.889628347,0.917217146,0.14,0.97,82.782,17.94301987,11.17216015,32100.16844
ISR,Israel,2011,0.89,0.873135251,0.901751148,0.138,0.968,83.467,15.48731995,12.55253029,25371.31615
ITA,Italy,2011,0.883,0.865249918,0.894928562,0.119,0.967,84.553,16.90904045,9.641880035,29242.49829
JAM,Jamaica,2011,0.715,0.715887806,0.712075294,0.413,1.005,74.997,14.15252018,8.873140335,7867.95063
JPN,Japan,2011,0.902,0.878878356,0.919071622,0.116,0.956,85.852,15.19705323,12.22266407,25941.81289
JOR,Jordan,2011,0.73,0.657998572,0.762156654,0.485,0.863,76.378,11.78460979,9.178015436,3633.804699
KAZ,Kazakhstan,2011,0.774,0.771089815,0.772895311,0.259,0.998,72.976,14.88920975,11.36812019,13860.81489
KEN,Kenya,2011,0.552,0.531259864,0.571832319,0.599,0.929,63.001,10.4462743,5.504318926,2888.587793
KIR,Kiribati,2011,0.583,0.565692707,0.597394936,,0.947,66.793,11.74734917,8.284670101,1852.432464
PRK,Korea (Democratic People's Rep. of),2011,,,,,,74.058,,,
KOR,Korea (Republic of),2011,0.895,0.858111692,0.922053753,0.097,0.931,84.593,15.99417973,10.97289429,22268.14269
KWT,Kuwait,2011,0.817,0.81231396,0.812169084,0.2,1.0,80.617,14.75917587,7.30289495,43433.09252
KGZ,Kyrgyzstan,2011,0.664,0.654702762,0.668393009,0.369,0.98,72.676,12.34549046,11.10409355,2922.625367
LAO,Lao People's Democratic Republic,2011,0.569,0.534480211,0.603798955,0.528,0.885,66.591,9.789979935,3.848295196,4139.860668
LVA,Latvia,2011,0.833,0.844684391,0.818404601,0.222,1.032,78.56,16.5620594,12.88086987,18148.1736
LBN,Lebanon,2011,0.755,0.710769067,0.775467054,0.443,0.917,80.134,12.63088,7.892720451,7878.13737
LSO,Lesotho,2011,0.478,0.475217666,0.47847834,0.589,0.993,49.261,12.01851702,6.600944948,2254.611258
LBR,Liberia,2011,0.464,0.41589795,0.514980548,0.671,0.808,60.842,9.097844442,2.368209388,1140.763023
LBY,Libya,2011,0.734,0.727065367,0.735806132,0.297,0.988,73.859,15.45534889,8.1,9995.895356
LIE,Liechtenstein,2011,0.919,0.898870189,0.946369401,,0.95,84.222,13.9335804,11.33355048,77949.75705
LTU,Lithuania,2011,0.853,0.864284172,0.840175936,0.153,1.029,79.242,17.94671059,12.53085041,20929.03715
LUX,Luxembourg,2011,0.913,0.895127402,0.916634483,0.09,0.977,83.139,14.04509497,12.52077007,54611.73386
MDG,Madagascar,2011,0.49,0.474934699,0.505009094,0.603,0.94,65.433,9.83757019,4.409100771,1287.149618
MWI,Malawi,2011,0.469,0.443989598,0.494615324,0.606,0.898,59.834,10.51119041,3.729783507,1128.130916
MYS,Malaysia,2011,0.771,0.75747608,0.781489433,0.264,0.969,77.485,13.10892963,9.556743304,14577.93598
MDV,Maldives,2011,0.701,0.675714288,0.715688782,0.396,0.944,79.188,12.7805953,5.010707378,8877.591864
MLI,Mali,2011,0.411,0.368488031,0.450612071,0.667,0.818,57.723,6.579070091,1.488100052,1388.315619
MLT,Malta,2011,0.857,0.82990711,0.875756824,0.26,0.948,83.583,15.31221008,10.03806019,20006.41859
MHL,Marshall Islands,2011,0.656,0.624453311,0.677990327,,0.921,65.178,13.77161789,10.70687008,2766.682741
MRT,Mauritania,2011,0.513,0.468458019,0.54833046,0.634,0.854,65.07,7.516459942,3.355707967,2555.500748
MUS,Mauritius,2011,0.764,0.73669347,0.781088569,0.354,0.943,77.695,14.70413017,7.967919827,10193.32723
MEX,Mexico,2011,0.753,0.732969378,0.767019629,0.413,0.956,77.311,13.5806303,7.995434761,12178.55507
FSM,Micronesia (Federated States of),2011,0.646,,,,,74.545,12.81303983,6.686452775,
MDA,Moldova (Republic of),2011,0.719,0.726735334,0.712176921,0.234,1.02,73.679,12.17671013,11.49682045,8761.596508
MCO,Monaco,2011,,,,,,87.211,18.94742062,,
MNG,Mongolia,2011,0.71,0.720899006,0.699161961,0.418,1.031,71.694,15.28084744,10.45843971,6933.709336
MNE,Montenegro,2011,0.811,0.792351739,0.826707137,0.189,0.958,79.058,15.13477993,10.64762974,13182.14478
MAR,Morocco,2011,0.616,0.552099329,0.661257953,0.516,0.835,73.023,10.81235981,3.46,3144.139274
MOZ,Mozambique,2011,0.412,0.390570966,0.433408767,0.543,0.901,56.584,9.272029877,1.975029945,1023.626501
MMR,Myanmar,2011,0.517,,,,,66.963,10.797096,3.796039902,
NAM,Namibia,2011,0.59,0.585133324,0.593980052,0.528,0.985,59.502,11.54173492,6.583888433,7472.987164
NRU,Nauru,2011,0.572,0.563317455,0.577789777,,0.975,63.971,10.37068984,6.74141388,3722.710844
NPL,Nepal,2011,0.552,0.525590405,0.580619853,0.515,0.905,69.094,12.37856007,2.324599981,2410.551728
NLD,Netherlands,2011,0.927,0.903430979,0.945423042,0.048,0.956,82.848,17.9405098,11.64255047,37665.73917
NZL,New Zealand,2011,0.924,0.90918277,0.937636401,0.163,0.97,82.615,19.70925892,13.33059025,29784.04515
NIC,Nicaragua,2011,0.619,0.607507883,0.625476353,0.426,0.971,75.528,10.86802208,6.324,3476.89257
NER,Niger,2011,0.344,0.282596981,0.390617498,0.669,0.723,59.692,4.268509865,1.080856066,541.3957281
NGA,Nigeria,2011,0.494,0.459659473,0.528197504,0.674,0.87,51.791,7.950870037,4.771435261,4275.833762
MKD,North Macedonia,2011,0.751,0.724683854,0.772565965,0.166,0.938,77.457,12.74865484,9.093788207,9311.390217
NOR,Norway,2011,0.94,0.934753402,0.941614629,0.061,0.993,83.434,18.19528008,12.6552496,52153.99793
OMN,Oman,2011,0.811,0.753338745,0.831897783,0.329,0.906,78.672,15.27340984,8.151251984,11059.0703
PAK,Pakistan,2011,0.5,0.403977874,0.556596171,0.588,0.726,67.066,5.401800156,3.066920042,1246.912561
PLW,Palau,2011,0.778,0.7671213,0.784969929,,0.977,68.137,16.87385955,12.71864015,11771.27701
PSE,"Palestine, State of",2011,0.696,0.618478467,0.727207868,,0.85,75.384,13.99748039,8.002570152,1884.666059
PAN,Panama,2011,0.781,0.778950982,0.780479708,0.483,0.998,79.871,13.31604958,9.642202907,16868.22264
PNG,Papua New Guinea,2011,0.502,0.475366245,0.528284198,0.675,0.9,66.121,7.742667766,3.348189852,2562.870628
PRY,Paraguay,2011,0.711,0.698528615,0.719259407,0.479,0.971,74.934,14.13470085,7.407403469,7933.369784
PER,Peru,2011,0.731,0.708151206,0.752432658,0.413,0.941,76.298,13.71564484,8.30562973,7502.509064
PHL,Philippines,2011,0.677,0.657083275,0.690433965,0.438,0.952,72.431,12.03810196,9.12768364,4598.418124
POL,Poland,2011,0.851,0.851863574,0.84643284,0.152,1.006,80.751,16.47632027,12.55772018,18333.38948
PRT,Portugal,2011,0.836,0.830399796,0.840338143,0.12,0.988,83.586,16.32440567,8.262209892,25319.08871
QAT,Qatar,2011,0.83,0.826309119,0.828539375,0.669,0.997,80.538,13.25669956,9.860930443,40423.85761
ROU,Romania,2011,0.813,0.804094608,0.820517008,0.323,0.98,77.961,16.11430931,10.43974972,15917.61239
RUS,Russian Federation,2011,0.807,0.818500576,0.794048077,0.261,1.031,76.191,15.16648006,12.36496362,19497.84956
RWA,Rwanda,2011,0.493,0.477885043,0.508345724,0.448,0.94,65.09,11.27575016,3.234665082,1372.055464
KNA,Saint Kitts and Nevis,2011,0.801,,,,,74.614,16.41661501,10.00755429,
LCA,Saint Lucia,2011,0.737,0.739680171,0.733973481,0.353,1.008,75.796,14.1469202,8.633523623,12148.61711
VCT,Saint Vincent and the Grenadines,2011,0.759,,,,,77.318,14.61421318,9.853979627,
WSM,Samoa,2011,0.706,0.665219726,0.723470575,,0.919,74.983,12.51478509,11.81394005,2592.566995
SMR,San Marino,2011,0.895,0.881409793,0.903598602,,0.975,84.324,16.07765961,10.00596552,44997.35422
STP,Sao Tome and Principe,2011,0.556,,,,,67.27,10.37758017,4.597654828,
SAU,Saudi Arabia,2011,0.816,0.747498382,0.850881608,0.742,0.878,77.833,13.09036102,8.490345319,15186.9549
SEN,Senegal,2011,0.483,0.459908634,0.507152193,0.566,0.907,67.174,8.865200043,1.776460052,2148.532155
SRB,Serbia,2011,0.773,0.754093673,0.787285197,0.203,0.958,77.66,13.94777012,10.04681015,10263.44768
SYC,Seychelles,2011,0.768,0.780217376,0.75654514,,1.031,78.306,11.27719975,11.16946331,20889.36424
SLE,Sierra Leone,2011,0.424,0.39407434,0.456257941,0.645,0.864,55.441,8.33421636,2.171357668,1388.296571
SGP,Singapore,2011,0.924,0.915378773,0.927643171,0.086,0.987,84.222,16.43831988,10.83049965,69229.25227
SVK,Slovakia,2011,0.846,0.840334116,0.847535563,0.2,0.992,79.668,15.83617973,12.31120014,19117.65147
SVN,Slovenia,2011,0.892,0.894967625,0.887997403,0.078,1.008,82.91,18.01588058,12.05235958,28785.68177
SLB,Solomon Islands,2011,0.557,0.540118461,0.583578187,,0.926,70.775,10.5023098,5.161299803,2066.430933
SOM,Somalia,2011,,,,,,53.038,,,
ZAF,South Africa,2011,0.686,0.674350984,0.693750274,0.451,0.972,63.111,13.77559768,9.528490067,10355.0783
SSD,South Sudan,2011,0.408,,,,,56.296,4.005823601,4.762169838,
ESP,Spain,2011,0.873,0.86302201,0.880344421,0.095,0.98,85.083,17.13438034,9.263349533,27922.23296
LKA,Sri Lanka,2011,0.741,0.720306926,0.751636719,0.404,0.958,77.801,13.48719025,10.18617848,5866.230136
SDN,Sudan,2011,0.491,0.444137789,0.524914507,0.598,0.846,65.801,6.800600052,2.63,2328.743282
SUR,Suriname,2011,0.697,0.691064295,0.698790036,0.491,0.989,73.612,11.68848309,7.898795128,11279.0925
SWE,Sweden,2011,0.912,0.908524873,0.913272346,0.051,0.995,83.667,16.63521004,12.38123989,41597.34465
CHE,Switzerland,2011,0.94,0.919818925,0.954554495,0.054,0.964,84.675,15.55478954,12.82425022,52640.24822
SYR,Syrian Arab Republic,2011,0.687,0.612897241,0.724941474,0.48,0.845,76.359,11.87374973,5.581459342,3536.174823
TJK,Tajikistan,2011,0.636,0.591587172,0.670649972,0.364,0.882,70.824,9.979310036,10.65045239,1846.91365
TZA,Tanzania (United Republic of),2011,0.498,0.479122302,0.51729719,0.55,0.926,63.082,8.769279861,4.748732042,1820.879136
THA,Thailand,2011,0.749,0.753473473,0.745324873,0.354,1.011,80.668,14.71026039,7.502973398,12198.89935
TLS,Timor-Leste,2011,0.649,0.611448812,0.679392658,0.509,0.9,67.374,12.95586348,4.640219847,7082.167267
TGO,Togo,2011,0.483,0.420471934,0.529758237,0.634,0.794,57.986,9.617866325,2.174870014,1420.96027
TON,Tonga,2011,0.716,,,,,73.424,16.05149746,10.89443016,
TTO,Trinidad and Tobago,2011,0.788,0.778818957,0.79308152,0.332,0.982,76.41,13.06673169,10.65713978,19058.92698
TUN,Tunisia,2011,0.715,0.666329801,0.744109462,0.29,0.895,78.667,14.61826992,5.839590073,4351.289038
TUR,Türkiye,2011,0.763,0.722071305,0.793428127,0.381,0.91,78.144,14.04909992,6.455739975,12256.71826
TKM,Turkmenistan,2011,0.708,,,,,71.888,10.47417014,10.55346203,
TUV,Tuvalu,2011,0.623,,,,,67.821,12.46161527,9.307538305,
UGA,Uganda,2011,0.504,0.479231119,0.526909707,0.544,0.91,59.722,10.58830112,4.632529974,1705.933859
UKR,Ukraine,2011,0.772,0.771203617,0.76727368,0.286,1.005,76.057,15.27464962,11.62287002,9369.315027
ARE,United Arab Emirates,2011,0.835,0.814084266,0.832111273,0.185,0.978,80.415,13.99546246,10.27340175,24036.41124
GBR,United Kingdom,2011,0.909,0.897303133,0.917638515,0.169,0.978,82.727,16.19042969,13.08041,33955.48294
USA,United States,2011,0.918,0.912139813,0.920887419,0.243,0.991,81.182,17.21386814,13.10387993,43794.96802
URY,Uruguay,2011,0.791,0.802065923,0.786119067,0.333,1.02,81.032,16.97617722,8.625780106,14798.96545
UZB,Uzbekistan,2011,0.682,0.665157246,0.695296353,0.283,0.957,72.225,11.41975975,10.86642377,4244.720253
VUT,Vanuatu,2011,0.581,0.55946255,0.601098722,,0.931,72.04,10.47983625,5.688389342,2366.592193
VEN,Venezuela (Bolivarian Republic of),2011,0.766,0.773388475,0.751144905,0.492,1.03,77.1,15.10888204,9.446539879,14301.51644
VNM,Viet Nam,2011,0.681,0.679836536,0.681239173,0.37,0.998,78.415,12.81917,7.233878136,5733.000997
YEM,Yemen,2011,0.495,0.361688421,0.561177546,0.792,0.645,69.49,7.069600105,1.51,579.0669137
ZMB,Zambia,2011,0.534,0.504115589,0.563055535,0.583,0.895,59.592,10.40339157,5.420695066,2367.442635
ZWE,Zimbabwe,2011,0.502,0.483674894,0.519443419,0.588,0.931,55.438,10.40911187,7.35521698,1590.396939
AFG,Afghanistan,2012,0.467,0.342364541,0.539764799,0.734,0.634,63.514,7.606156667,0.633786137,612.013873
ALB,Albania,2012,0.789,0.775625025,0.801310126,0.196,0.968,80.703,15.8764801,9.832489967,8888.907565
DZA,Algeria,2012,0.726,0.652431634,0.76262494,0.425,0.856,75.478,14.94178928,6.5360511,3530.425583
AND,Andorra,2012,0.867,,,,,85.444,13.51212025,10.5342803,
AGO,Angola,2012,0.545,0.499331458,0.588100382,0.548,0.849,61.024,8.4886,3.009266408,6264.645253
ATG,Antigua and Barbuda,2012,0.811,,,,,79.961,16.47953033,,
ARG,Argentina,2012,0.844,0.838603876,0.838348322,0.358,1.0,79.953,18.49501038,10.94651031,16519.44353
ARM,Armenia,2012,0.751,0.739828125,0.755558227,0.325,0.979,77.483,12.8178196,11.28604245,7578.683441
AUS,Australia,2012,0.931,0.909539772,0.946311712,0.13,0.961,84.347,23.08160718,12.31254959,31424.79101
AUT,Austria,2012,0.909,0.892654103,0.91990353,0.097,0.97,83.284,16.91107979,11.34414959,37946.89064
AZE,Azerbaijan,2012,0.739,0.713942306,0.755409235,0.341,0.945,73.833,12.80873513,10.16228008,8080.898611
BHS,Bahamas,2012,0.803,0.804265342,0.800908469,0.392,1.004,75.922,11.94077203,12.17187241,29368.79676
BHR,Bahrain,2012,0.827,0.795890965,0.837833225,0.242,0.95,80.369,15.07763004,8.30069987,21919.48037
BGD,Bangladesh,2012,0.575,0.528056168,0.607488588,0.581,0.869,71.831,9.809435844,4.538990021,2071.303934
BRB,Barbados,2012,0.793,0.794092268,0.783587825,0.346,1.013,78.031,17.05208522,9.896266753,12506.68549
BLR,Belarus,2012,0.805,0.811397531,0.797338569,0.15,1.018,77.978,16.19182968,11.38902388,14776.31955
BEL,Belgium,2012,0.915,0.898229468,0.929055734,0.085,0.967,82.828,20.10428047,11.27208996,36599.97162
BLZ,Belize,2012,0.722,0.707816395,0.732548695,0.385,0.966,76.13,13.25537014,9.873195839,5916.957284
BEN,Benin,2012,0.494,0.449069494,0.537539382,0.653,0.835,59.775,10.08373499,1.60547332,2295.715947
BTN,Bhutan,2012,0.597,0.587717777,0.608542093,0.432,0.966,71.091,13.0332098,1.478649974,7909.414352
BOL,Bolivia (Plurinational State of),2012,0.673,0.648355734,0.693271993,0.476,0.935,69.312,14.32242,7.559400082,4724.464339
BIH,Bosnia and Herzegovina,2012,0.735,0.707300578,0.759078591,0.185,0.932,79.867,13.65205956,6.879833539,7836.887861
BWA,Botswana,2012,0.664,0.652333016,0.674985708,0.531,0.966,62.928,11.8009079,9.18,10581.9633
BRA,Brazil,2012,0.732,0.725743446,0.733241783,0.44,0.99,76.869,14.35883999,7.381859779,10896.65555
BRN,Brunei Darussalam,2012,0.836,0.82330455,0.841946211,,0.978,77.096,15.0964098,8.684,49539.16328
BGR,Bulgaria,2012,0.798,0.793297427,0.800168289,0.218,0.991,77.871,14.80578041,10.91713047,14915.27927
BFA,Burkina Faso,2012,0.393,0.365434535,0.418647038,0.595,0.873,59.096,6.824570179,0.803004282,1418.796734
BDI,Burundi,2012,0.412,0.393390331,0.431147439,0.528,0.912,59.852,10.58882999,1.700980028,738.2332704
CPV,Cabo Verde,2012,0.657,0.651808274,0.6595794,,0.988,78.162,12.85371017,5.532352888,5213.14167
KHM,Cambodia,2012,0.551,0.521070213,0.576409062,0.518,0.904,71.026,10.65383883,2.960635996,2402.48565
CMR,Cameroon,2012,0.535,0.49621733,0.572834588,0.613,0.866,59.161,10.44027042,4.298907459,2737.813542
CAN,Canada,2012,0.921,0.911247276,0.927592141,0.125,0.982,83.758,16.1953907,13.60198402,35939.48779
CAF,Central African Republic,2012,0.372,,,,,52.059,5.090990067,2.18097658,
TCD,Chad,2012,0.381,,,,,51.849,6.068109989,0.995814013,
CHL,Chile,2012,0.824,0.803539535,0.837325571,0.328,0.96,81.596,15.62277985,9.636924744,14877.17985
CHN,China,2012,0.715,0.69436879,0.73113746,0.244,0.95,78.983,13.48365974,6.414879799,7631.378971
COL,Colombia,2012,0.739,0.735186734,0.74109413,0.45,0.992,78.787,14.46706009,7.689129829,10104.48876
COM,Comoros,2012,0.538,0.501677743,0.570267877,,0.88,63.801,11.05698986,3.683475018,2132.453537
COG,Congo,2012,0.595,0.554183192,0.632255773,0.631,0.877,63.325,10.34274006,6.640595943,3401.738066
COD,Congo (Democratic Republic of the),2012,0.434,0.387443871,0.478422946,0.656,0.81,58.81,7.738729954,4.332980165,680.5910173
CRI,Costa Rica,2012,0.782,0.771402891,0.788767538,0.301,0.978,81.62,14.58460045,8.433389664,13014.57331
CIV,Côte d'Ivoire,2012,0.474,0.427161049,0.512649308,0.628,0.833,57.339,7.055870501,4.299289882,1706.833504
HRV,Croatia,2012,0.832,0.822011342,0.839593956,0.127,0.979,80.528,15.61369038,10.78700808,17985.03855
CUB,Cuba,2012,0.771,0.748369813,0.785223202,0.322,0.953,80.122,15.30393028,11.48556042,4812.873849
CYP,Cyprus,2012,0.862,0.846008072,0.875698742,0.212,0.966,82.15,14.17681026,11.59342003,26996.91659
CZE,Czechia,2012,0.878,0.867617863,0.88457877,0.142,0.981,80.986,16.90162086,12.26041031,23789.0897
DNK,Denmark,2012,0.931,0.920327656,0.940084696,0.042,0.979,82.037,19.30962944,12.82083035,43498.03281
DJI,Djibouti,2012,0.444,,,,,63.083,5.323210381,1.766349084,
DMA,Dominica,2012,0.728,,,,,73.215,14.96386816,8.52279256,
DOM,Dominican Republic,2012,0.718,0.715817141,0.716555538,0.481,0.999,76.166,14.12308025,7.673190117,9349.341017
ECU,Ecuador,2012,0.75,0.743119772,0.755722433,0.424,0.983,78.842,15.4674902,7.973629951,9062.407423
EGY,Egypt,2012,0.679,0.631708184,0.707782864,0.561,0.893,72.745,11.3955698,7.275089177,4754.87673
SLV,El Salvador,2012,0.661,0.649977599,0.668826814,0.38,0.972,76.163,12.27420044,6.019370079,5829.7983
GNQ,Equatorial Guinea,2012,0.628,,,,,60.647,9.189794898,7.256099182,
ERI,Eritrea,2012,0.476,,,,,66.658,6.525705099,3.6389395,
EST,Estonia,2012,0.876,0.882658119,0.863876162,0.154,1.022,81.141,17.53302002,13.78359032,20672.46929
SWZ,Eswatini (Kingdom of),2012,0.53,,,,,52.02,12.00485992,4.344,
ETH,Ethiopia,2012,0.426,0.394343812,0.458103443,0.583,0.861,63.804,7.842700005,1.331184006,1143.088122
FJI,Fiji,2012,0.707,0.681625002,0.722871294,0.399,0.943,69.412,13.41442543,9.954324722,6178.832261
FIN,Finland,2012,0.916,0.915118714,0.915185161,0.064,1.0,83.415,17.6930294,12.58654022,38080.78954
FRA,France,2012,0.885,0.877458726,0.890715845,0.111,0.985,84.898,15.82796001,10.70963001,34658.20897
GAB,Gabon,2012,0.671,0.658924657,0.676472592,0.52,0.974,66.759,11.809338,9.134,8125.804208
GMB,Gambia,2012,0.457,0.420006617,0.488533461,0.65,0.86,63.347,7.785133323,2.333280371,1421.878165
GEO,Georgia,2012,0.779,0.764995097,0.785471492,0.377,0.974,77.205,14.66503,12.41481972,7284.012624
DEU,Germany,2012,0.937,0.910010283,0.958141011,0.087,0.95,82.947,16.84971863,13.56260014,34045.2217
GHA,Ghana,2012,0.583,0.555556569,0.610714052,0.563,0.91,63.971,10.44406986,6.169185775,3619.129857
GRC,Greece,2012,0.87,0.856655317,0.882826002,0.125,0.97,83.355,17.46949005,10.09303522,22360.00204
GRD,Grenada,2012,0.78,,,,,77.895,,,
GTM,Guatemala,2012,0.62,0.594993622,0.640986683,0.532,0.928,74.731,10.6046896,4.252369881,5336.82833
GIN,Guinea,2012,0.425,,,,,58.731,7.521870136,0.865025014,
GNB,Guinea-Bissau,2012,0.454,,,,,59.791,9.398821,2.03600925,
GUY,Guyana,2012,0.669,,,,,70.814,12.44217014,7.635635236,
HTI,Haiti,2012,0.534,0.502365258,0.561019352,0.627,0.895,64.804,10.06174957,3.8470188,2363.88036
HND,Honduras,2012,0.596,0.589146977,0.600437923,0.456,0.981,74.169,10.44052982,5.558829784,3597.95917
HKG,"Hong Kong, China (SAR)",2012,0.925,0.90454922,0.944261234,,0.958,86.512,16.30274963,11.27598031,40483.73381
HUN,Hungary,2012,0.833,0.826616138,0.837192369,0.259,0.987,78.616,15.80613041,11.71862984,18497.83509
ISL,Iceland,2012,0.938,0.922433752,0.951400942,0.084,0.97,83.781,20.30491066,13.07138014,36139.57544
IND,India,2012,0.594,0.526504143,0.63772922,0.55,0.826,69.592,11.15146017,4.125058079,1972.21006
IDN,Indonesia,2012,0.682,0.653148304,0.704291641,0.489,0.927,70.78,13.42872047,7.110849857,5860.398143
IRN,Iran (Islamic Republic of),2012,0.78,0.71228482,0.808690163,0.528,0.881,76.958,15.25160027,9.726180077,4552.044992
IRQ,Iraq,2012,0.644,0.543707981,0.697168654,0.599,0.78,70.518,10.26099857,5.297212311,2265.409563
IRL,Ireland,2012,0.907,0.891873557,0.917730285,0.134,0.972,82.873,17.94623947,11.24826177,32669.61795
ISR,Israel,2012,0.891,0.875274763,0.90194386,0.132,0.97,83.489,15.53310966,12.65892982,25557.42464
ITA,Italy,2012,0.881,0.863732392,0.892546498,0.115,0.968,84.51,16.68748093,9.791780472,28731.6728
JAM,Jamaica,2012,0.716,0.715987383,0.714316328,0.415,1.002,74.819,13.93855524,8.977680761,8126.854578
JPN,Japan,2012,0.906,0.882762018,0.922491066,0.126,0.957,86.354,15.23192181,12.23703804,26465.78498
JOR,Jordan,2012,0.736,0.663972765,0.768494291,0.488,0.864,76.605,12.12444019,9.375271252,3606.991544
KAZ,Kazakhstan,2012,0.781,0.78027472,0.778240027,0.234,1.003,73.528,15.01842022,11.53909016,14784.41247
KEN,Kenya,2012,0.557,0.536021424,0.575834582,0.597,0.931,63.069,10.53955152,5.725267834,2930.651348
KIR,Kiribati,2012,0.593,0.574668228,0.60707308,,0.947,66.966,11.83234553,8.403997917,2042.180724
PRK,Korea (Democratic People's Rep. of),2012,,,,,,74.634,,,
KOR,Korea (Republic of),2012,0.897,0.861384662,0.923368107,0.095,0.933,84.742,15.95061016,11.08137817,23011.77763
KWT,Kuwait,2012,0.821,0.814918786,0.817341274,0.211,0.997,81.072,14.7870039,7.394959927,42378.1877
KGZ,Kyrgyzstan,2012,0.673,0.662429534,0.678791113,0.37,0.976,72.974,12.56659985,11.19013023,3093.771479
LAO,Lao People's Democratic Republic,2012,0.578,0.544807976,0.610198154,0.52,0.893,67.368,9.97179985,3.974628119,4413.908538
LVA,Latvia,2012,0.837,0.847184286,0.823362298,0.22,1.029,78.422,16.31064034,12.9885397,19648.30607
LBN,Lebanon,2012,0.757,0.712323196,0.778361267,0.443,0.915,80.32,12.68088617,7.918573019,7866.828924
LSO,Lesotho,2012,0.489,0.486254068,0.488108038,0.584,0.996,50.486,12.18887043,6.774119949,2292.453763
LBR,Liberia,2012,0.469,0.421504439,0.518301431,0.665,0.813,61.148,9.200460116,2.455524858,1183.515675
LBY,Libya,2012,0.777,0.768701713,0.779626651,0.256,0.986,75.069,15.38302627,8.47,18855.8231
LIE,Liechtenstein,2012,0.921,0.901117335,0.947217879,,0.951,85.207,13.99437046,11.3836136,68978.82241
LTU,Lithuania,2012,0.855,0.865532762,0.842978885,0.138,1.027,79.415,17.64735985,12.53839016,22098.90481
LUX,Luxembourg,2012,0.917,0.903814292,0.9214655,0.094,0.981,83.085,14.11493015,12.65608025,62793.84769
MDG,Madagascar,2012,0.492,0.472276057,0.509791994,0.589,0.926,65.476,10.01006031,4.471950667,1181.497267
MWI,Malawi,2012,0.476,0.452489989,0.500266943,0.606,0.904,61.262,10.61770377,3.872737625,1130.798468
MYS,Malaysia,2012,0.777,0.764962906,0.786509335,0.253,0.973,77.598,13.30375957,9.698196729,15538.6012
MDV,Maldives,2012,0.708,0.682226699,0.721821866,0.378,0.945,79.611,12.84193093,5.307042837,8853.657319
MLI,Mali,2012,0.407,0.370251397,0.444817754,0.658,0.832,58.08,6.522773425,1.496390045,1424.730126
MLT,Malta,2012,0.865,0.839616886,0.882538543,0.244,0.951,83.552,15.58372021,10.40439034,21071.65207
MHL,Marshall Islands,2012,0.659,0.625650673,0.681740043,,0.918,65.271,14.06216431,10.96050555,2603.052203
MRT,Mauritania,2012,0.522,0.480427271,0.556251641,0.631,0.864,65.254,7.798759937,3.513263983,2833.364592
MUS,Mauritius,2012,0.774,0.748435307,0.788846926,0.357,0.949,77.661,15.21455956,8.266666695,10822.67043
MEX,Mexico,2012,0.76,0.740750809,0.775356481,0.39,0.955,77.535,13.83277988,8.201199532,12553.63272
FSM,Micronesia (Federated States of),2012,0.644,,,,,74.664,12.81690333,6.725806933,
MDA,Moldova (Republic of),2012,0.722,0.727034749,0.716565402,0.229,1.015,73.625,12.13716984,11.53036976,8850.865553
MCO,Monaco,2012,,,,,,87.016,18.99616854,,
MNG,Mongolia,2012,0.72,0.731809091,0.70823221,0.347,1.033,72.46,15.28138521,10.59549975,7675.672532
MNE,Montenegro,2012,0.813,0.792092291,0.83110476,0.163,0.953,78.539,15.25786018,10.80392688,13001.45742
MAR,Morocco,2012,0.626,0.561055533,0.670949724,0.511,0.836,73.525,11.12353039,3.69,3143.066536
MOZ,Mozambique,2012,0.418,0.398595351,0.437871855,0.535,0.91,57.521,9.195540428,2.153137445,1078.421585
MMR,Myanmar,2012,0.526,,,,,67.182,10.96452801,3.97315437,
NAM,Namibia,2012,0.599,0.59749763,0.600071282,0.519,0.996,60.85,11.56367015,6.7405024,8018.919125
NRU,Nauru,2012,0.586,0.578431719,0.590075761,,0.98,64.479,10.75419802,6.9425015,4218.313012
NPL,Nepal,2012,0.557,0.53181861,0.585501783,0.514,0.908,69.223,12.58132505,2.379990005,2529.174745
NLD,Netherlands,2012,0.927,0.901955086,0.946340489,0.046,0.953,82.824,17.96427917,11.70730019,35994.34621
NZL,New Zealand,2012,0.927,0.912956966,0.939202117,0.155,0.972,83.05,19.85599417,13.33691978,30645.76835
NIC,Nicaragua,2012,0.625,0.621220807,0.627851692,0.418,0.989,75.707,11.03386477,6.478,4090.399318
NER,Niger,2012,0.352,0.277678003,0.402285728,0.718,0.69,60.252,4.51429987,1.144580007,444.6613311
NGA,Nigeria,2012,0.499,0.460106519,0.535672658,0.676,0.859,51.896,8.157166753,4.816087723,3976.922309
MKD,North Macedonia,2012,0.755,0.727917025,0.7761559,0.165,0.938,77.321,12.86417961,9.394521356,9140.169266
NOR,Norway,2012,0.941,0.93544397,0.944036795,0.053,0.991,83.413,18.14472008,12.69234308,52553.80663
OMN,Oman,2012,0.813,0.758387735,0.828592592,0.328,0.915,78.9,15.18125486,8.755773926,10603.84148
PAK,Pakistan,2012,0.504,0.390804692,0.560712468,0.582,0.697,67.194,5.49255991,3.393189907,869.6975191
PLW,Palau,2012,0.78,0.769831574,0.7865039,,0.979,67.571,17.06435497,12.78455905,12632.87262
PSE,"Palestine, State of",2012,0.702,0.627591063,0.731728422,,0.858,75.664,13.94042015,8.369689941,2014.775556
PAN,Panama,2012,0.788,0.788083117,0.785405819,0.48,1.003,79.991,13.36301645,9.78614627,19114.61123
PNG,Papua New Guinea,2012,0.51,0.483696351,0.536314877,0.621,0.902,66.439,7.925109888,3.488716069,2695.513283
PRY,Paraguay,2012,0.716,0.707726574,0.72186044,0.463,0.98,75.248,14.39120093,7.761320114,8077.801032
PER,Peru,2012,0.741,0.718193175,0.761634745,0.41,0.943,76.683,13.9134798,8.521409988,8043.901131
PHL,Philippines,2012,0.684,0.673170019,0.691366481,0.435,0.974,72.537,12.27038784,9.220646858,5723.491979
POL,Poland,2012,0.855,0.85581474,0.850447837,0.152,1.006,80.771,16.53313065,12.78934956,18621.059
PRT,Portugal,2012,0.837,0.831582903,0.841347163,0.114,0.988,83.471,16.34893942,8.489339828,24615.79785
QAT,Qatar,2012,0.84,0.843188194,0.837686207,0.672,1.007,80.679,13.75922012,10.44944954,43247.08635
ROU,Romania,2012,0.807,0.795791102,0.815551045,0.307,0.976,77.84,15.07890034,10.56690025,16108.73071
RUS,Russian Federation,2012,0.811,0.820417375,0.799365701,0.243,1.026,76.377,15.05932999,12.37668722,20197.75202
RWA,Rwanda,2012,0.501,0.486575605,0.514606795,0.439,0.946,65.873,11.42127037,3.259799957,1463.447496
KNA,Saint Kitts and Nevis,2012,0.809,,,,,74.795,16.88841343,10.280663,
LCA,Saint Lucia,2012,0.731,0.732591306,0.727821059,0.369,1.007,75.724,13.54454041,8.620457013,12032.96638
VCT,Saint Vincent and the Grenadines,2012,0.762,,,,,77.046,14.84205227,10.02965798,
WSM,Samoa,2012,0.703,0.691954564,0.710714881,,0.974,74.848,12.56738008,11.80882502,3912.505863
SMR,San Marino,2012,0.886,0.87347785,0.896718212,,0.974,84.325,15.74775982,10.18672107,39137.15769
STP,Sao Tome and Principe,2012,0.562,,,,,68.601,10.6132803,4.669310093,
SAU,Saudi Arabia,2012,0.824,0.759039469,0.857090679,0.741,0.886,78.084,13.36108987,8.747007529,16542.90791
SEN,Senegal,2012,0.491,0.461843684,0.516625615,0.54,0.894,67.456,9.091440201,1.949070036,1948.672349
SRB,Serbia,2012,0.78,0.762174623,0.793719674,0.174,0.96,77.993,14.59724998,10.05281019,10312.02
SYC,Seychelles,2012,0.784,0.788348809,0.780135478,,1.011,78.007,12.36732006,11.2777504,19623.15842
SLE,Sierra Leone,2012,0.427,0.397033926,0.459078366,0.643,0.865,56.321,8.455480886,2.194943061,1326.376049
SGP,Singapore,2012,0.926,0.918061865,0.930158337,0.078,0.987,84.461,16.50939027,10.84916019,70024.8106
SVK,Slovakia,2012,0.846,0.84079051,0.848068667,0.186,0.991,79.753,15.77565956,12.20839024,19749.3144
SVN,Slovenia,2012,0.892,0.892880682,0.890172527,0.07,1.003,82.962,17.76322937,12.17416954,27973.15395
SLB,Solomon Islands,2012,0.558,0.541717128,0.583368861,,0.929,70.899,10.44353008,5.195975833,2112.986834
SOM,Somalia,2012,,,,,,55.139,,,
ZAF,South Africa,2012,0.696,0.685068467,0.703058139,0.439,0.974,64.449,13.79985046,9.72262001,10585.78017
SSD,South Sudan,2012,0.377,,,,,57.132,4.131945203,4.762169838,
ESP,Spain,2012,0.875,0.864641429,0.882427453,0.089,0.98,85.05,17.34177971,9.314399719,27406.83826
LKA,Sri Lanka,2012,0.747,0.72465211,0.758041754,0.404,0.956,78.147,13.62703991,10.24896281,5949.868129
SDN,Sudan,2012,0.498,0.451530721,0.531639001,0.592,0.849,66.447,7.153379917,2.75,2229.215921
SUR,Suriname,2012,0.698,0.693195851,0.69986538,0.485,0.99,73.346,11.65343681,7.971564429,11940.69526
SWE,Sweden,2012,0.912,0.909159081,0.913661163,0.047,0.995,83.531,16.71186066,12.4588604,41332.98737
CHE,Switzerland,2012,0.943,0.923000081,0.957842165,0.051,0.964,84.611,15.72142029,12.91300964,53505.69964
SYR,Syrian Arab Republic,2012,0.638,0.571687547,0.667774808,0.483,0.856,71.816,12.10918999,5.57867113,2267.430622
TJK,Tajikistan,2012,0.641,0.597745949,0.67511469,0.356,0.885,70.949,10.06408978,10.68268535,1977.02643
TZA,Tanzania (United Republic of),2012,0.501,0.478236349,0.523635802,0.553,0.913,64.218,8.543579865,4.875380039,1680.424883
THA,Thailand,2012,0.752,0.75652835,0.74836007,0.351,1.011,81.03,14.54677963,7.587406794,12713.19218
TLS,Timor-Leste,2012,0.644,0.610324828,0.672483394,0.481,0.908,67.79,13.00763702,4.627139886,6599.900708
TGO,Togo,2012,0.487,0.431061411,0.530796037,0.63,0.812,58.099,9.93034029,2.376873334,1528.257614
TON,Tonga,2012,0.718,,,,,73.454,16.19631237,10.89724386,
TTO,Trinidad and Tobago,2012,0.794,0.785480135,0.799211889,0.324,0.983,76.704,13.21122589,10.78522614,19947.66903
TUN,Tunisia,2012,0.716,0.669794039,0.744637544,0.286,0.899,78.663,14.71662788,5.772389889,4603.249205
TUR,Türkiye,2012,0.772,0.732789589,0.800472328,0.366,0.915,78.838,14.29852009,6.605899811,13007.66228
TKM,Turkmenistan,2012,0.714,,,,,71.914,10.76047164,10.55565906,
TUV,Tuvalu,2012,0.631,,,,,67.904,12.5412068,9.435807228,
UGA,Uganda,2012,0.504,0.467580971,0.536739443,0.549,0.871,60.76,10.64881358,4.074920177,1434.96072
UKR,Ukraine,2012,0.774,0.775122511,0.769320208,0.283,1.008,76.275,15.26700974,11.60017716,9912.544912
ARE,United Arab Emirates,2012,0.841,0.820190141,0.838299367,0.177,0.978,80.623,14.16167205,10.3089653,25528.78817
GBR,United Kingdom,2012,0.91,0.898083873,0.918780106,0.162,0.977,82.673,16.09897041,13.27081966,33801.13833
USA,United States,2012,0.92,0.914323074,0.923352582,0.235,0.99,81.31,17.27344942,13.13673973,44329.26089
URY,Uruguay,2012,0.794,0.806256904,0.787598713,0.33,1.024,81.165,17.15787048,8.719420433,14997.39948
UZB,Uzbekistan,2012,0.688,0.671718237,0.70150623,0.283,0.958,72.47,11.52443981,10.9676454,4497.72909
VUT,Vanuatu,2012,0.581,0.559449117,0.60100888,,0.931,71.98,10.6155972,5.800381727,2262.276186
VEN,Venezuela (Bolivarian Republic of),2012,0.769,0.773326036,0.756086701,0.491,1.023,77.416,15.05215792,9.577762365,13624.7846
VNM,Viet Nam,2012,0.684,0.684642771,0.684086682,0.374,1.001,78.422,12.85399,7.333932161,6065.566032
YEM,Yemen,2012,0.497,0.356579304,0.56274886,0.794,0.634,69.414,7.008651463,1.71,521.8895336
ZMB,Zambia,2012,0.548,0.518375867,0.576602784,0.581,0.899,60.805,10.47616782,5.525078637,2692.56879
ZWE,Zimbabwe,2012,0.522,0.497025622,0.544772555,0.592,0.912,57.723,10.48561954,7.506649971,1596.034734
AFG,Afghanistan,2013,0.475,0.364560992,0.54690261,0.712,0.667,64.027,7.826603572,0.672197418,811.3726581
ALB,Albania,2013,0.793,0.777537888,0.807282685,0.191,0.963,80.781,16.08263969,9.799971962,8890.075102
DZA,Algeria,2013,0.729,0.656102219,0.764462942,0.422,0.858,75.84,15.07402828,6.53036382,3588.041133
AND,Andorra,2013,0.851,,,,,85.444,11.63269997,10.56190038,
AGO,Angola,2013,0.555,0.512414047,0.595647625,0.549,0.86,61.684,9.2503,3.070688264,6107.404986
ATG,Antigua and Barbuda,2013,0.812,,,,,80.23,16.51264148,,
ARG,Argentina,2013,0.846,0.839871877,0.8410415,0.356,0.999,79.927,18.52545929,11.00965023,16736.67777
ARM,Armenia,2013,0.757,0.745508648,0.761730282,0.31,0.979,77.913,12.93441963,11.38256502,7791.480479
AUS,Australia,2013,0.929,0.908316591,0.944487931,0.123,0.962,84.675,23.24950494,12.04195976,31538.86353
AUT,Austria,2013,0.907,0.888958882,0.921220921,0.086,0.965,83.566,16.35931015,11.40441036,37668.41744
AZE,Azerbaijan,2013,0.745,0.71978321,0.761196976,0.343,0.946,74.277,12.87866784,10.16551018,8554.49227
BHS,Bahamas,2013,0.804,0.804093417,0.801979353,0.359,1.003,76.295,11.95876083,12.25165104,27463.50158
BHR,Bahrain,2013,0.839,0.806031091,0.849651187,0.239,0.949,80.646,15.7620697,8.459349871,21785.58824
BGD,Bangladesh,2013,0.577,0.541656968,0.602792539,0.576,0.899,72.54,10.08696461,4.367229939,2477.066548
BRB,Barbados,2013,0.793,0.796051394,0.783164351,0.335,1.016,78.213,17.20169162,9.933642498,12352.06424
BLR,Belarus,2013,0.806,0.810594434,0.799669331,0.146,1.014,78.067,15.98523998,11.49839191,14626.13567
BEL,Belgium,2013,0.917,0.899519936,0.930770674,0.075,0.966,82.92,20.34827042,11.35048962,36557.5305
BLZ,Belize,2013,0.721,0.699977591,0.734581857,0.401,0.953,76.266,13.09893036,9.563403893,5575.449447
BEN,Benin,2013,0.503,0.458861031,0.545819788,0.653,0.841,60.213,10.60945034,1.614886649,2363.816475
BTN,Bhutan,2013,0.604,0.589459466,0.619401665,0.465,0.952,71.451,12.95619965,1.832059956,7201.917826
BOL,Bolivia (Plurinational State of),2013,0.681,0.658486344,0.700517374,0.47,0.94,69.663,14.53201806,7.886273384,4981.375349
BIH,Bosnia and Herzegovina,2013,0.745,0.713452634,0.771429286,0.173,0.925,78.624,13.90795994,7.466306845,8010.601835
BWA,Botswana,2013,0.676,0.669573616,0.682482902,0.49,0.981,64.637,11.79778919,9.43,11846.53838
BRA,Brazil,2013,0.75,0.743433766,0.751256276,0.444,0.99,77.12,15.66716003,7.475190163,11329.30869
BRN,Brunei Darussalam,2013,0.835,0.825292161,0.841001357,,0.981,77.056,15.18167019,8.786,49496.65167
BGR,Bulgaria,2013,0.804,0.800558098,0.806773045,0.213,0.992,78.481,15.16390991,11.04028988,14797.10827
BFA,Burkina Faso,2013,0.399,0.37192759,0.424634406,0.596,0.876,59.262,7.141580105,0.844617137,1427.378155
BDI,Burundi,2013,0.416,0.398244628,0.434579669,0.524,0.916,60.649,10.75170994,1.637680034,751.4251086
CPV,Cabo Verde,2013,0.664,0.66184914,0.663331031,,0.998,79.469,13.19624996,5.559498604,5287.816227
KHM,Cambodia,2013,0.554,0.527984715,0.576780973,0.51,0.915,71.665,10.72934267,2.926878023,2595.402804
CMR,Cameroon,2013,0.544,0.505928555,0.581014703,0.579,0.871,59.85,10.74125004,4.499186188,2787.427784
CAN,Canada,2013,0.923,0.914161784,0.929862184,0.118,0.983,83.8,16.32695007,13.64644814,36628.91793
CAF,Central African Republic,2013,0.352,,,,,52.727,5.206817779,2.280495232,
TCD,Chad,2013,0.385,,,,,52.16,6.249680042,1.032542014,
CHL,Chile,2013,0.837,0.818193346,0.84945584,0.309,0.963,82.034,16.25210953,9.880109787,15924.82738
CHN,China,2013,0.723,0.70256554,0.740101111,0.235,0.949,79.223,13.73783901,6.500734806,8120.985683
COL,Colombia,2013,0.75,0.746982624,0.751941828,0.448,0.993,78.972,14.99695969,7.936940193,10591.73962
COM,Comoros,2013,0.546,0.511033483,0.576629781,,0.886,64.393,11.37524986,3.84776723,2188.484447
COG,Congo,2013,0.6,0.562588266,0.635114121,0.623,0.886,63.998,10.64245997,6.798090637,3431.521257
COD,Congo (Democratic Republic of the),2013,0.44,0.39836745,0.480006549,0.653,0.83,59.439,8.089639664,4.445799828,720.5853301
CRI,Costa Rica,2013,0.787,0.777188959,0.79377134,0.295,0.979,81.762,14.81492043,8.589015007,13224.27908
CIV,Côte d'Ivoire,2013,0.48,0.442688754,0.513063252,0.625,0.863,58.024,7.207645162,4.201204866,2194.426035
HRV,Croatia,2013,0.839,0.830221234,0.846476224,0.121,0.981,80.956,15.92273045,10.94430656,18477.03517
CUB,Cuba,2013,0.766,0.744465079,0.779393835,0.313,0.955,80.157,14.62277031,11.3805275,5040.194257
CYP,Cyprus,2013,0.863,0.848971282,0.875314732,0.212,0.97,82.405,14.48731041,11.66178989,25868.67109
CZE,Czechia,2013,0.884,0.876280511,0.888772591,0.145,0.986,81.154,17.61253929,12.35463047,23946.74334
DNK,Denmark,2013,0.933,0.923485333,0.941801651,0.039,0.981,82.3,19.83922958,12.89597988,44345.28758
DJI,Djibouti,2013,0.453,,,,,63.225,5.620116237,1.905175262,
DMA,Dominica,2013,0.72,,,,,71.31,14.89194396,8.58147914,
DOM,Dominican Republic,2013,0.722,0.718325799,0.721511453,0.479,0.996,76.322,14.19060993,7.731110096,9423.36947
ECU,Ecuador,2013,0.755,0.747567989,0.762740267,0.408,0.98,78.997,15.45647017,8.182049751,9296.899112
EGY,Egypt,2013,0.684,0.632744735,0.712792032,0.552,0.888,72.82,11.61717033,7.620417335,4279.020268
SLV,El Salvador,2013,0.664,0.656157837,0.669085292,0.38,0.981,76.158,12.46504974,6.118770123,6140.800302
GNQ,Equatorial Guinea,2013,0.633,,,,,60.986,9.535442819,7.472351545,
ERI,Eritrea,2013,0.472,,,,,66.896,6.66755259,3.603425067,
EST,Estonia,2013,0.881,0.883887411,0.871590161,0.154,1.014,81.26,17.38011932,13.92436981,20858.33902
SWZ,Eswatini (Kingdom of),2013,0.546,,,,,53.985,12.26294994,4.586,
ETH,Ethiopia,2013,0.437,0.401974952,0.468982278,0.57,0.857,64.895,8.107597323,1.382947993,1135.808935
FJI,Fiji,2013,0.712,0.686855548,0.72730241,0.402,0.944,69.38,13.52374483,10.10182972,6504.74481
FIN,Finland,2013,0.926,0.920028658,0.930915404,0.062,0.988,83.822,20.1525898,12.65882969,37511.18516
FRA,France,2013,0.888,0.879960105,0.89370563,0.107,0.985,85.103,15.80356026,10.84115982,34783.75699
GAB,Gabon,2013,0.678,0.666536455,0.682353104,0.525,0.977,67.007,11.9725616,9.386,8441.375479
GMB,Gambia,2013,0.461,0.425593453,0.491068428,0.647,0.867,63.082,7.954607442,2.474134567,1478.777348
GEO,Georgia,2013,0.784,0.771016988,0.790533139,0.372,0.975,77.436,14.87366962,12.50504494,7560.373028
DEU,Germany,2013,0.938,0.912003952,0.958382621,0.078,0.952,82.864,16.9300499,13.62051964,34733.32348
GHA,Ghana,2013,0.587,0.559855382,0.615102047,0.549,0.91,64.072,10.60873032,5.9679186,3963.442739
GRC,Greece,2013,0.874,0.859491938,0.886663624,0.121,0.969,83.97,17.50231934,10.20070767,21694.52701
GRD,Grenada,2013,0.783,,,,,77.903,,,9624.157275
GTM,Guatemala,2013,0.623,0.596929194,0.643873654,0.526,0.927,74.927,10.57658958,4.449059963,5187.67258
GIN,Guinea,2013,0.43,,,,,59.007,7.690020084,0.949562535,
GNB,Guinea-Bissau,2013,0.458,,,,,60.327,9.521168,2.145198625,
GUY,Guyana,2013,0.674,,,,,71.118,12.58109108,7.779558743,
HTI,Haiti,2013,0.54,0.508816073,0.566167196,0.625,0.899,65.211,10.23221444,4.083623601,2350.585187
HND,Honduras,2013,0.602,0.599890951,0.602953212,0.446,0.995,74.497,10.38935298,5.900144815,3970.972882
HKG,"Hong Kong, China (SAR)",2013,0.928,0.9102828,0.945697866,,0.963,86.754,16.52910995,11.3775603,41364.05041
HUN,Hungary,2013,0.843,0.8358455,0.846242481,0.267,0.988,79.01,16.23884964,11.89138985,18999.3591
ISL,Iceland,2013,0.942,0.928304061,0.953643896,0.072,0.973,83.5,20.96006966,13.18717875,40586.4396
IND,India,2013,0.6,0.534465549,0.641466443,0.549,0.833,70.083,11.60601044,4.204756069,1978.413646
IDN,Indonesia,2013,0.687,0.657690065,0.709221807,0.482,0.927,71.346,13.34626961,7.218709946,6030.317028
IRN,Iran (Islamic Republic of),2013,0.78,0.704155347,0.810782669,0.544,0.868,77.211,14.9496603,9.919989586,3969.963057
IRQ,Iraq,2013,0.648,0.550551093,0.700098034,0.59,0.786,70.702,10.43141714,5.321668622,2426.2833
IRL,Ireland,2013,0.911,0.895144948,0.922921061,0.121,0.97,82.982,18.18248463,11.32436339,33548.79117
ISR,Israel,2013,0.896,0.881313129,0.906601822,0.118,0.972,83.84,15.56604004,12.78441048,26860.6622
ITA,Italy,2013,0.88,0.862437084,0.89297045,0.086,0.966,84.908,16.4063797,9.898215294,27854.57266
JAM,Jamaica,2013,0.715,0.715450579,0.712234128,0.418,1.005,74.555,13.7245903,9.083452848,8357.265154
JPN,Japan,2013,0.909,0.886501754,0.925200506,0.128,0.958,86.554,15.26679039,12.25141201,27649.74207
JOR,Jordan,2013,0.738,0.662465532,0.770127678,0.485,0.86,76.839,12.21727128,9.572527068,3299.87226
KAZ,Kazakhstan,2013,0.789,0.79125971,0.784463592,0.231,1.009,73.886,14.84232044,11.71006012,17567.81412
KEN,Kenya,2013,0.562,0.540766486,0.58111768,0.565,0.931,63.194,10.63282874,5.946216742,2960.403932
KIR,Kiribati,2013,0.602,0.582838913,0.616160201,,0.946,67.17,11.91734188,8.524792755,2220.268786
PRK,Korea (Democratic People's Rep. of),2013,,,,,,75.294,,,
KOR,Korea (Republic of),2013,0.902,0.865805386,0.927027026,0.096,0.934,85.195,15.9171896,11.18986206,23622.22125
KWT,Kuwait,2013,0.813,0.813826905,0.805178221,0.196,1.011,81.542,14.81483192,7.280399799,40537.03085
KGZ,Kyrgyzstan,2013,0.68,0.66416242,0.688274725,0.378,0.965,73.0,12.82907009,11.27616692,3024.211732
LAO,Lao People's Democratic Republic,2013,0.587,0.554848524,0.618672014,0.515,0.897,67.663,10.29706001,4.100961042,4699.088768
LVA,Latvia,2013,0.846,0.855106508,0.833882078,0.211,1.025,78.702,16.70171928,13.10931969,20311.18947
LBN,Lebanon,2013,0.756,0.710925017,0.778078972,0.444,0.914,80.479,12.73109032,7.944406599,7458.211026
LSO,Lesotho,2013,0.494,0.493202313,0.491908888,0.577,1.003,51.753,11.78188038,6.94729495,2351.887179
LBR,Liberia,2013,0.474,0.427074383,0.521934951,0.664,0.818,61.124,9.30307579,2.542840329,1253.793027
LBY,Libya,2013,0.766,0.757440781,0.769057867,0.267,0.985,74.999,15.31070365,8.467534386,15354.91079
LIE,Liechtenstein,2013,0.921,0.8986589,0.954131171,,0.942,83.924,13.91501522,11.44408401,78186.88557
LTU,Lithuania,2013,0.858,0.866884793,0.847030366,0.137,1.023,79.461,17.47204018,12.56435966,23115.0735
LUX,Luxembourg,2013,0.922,0.906923804,0.926263996,0.073,0.979,83.298,14.15253671,12.93715,60451.33059
MDG,Madagascar,2013,0.494,0.48067632,0.507493648,0.586,0.947,66.231,10.09224033,4.534800564,1258.600362
MWI,Malawi,2013,0.484,0.458134714,0.510061321,0.601,0.898,62.633,10.72529646,4.015691743,1088.9053
MYS,Malaysia,2013,0.782,0.765563932,0.793170119,0.248,0.965,77.618,13.49785995,9.839650154,14595.30024
MDV,Maldives,2013,0.715,0.689786096,0.727200251,0.366,0.949,80.103,12.90326655,5.603378296,8974.093692
MLI,Mali,2013,0.404,0.369655496,0.442950244,0.649,0.835,58.463,6.466476758,1.504680037,1387.7391
MLT,Malta,2013,0.874,0.850981295,0.888944843,0.193,0.957,84.554,15.75302982,10.67558956,21829.45664
MHL,Marshall Islands,2013,0.669,0.634660667,0.691255149,,0.918,65.36,14.35271072,11.2201494,2770.365291
MRT,Mauritania,2013,0.53,0.485433804,0.564466807,0.624,0.86,65.682,8.137530327,3.670819998,2635.766814
MUS,Mauritius,2013,0.779,0.757714101,0.792713072,0.345,0.956,78.048,14.99964046,8.565413563,12142.99175
MEX,Mexico,2013,0.761,0.742225126,0.774857652,0.388,0.958,77.706,13.99302959,8.146730423,12484.86248
FSM,Micronesia (Federated States of),2013,0.642,,,,,74.76,12.820768,6.764279727,
MDA,Moldova (Republic of),2013,0.726,0.733573676,0.719012471,0.229,1.02,73.586,12.15139008,11.64111042,9777.943329
MCO,Monaco,2013,,,,,,87.604,19.04491645,,
MNG,Mongolia,2013,0.73,0.742217956,0.717268412,0.336,1.035,72.884,15.28192298,10.7325598,8684.146968
MNE,Montenegro,2013,0.819,0.800659863,0.834245005,0.162,0.96,79.418,15.30445671,10.96022402,13549.65452
MAR,Morocco,2013,0.636,0.57266507,0.681023167,0.502,0.841,73.976,11.44007034,3.92,3314.07787
MOZ,Mozambique,2013,0.432,0.41418632,0.448627684,0.524,0.923,58.523,9.786089897,2.331244946,1133.827833
MMR,Myanmar,2013,0.538,,,,,67.873,11.13196001,4.150268838,
NAM,Namibia,2013,0.61,0.611613218,0.607591197,0.508,1.007,62.029,11.59242118,6.897116366,9115.039323
NRU,Nauru,2013,0.597,0.593085055,0.600078027,,0.988,65.008,11.15188834,7.149224667,4713.916351
NPL,Nepal,2013,0.563,0.538841355,0.590534699,0.507,0.912,69.752,12.78409004,2.43538003,2619.533775
NLD,Netherlands,2013,0.929,0.904348946,0.948526867,0.041,0.953,83.046,18.14421972,11.72552013,36524.52205
NZL,New Zealand,2013,0.93,0.915172886,0.942610095,0.146,0.971,83.43,20.00272942,13.25347471,31350.90977
NIC,Nicaragua,2013,0.631,0.62074088,0.637065572,0.418,0.974,75.763,11.16398239,6.632,3800.916182
NER,Niger,2013,0.358,0.307024167,0.400315988,0.678,0.767,60.952,4.737163226,1.098111669,685.9401333
NGA,Nigeria,2013,0.504,0.464490315,0.542084201,0.677,0.857,52.115,8.36346347,4.860740185,4014.496383
MKD,North Macedonia,2013,0.763,0.737861276,0.782918855,0.154,0.942,78.171,12.87919998,9.695254505,9558.701269
NOR,Norway,2013,0.945,0.937128862,0.94755111,0.048,0.989,83.615,18.35087013,12.72943656,52801.17659
OMN,Oman,2013,0.814,0.767127082,0.827209304,0.332,0.927,79.084,15.08909988,9.360295868,10944.78573
PAK,Pakistan,2013,0.51,0.417442441,0.563876644,0.575,0.74,67.616,5.530079842,3.542020082,1285.508857
PLW,Palau,2013,0.776,0.76676081,0.782518544,,0.98,67.011,17.25485039,12.85081959,12167.58798
PSE,"Palestine, State of",2013,0.704,0.629228809,0.733354325,,0.858,75.955,13.81021023,8.48472023,2027.129963
PAN,Panama,2013,0.794,0.792043735,0.791811086,0.476,1.0,80.138,13.40998332,9.930089633,19497.94965
PNG,Papua New Guinea,2013,0.516,0.490349129,0.541062414,0.614,0.906,66.761,8.239356221,3.629242285,2647.979915
PRY,Paraguay,2013,0.729,0.71884893,0.736628721,0.444,0.976,75.49,14.38223782,8.314430237,8630.42736
PER,Peru,2013,0.749,0.725706991,0.769379709,0.409,0.943,77.083,14.11131477,8.618610382,8441.063916
PHL,Philippines,2013,0.689,0.679631712,0.696921799,0.423,0.975,72.472,12.50267372,9.313610077,6092.799737
POL,Poland,2013,0.865,0.865731455,0.860142412,0.15,1.006,80.914,17.48900986,12.80893993,18802.47261
PRT,Portugal,2013,0.842,0.836129231,0.845430763,0.098,0.989,83.888,16.37347317,8.674340248,24655.53522
QAT,Qatar,2013,0.852,0.849300084,0.849498382,0.675,1.0,81.243,13.98268032,10.67131042,41597.09826
ROU,Romania,2013,0.811,0.79628921,0.822179268,0.298,0.969,78.325,14.77691682,10.65546036,16127.29982
RUS,Russian Federation,2013,0.816,0.824214418,0.805059417,0.232,1.024,76.756,15.19637966,12.38841083,20392.17498
RWA,Rwanda,2013,0.502,0.487590154,0.516694138,0.428,0.944,66.089,11.16030025,3.419999957,1486.363482
KNA,Saint Kitts and Nevis,2013,0.819,,,,,75.196,17.36021185,10.5610764,
LCA,Saint Lucia,2013,0.723,0.72387364,0.722044618,0.37,1.003,75.781,12.88241959,8.607390404,11571.29584
VCT,Saint Vincent and the Grenadines,2013,0.766,,,,,76.548,15.06989136,10.20846836,
WSM,Samoa,2013,0.704,0.684901691,0.714484166,,0.959,75.099,12.61997507,11.80370998,3421.532468
SMR,San Marino,2013,0.882,0.866886263,0.895656314,,0.968,83.586,15.05231317,10.36953235,40682.55938
STP,Sao Tome and Principe,2013,0.573,,,,,69.034,10.98971033,4.744385787,
SAU,Saudi Arabia,2013,0.831,0.764891282,0.86271614,0.295,0.887,78.254,13.63181872,9.003669739,16210.44869
SEN,Senegal,2013,0.497,0.467551357,0.52091741,0.53,0.898,68.236,9.178110123,2.121680021,1915.873362
SRB,Serbia,2013,0.785,0.769107082,0.797375347,0.166,0.965,78.598,14.76871967,10.05881023,10785.69775
SYC,Seychelles,2013,0.786,0.793154671,0.778105471,,1.019,78.226,12.67675972,11.38603748,19363.45315
SLE,Sierra Leone,2013,0.445,0.416367886,0.476605523,0.639,0.874,57.26,8.576745413,2.218528454,1750.041141
SGP,Singapore,2013,0.93,0.922482535,0.934571879,0.069,0.987,84.634,16.58076793,10.97437954,71956.39988
SVK,Slovakia,2013,0.849,0.843142192,0.851266466,0.186,0.99,79.978,15.74666023,12.2706604,20060.70348
SVN,Slovenia,2013,0.901,0.895580189,0.90002341,0.07,0.995,83.215,18.44008064,12.27886009,27008.00361
SLB,Solomon Islands,2013,0.563,0.54595465,0.588551378,,0.928,70.934,10.51954831,5.230884833,2216.861387
SOM,Somalia,2013,,,,,,55.775,,,
ZAF,South Africa,2013,0.705,0.695113619,0.710641485,0.438,0.978,65.267,14.26092005,9.846630096,10619.98523
SSD,South Sudan,2013,0.378,,,,,57.102,4.258066804,4.762169838,
ESP,Spain,2013,0.88,0.86991001,0.887226269,0.084,0.98,85.48,17.51786041,9.433749676,27443.76453
LKA,Sri Lanka,2013,0.752,0.735079133,0.760176625,0.388,0.967,78.619,13.81962967,10.31174714,6574.306734
SDN,Sudan,2013,0.503,0.458968671,0.533677879,0.588,0.86,66.597,7.503170013,2.87,2225.432255
SUR,Suriname,2013,0.7,0.693036876,0.702127592,0.491,0.987,73.176,11.61839054,8.04433373,11952.14195
SWE,Sweden,2013,0.932,0.92081027,0.931169487,0.046,0.989,83.718,19.57690048,12.30624962,41542.28611
CHE,Switzerland,2013,0.947,0.927924581,0.960754302,0.044,0.966,84.724,15.96755028,13.03466988,54068.04193
SYR,Syrian Arab Republic,2013,0.558,0.496012851,0.585665451,0.489,0.847,69.768,8.30932045,5.575884311,1438.477542
TJK,Tajikistan,2013,0.647,0.605431773,0.68002434,0.348,0.89,71.334,10.14828014,10.7149183,2132.545315
TZA,Tanzania (United Republic of),2013,0.504,0.485045358,0.523178019,0.544,0.927,65.317,8.317879868,4.858223438,1850.882679
THA,Thailand,2013,0.754,0.757895946,0.749576884,0.348,1.011,81.365,14.51171017,7.671840191,12524.79411
TLS,Timor-Leste,2013,0.64,0.613167485,0.663655174,0.467,0.924,68.192,13.05941057,4.614059925,6688.041721
TGO,Togo,2013,0.495,0.443746116,0.537473009,0.607,0.826,58.804,10.24281425,2.578876654,1637.028897
TON,Tonga,2013,0.719,,,,,73.485,16.34112729,10.90005755,
TTO,Trinidad and Tobago,2013,0.801,0.793911791,0.805079968,0.315,0.986,77.069,13.35731793,10.91485194,21477.00536
TUN,Tunisia,2013,0.719,0.674327797,0.74616599,0.287,0.904,78.811,14.81498585,5.942717433,4669.33318
TUR,Türkiye,2013,0.802,0.763739122,0.829996929,0.353,0.92,79.398,16.43223953,6.760290146,13998.35982
TKM,Turkmenistan,2013,0.716,,,,,71.971,11.04677313,10.55785608,
TUV,Tuvalu,2013,0.637,,,,,68.07,12.62079833,9.564076151,
UGA,Uganda,2013,0.511,0.487609001,0.535134246,0.539,0.911,61.848,10.70967187,4.27882266,1782.688488
UKR,Ukraine,2013,0.774,0.774755177,0.767909138,0.278,1.009,76.456,15.18255043,11.5774843,9869.456086
ARE,United Arab Emirates,2013,0.847,0.826275572,0.843306276,0.168,0.98,80.828,14.32788165,10.34452886,27114.4096
GBR,United Kingdom,2013,0.923,0.910747484,0.931156786,0.153,0.978,82.776,18.18284035,12.74895,34050.40542
USA,United States,2013,0.922,0.91675375,0.924659128,0.231,0.991,81.33,17.3330307,13.20598984,45235.51312
URY,Uruguay,2013,0.802,0.810493602,0.794319372,0.329,1.02,81.28,17.33956375,8.742690086,15472.43545
UZB,Uzbekistan,2013,0.693,0.67839921,0.705217086,0.274,0.962,72.841,11.50658035,11.06980991,4820.781648
VUT,Vanuatu,2013,0.586,0.565103909,0.606071574,,0.932,72.055,10.75135816,5.914579007,2358.409973
VEN,Venezuela (Bolivarian Republic of),2013,0.771,0.774493821,0.758481496,0.494,1.021,77.323,14.99564677,9.708984852,13788.38729
VNM,Viet Nam,2013,0.689,0.689386494,0.687652939,0.378,1.003,78.478,12.88881,7.433986187,6389.304382
YEM,Yemen,2013,0.496,0.347653736,0.561116919,0.796,0.62,69.528,6.948228272,1.628614562,473.3684098
ZMB,Zambia,2013,0.554,0.524515009,0.583445069,0.574,0.899,61.782,10.54894406,5.629462208,2680.404368
ZWE,Zimbabwe,2013,0.532,0.511629975,0.552407572,0.549,0.926,59.533,10.39066029,7.500794888,1797.487004
AFG,Afghanistan,2014,0.48,0.363616351,0.553143443,0.692,0.657,64.274,8.047050476,0.710608699,741.271065
ALB,Albania,2014,0.797,0.778898256,0.813209384,0.186,0.958,81.013,16.32761002,9.767453957,8650.805655
DZA,Algeria,2014,0.732,0.657754727,0.767159515,0.417,0.857,76.467,15.20626727,6.52467654,3467.399813
AND,Andorra,2014,0.854,,,,,85.444,11.73736,10.58952045,
AGO,Angola,2014,0.565,0.52536585,0.603355344,0.553,0.871,62.472,10.012,3.132110119,5919.962177
ATG,Antigua and Barbuda,2014,0.815,,,,,80.535,16.54581916,,
ARG,Argentina,2014,0.847,0.839098654,0.842200686,0.349,0.996,80.004,18.76881027,11.07514,16180.87009
ARM,Armenia,2014,0.764,0.755302185,0.766279236,0.314,0.986,78.498,13.24042988,11.47908759,8245.300812
AUS,Australia,2014,0.931,0.910020592,0.947427959,0.117,0.961,84.544,23.41740269,12.13216019,32349.67439
AUT,Austria,2014,0.911,0.893880128,0.92505495,0.082,0.966,83.73,16.32842064,11.62954998,39025.07298
AZE,Azerbaijan,2014,0.749,0.728742521,0.762586981,0.347,0.956,74.384,13.01791683,10.16520977,9774.400178
BHS,Bahamas,2014,0.807,0.807896721,0.804387325,0.382,1.004,76.639,11.97674962,12.33195257,28009.90818
BHR,Bahrain,2014,0.839,0.805952592,0.851651681,0.231,0.946,80.813,15.46693039,8.617999872,21890.3596
BGD,Bangladesh,2014,0.585,0.541240547,0.613602354,0.567,0.882,72.42,10.36449337,4.598360062,2214.950295
BRB,Barbados,2014,0.795,0.799284732,0.783583622,0.33,1.02,78.436,17.35261059,9.971018243,12439.64861
BLR,Belarus,2014,0.81,0.813393259,0.803843318,0.137,1.012,78.612,15.79640961,11.60775995,14810.97263
BEL,Belgium,2014,0.922,0.905089725,0.934931976,0.068,0.968,83.511,20.72269058,11.43642998,37773.34379
BLZ,Belize,2014,0.716,0.70528622,0.724159222,0.413,0.974,76.341,13.11034012,9.253611946,6462.048997
BEN,Benin,2014,0.506,0.461353198,0.548949367,0.656,0.84,60.265,10.70143986,1.624299979,2414.412256
BTN,Bhutan,2014,0.615,0.598990473,0.629721294,0.442,0.951,71.798,13.04724979,2.185469937,7441.684587
BOL,Bolivia (Plurinational State of),2014,0.683,0.66145126,0.700935092,0.433,0.944,69.771,13.96451127,8.213146687,5358.935582
BIH,Bosnia and Herzegovina,2014,0.751,0.720108808,0.778485238,0.167,0.925,77.709,13.98412991,8.052780151,8399.548584
BWA,Botswana,2014,0.683,0.675613607,0.689158886,0.493,0.98,65.391,11.79467049,9.68,11647.35527
BRA,Brazil,2014,0.753,0.746708742,0.755226051,0.44,0.989,77.432,15.82071018,7.576000214,11138.88046
BRN,Brunei Darussalam,2014,0.834,0.828457759,0.83859857,,0.988,77.041,15.06742954,8.888,53160.25252
BGR,Bulgaria,2014,0.807,0.802686846,0.809048778,0.225,0.992,77.972,15.4134798,11.11839962,15179.29346
BFA,Burkina Faso,2014,0.403,0.380675102,0.425665991,0.594,0.894,59.884,7.337150097,0.886229992,1519.704342
BDI,Burundi,2014,0.419,0.419807954,0.414978818,0.519,1.012,61.346,10.95553017,1.57438004,994.4118324
CPV,Cabo Verde,2014,0.663,0.660868314,0.662098457,,0.998,79.632,13.05235958,5.586644319,5252.553845
KHM,Cambodia,2014,0.559,0.532310779,0.58031051,0.507,0.917,71.881,10.80484651,2.89312005,2750.276346
CMR,Cameroon,2014,0.553,0.50683367,0.594257882,0.576,0.853,60.433,11.04222965,4.699464917,2422.249466
CAN,Canada,2014,0.925,0.916520211,0.931495015,0.113,0.984,83.89,16.39896965,13.69091225,37160.13918
CAF,Central African Republic,2014,0.354,,,,,52.903,5.325280747,2.380013885,
TCD,Chad,2014,0.392,,,,,52.63,6.431250095,1.069270015,
CHL,Chile,2014,0.841,0.821940631,0.853691332,0.293,0.963,82.145,16.42097092,9.998734951,15992.3962
CHN,China,2014,0.732,0.711601651,0.749599323,0.229,0.949,79.499,13.99680979,6.586589813,8749.747206
COL,Colombia,2014,0.755,0.750206638,0.756562362,0.421,0.992,79.139,14.89715958,8.106329918,10880.73594
COM,Comoros,2014,0.551,0.520455181,0.57877835,,0.899,64.55,11.47476006,4.019387287,2420.601052
COG,Congo,2014,0.609,0.572690821,0.642921585,0.616,0.891,64.241,10.95086539,6.955585331,3704.811585
COD,Congo (Democratic Republic of the),2014,0.45,0.40975231,0.488137405,0.641,0.839,60.013,8.283814585,4.722119808,766.3426693
CRI,Costa Rica,2014,0.79,0.779794969,0.797591558,0.302,0.978,81.236,15.13543987,8.74464035,13157.73492
CIV,Côte d'Ivoire,2014,0.499,0.462971052,0.532456801,0.627,0.869,58.263,7.359419823,4.10311985,3309.622659
HRV,Croatia,2014,0.842,0.833967502,0.848827048,0.118,0.982,80.952,16.03305054,11.10389879,18792.72607
CUB,Cuba,2014,0.766,0.741619397,0.779120044,0.31,0.952,80.166,14.38615036,11.27549458,5065.199754
CYP,Cyprus,2014,0.867,0.858132874,0.874281297,0.202,0.982,82.723,14.91030979,11.74787045,27139.69606
CZE,Czechia,2014,0.889,0.881507714,0.893608843,0.146,0.986,81.728,17.74176025,12.39958,24273.82876
DNK,Denmark,2014,0.932,0.918085731,0.943959659,0.035,0.973,82.66,19.98086929,12.21434021,44655.75713
DJI,Djibouti,2014,0.463,,,,,64.091,5.93358223,2.04400144,
DMA,Dominica,2014,0.725,,,,,72.118,14.82036547,8.64016572,
DOM,Dominican Republic,2014,0.728,0.723627782,0.72745209,0.479,0.995,76.396,14.25813961,7.88380003,9866.559135
ECU,Ecuador,2014,0.759,0.750073406,0.767343508,0.396,0.977,79.124,15.44545015,8.267999649,9473.96074
EGY,Egypt,2014,0.688,0.635002023,0.716273383,0.541,0.887,73.163,11.5914402,7.965745492,4051.426104
SLV,El Salvador,2014,0.663,0.656426292,0.668179672,0.382,0.982,76.267,12.33819008,6.210683346,6141.67033
GNQ,Equatorial Guinea,2014,0.639,,,,,61.452,9.88109074,7.688603909,
ERI,Eritrea,2014,0.49,,,,,67.588,6.809400082,3.567910633,
EST,Estonia,2014,0.879,0.884613387,0.867811384,0.156,1.019,81.446,17.14653969,13.92652035,21551.38082
SWZ,Eswatini (Kingdom of),2014,0.56,,,,,55.917,12.546626,4.828,
ETH,Ethiopia,2014,0.445,0.41575725,0.474579137,0.562,0.876,65.361,8.381441889,1.434711981,1307.729228
FJI,Fiji,2014,0.715,0.689245276,0.730839967,0.369,0.943,69.347,13.63306423,10.24933472,6505.316788
FIN,Finland,2014,0.928,0.921775376,0.931746754,0.061,0.989,83.842,20.08651924,12.71975994,38222.35298
FRA,France,2014,0.892,0.884450704,0.897375451,0.103,0.986,85.496,15.81453037,10.98081017,35366.41801
GAB,Gabon,2014,0.687,0.676406428,0.69073351,0.534,0.979,67.248,12.1357852,9.638,9185.092478
GMB,Gambia,2014,0.462,0.430973662,0.490293568,0.625,0.879,63.475,8.226902914,2.614988763,1433.708809
GEO,Georgia,2014,0.793,0.780586444,0.797892863,0.362,0.978,77.934,15.25716972,12.59527016,7953.69312
DEU,Germany,2014,0.942,0.915870825,0.961839145,0.078,0.952,83.325,16.96533012,13.63171005,35478.58678
GHA,Ghana,2014,0.582,0.554989391,0.611308451,0.545,0.908,64.924,10.32450008,5.766651426,3732.585615
GRC,Greece,2014,0.879,0.865989875,0.8916957,0.119,0.971,83.98,17.78413963,10.30838013,22739.66557
GRD,Grenada,2014,0.783,,,,,78.004,,,10250.30335
GTM,Guatemala,2014,0.64,0.615517645,0.658900566,0.522,0.934,75.1,10.67763042,5.533130169,5276.307192
GIN,Guinea,2014,0.436,,,,,59.248,7.858170033,1.034100056,
GNB,Guinea-Bissau,2014,0.465,,,,,60.679,9.643515,2.254388,
GUY,Guyana,2014,0.682,,,,,71.316,12.72001202,7.92348225,
HTI,Haiti,2014,0.545,0.516560302,0.570074006,0.622,0.906,65.684,10.40267931,4.320228402,2385.940703
HND,Honduras,2014,0.603,0.602437293,0.603326945,0.43,0.999,74.632,9.999633081,6.241459846,4105.031853
HKG,"Hong Kong, China (SAR)",2014,0.932,0.916159167,0.94904641,,0.965,86.972,16.62169075,11.47914028,43636.20968
HUN,Hungary,2014,0.84,0.832373309,0.844738301,0.263,0.985,79.23,15.99308014,11.54996014,19541.27589
ISL,Iceland,2014,0.946,0.93290851,0.957774793,0.069,0.974,84.272,20.9615097,13.30297736,40142.55151
IND,India,2014,0.611,0.543451681,0.65299441,0.54,0.832,70.602,11.97834015,4.28445406,2047.642423
IDN,Indonesia,2014,0.69,0.659821204,0.713561839,0.483,0.925,71.466,13.25718021,7.326570034,6166.180765
IRN,Iran (Islamic Republic of),2014,0.783,0.705548005,0.814215768,0.539,0.867,77.361,14.85375977,10.0151701,4006.828495
IRQ,Iraq,2014,0.651,0.553896925,0.703511199,0.577,0.787,71.175,10.60183571,5.346124933,2400.185568
IRL,Ireland,2014,0.918,0.900802504,0.929579002,0.115,0.969,83.319,18.41872978,11.40046501,35663.90351
ISR,Israel,2014,0.899,0.884945481,0.909626444,0.115,0.973,84.026,15.53283024,12.91329002,27685.00211
ITA,Italy,2014,0.882,0.864304126,0.895035789,0.082,0.966,85.117,16.36458969,10.00465012,27871.92765
JAM,Jamaica,2014,0.714,0.715576361,0.709950633,0.416,1.008,74.21,13.77062035,9.190471107,8361.616207
JPN,Japan,2014,0.91,0.888993898,0.926511701,0.127,0.96,86.758,15.29619026,12.26578598,28229.90442
JOR,Jordan,2014,0.737,0.657970866,0.769379951,0.487,0.855,77.061,12.31081313,9.769782884,2893.242327
KAZ,Kazakhstan,2014,0.794,0.797122358,0.787845438,0.227,1.012,74.361,14.66510963,11.88103008,18696.73051
KEN,Kenya,2014,0.569,0.549712766,0.586303977,0.56,0.938,63.979,10.72610597,6.16716565,3064.48525
KIR,Kiribati,2014,0.612,0.591744925,0.626208339,,0.945,67.387,12.00233823,8.645587593,2442.600665
PRK,Korea (Democratic People's Rep. of),2014,,,,,,75.859,,,
KOR,Korea (Republic of),2014,0.906,0.870429641,0.930490775,0.091,0.935,85.712,15.89690018,11.29834595,24149.30632
KWT,Kuwait,2014,0.816,0.81643513,0.809656737,0.3,1.008,81.772,14.84265995,7.453999996,39514.02895
KGZ,Kyrgyzstan,2014,0.686,0.670460082,0.694896706,0.37,0.965,73.737,12.84922028,11.3622036,3120.522848
LAO,Lao People's Democratic Republic,2014,0.597,0.567342475,0.627269376,0.497,0.904,68.507,10.64356041,4.227293965,5001.736971
LVA,Latvia,2014,0.85,0.858954797,0.836784119,0.229,1.026,79.181,16.64245987,13.17405987,20794.52117
LBN,Lebanon,2014,0.755,0.707983776,0.776835028,0.444,0.911,80.704,12.78129447,7.970240179,6849.258968
LSO,Lesotho,2014,0.5,0.497049093,0.499217285,0.573,0.996,52.807,11.70460987,7.120469952,2219.233592
LBR,Liberia,2014,0.472,0.427703538,0.516857536,0.673,0.828,60.213,9.423893929,2.630155799,1286.689057
LBY,Libya,2014,0.75,0.745734774,0.748370095,0.268,0.996,75.301,15.23838104,8.465068771,12040.88045
LIE,Liechtenstein,2014,0.923,0.897277243,0.960534203,,0.934,83.22,13.83565998,11.67000684,81023.86515
LTU,Lithuania,2014,0.864,0.872314686,0.854202759,0.135,1.021,79.799,17.27456093,12.79854965,24448.70702
LUX,Luxembourg,2014,0.927,0.917557104,0.928818813,0.07,0.988,84.413,14.19014327,13.08979988,64213.8633
MDG,Madagascar,2014,0.497,0.483212033,0.511017002,0.575,0.946,66.356,10.17442036,4.59765046,1267.684463
MWI,Malawi,2014,0.493,0.473083591,0.514238188,0.611,0.92,64.34,10.83397942,4.158645861,1190.879635
MYS,Malaysia,2014,0.787,0.777324969,0.795029324,0.24,0.978,77.677,13.65044022,9.981103579,17163.71837
MDV,Maldives,2014,0.723,0.699485749,0.734028626,0.378,0.953,80.406,12.96460217,5.899713755,9632.649247
MLI,Mali,2014,0.41,0.366604044,0.446910996,0.652,0.82,58.969,6.410180092,1.51297003,1273.45374
MLT,Malta,2014,0.881,0.857823187,0.896327193,0.187,0.957,84.988,15.83716011,10.78794956,22970.73429
MHL,Marshall Islands,2014,0.676,0.641008319,0.698651807,,0.917,65.493,14.64325714,11.47979326,2820.101273
MRT,Mauritania,2014,0.532,0.485829041,0.571095199,0.617,0.851,65.783,8.244580269,3.544029951,2667.9934
MUS,Mauritius,2014,0.788,0.767492586,0.801282053,0.346,0.958,78.156,15.38741016,8.864160431,12585.53643
MEX,Mexico,2014,0.765,0.745827693,0.778136611,0.386,0.958,77.782,14.18118,8.223290443,12571.90037
FSM,Micronesia (Federated States of),2014,0.64,0.61604682,0.659582199,,0.934,74.867,12.82463267,6.80275252,2698.49827
MDA,Moldova (Republic of),2014,0.749,0.75773106,0.740769707,0.248,1.023,73.524,14.42195034,11.75164032,10257.88276
MCO,Monaco,2014,,,,,,88.12,19.09366437,,
MNG,Mongolia,2014,0.735,0.7462908,0.722695647,0.329,1.033,73.283,15.28246074,10.86961985,8789.073651
MNE,Montenegro,2014,0.822,0.805238322,0.837123267,0.153,0.962,79.731,15.35105324,11.11652115,13779.95332
MAR,Morocco,2014,0.645,0.582006932,0.68979213,0.495,0.844,74.39,11.7566103,4.15,3366.675094
MOZ,Mozambique,2014,0.438,0.42177246,0.452885249,0.52,0.931,59.439,9.778530121,2.509352446,1170.686078
MMR,Myanmar,2014,0.548,,,,,68.168,11.29939201,4.327383307,
NAM,Namibia,2014,0.619,0.620757469,0.616858988,0.501,1.006,63.049,11.61589808,7.053730332,9471.29124
NRU,Nauru,2014,0.618,0.612509531,0.620431577,,0.987,65.558,11.56428524,7.214002467,5964.744214
NPL,Nepal,2014,0.567,0.544488071,0.594208137,0.511,0.916,69.818,12.8385849,2.490770054,2818.840564
NLD,Netherlands,2014,0.931,0.907235241,0.951290609,0.038,0.954,83.29,18.32416026,11.7649498,37412.63415
NZL,New Zealand,2014,0.931,0.911446856,0.946967021,0.141,0.962,83.612,19.86148071,13.17002964,29229.63484
NIC,Nicaragua,2014,0.638,0.631291996,0.641262872,0.424,0.984,75.822,11.31196255,6.786,4281.496218
NER,Niger,2014,0.363,0.328856758,0.397103896,0.657,0.828,61.544,4.960026582,1.051643332,965.8633928
NGA,Nigeria,2014,0.513,0.475112464,0.550920939,0.677,0.862,52.196,8.569760186,5.122210185,4477.33897
MKD,North Macedonia,2014,0.769,0.747104338,0.786781096,0.159,0.95,78.205,12.85297012,9.995987654,10637.3889
NOR,Norway,2014,0.949,0.941542274,0.951906082,0.044,0.989,84.094,18.31277084,12.76653004,54470.07549
OMN,Oman,2014,0.818,0.770607909,0.82832661,0.323,0.93,79.313,15.09702015,9.96481781,10068.28188
PAK,Pakistan,2014,0.519,0.427707203,0.571811329,0.571,0.748,67.718,5.853650093,3.76286006,1326.377299
PLW,Palau,2014,0.777,0.774978185,0.781807234,,0.991,66.642,17.51760745,12.91708013,14075.37402
PSE,"Palestine, State of",2014,0.698,0.630692457,0.722587265,,0.873,75.519,13.84895992,8.545780182,2092.562578
PAN,Panama,2014,0.797,0.797465855,0.793800904,0.424,1.005,80.299,13.45695019,10.074033,20454.33119
PNG,Papua New Guinea,2014,0.531,0.505776702,0.556121123,0.61,0.909,67.058,8.553602553,3.769768501,3117.51209
PRY,Paraguay,2014,0.731,0.720380808,0.736559465,0.449,0.978,75.668,14.63136835,8.239689827,8497.376177
PER,Peru,2014,0.754,0.729756298,0.774995454,0.4,0.942,77.432,14.30914974,8.52600956,8699.647407
PHL,Philippines,2014,0.693,0.684566554,0.699936006,0.408,0.978,72.86,12.7349596,9.166615009,6392.39893
POL,Poland,2014,0.867,0.866836482,0.862988539,0.145,1.004,81.394,17.02279091,12.8828001,19527.63512
PRT,Portugal,2014,0.847,0.839490056,0.852140524,0.091,0.985,84.246,16.39800692,8.907409668,23977.60517
QAT,Qatar,2014,0.85,0.856232598,0.848311079,0.664,1.009,81.415,13.83269978,10.90538979,46012.37804
ROU,Romania,2014,0.811,0.794262883,0.824769214,0.293,0.963,78.344,14.47493331,10.49645042,16977.48131
RUS,Russian Federation,2014,0.818,0.825089356,0.807655306,0.223,1.022,76.995,15.19981956,12.40013443,20198.66029
RWA,Rwanda,2014,0.507,0.491925332,0.522446869,0.421,0.942,66.906,11.1648798,3.580199957,1467.174204
KNA,Saint Kitts and Nevis,2014,0.827,,,,,74.928,17.83201027,10.8414898,
LCA,Saint Lucia,2014,0.727,0.729157636,0.724133236,0.371,1.007,76.104,13.5030899,8.640251954,10920.07995
VCT,Saint Vincent and the Grenadines,2014,0.772,,,,,77.427,15.29773045,10.38727874,
WSM,Samoa,2014,0.707,0.689168778,0.716297607,,0.962,75.142,12.67257006,11.79859495,3623.216509
SMR,San Marino,2014,0.879,0.86470806,0.892127934,,0.969,84.33,14.35686652,10.55234362,40151.95101
STP,Sao Tome and Principe,2014,0.584,,,,,69.895,11.36614037,4.819461482,
SAU,Saudi Arabia,2014,0.836,0.773078746,0.866756941,0.294,0.892,78.393,13.90254757,9.189617395,17012.19597
SEN,Senegal,2014,0.501,0.471383665,0.526025582,0.53,0.896,68.411,9.467029572,2.033885002,1945.217839
SRB,Serbia,2014,0.787,0.775892357,0.797527883,0.163,0.973,78.676,14.81659985,10.20312023,11673.56789
SYC,Seychelles,2014,0.796,0.816449814,0.777772509,,1.05,78.411,14.13815022,11.49432457,22108.82988
SLE,Sierra Leone,2014,0.447,0.42027525,0.476095628,0.641,0.883,57.337,8.698009939,2.242113847,1814.663097
SGP,Singapore,2014,0.932,0.927037028,0.93677306,0.062,0.99,84.786,16.65214558,11.06544971,75164.19291
SVK,Slovakia,2014,0.851,0.845339124,0.852367822,0.188,0.992,80.31,15.58465958,12.28631973,20794.97671
SVN,Slovenia,2014,0.903,0.900342138,0.90269172,0.067,0.997,83.613,18.06949997,12.33582973,28137.19563
SLB,Solomon Islands,2014,0.562,0.546979629,0.584970683,,0.935,70.94,10.59611987,5.265793833,2206.41878
SOM,Somalia,2014,,,,,,56.362,,,
ZAF,South Africa,2014,0.714,0.705939443,0.717895619,0.439,0.983,66.259,14.72198963,9.970640182,10635.5255
SSD,South Sudan,2014,0.376,,,,,57.075,4.384188406,4.762169838,
ESP,Spain,2014,0.884,0.873712051,0.891621087,0.079,0.98,85.578,17.63342094,9.553099632,27847.07562
LKA,Sri Lanka,2014,0.757,0.739255906,0.764726617,0.375,0.967,78.813,13.77857653,10.37453147,6922.054747
SDN,Sudan,2014,0.511,0.467010513,0.540377513,0.583,0.864,67.233,7.542439938,2.99,2378.299917
SUR,Suriname,2014,0.701,0.695180467,0.702655894,0.489,0.989,73.197,11.58334426,8.117103032,12324.67535
SWE,Sweden,2014,0.935,0.924088447,0.933421505,0.043,0.99,84.047,19.4240799,12.38226032,42179.53848
CHE,Switzerland,2014,0.951,0.93197147,0.964629358,0.042,0.966,85.1,16.03940487,13.15633011,54123.35634
SYR,Syrian Arab Republic,2014,0.544,0.479755189,0.57426432,0.487,0.835,68.945,7.993555907,5.573097491,1228.79704
TJK,Tajikistan,2014,0.649,0.609699217,0.680728831,0.347,0.896,71.644,10.18859161,10.74715126,2208.114342
TZA,Tanzania (United Republic of),2014,0.506,0.488139068,0.525523862,0.542,0.929,66.274,8.092179871,4.841066837,1931.65278
THA,Thailand,2014,0.785,0.789700947,0.780644078,0.404,1.012,81.708,17.12574005,7.819993337,12908.86571
TLS,Timor-Leste,2014,0.63,0.602862427,0.6551195,0.451,0.92,68.557,13.11118412,4.600979964,5220.677075
TGO,Togo,2014,0.502,0.454381685,0.542103566,0.593,0.838,58.979,10.55528822,2.780879974,1759.521311
TON,Tonga,2014,0.721,,,,,73.489,16.4859422,10.90287125,
TTO,Trinidad and Tobago,2014,0.806,0.799501863,0.80946501,0.311,0.988,77.407,13.50502548,11.0460357,21874.18703
TUN,Tunisia,2014,0.721,0.674881485,0.74942381,0.287,0.901,78.774,14.91334381,6.113044977,4484.201729
TUR,Türkiye,2014,0.812,0.772585643,0.840302954,0.348,0.919,79.623,16.98819923,6.930699825,14004.6548
TKM,Turkmenistan,2014,0.719,,,,,72.014,11.33307462,10.56005311,
TUV,Tuvalu,2014,0.637,,,,,68.188,12.70038986,9.692345074,
UGA,Uganda,2014,0.518,0.496163224,0.540407448,0.54,0.918,62.259,10.77087796,4.482725143,1904.358629
UKR,Ukraine,2014,0.774,0.776762602,0.766212929,0.242,1.014,77.741,15.1567297,11.55479144,9261.291965
ARE,United Arab Emirates,2014,0.853,0.83180257,0.857718139,0.159,0.97,81.023,14.49409124,10.38009241,28504.10894
GBR,United Kingdom,2014,0.924,0.914236025,0.932300717,0.144,0.981,82.992,17.99798965,12.83813,35007.61006
USA,United States,2014,0.923,0.918593252,0.925463198,0.221,0.993,81.414,17.33177948,13.24683952,46116.09147
URY,Uruguay,2014,0.805,0.814971444,0.797900381,0.328,1.021,81.36,17.52125702,8.854610443,15778.5625
UZB,Uzbekistan,2014,0.698,0.683373757,0.709587726,0.27,0.963,73.13,11.54080963,11.1547699,5026.313905
VUT,Vanuatu,2014,0.59,0.568877086,0.610163544,,0.932,71.892,10.88711912,6.028776286,2419.747325
VEN,Venezuela (Bolivarian Republic of),2014,0.768,0.771378601,0.755107976,0.489,1.022,77.075,14.93913562,9.840207338,13043.40627
VNM,Viet Nam,2014,0.693,0.694454532,0.691616021,0.38,1.004,78.593,12.92363,7.534040213,6742.085667
YEM,Yemen,2014,0.485,0.320899461,0.549805784,0.803,0.584,69.442,6.887805082,1.547229123,348.0123244
ZMB,Zambia,2014,0.557,0.527678227,0.585447943,0.571,0.901,62.796,10.62172031,5.733845779,2520.941434
ZWE,Zimbabwe,2014,0.539,0.519008916,0.559176802,0.538,0.928,60.844,10.43362345,7.494939804,1830.702974
AFG,Afghanistan,2015,0.479,0.375291451,0.550073678,0.692,0.682,64.576,8.032045364,0.74901998,883.7431223
ALB,Albania,2015,0.797,0.783992594,0.809247006,0.178,0.969,81.183,15.9946804,9.734935951,9909.704085
DZA,Algeria,2015,0.736,0.665773206,0.770077321,0.409,0.865,76.824,15.33850627,6.51898926,3783.803812
AND,Andorra,2015,0.856,,,,,85.434,11.88099003,10.51278019,
AGO,Angola,2015,0.591,0.552342007,0.629748224,0.548,0.877,63.094,10.7737,4.116909981,5987.013511
ATG,Antigua and Barbuda,2015,0.818,,,,,80.389,16.57906349,,
ARG,Argentina,2015,0.85,0.841618228,0.843561951,0.34,0.998,80.188,18.96076012,11.08460999,16635.8357
ARM,Armenia,2015,0.769,0.759541743,0.771524311,0.299,0.984,78.833,13.29224968,11.57561016,8416.286927
AUS,Australia,2015,0.933,0.913572359,0.948118675,0.111,0.964,84.673,23.58530045,12.2350502,33460.32553
AUT,Austria,2015,0.91,0.891647322,0.92462469,0.084,0.964,83.585,16.35918045,11.7146101,36882.48138
AZE,Azerbaijan,2015,0.751,0.730951623,0.764722863,0.342,0.956,74.788,13.12250769,10.16084003,9658.429345
BHS,Bahamas,2015,0.807,0.808055454,0.804515436,0.366,1.004,76.372,11.99473842,12.41278042,28207.73387
BHR,Bahrain,2015,0.859,0.818515209,0.876575619,0.241,0.934,80.84,16.74765968,8.776649872,20803.29053
BGD,Bangladesh,2015,0.604,0.558652254,0.632939871,0.559,0.883,72.739,10.64202213,5.341070175,2340.289886
BRB,Barbados,2015,0.798,0.803190726,0.78542826,0.334,1.023,78.591,17.50485364,10.00839399,12753.81264
BLR,Belarus,2015,0.809,0.810856935,0.803901942,0.126,1.009,78.809,15.62183952,11.71712799,13994.15712
BEL,Belgium,2015,0.924,0.907356431,0.937478865,0.063,0.968,83.148,20.83107948,11.73359966,38291.46669
BLZ,Belize,2015,0.714,0.704831181,0.721604579,0.428,0.977,76.486,13.08699036,8.94382,6790.563379
BEN,Benin,2015,0.509,0.465721075,0.5504824,0.663,0.846,60.682,11.02536964,1.633713309,2347.498191
BTN,Bhutan,2015,0.625,0.610435337,0.639033879,0.428,0.955,72.072,13.13829994,2.538879919,8079.153049
BOL,Bolivia (Plurinational State of),2015,0.688,0.668185643,0.705322798,0.438,0.947,69.911,13.967282,8.540019989,5599.85274
BIH,Bosnia and Herzegovina,2015,0.757,0.726375696,0.78428773,0.165,0.926,78.112,13.97867012,8.193730354,8854.089772
BWA,Botswana,2015,0.688,0.679366439,0.695386446,0.501,0.977,66.284,11.79155178,9.93,10770.38086
BRA,Brazil,2015,0.752,0.745936897,0.753006213,0.437,0.991,77.572,15.66141987,7.698679924,10871.77957
BRN,Brunei Darussalam,2015,0.832,0.824173601,0.83690533,,0.985,77.001,14.74316978,8.99,50900.65649
BGR,Bulgaria,2015,0.809,0.805569764,0.810760028,0.218,0.994,78.127,15.36264992,11.26480961,15459.27237
BFA,Burkina Faso,2015,0.413,0.386208719,0.438403386,0.612,0.881,60.401,7.734620094,1.017852485,1385.884947
BDI,Burundi,2015,0.42,0.404272038,0.436263493,0.511,0.927,62.198,10.99497986,1.791316668,710.9880353
CPV,Cabo Verde,2015,0.658,0.662603483,0.652774676,0.371,1.015,79.037,12.67210007,5.613790035,6075.670676
KHM,Cambodia,2015,0.564,0.536551001,0.592326863,0.497,0.906,72.02,10.88035035,2.845530033,2937.776569
CMR,Cameroon,2015,0.562,0.525997825,0.596257681,0.572,0.882,61.206,11.3393898,4.899743646,2944.529837
CAN,Canada,2015,0.927,0.918480407,0.932737773,0.107,0.985,83.912,16.52062035,13.73537636,37322.00183
CAF,Central African Republic,2015,0.367,,,,,54.512,5.446438926,2.479532538,
TCD,Chad,2015,0.388,,,,,53.132,5.990200043,1.105998015,
CHL,Chile,2015,0.846,0.828270556,0.859130226,0.288,0.964,82.384,16.54647064,10.11736012,16797.76673
CHN,China,2015,0.741,0.719822416,0.758083464,0.223,0.95,79.772,14.2606624,6.67244482,9279.810583
COL,Colombia,2015,0.758,0.754586283,0.760367891,0.417,0.992,79.292,14.94029999,8.155989647,11438.4096
COM,Comoros,2015,0.556,0.519634162,0.587416412,,0.885,65.163,11.77130003,4.198662029,2071.426598
COG,Congo,2015,0.61,0.573676916,0.643400515,0.612,0.892,64.314,11.26820802,7.113080025,3418.882185
COD,Congo (Democratic Republic of the),2015,0.457,0.419199971,0.494051207,0.645,0.848,60.254,8.48265027,4.998439789,806.3217606
CRI,Costa Rica,2015,0.792,0.783148652,0.796530332,0.28,0.983,81.569,15.21825981,8.667880058,13655.68548
CIV,Côte d'Ivoire,2015,0.501,0.461028998,0.538155597,0.637,0.857,58.947,7.701300144,3.447274923,3372.411586
HRV,Croatia,2015,0.844,0.836651381,0.850145438,0.142,0.984,80.544,16.00728035,11.26581823,19904.73917
CUB,Cuba,2015,0.765,0.745962274,0.777988532,0.307,0.959,80.148,14.14953041,11.17046165,5729.266038
CYP,Cyprus,2015,0.874,0.863558978,0.883112211,0.209,0.978,82.873,15.22467041,11.72896957,28136.61333
CZE,Czechia,2015,0.891,0.884170901,0.895221767,0.139,0.988,81.472,17.76180077,12.46730042,25691.2921
DNK,Denmark,2015,0.936,0.924689748,0.944986575,0.035,0.979,82.68,20.0888195,12.78382969,44781.28876
DJI,Djibouti,2015,0.473,0.415094435,0.520695144,,0.797,64.299,6.264532011,2.182827618,1975.990681
DMA,Dominica,2015,0.719,,,,,71.082,14.74913103,8.6988523,
DOM,Dominican Republic,2015,0.739,0.74123629,0.734015411,0.475,1.01,76.377,15.20701981,8.019479752,11170.57151
ECU,Ecuador,2015,0.764,0.755331378,0.771437813,0.391,0.979,79.209,15.43443012,8.629260063,9601.699322
EGY,Egypt,2015,0.695,0.648030781,0.720181296,0.534,0.9,73.081,11.7789402,8.31107365,4613.394453
SLV,El Salvador,2015,0.663,0.656048305,0.667665041,0.379,0.983,76.572,12.10762978,6.302596569,6109.171687
GNQ,Equatorial Guinea,2015,0.648,,,,,62.054,10.22673866,7.904856273,
ERI,Eritrea,2015,0.473,,,,,67.981,6.540410042,3.5323962,
EST,Estonia,2015,0.883,0.889610272,0.870228214,0.13,1.022,81.728,16.96787071,13.95765972,23541.85977
SWZ,Eswatini (Kingdom of),2015,0.577,0.565459434,0.587619302,0.543,0.962,58.128,12.83686427,5.07,6373.950555
ETH,Ethiopia,2015,0.455,0.426891134,0.482810759,0.531,0.884,66.326,8.66453591,1.486475968,1389.871554
FJI,Fiji,2015,0.716,0.690515385,0.73153863,0.354,0.944,68.932,13.74238362,10.39683971,6599.601915
FIN,Finland,2015,0.93,0.924378729,0.93428342,0.054,0.989,84.173,20.13433075,12.76675987,38538.71745
FRA,France,2015,0.893,0.8856122,0.898393903,0.097,0.986,85.206,15.85278988,11.12283039,35653.96049
GAB,Gabon,2015,0.692,0.682227043,0.694928402,0.532,0.982,67.826,12.2990088,9.89,8916.642899
GMB,Gambia,2015,0.467,0.4381762,0.493922642,0.619,0.887,63.583,8.499198386,2.755842958,1468.61555
GEO,Georgia,2015,0.798,0.787245646,0.801871736,0.362,0.982,78.131,15.50475979,12.71144009,8284.754203
DEU,Germany,2015,0.941,0.915863578,0.960279115,0.078,0.954,82.977,17.01861954,13.69839954,35839.28729
GHA,Ghana,2015,0.586,0.560837575,0.613726933,0.547,0.914,64.987,10.79590988,5.565384252,3967.48013
GRC,Greece,2015,0.881,0.86829871,0.891742371,0.122,0.974,83.578,18.09836483,10.49843979,22731.41927
GRD,Grenada,2015,0.786,0.778376212,0.791493247,,0.983,78.052,16.8782692,9.79007064,9887.935071
GTM,Guatemala,2015,0.629,0.602688046,0.651224035,0.525,0.925,75.178,10.76490021,4.434150219,5471.006806
GIN,Guinea,2015,0.449,,,,,59.307,8.057180444,1.347490013,
GNB,Guinea-Bissau,2015,0.47,,,,,61.211,9.765862,2.2975596,
GUY,Guyana,2015,0.686,,,,,71.632,12.82030552,8.067405757,
HTI,Haiti,2015,0.549,0.523081114,0.572543458,0.62,0.914,65.954,10.57314419,4.556833202,2406.2279
HND,Honduras,2015,0.61,0.609944826,0.60916524,0.423,1.001,74.991,10.25243133,6.404069901,4182.231483
HKG,"Hong Kong, China (SAR)",2015,0.936,0.918444133,0.952795097,,0.964,87.152,16.5821991,11.61841011,43767.67594
HUN,Hungary,2015,0.839,0.830516331,0.844894049,0.262,0.983,78.869,15.68185997,11.63817978,20234.44809
ISL,Iceland,2015,0.948,0.933377964,0.961116051,0.062,0.971,83.588,20.51700974,13.41877597,42265.88968
IND,India,2015,0.619,0.549857713,0.66199616,0.51,0.831,71.077,12.10280037,4.36415205,2127.262795
IDN,Indonesia,2015,0.698,0.670123082,0.720266861,0.479,0.93,71.629,13.63504982,7.451620102,6687.306645
IRN,Iran (Islamic Republic of),2015,0.782,0.70794329,0.812305027,0.524,0.872,77.765,14.57069016,10.13148022,4130.220152
IRQ,Iraq,2015,0.656,0.560567824,0.709937927,0.571,0.79,71.213,10.77225429,5.370581244,2588.293527
IRL,Ireland,2015,0.924,0.907178638,0.936807006,0.109,0.968,83.287,18.82530975,11.47656663,39873.57543
ISR,Israel,2015,0.899,0.886164993,0.907860384,0.105,0.976,84.04,15.50512028,12.96249962,28139.94764
ITA,Italy,2015,0.881,0.862295648,0.895254622,0.079,0.963,84.655,16.32398033,10.1077404,27483.03042
JAM,Jamaica,2015,0.712,0.710520626,0.708783635,0.409,1.002,73.971,13.81665039,9.29875022,7537.90819
JPN,Japan,2015,0.913,0.891686792,0.928811595,0.118,0.96,86.967,15.32254028,12.28015995,28937.07781
JOR,Jordan,2015,0.738,0.662210544,0.76874606,0.476,0.861,77.268,12.40507119,9.9670387,2910.889629
KAZ,Kazakhstan,2015,0.799,0.795179587,0.797345511,0.215,0.997,74.755,14.52217007,12.05200005,17115.38353
KEN,Kenya,2015,0.575,0.556586072,0.592165071,0.551,0.94,64.145,10.83533322,6.388114558,3203.077981
KIR,Kiribati,2015,0.625,0.603476851,0.639950375,,0.943,67.626,12.08733459,8.766382431,2814.208624
PRK,Korea (Democratic People's Rep. of),2015,,,,,,75.515,,,
KOR,Korea (Republic of),2015,0.908,0.873025801,0.932953896,0.088,0.936,85.784,15.92033005,11.40682983,24496.01228
KWT,Kuwait,2015,0.829,0.829458503,0.820996848,0.298,1.01,82.004,16.19162941,7.627600193,35134.40505
KGZ,Kyrgyzstan,2015,0.689,0.673205186,0.697844345,0.379,0.965,73.392,12.82355976,11.44824028,3299.608683
LAO,Lao People's Democratic Republic,2015,0.604,0.574446401,0.633956392,0.495,0.906,68.724,10.81727982,4.353626888,5246.494428
LVA,Latvia,2015,0.853,0.86432436,0.838990826,0.224,1.03,79.176,16.84724045,13.22721004,22004.61715
LBN,Lebanon,2015,0.756,0.710286562,0.778834269,0.442,0.912,80.951,12.83149862,7.996073759,6903.94747
LSO,Lesotho,2015,0.508,0.504170449,0.507011181,0.573,0.994,53.86,11.52999973,7.293644953,2267.265567
LBR,Liberia,2015,0.472,0.42725461,0.51785801,0.669,0.825,60.373,9.544712067,2.717471269,1207.562368
LBY,Libya,2015,0.749,0.745891696,0.747532874,0.27,0.998,75.369,15.16605842,8.462603157,12175.19807
LIE,Liechtenstein,2015,0.926,0.902785622,0.959509805,,0.941,84.516,13.65653992,11.75536287,82870.4866
LTU,Lithuania,2015,0.865,0.875588717,0.852528864,0.136,1.027,79.503,17.20837975,12.96389961,26181.3141
LUX,Luxembourg,2015,0.914,0.900957322,0.916832214,0.065,0.983,83.921,14.22774982,12.41166019,56323.33081
MDG,Madagascar,2015,0.499,0.48787056,0.510183735,0.576,0.956,66.346,10.30121994,4.660500356,1321.396971
MWI,Malawi,2015,0.498,0.477138208,0.519079358,0.61,0.919,64.659,10.9437637,4.301599979,1192.015787
MYS,Malaysia,2015,0.792,0.783563649,0.798565233,0.236,0.981,77.728,13.82367039,10.122557,18052.42521
MDV,Maldives,2015,0.728,0.703929037,0.73901854,0.37,0.953,80.675,13.0259378,6.196049213,9363.402622
MLI,Mali,2015,0.409,0.373904247,0.440746347,0.648,0.848,59.468,6.372010231,1.521260023,1447.019834
MLT,Malta,2015,0.887,0.868583756,0.899016982,0.19,0.966,85.33,16.07202911,10.90242958,25508.3544
MHL,Marshall Islands,2015,0.688,0.653182213,0.710810649,,0.919,65.705,14.93380356,11.73943711,3127.976076
MRT,Mauritania,2015,0.536,0.489084807,0.578129063,0.615,0.846,66.276,8.351630211,3.417239904,2778.904775
MUS,Mauritius,2015,0.791,0.772177731,0.800903447,0.377,0.964,78.216,15.21434975,9.162907299,13217.39045
MEX,Mexico,2015,0.769,0.750922745,0.782086361,0.377,0.96,77.692,14.37687969,8.407520294,12872.25133
FSM,Micronesia (Federated States of),2015,0.642,0.61811929,0.660641455,,0.936,74.764,12.82849733,6.841225313,2786.240203
MDA,Moldova (Republic of),2015,0.749,0.757551963,0.740105196,0.235,1.024,73.838,14.40999985,11.80002022,9865.458157
MCO,Monaco,2015,,,,,,88.222,19.14241229,,
MNG,Mongolia,2015,0.739,0.750387639,0.725792808,0.334,1.034,73.684,15.28299851,11.00667989,8898.078274
MNE,Montenegro,2015,0.827,0.808786954,0.842945268,0.149,0.959,79.404,15.39764977,11.27281829,14536.61326
MAR,Morocco,2015,0.656,0.592025832,0.699793157,0.47,0.846,74.777,12.07315025,4.38,3475.201719
MOZ,Mozambique,2015,0.445,0.427287733,0.460371645,0.518,0.928,60.44,9.800820351,2.687459946,1153.446184
MMR,Myanmar,2015,0.557,0.546908068,0.570748306,0.496,0.958,68.744,11.46682402,4.504497775,2573.456905
NAM,Namibia,2015,0.627,0.625658023,0.626148278,0.478,0.999,64.03,11.62976879,7.210344299,9039.171604
NRU,Nauru,2015,0.642,0.639532877,0.642879171,,0.995,66.03,11.99193259,7.539011533,8346.642746
NPL,Nepal,2015,0.568,0.545076279,0.59358696,0.507,0.918,69.079,12.89307976,2.546160078,2928.511365
NLD,Netherlands,2015,0.932,0.908893018,0.951052128,0.033,0.956,83.128,18.5041008,11.82178974,38776.14918
NZL,New Zealand,2015,0.933,0.91314661,0.948546094,0.136,0.963,83.741,19.74939919,13.15021992,29933.86047
NIC,Nicaragua,2015,0.644,0.623036884,0.655262641,0.423,0.951,75.925,11.46604459,6.94,3456.192971
NER,Niger,2015,0.367,0.325105741,0.404841835,0.659,0.803,62.095,5.182889938,1.005174994,819.9964645
NGA,Nigeria,2015,0.52,0.481110415,0.559486265,0.681,0.86,52.202,8.776056903,5.383680185,4523.681526
MKD,North Macedonia,2015,0.777,0.751144455,0.796453605,0.154,0.943,78.195,13.22937965,10.2967208,10020.61691
NOR,Norway,2015,0.952,0.943211684,0.954677198,0.04,0.988,84.132,18.45191956,12.83644009,55225.2638
OMN,Oman,2015,0.824,0.780965088,0.832914056,0.326,0.938,79.543,15.10494041,10.56933975,10510.00508
PAK,Pakistan,2015,0.525,0.437312046,0.578597436,0.559,0.756,68.169,6.063330173,3.76286006,1460.868402
PLW,Palau,2015,0.782,0.778458421,0.789822327,,0.986,66.677,17.78036451,12.98334067,14239.22139
PSE,"Palestine, State of",2015,0.71,0.640177815,0.736835355,,0.869,76.443,13.91067982,8.777549744,2180.894686
PAN,Panama,2015,0.802,0.802660474,0.798177465,0.419,1.006,80.516,13.43101978,10.21797636,21577.99095
PNG,Papua New Guinea,2015,0.54,0.516662366,0.56401906,0.6,0.916,67.818,8.867848886,3.910294718,3235.148793
PRY,Paraguay,2015,0.738,0.729913605,0.742120109,0.451,0.984,75.997,14.68277294,8.515330315,9203.219414
PER,Peru,2015,0.758,0.735156327,0.778062985,0.399,0.945,77.743,14.50698471,8.598320007,8894.240203
PHL,Philippines,2015,0.696,0.687239796,0.701822714,0.403,0.979,73.016,12.85643005,9.019619942,6690.869373
POL,Poland,2015,0.869,0.86963555,0.864264943,0.134,1.006,81.307,16.97013092,13.00320005,20408.1562
PRT,Portugal,2015,0.85,0.843956347,0.853716479,0.082,0.989,84.14,16.42254066,9.015449524,25611.83556
QAT,Qatar,2015,0.852,0.865246281,0.848769867,0.656,1.019,81.661,14.32215023,10.99220991,47576.37364
ROU,Romania,2015,0.813,0.792579766,0.829830124,0.291,0.955,78.178,14.17294979,10.61962986,17181.54143
RUS,Russian Federation,2015,0.823,0.829567179,0.813268012,0.207,1.02,77.42,15.53975964,12.41185804,19855.67682
RWA,Rwanda,2015,0.509,0.494654786,0.523330783,0.422,0.945,67.16,10.72904015,3.652090073,1608.942645
KNA,Saint Kitts and Nevis,2015,0.829,,,,,74.921,19.72978973,11.1219032,
LCA,Saint Lucia,2015,0.736,0.733047418,0.737627903,0.367,0.994,76.401,13.85643959,8.673113505,10623.49946
VCT,Saint Vincent and the Grenadines,2015,0.777,,,,,77.259,15.37059021,10.56608911,
WSM,Samoa,2015,0.71,0.692003055,0.719001208,,0.962,75.188,12.72516505,11.79347992,3752.3677
SMR,San Marino,2015,0.872,0.856387305,0.88535863,,0.967,84.281,13.66141987,10.7351549,37728.52499
STP,Sao Tome and Principe,2015,0.595,,,,,70.16,12.40256977,4.894537176,
SAU,Saudi Arabia,2015,0.842,0.778960668,0.871430574,0.288,0.894,78.555,14.17327642,9.375565052,17032.16321
SEN,Senegal,2015,0.501,0.474217947,0.524578309,0.528,0.904,69.085,9.446125603,1.946089983,2028.766335
SRB,Serbia,2015,0.794,0.782557705,0.803457291,0.157,0.974,78.722,15.0021801,10.57633018,11768.75767
SYC,Seychelles,2015,0.797,0.817694612,0.778538491,,1.05,78.317,14.15870953,11.60261165,22214.06699
SLE,Sierra Leone,2015,0.438,0.406703631,0.470083624,0.635,0.865,58.202,8.586105577,2.26569924,1322.321088
SGP,Singapore,2015,0.935,0.930206142,0.940357899,0.057,0.989,84.975,16.72352324,11.18640995,76063.91635
SVK,Slovakia,2015,0.852,0.8483273,0.853437496,0.191,0.994,80.108,15.43655014,12.51688957,21923.8465
SVN,Slovenia,2015,0.903,0.901821186,0.901959936,0.062,1.0,83.565,18.02603912,12.53324032,27902.58918
SLB,Solomon Islands,2015,0.562,0.548368286,0.584329404,,0.938,71.237,10.6732488,5.300702833,2169.174318
SOM,Somalia,2015,,,,,,56.93,,,
ZAF,South Africa,2015,0.721,0.707701599,0.729252961,0.434,0.97,66.781,14.66294003,10.03719997,10383.16225
SSD,South Sudan,2015,0.381,,,,,57.176,4.510310007,4.762169838,
ESP,Spain,2015,0.889,0.87910117,0.895862373,0.074,0.981,85.357,17.73810959,9.770079613,29382.44812
LKA,Sri Lanka,2015,0.76,0.744356323,0.767743698,0.377,0.97,78.971,13.7375234,10.4373158,7428.24171
SDN,Sudan,2015,0.514,0.4715811,0.543061367,0.564,0.868,67.349,7.639860153,3.11,2417.688137
SUR,Suriname,2015,0.707,0.700685844,0.709679897,0.443,0.987,74.224,11.54829798,8.189872333,12393.77924
SWE,Sweden,2015,0.937,0.926133719,0.937213125,0.038,0.988,84.016,19.61257935,12.45785046,43313.55936
CHE,Switzerland,2015,0.952,0.933767657,0.964444034,0.039,0.968,84.88,16.11125946,13.26517963,55141.0154
SYR,Syrian Arab Republic,2015,0.552,0.486964282,0.58602163,0.481,0.831,70.351,7.677791364,5.570310672,1350.296782
TJK,Tajikistan,2015,0.651,0.61311588,0.681757938,0.339,0.899,71.868,10.2290632,10.77938422,2269.306774
TZA,Tanzania (United Republic of),2015,0.507,0.488644118,0.527081542,0.539,0.927,67.029,7.866479874,4.823910236,1954.00003
THA,Thailand,2015,0.789,0.793333214,0.784712665,0.399,1.011,82.03,16.98213005,7.968146483,13360.81903
TLS,Timor-Leste,2015,0.621,0.595987252,0.644239565,0.444,0.925,68.886,13.16295767,4.587900003,4412.358307
TGO,Togo,2015,0.51,0.454026931,0.560390689,0.58,0.81,59.6,10.86776218,2.982883294,1495.412679
TON,Tonga,2015,0.723,,,,,73.528,16.63075712,10.90568495,
TTO,Trinidad and Tobago,2015,0.812,0.806239169,0.814202101,0.289,0.99,77.93,13.65436641,11.17879613,22379.1081
TUN,Tunisia,2015,0.724,0.68411786,0.749302159,0.272,0.913,78.856,15.01170177,6.283372521,4952.973146
TUR,Türkiye,2015,0.821,0.782409895,0.847385932,0.336,0.923,79.787,17.40625,7.102859974,14766.08697
TKM,Turkmenistan,2015,0.725,,,,,72.166,11.59881459,10.56225014,
TUV,Tuvalu,2015,0.656,0.640697757,0.663233742,,0.966,68.325,13.69845009,9.820613997,3274.819941
UGA,Uganda,2015,0.525,0.49974122,0.550800916,0.537,0.907,63.005,10.83243385,4.686627626,1818.301227
UKR,Ukraine,2015,0.764,0.765706472,0.757058467,0.233,1.011,78.392,13.99409008,11.53209858,8740.576082
ARE,United Arab Emirates,2015,0.86,0.838587483,0.862260758,0.135,0.973,81.212,14.66030084,10.41565596,30767.32147
GBR,United Kingdom,2015,0.923,0.912866671,0.931021271,0.13,0.981,82.734,17.7891407,12.94383653,35469.53975
USA,United States,2015,0.924,0.919347028,0.926244079,0.217,0.993,81.296,17.35350037,13.28118992,46850.68791
URY,Uruguay,2015,0.807,0.818954223,0.801402633,0.293,1.022,81.386,17.70295029,8.910820007,16214.55727
UZB,Uzbekistan,2015,0.701,0.686757047,0.7131106,0.275,0.963,73.324,11.57487011,11.16592026,5209.363747
VUT,Vanuatu,2015,0.592,0.571007316,0.612077113,,0.933,71.94,11.02288008,6.142973566,2383.864729
VEN,Venezuela (Bolivarian Republic of),2015,0.766,0.768846812,0.753329572,0.493,1.021,77.218,14.88262447,9.971429825,12058.69603
VNM,Viet Nam,2015,0.697,0.699260557,0.695008713,0.384,1.006,78.656,12.9911962,7.634094238,7065.384323
YEM,Yemen,2015,0.455,0.28182848,0.515129628,0.811,0.547,68.899,6.827381891,1.465843685,238.7841659
ZMB,Zambia,2015,0.563,0.533680341,0.590235194,0.562,0.904,63.509,10.69603114,5.83822935,2562.49965
ZWE,Zimbabwe,2015,0.544,0.52370868,0.565943723,0.532,0.925,61.637,10.47676426,7.702070236,1787.081286
AFG,Afghanistan,2016,0.483,0.378101771,0.552369866,0.688,0.685,65.096,8.017040253,1.009363314,841.6343515
ALB,Albania,2016,0.795,0.782060023,0.807899492,0.161,0.968,81.377,15.61968994,9.702417946,10111.06813
DZA,Algeria,2016,0.738,0.670511896,0.771857292,0.407,0.869,76.803,15.47074526,6.513301979,4016.068482
AND,Andorra,2016,0.859,,,,,85.434,12.0988903,10.49055004,
AGO,Angola,2016,0.595,0.562286406,0.630075249,0.543,0.892,63.434,11.53538799,4.183875561,5818.330344
ATG,Antigua and Barbuda,2016,0.822,,,,,80.645,16.61237462,,
ARG,Argentina,2016,0.848,0.837248557,0.842634792,0.337,0.994,79.67,19.27103043,11.06379032,16151.16659
ARM,Armenia,2016,0.773,0.763081247,0.775607504,0.295,0.984,79.203,13.5498298,11.68066025,8173.926534
AUS,Australia,2016,0.936,0.917079017,0.949895167,0.101,0.965,84.912,23.20059013,12.35840988,34077.09486
AUT,Austria,2016,0.913,0.895498181,0.925518515,0.082,0.968,83.93,16.30038071,11.77390957,38420.88652
AZE,Azerbaijan,2016,0.752,0.729830719,0.765530912,0.328,0.953,75.587,13.22709854,10.24240017,8523.376038
BHS,Bahamas,2016,0.809,0.811232703,0.80654051,0.356,1.006,76.938,12.01272721,12.49413805,27739.79628
BHR,Bahrain,2016,0.862,0.822488354,0.878874981,0.236,0.936,81.033,16.86128998,8.935299873,20819.03478
BGD,Bangladesh,2016,0.613,0.573335544,0.640095715,0.554,0.896,73.325,10.9195509,5.438829899,2691.057619
BRB,Barbados,2016,0.801,0.812032031,0.784109168,0.332,1.036,78.724,17.6584324,10.07691619,14242.62737
BLR,Belarus,2016,0.809,0.811319974,0.803973684,0.117,1.009,78.994,15.49542046,11.82649603,13875.15266
BEL,Belgium,2016,0.927,0.911208364,0.939822349,0.06,0.97,83.686,20.66307068,11.82734013,38377.35952
BLZ,Belize,2016,0.72,0.711376766,0.726887149,0.44,0.979,76.668,13.76716995,8.963470078,6656.141051
BEN,Benin,2016,0.508,0.46578499,0.548664797,0.665,0.849,60.731,11.04596043,1.643126639,2323.046345
BTN,Bhutan,2016,0.635,0.612775436,0.65344711,0.411,0.938,72.317,13.22935009,2.892289901,7255.620169
BOL,Bolivia (Plurinational State of),2016,0.7,0.678111931,0.717497935,0.431,0.945,70.259,14.4460767,8.723439932,5794.966921
BIH,Bosnia and Herzegovina,2016,0.767,0.735319792,0.794261399,0.167,0.926,78.768,13.97177982,8.632769585,8989.74858
BWA,Botswana,2016,0.697,0.688888945,0.703005212,0.473,0.98,68.059,11.78843307,10.016,10660.48715
BRA,Brazil,2016,0.753,0.74843986,0.754094903,0.432,0.993,77.848,15.68735027,7.909810066,10565.98192
BRN,Brunei Darussalam,2016,0.83,0.822846998,0.835665472,0.308,0.985,76.978,14.6371603,9.038,50110.7171
BGR,Bulgaria,2016,0.81,0.806839544,0.811462676,0.216,0.994,78.468,15.08084965,11.31564999,15958.72204
BFA,Burkina Faso,2016,0.422,0.394749325,0.447387364,0.608,0.882,60.927,7.994070053,1.149474978,1409.045312
BDI,Burundi,2016,0.423,0.406845454,0.439963126,0.508,0.925,62.458,11.07612038,2.008253296,693.0168844
CPV,Cabo Verde,2016,0.664,0.659238358,0.664931529,0.36,0.991,80.019,12.59407997,5.640935751,5377.99638
KHM,Cambodia,2016,0.573,0.547810806,0.59873841,0.49,0.915,72.666,10.95585418,3.10236001,3176.574364
CMR,Cameroon,2016,0.566,0.529888818,0.600986533,0.571,0.882,61.599,11.31402016,5.100022376,2940.562304
CAN,Canada,2016,0.928,0.91925944,0.933708125,0.101,0.985,84.053,16.44759941,13.77984047,37509.56481
CAF,Central African Republic,2016,0.373,,,,,55.39,5.570353637,2.514954432,
TCD,Chad,2016,0.388,,,,,53.317,6.152399586,1.142726016,
CHL,Chile,2016,0.851,0.831387097,0.864507701,0.27,0.962,82.57,16.68995094,10.29990005,16424.75872
CHN,China,2016,0.749,0.728318624,0.766602577,0.214,0.95,80.053,14.52948887,6.758299828,9880.356148
COL,Colombia,2016,0.763,0.759362255,0.765471206,0.415,0.992,79.44,15.05795956,8.352169991,11555.55989
COM,Comoros,2016,0.563,0.52738388,0.593910731,,0.888,65.341,12.07550343,4.385932872,2130.706933
COG,Congo,2016,0.606,0.57020453,0.637055958,0.61,0.895,64.975,11.59474685,7.138898827,2860.657895
COD,Congo (Democratic Republic of the),2016,0.466,0.430289888,0.501576556,0.641,0.858,60.904,8.68625859,5.274759769,850.0209696
CRI,Costa Rica,2016,0.796,0.784798,0.80224175,0.277,0.978,82.008,15.32234001,8.640839577,13397.80883
CIV,Côte d'Ivoire,2016,0.506,0.459380075,0.547693831,0.65,0.839,59.069,8.242600441,2.791429996,3455.37414
HRV,Croatia,2016,0.85,0.842683215,0.855335306,0.155,0.985,81.212,16.02574921,11.43009881,20205.86504
CUB,Cuba,2016,0.763,0.745269029,0.775557996,0.308,0.961,80.111,14.16576958,11.06542873,5772.271542
CYP,Cyprus,2016,0.881,0.869557745,0.889576846,0.194,0.977,83.185,15.28767014,11.99376965,28569.13204
CZE,Czechia,2016,0.894,0.886574234,0.897757988,0.138,0.988,81.874,17.56320953,12.53197956,26423.78745
DNK,Denmark,2016,0.943,0.932559266,0.952270369,0.034,0.979,82.788,19.7153492,13.32217026,46014.26573
DJI,Djibouti,2016,0.482,0.425233873,0.526557225,,0.808,64.52,6.613940753,2.321653797,2040.246421
DMA,Dominica,2016,0.728,,,,,73.019,14.67823897,8.75753888,
DOM,Dominican Republic,2016,0.759,0.759592619,0.754447893,0.463,1.007,76.304,15.29961014,9.307180405,11761.28659
ECU,Ecuador,2016,0.761,0.753789714,0.767291058,0.386,0.982,79.137,15.29329681,8.638620377,9610.063748
EGY,Egypt,2016,0.702,0.656187768,0.725902499,0.401,0.904,73.552,11.9664402,8.656401808,4630.458399
SLV,El Salvador,2016,0.664,0.657657501,0.666998875,0.37,0.986,77.075,11.89044952,6.394509792,6198.883805
GNQ,Equatorial Guinea,2016,0.65,,,,,62.332,10.57238658,8.121108636,
ERI,Eritrea,2016,0.477,,,,,68.3,6.603790067,3.496881767,
EST,Estonia,2016,0.884,0.889714372,0.872243385,0.12,1.02,81.989,16.74958992,13.94909,23899.37594
SWZ,Eswatini (Kingdom of),2016,0.59,0.58522981,0.594556127,0.528,0.984,60.031,13.13381656,5.218,7119.965512
ETH,Ethiopia,2016,0.465,0.437906823,0.490524835,0.521,0.893,67.341,8.957191797,1.538239956,1466.333406
FJI,Fiji,2016,0.721,0.701084116,0.734661089,0.354,0.954,69.137,13.74238362,10.54434471,7643.005547
FIN,Finland,2016,0.931,0.925516122,0.935054061,0.048,0.99,84.119,20.11679077,12.83008003,39067.75536
FRA,France,2016,0.896,0.888273326,0.901579401,0.092,0.985,85.399,15.96173,11.1311903,36046.55244
GAB,Gabon,2016,0.696,0.685837272,0.69831659,0.532,0.982,68.003,12.4622324,9.996,8916.261186
GMB,Gambia,2016,0.472,0.446756247,0.49692637,0.61,0.899,64.264,8.771493857,2.908945345,1483.867207
GEO,Georgia,2016,0.802,0.790021127,0.806597231,0.323,0.979,78.43,15.58463955,12.82761002,8215.35978
DEU,Germany,2016,0.941,0.91909645,0.958751733,0.085,0.959,83.267,16.91448021,13.76716042,37226.01662
GHA,Ghana,2016,0.586,0.560370796,0.613883864,0.536,0.913,65.873,10.81093025,5.364117077,3823.5465
GRC,Greece,2016,0.877,0.863486586,0.889443493,0.125,0.971,83.917,18.41259003,9.958479881,22632.55317
GRD,Grenada,2016,0.787,0.781853197,0.790217551,,0.989,77.814,17.2098999,9.70411232,10341.46394
GTM,Guatemala,2016,0.633,0.605901573,0.655151314,0.517,0.925,75.392,10.7354002,4.634432673,5446.495301
GIN,Guinea,2016,0.466,,,,,59.69,8.261230851,1.66087997,
GNB,Guinea-Bissau,2016,0.476,,,,,61.777,9.888209,2.3407312,
GUY,Guyana,2016,0.693,,,,,71.882,12.92059902,8.211329264,
HTI,Haiti,2016,0.552,0.527181234,0.574779318,0.838,0.917,66.235,10.74360906,4.664181677,2394.727913
HND,Honduras,2016,0.615,0.612379193,0.615858421,0.419,0.994,75.078,10.14084765,6.557390213,4281.525804
HKG,"Hong Kong, China (SAR)",2016,0.939,0.920353983,0.954127139,,0.965,87.495,16.58617973,11.69759989,43161.01088
HUN,Hungary,2016,0.843,0.834433184,0.848386323,0.262,0.984,79.564,15.44736958,11.68113995,21121.84718
ISL,Iceland,2016,0.951,0.938923091,0.960612525,0.052,0.977,83.824,20.26621056,13.53457458,44872.25363
IND,India,2016,0.63,0.560271643,0.672123771,0.505,0.834,71.503,12.67663956,4.44385004,2191.427036
IDN,Indonesia,2016,0.701,0.674076504,0.721822242,0.473,0.934,71.751,13.68669033,7.568480015,6879.049542
IRN,Iran (Islamic Republic of),2016,0.785,0.719526038,0.813541678,0.471,0.884,78.336,14.32979012,10.24779034,4848.815446
IRQ,Iraq,2016,0.661,0.57366954,0.706704023,0.554,0.812,72.38,10.94267286,5.395037554,2897.527709
IRL,Ireland,2016,0.929,0.913266273,0.940785863,0.092,0.971,83.429,18.87408066,11.55266825,43613.61457
ISR,Israel,2016,0.902,0.887344779,0.911828281,0.102,0.973,84.187,15.42251968,13.06643115,28179.72727
ITA,Italy,2016,0.886,0.868359119,0.89896736,0.075,0.966,85.18,16.35692978,10.2073143,28632.16984
JAM,Jamaica,2016,0.71,0.710778185,0.705568402,0.396,1.007,73.917,13.77067057,9.408305042,7496.34293
JPN,Japan,2016,0.914,0.893395088,0.929151279,0.104,0.962,87.11,15.31956005,12.29453392,29442.69238
JOR,Jordan,2016,0.74,0.675675697,0.769116836,0.441,0.879,77.485,12.50005094,10.16429452,3374.580798
KAZ,Kazakhstan,2016,0.797,0.79288493,0.797658276,0.209,0.994,74.319,14.35984039,12.11412684,17358.77835
KEN,Kenya,2016,0.586,0.567266201,0.603236966,0.55,0.94,64.204,10.94456048,6.609063466,3631.512405
KIR,Kiribati,2016,0.619,0.593894477,0.635949279,,0.934,67.938,12.17233094,8.88717727,2280.898148
PRK,Korea (Democratic People's Rep. of),2016,,,,,,75.514,,,
KOR,Korea (Republic of),2016,0.912,0.877661378,0.935580232,0.083,0.938,86.096,15.89747047,11.51852122,25492.40204
KWT,Kuwait,2016,0.832,0.830976809,0.823933356,0.285,1.009,82.203,16.51034362,7.759600163,31920.29632
KGZ,Kyrgyzstan,2016,0.692,0.676469339,0.700568554,0.365,0.966,74.122,12.77927017,11.53427696,3277.228495
LAO,Lao People's Democratic Republic,2016,0.61,0.580590725,0.637989405,0.481,0.91,69.346,10.77546024,4.481903395,5494.307502
LVA,Latvia,2016,0.858,0.868349638,0.843758814,0.21,1.029,79.219,17.02399063,13.28429985,22695.22648
LBN,Lebanon,2016,0.76,0.714229434,0.783215613,0.442,0.912,81.264,12.88170277,8.021907339,7132.220838
LSO,Lesotho,2016,0.518,0.514599365,0.516915665,0.57,0.996,55.096,11.60445499,7.466819954,2331.752937
LBR,Liberia,2016,0.478,0.435849552,0.520442403,0.662,0.837,61.554,9.665530205,2.899230003,1216.395439
LBY,Libya,2016,0.746,0.743649979,0.744528259,0.272,0.999,75.474,15.0937358,8.460137543,11716.10991
LIE,Liechtenstein,2016,0.925,0.902612993,0.958759734,,0.941,84.024,13.79109955,11.81486863,98400.1809
LTU,Lithuania,2016,0.87,0.880496784,0.858109758,0.138,1.026,79.772,17.1803894,13.15966034,27037.94885
LUX,Luxembourg,2016,0.922,0.911596326,0.922261476,0.061,0.988,84.452,14.30107021,12.74724281,60177.56472
MDG,Madagascar,2016,0.501,0.485599403,0.514870036,0.574,0.943,67.136,10.13339996,4.723350252,1236.615757
MWI,Malawi,2016,0.501,0.481902201,0.52190498,0.606,0.923,65.671,11.05466047,4.299709988,1190.133465
MYS,Malaysia,2016,0.798,0.787157387,0.805537311,0.227,0.977,77.938,13.86633968,10.26401043,18220.96054
MDV,Maldives,2016,0.734,0.728060749,0.738190251,0.355,0.986,80.814,13.08727342,6.492384672,13569.38303
MLI,Mali,2016,0.407,0.361356436,0.44596457,0.672,0.81,59.704,6.320930004,1.012050033,1356.235484
MLT,Malta,2016,0.887,0.867712274,0.899560557,0.19,0.965,85.084,15.92121983,11.01704025,25702.45188
MHL,Marshall Islands,2016,0.695,0.658676593,0.717569863,,0.918,65.906,15.22434998,11.99908096,3127.468124
MRT,Mauritania,2016,0.532,0.487408123,0.57325978,0.61,0.85,66.483,8.002869606,3.556348785,2776.042591
MUS,Mauritius,2016,0.794,0.774401443,0.804172136,0.372,0.963,78.271,15.2680397,9.303258177,13165.97468
MEX,Mexico,2016,0.773,0.755918272,0.785067886,0.369,0.963,77.486,14.86618042,8.422129631,13069.56213
FSM,Micronesia (Federated States of),2016,0.643,0.618774294,0.661111116,,0.936,74.979,12.832362,6.879698107,2755.834161
MDA,Moldova (Republic of),2016,0.755,0.7651893,0.746197231,0.227,1.025,74.51,14.41464043,11.82846673,10610.5353
MCO,Monaco,2016,,,,,,88.222,19.1911602,,
MNG,Mongolia,2016,0.741,0.752860912,0.728211913,0.329,1.034,74.048,15.28353628,11.14373994,8779.65036
MNE,Montenegro,2016,0.826,0.80673008,0.842135421,0.129,0.958,79.484,14.96004009,11.42911543,14510.46598
MAR,Morocco,2016,0.662,0.597480759,0.706541206,0.452,0.846,75.176,12.38969021,4.532,3372.702753
MOZ,Mozambique,2016,0.448,0.42680471,0.467751879,0.515,0.912,61.475,9.840724945,2.514065027,1106.035577
MMR,Myanmar,2016,0.567,0.553048295,0.581601801,0.512,0.951,68.838,11.63425602,4.58453989,2711.565695
NAM,Namibia,2016,0.631,0.635956338,0.625488835,0.467,1.017,65.201,11.65191358,7.271362727,9741.68422
NRU,Nauru,2016,0.655,0.655252785,0.6552234,,1.0,66.45,12.43539434,7.8640206,9310.315214
NPL,Nepal,2016,0.574,0.545546082,0.604354571,0.508,0.903,70.515,12.9289999,2.601550102,2614.364306
NLD,Netherlands,2016,0.933,0.90941287,0.951586668,0.03,0.956,83.124,18.35412979,11.90139008,38504.08856
NZL,New Zealand,2016,0.935,0.915692667,0.942511709,0.126,0.972,83.8,18.8615799,13.26630974,30498.92496
NIC,Nicaragua,2016,0.65,0.627657492,0.661828744,0.415,0.948,76.122,11.62222541,7.06,3498.579183
NER,Niger,2016,0.372,0.324575826,0.41211949,0.661,0.788,62.599,5.481719971,0.958706657,732.8457365
NGA,Nigeria,2016,0.526,0.485919376,0.566674959,0.679,0.857,52.229,8.982353619,5.645150185,4444.658696
MKD,North Macedonia,2016,0.782,0.75576636,0.802293176,0.155,0.942,78.266,13.32961988,10.59745395,9986.82912
NOR,Norway,2016,0.956,0.94427742,0.957483583,0.033,0.986,84.159,18.6790905,12.90172005,55437.53889
OMN,Oman,2016,0.832,0.794902665,0.840220287,0.315,0.946,79.799,15.13257027,10.90977383,12287.47537
PAK,Pakistan,2016,0.533,0.431608153,0.587640697,0.562,0.734,68.325,6.390200138,3.76286006,1208.862784
PLW,Palau,2016,0.784,0.782321535,0.791288565,,0.989,66.993,18.04312157,13.04960121,14154.51201
PSE,"Palestine, State of",2016,0.715,0.644479221,0.740169426,,0.871,76.685,13.86863041,8.941260338,2244.733583
PAN,Panama,2016,0.809,0.810589921,0.804700476,0.415,1.007,80.736,13.61728001,10.36191972,23003.18101
PNG,Papua New Guinea,2016,0.547,0.523134051,0.571036598,0.598,0.916,67.927,9.182095218,3.971393073,3312.368282
PRY,Paraguay,2016,0.736,0.726456085,0.741933673,0.439,0.979,76.413,14.28209719,8.377550125,9245.043337
PER,Peru,2016,0.764,0.742163443,0.783834909,0.381,0.947,77.953,14.70481968,8.799873352,9183.583991
PHL,Philippines,2016,0.696,0.688634077,0.701413075,0.395,0.982,73.179,12.92343044,8.872624874,6905.659614
POL,Poland,2016,0.872,0.873878502,0.867597766,0.132,1.007,81.719,16.91747093,13.12360001,20937.70779
PRT,Portugal,2016,0.851,0.846000192,0.855143193,0.081,0.989,84.187,16.3108902,9.151379585,26276.13029
QAT,Qatar,2016,0.853,0.867220086,0.84880625,0.65,1.022,82.064,14.25977993,11.07903004,47147.00134
ROU,Romania,2016,0.815,0.802529925,0.823332865,0.298,0.975,78.71,14.64313984,10.73276997,17690.43189
RUS,Russian Federation,2016,0.826,0.831618632,0.816665597,0.197,1.018,77.883,15.48917961,12.42358164,19878.27092
RWA,Rwanda,2016,0.518,0.501706652,0.533066096,0.415,0.941,67.924,11.07699013,3.742096742,1590.218058
KNA,Saint Kitts and Nevis,2016,0.836,,,,,75.941,19.72978973,11.1219032,
LCA,Saint Lucia,2016,0.744,0.749949664,0.736671381,0.35,1.018,76.582,15.14050007,8.705975056,11235.06932
VCT,Saint Vincent and the Grenadines,2016,0.783,,,,,77.102,15.57551064,10.74489949,
WSM,Samoa,2016,0.714,0.696794998,0.722149204,,0.965,75.215,12.77776004,11.78836489,4014.600101
SMR,San Marino,2016,0.868,0.850241898,0.882816968,,0.963,84.266,12.87436358,10.91796618,37785.9061
STP,Sao Tome and Principe,2016,0.599,,,,,70.376,12.46522433,4.969612871,
SAU,Saudi Arabia,2016,0.846,0.786412235,0.874054526,0.284,0.9,78.716,14.44400527,9.561512709,17608.34542
SEN,Senegal,2016,0.51,0.486549899,0.530948552,0.51,0.916,69.787,9.425221634,2.301529884,2211.236867
SRB,Serbia,2016,0.8,0.789717355,0.808421258,0.146,0.977,79.211,15.10962009,10.71154022,12285.44074
SYC,Seychelles,2016,0.798,0.818372346,0.77947548,,1.05,78.144,14.14087009,11.71089874,22407.77694
SLE,Sierra Leone,2016,0.446,0.414556642,0.477160489,0.625,0.869,59.556,8.680892076,2.289284633,1354.686243
SGP,Singapore,2016,0.937,0.932073278,0.94253881,0.048,0.989,85.181,16.79490089,11.19544983,78370.6502
SVK,Slovakia,2016,0.855,0.850431016,0.857342137,0.192,0.992,80.547,15.21049023,12.61958981,22308.35211
SVN,Slovenia,2016,0.909,0.906859508,0.908097205,0.057,0.999,83.827,18.21425056,12.65279007,29210.19247
SLB,Solomon Islands,2016,0.564,0.550799924,0.585370293,,0.941,71.427,10.75093914,5.335611833,2185.18435
SOM,Somalia,2016,,,,,,57.293,,,
ZAF,South Africa,2016,0.711,0.704060164,0.714163922,0.42,0.986,67.794,14.76930046,9.061940193,10507.33184
SSD,South Sudan,2016,0.376,,,,,57.233,4.510310007,4.762169838,
ESP,Spain,2016,0.894,0.886188676,0.899156743,0.07,0.986,85.769,17.81374931,9.896860123,31083.61244
LKA,Sri Lanka,2016,0.765,0.747381736,0.772353859,0.363,0.968,79.355,13.69647026,10.50010014,7560.456132
SDN,Sudan,2016,0.517,0.474067717,0.54582517,0.565,0.869,67.432,7.763827302,3.188,2379.407519
SUR,Suriname,2016,0.709,0.702653751,0.710990332,0.428,0.988,74.851,11.51325171,8.262641634,12037.04923
SWE,Sweden,2016,0.939,0.927646403,0.941232167,0.036,0.986,84.08,19.60659981,12.53316021,43608.49425
CHE,Switzerland,2016,0.954,0.934200876,0.968259798,0.039,0.965,85.213,16.07568932,13.2019701,54985.42004
SYR,Syrian Arab Republic,2016,0.551,0.484265157,0.588943214,0.475,0.822,71.005,7.362026821,5.567523853,1323.330928
TJK,Tajikistan,2016,0.655,0.620380102,0.68294939,0.306,0.908,72.088,10.26969556,10.81161718,2475.465813
TZA,Tanzania (United Republic of),2016,0.509,0.491320173,0.527756738,0.533,0.931,67.691,7.685130119,4.893580119,2006.085752
THA,Thailand,2016,0.793,0.798374299,0.788646814,0.391,1.012,82.588,16.83852005,8.116299629,13923.09497
TLS,Timor-Leste,2016,0.61,0.616282506,0.592240689,0.431,1.041,69.167,13.21473122,4.574820042,6368.54032
TGO,Togo,2016,0.515,0.47076578,0.557862019,0.584,0.844,59.757,11.18023615,3.184886614,1802.154024
TON,Tonga,2016,0.728,,,,,73.561,16.77557204,10.90849864,
TTO,Trinidad and Tobago,2016,0.81,0.804851878,0.812196803,0.282,0.991,77.674,13.80535877,11.31315219,20979.74035
TUN,Tunisia,2016,0.728,0.689623636,0.74993631,0.26,0.92,79.078,15.11005974,6.453700066,5086.240988
TUR,Türkiye,2016,0.826,0.792008541,0.848488715,0.329,0.933,79.894,17.85936928,7.270730019,15509.33432
TKM,Turkmenistan,2016,0.729,,,,,71.995,11.88329682,10.61631513,
TUV,Tuvalu,2016,0.651,0.633764586,0.659303679,,0.961,68.479,12.03810978,9.94888292,3576.414525
UGA,Uganda,2016,0.531,0.506438209,0.556351289,0.535,0.91,63.809,10.89434153,4.890530109,1827.943063
UKR,Ukraine,2016,0.767,0.76724138,0.760328214,0.222,1.009,79.161,13.83800983,11.51353169,8692.742239
ARE,United Arab Emirates,2016,0.866,0.85310089,0.866249942,0.128,0.985,81.396,14.82651043,10.45121951,39030.79773
GBR,United Kingdom,2016,0.926,0.916222803,0.933425119,0.125,0.982,82.88,17.87318516,13.04954306,35947.92981
USA,United States,2016,0.926,0.921317532,0.928611021,0.214,0.992,81.357,17.3507309,13.37851048,47421.50353
URY,Uruguay,2016,0.811,0.823527479,0.802943964,0.288,1.026,81.356,17.88464355,8.965820313,16937.05401
UZB,Uzbekistan,2016,0.709,0.693714373,0.721563204,0.265,0.961,73.505,11.68043995,11.44804955,5400.129119
VUT,Vanuatu,2016,0.596,0.576392203,0.615615918,,0.936,72.126,11.16659176,6.257170845,2455.215421
VEN,Venezuela (Bolivarian Republic of),2016,0.759,0.762047515,0.746833439,0.513,1.02,76.742,14.82611332,10.59848022,9833.308187
VNM,Viet Nam,2016,0.702,0.704208235,0.69900712,0.38,1.007,78.755,13.05911565,7.734148264,7404.181701
YEM,Yemen,2016,0.443,0.256216683,0.503344816,0.809,0.509,68.941,6.766958701,1.384458246,194.5793436
ZMB,Zambia,2016,0.564,0.533932826,0.591344137,0.542,0.903,64.121,10.77086186,5.94261292,2368.02526
ZWE,Zimbabwe,2016,0.547,0.528034682,0.566593202,0.529,0.932,62.416,10.52008345,7.881975174,1746.050091
AFG,Afghanistan,2017,0.485,0.382081775,0.548852368,0.681,0.696,66.099,8.002035141,1.269706647,800.8749818
ALB,Albania,2017,0.796,0.782182429,0.809305976,0.145,0.966,81.504,15.53131008,9.66989994,10252.22661
DZA,Algeria,2017,0.738,0.671933641,0.770989583,0.417,0.872,76.821,15.60298426,6.507614699,4025.750082
AND,Andorra,2017,0.86,,,,,85.434,11.96364021,10.66255665,
AGO,Angola,2017,0.597,0.564906117,0.630612752,0.547,0.896,64.019,11.5354,4.251930402,5697.752179
ATG,Antigua and Barbuda,2017,0.824,,,,,80.721,16.64575269,,
ARG,Argentina,2017,0.853,0.841661809,0.846455196,0.325,0.994,80.085,19.27321053,11.17962503,16492.49491
ARM,Armenia,2017,0.775,0.76707715,0.776795564,0.254,0.987,79.381,13.80740992,11.18344975,9134.171483
AUS,Australia,2017,0.937,0.919359674,0.951435962,0.096,0.966,84.986,22.39792061,12.45786953,34605.95676
AUT,Austria,2017,0.914,0.896325802,0.927672022,0.072,0.966,83.899,16.31934929,11.84228992,38412.102
AZE,Azerbaijan,2017,0.754,0.730944701,0.769450634,0.314,0.95,75.467,13.3316894,10.2201004,8668.594583
BHS,Bahamas,2017,0.812,0.814565635,0.808838513,0.333,1.007,77.17,12.03071601,12.57602892,28332.60774
BHR,Bahrain,2017,0.867,0.824863033,0.883753147,0.236,0.933,81.116,16.91293907,9.132490158,20470.80606
BGD,Bangladesh,2017,0.622,0.586502214,0.648295023,0.538,0.905,73.95,11.19707966,5.639239788,2941.159766
BRB,Barbados,2017,0.803,0.809424136,0.789675827,0.333,1.025,78.841,17.81335858,10.14543839,12931.4012
BLR,Belarus,2017,0.811,0.811044639,0.808075399,0.107,1.004,79.15,15.23233986,11.93586407,13921.44345
BEL,Belgium,2017,0.931,0.914932136,0.943952422,0.057,0.969,83.65,20.76759911,12.10628033,38948.46253
BLZ,Belize,2017,0.716,0.70762032,0.72124542,0.463,0.981,76.845,13.55811977,8.983120155,6342.756771
BEN,Benin,2017,0.505,0.463501099,0.545832054,0.665,0.849,61.199,10.65008783,1.652539968,2345.656127
BTN,Bhutan,2017,0.644,0.621941653,0.662242007,0.403,0.939,72.576,13.32040024,3.245699883,7541.425424
BOL,Bolivia (Plurinational State of),2017,0.707,0.687065091,0.724269466,0.428,0.949,70.347,14.83565172,8.906859875,6119.478617
BIH,Bosnia and Herzegovina,2017,0.77,0.737186658,0.797351733,0.162,0.925,78.958,13.98637009,8.741159916,8921.640931
BWA,Botswana,2017,0.705,0.698012758,0.710590442,0.449,0.982,69.428,11.78531437,10.102,10947.33824
BRA,Brazil,2017,0.758,0.753170788,0.759055677,0.421,0.992,78.032,15.79372978,8.053009987,10795.23939
BRN,Brunei Darussalam,2017,0.829,0.823815727,0.833908036,0.281,0.988,76.963,14.51861,9.086,52086.09581
BGR,Bulgaria,2017,0.81,0.807013654,0.812107744,0.208,0.994,78.342,14.88700008,11.33428001,16699.31932
BFA,Burkina Faso,2017,0.432,0.404328241,0.457351673,0.597,0.884,61.178,8.379190445,1.281097472,1443.525333
BDI,Burundi,2017,0.422,0.40492511,0.438249299,0.505,0.924,63.302,10.48449993,2.225189924,679.5046688
CPV,Cabo Verde,2017,0.668,0.660249617,0.670577014,0.356,0.985,80.694,12.43093967,5.668081467,5371.514022
KHM,Cambodia,2017,0.581,0.55356632,0.609555972,0.491,0.908,72.689,11.03135802,3.359189987,3233.157681
CMR,Cameroon,2017,0.574,0.537841379,0.608174286,0.572,0.884,62.163,11.64058956,5.300301105,2924.393714
CAN,Canada,2017,0.929,0.92163864,0.934999811,0.096,0.986,84.103,16.51124001,13.82474017,38271.22662
CAF,Central African Republic,2017,0.379,,,,,56.051,5.697087595,2.550376325,
TCD,Chad,2017,0.389,,,,,53.752,6.318991084,1.179454017,
CHL,Chile,2017,0.854,0.836738455,0.866416672,0.252,0.966,82.601,16.76623917,10.48243999,17166.1294
CHN,China,2017,0.757,0.736928401,0.773820827,0.205,0.952,80.321,14.80338297,6.844154835,10546.19399
COL,Colombia,2017,0.765,0.76106463,0.767502305,0.418,0.992,79.535,14.99888039,8.50597477,11558.86021
COM,Comoros,2017,0.571,0.537383842,0.599345552,,0.897,65.986,12.38756829,4.581556465,2199.66335
COG,Congo,2017,0.6,0.564071579,0.631015202,0.603,0.894,65.135,11.93074838,7.164717629,2396.464313
COD,Congo (Democratic Republic of the),2017,0.469,0.433770708,0.504378417,0.641,0.86,61.107,8.894754104,5.398739815,841.6856149
CRI,Costa Rica,2017,0.8,0.790622823,0.805282551,0.277,0.982,81.76,15.66827011,8.737789631,13971.67228
CIV,Côte d'Ivoire,2017,0.515,0.467320306,0.557658277,0.645,0.838,59.723,8.686149597,2.857457782,3330.730897
HRV,Croatia,2017,0.855,0.847448431,0.860165833,0.128,0.985,80.947,16.13627052,11.59677497,21433.97444
CUB,Cuba,2017,0.764,0.748412274,0.774724775,0.31,0.966,80.071,14.51898003,10.96039581,5892.672962
CYP,Cyprus,2017,0.891,0.881541487,0.89832333,0.211,0.981,83.415,15.74376965,12.11589479,31509.97636
CZE,Czechia,2017,0.896,0.889388312,0.899927057,0.133,0.988,81.862,17.43717003,12.59302998,28157.31766
DNK,Denmark,2017,0.944,0.933893567,0.95189033,0.027,0.981,83.121,19.45062065,13.20201015,46879.22571
DJI,Djibouti,2017,0.491,0.444767101,0.530127381,,0.839,65.337,6.982838016,2.460479975,2459.075756
DMA,Dominica,2017,0.709,,,,,69.647,14.60768766,8.81622546,
DOM,Dominican Republic,2017,0.761,0.764431991,0.755137883,0.46,1.012,76.319,15.55583954,9.286043485,12343.82148
ECU,Ecuador,2017,0.762,0.75511089,0.767403419,0.388,0.984,79.395,15.15216351,8.713330269,9730.170105
EGY,Egypt,2017,0.709,0.66260913,0.732397343,0.392,0.905,73.974,12.10346985,9.001729965,4570.823804
SLV,El Salvador,2017,0.667,0.660013418,0.670125556,0.371,0.985,77.494,11.77943098,6.506700039,6247.040914
GNQ,Equatorial Guinea,2017,0.65,,,,,62.832,10.9180345,8.337361,
ERI,Eritrea,2017,0.472,,,,,68.53,6.667784278,3.461367333,
EST,Estonia,2017,0.886,0.894203957,0.874048014,0.106,1.023,81.999,16.60346985,14.00973988,26270.36443
SWZ,Eswatini (Kingdom of),2017,0.601,0.591921731,0.608482242,0.517,0.973,61.543,13.43763818,5.366,6279.125524
ETH,Ethiopia,2017,0.472,0.445853055,0.497202202,0.517,0.897,67.533,9.259732514,1.568739971,1542.85791
FJI,Fiji,2017,0.728,0.699795589,0.745074121,0.348,0.939,69.656,13.96102241,10.69184971,6682.397297
FIN,Finland,2017,0.934,0.92825945,0.938097092,0.042,0.99,84.221,20.21212006,12.89340019,40242.63348
FRA,France,2017,0.899,0.891832704,0.904444525,0.073,0.986,85.354,16.08797073,11.20730019,37196.41656
GAB,Gabon,2017,0.699,0.691783784,0.699523206,0.528,0.989,68.736,12.625456,10.102,8841.140562
GMB,Gambia,2017,0.477,0.454209123,0.499644344,0.598,0.909,64.284,9.043789329,3.062047731,1535.665211
GEO,Georgia,2017,0.807,0.801085229,0.808851646,0.306,0.99,78.224,15.81200027,12.89694023,9631.481988
DEU,Germany,2017,0.944,0.921844813,0.960922443,0.087,0.959,83.289,16.99616051,13.78538036,38462.19025
GHA,Ghana,2017,0.585,0.557186261,0.615122331,0.528,0.906,65.922,10.7045002,5.162849903,3853.697923
GRC,Greece,2017,0.88,0.865921151,0.892030196,0.129,0.971,83.596,18.8539505,10.24307489,22922.9343
GRD,Grenada,2017,0.786,0.777693534,0.792105317,,0.982,77.772,16.68297958,9.618154,10675.71117
GTM,Guatemala,2017,0.636,0.609545322,0.65875942,0.52,0.925,75.52,10.70590019,4.834715128,5506.025055
GIN,Guinea,2017,0.467,,,,,60.212,8.470448893,1.444379985,
GNB,Guinea-Bissau,2017,0.479,,,,,62.037,10.010556,2.3839028,
GUY,Guyana,2017,0.699,,,,,72.207,13.02089251,8.355252771,
HTI,Haiti,2017,0.557,0.532658092,0.578964221,0.626,0.92,66.732,10.91407393,4.771530151,2406.605531
HND,Honduras,2017,0.614,0.609305374,0.617472656,0.421,0.987,75.188,10.01910687,6.469905138,4209.635906
HKG,"Hong Kong, China (SAR)",2017,0.946,0.931570532,0.958806624,,0.972,87.935,16.77042961,11.77678967,51016.40935
HUN,Hungary,2017,0.846,0.836939518,0.851324405,0.261,0.983,79.273,15.59084988,11.78510237,21701.80288
ISL,Iceland,2017,0.955,0.940651422,0.963785143,0.055,0.976,83.918,19.85110092,13.65037319,44854.59978
IND,India,2017,0.636,0.565240293,0.677651564,0.507,0.834,71.856,12.47506046,4.742739916,2264.895052
IDN,Indonesia,2017,0.708,0.680378123,0.729942836,0.462,0.932,71.898,13.80362034,7.776420116,7146.318413
IRN,Iran (Islamic Republic of),2017,0.788,0.725197046,0.814850575,0.464,0.89,78.904,14.21576977,10.36984309,5085.677159
IRQ,Iraq,2017,0.667,0.56188139,0.716726363,0.578,0.784,73.235,11.11309143,5.419493865,2164.07751
IRL,Ireland,2017,0.934,0.91948462,0.94429214,0.086,0.974,83.719,18.79072952,11.62876987,47150.38218
ISR,Israel,2017,0.906,0.898286568,0.910771032,0.095,0.986,84.588,15.43282986,13.17119599,32679.61134
ITA,Italy,2017,0.889,0.870164484,0.902527096,0.07,0.964,84.856,16.45614052,10.3068882,29255.03437
JAM,Jamaica,2017,0.711,0.713100506,0.705278732,0.392,1.011,73.912,13.72484377,9.519150603,7707.366973
JPN,Japan,2017,0.916,0.896312279,0.930422741,0.095,0.963,87.263,15.34307957,12.30890789,30477.87969
JOR,Jordan,2017,0.744,0.687426333,0.771183843,0.429,0.891,77.831,12.5957579,10.36155033,3784.796583
KAZ,Kazakhstan,2017,0.802,0.795900337,0.802950489,0.196,0.991,75.036,14.4990797,12.17625364,16513.7063
KEN,Kenya,2017,0.591,0.573686618,0.608337381,0.539,0.943,64.961,11.05378773,6.830012374,3581.542885
KIR,Kiribati,2017,0.626,0.595093161,0.643967967,,0.924,68.243,12.25732729,9.007972108,2206.507714
PRK,Korea (Democratic People's Rep. of),2017,,,,,,75.624,,,
KOR,Korea (Republic of),2017,0.915,0.882213986,0.938798345,0.076,0.94,86.396,15.87677002,11.63130625,26499.05475
KWT,Kuwait,2017,0.835,0.834266905,0.825995368,0.252,1.01,82.303,16.83533137,7.891600132,30423.20925
KGZ,Kyrgyzstan,2017,0.695,0.674740121,0.706120091,0.363,0.956,74.321,12.58061028,11.62031364,3188.073196
LAO,Lao People's Democratic Republic,2017,0.612,0.587151254,0.637573726,0.48,0.921,69.468,10.66856003,4.610179901,6161.389212
LVA,Latvia,2017,0.863,0.874266015,0.849265233,0.214,1.029,79.275,17.20125008,13.40218973,23935.64744
LBN,Lebanon,2017,0.765,0.718461116,0.787733167,0.444,0.912,81.475,12.93190692,8.047740919,7461.98754
LSO,Lesotho,2017,0.522,0.518131507,0.521239532,0.572,0.994,55.9,11.67891026,7.639994955,2207.936473
LBR,Liberia,2017,0.481,0.440149854,0.522665634,0.665,0.842,61.694,9.786348343,3.080988737,1217.667374
LBY,Libya,2017,0.761,0.757575773,0.760932521,0.265,0.996,75.674,15.02141318,8.457671929,15328.00533
LIE,Liechtenstein,2017,0.934,0.915410202,0.965369078,,0.948,86.025,13.99631977,11.88348686,110159.6864
LTU,Lithuania,2017,0.878,0.886259597,0.86770843,0.133,1.021,79.917,17.32930946,13.25319004,28466.60923
LUX,Luxembourg,2017,0.918,0.910132279,0.918129677,0.055,0.991,83.886,14.22867012,12.62660688,64893.64694
MDG,Madagascar,2017,0.502,0.486572067,0.515768436,0.571,0.943,67.243,10.03573513,4.786200149,1252.359031
MWI,Malawi,2017,0.506,0.48863758,0.524375371,0.597,0.932,66.644,11.16668098,4.297819996,1228.117539
MYS,Malaysia,2017,0.8,0.789403808,0.807806236,0.218,0.977,78.139,13.62691975,10.36555354,19142.14139
MDV,Maldives,2017,0.74,0.719525,0.74896667,0.336,0.961,81.058,13.14860904,6.788720131,10226.30166
MLI,Mali,2017,0.413,0.364937829,0.452342649,0.665,0.807,60.235,6.465819836,1.123585045,1285.011101
MLT,Malta,2017,0.896,0.881279124,0.90663158,0.188,0.972,86.181,15.91905022,11.29710007,28391.65737
MHL,Marshall Islands,2017,0.702,0.665245624,0.725020437,,0.918,66.121,15.51489639,12.25872481,3178.694201
MRT,Mauritania,2017,0.536,0.499971624,0.571709162,0.599,0.875,66.942,7.992499828,3.695457667,3329.893318
MUS,Mauritius,2017,0.797,0.780411037,0.804820824,0.363,0.97,78.074,15.37427998,9.443609055,14271.88462
MEX,Mexico,2017,0.776,0.759385854,0.787147245,0.371,0.965,77.303,15.06762028,8.576239586,13179.05702
FSM,Micronesia (Federated States of),2017,0.643,0.620345179,0.660627286,,0.939,74.973,12.83622667,6.94025,2793.624167
MDA,Moldova (Republic of),2017,0.764,0.772857176,0.754973186,0.216,1.024,75.059,14.56888008,11.85691325,11270.29976
MCO,Monaco,2017,,,,,,87.914,19.24028309,,
MNG,Mongolia,2017,0.742,0.753255121,0.729004549,0.327,1.033,74.293,15.28407404,11.28079998,8437.855684
MNE,Montenegro,2017,0.833,0.815754705,0.847896721,0.127,0.962,79.897,15.22663975,11.58541257,15288.4573
MAR,Morocco,2017,0.671,0.602756978,0.715687382,0.449,0.842,75.664,12.70623016,4.684,3251.607077
MOZ,Mozambique,2017,0.45,0.426686351,0.472515656,0.516,0.903,62.221,9.880629539,2.340670109,1088.619085
MMR,Myanmar,2017,0.58,0.573071828,0.589017841,0.511,0.973,68.995,11.80168802,5.087879976,3317.027521
NAM,Namibia,2017,0.634,0.633842847,0.632047866,0.46,1.003,65.88,11.67410054,7.332381156,8492.27134
NRU,Nauru,2017,0.664,0.667417341,0.66396079,,1.005,66.759,12.89525531,8.189029667,9746.889224
NPL,Nepal,2017,0.581,0.536266344,0.619137191,0.531,0.866,70.638,12.97947025,2.816523393,2077.321823
NLD,Netherlands,2017,0.936,0.912581433,0.955909175,0.029,0.955,83.317,18.65834999,11.99128485,39414.99329
NZL,New Zealand,2017,0.935,0.91612426,0.946309438,0.112,0.968,83.999,19.38512039,13.18370223,30691.42798
NIC,Nicaragua,2017,0.656,0.632918356,0.668849595,0.413,0.946,76.367,11.7805336,7.18,3568.478592
NER,Niger,2017,0.377,0.319469401,0.418920328,0.674,0.763,63.145,5.665120125,0.91223832,628.6074632
NGA,Nigeria,2017,0.528,0.490671458,0.5656259,0.677,0.867,52.589,9.188650336,5.749655008,4383.246182
MKD,North Macedonia,2017,0.789,0.762391399,0.809636907,0.143,0.942,78.569,13.42986012,10.8981871,10136.02931
NOR,Norway,2017,0.959,0.947143408,0.961406638,0.023,0.985,84.273,18.78519058,13.04714966,56159.43001
OMN,Oman,2017,0.833,0.796260256,0.842255331,0.292,0.945,79.839,14.92529011,11.2502079,12130.07248
PAK,Pakistan,2017,0.534,0.44252205,0.586978259,0.558,0.754,68.816,6.337550163,3.902250051,1387.420232
PLW,Palau,2017,0.786,0.785820629,0.793616121,,0.99,67.479,18.30587863,13.11586175,14166.07596
PSE,"Palestine, State of",2017,0.718,0.647063618,0.743668801,,0.87,76.935,13.98661041,9.126680374,2201.000239
PAN,Panama,2017,0.814,0.81800191,0.808575111,0.412,1.012,80.925,13.67851734,10.50586308,24991.02602
PNG,Papua New Guinea,2017,0.553,0.528126847,0.576983877,0.821,0.915,68.078,9.496341551,4.032491428,3286.642187
PRY,Paraguay,2017,0.739,0.730993004,0.744462507,0.439,0.982,76.459,14.20563324,8.485159874,9929.856
PER,Peru,2017,0.765,0.744011492,0.782922578,0.378,0.95,78.1,14.51191998,9.001426697,9303.978678
PHL,Philippines,2017,0.7,0.691689888,0.704511672,0.396,0.982,73.35,13.2165699,8.725629807,7053.029653
POL,Poland,2017,0.874,0.875526559,0.869859173,0.125,1.007,81.542,16.86481094,13.17770743,21887.86634
PRT,Portugal,2017,0.857,0.851785196,0.860079981,0.084,0.99,84.39,16.43869019,9.276439667,27329.32603
QAT,Qatar,2017,0.862,0.874093675,0.858622944,0.176,1.018,82.312,14.93774986,11.27165985,43561.66337
ROU,Romania,2017,0.823,0.812984543,0.829241575,0.253,0.98,79.658,14.62852955,10.83304977,19461.76859
RUS,Russian Federation,2017,0.827,0.827981046,0.822292945,0.18,1.007,78.333,15.09939003,12.43530525,18976.99666
RWA,Rwanda,2017,0.52,0.493704498,0.542259135,0.413,0.91,68.104,11.15310001,3.832103411,1339.772907
KNA,Saint Kitts and Nevis,2017,0.836,,,,,75.922,19.72978973,11.1219032,
LCA,Saint Lucia,2017,0.742,0.749986281,0.733946719,0.348,1.022,76.758,14.73552036,8.738836606,11853.61016
VCT,Saint Vincent and the Grenadines,2017,0.789,,,,,77.052,15.78316307,10.92370987,
WSM,Samoa,2017,0.714,0.710544005,0.714991651,,0.994,75.27,12.83035503,11.78324986,4963.151523
SMR,San Marino,2017,0.867,0.856376779,0.878431031,,0.975,84.292,12.27052657,11.10077745,46985.31532
STP,Sao Tome and Principe,2017,0.604,,,,,71.377,12.52787889,5.044688565,
SAU,Saudi Arabia,2017,0.849,0.789062701,0.875650278,0.296,0.901,78.796,14.71473412,9.747460365,16707.8279
SEN,Senegal,2017,0.511,0.48026687,0.53771705,0.52,0.893,70.066,9.404317665,1.664890051,2366.598437
SRB,Serbia,2017,0.802,0.791694685,0.810943915,0.138,0.976,79.046,15.31023979,10.75745964,12363.31547
SYC,Seychelles,2017,0.798,0.821490723,0.777436641,,1.057,78.258,14.25039959,11.81918583,22517.8562
SLE,Sierra Leone,2017,0.448,0.419989011,0.476102222,0.625,0.882,59.794,9.061803518,2.312870026,1345.804789
SGP,Singapore,2017,0.938,0.93364463,0.942868083,0.048,0.99,85.407,16.87475014,11.16557026,79977.72604
SVK,Slovakia,2017,0.857,0.853720597,0.857316861,0.193,0.996,80.572,15.14684963,12.69151974,23606.4176
SVN,Slovenia,2017,0.912,0.910673216,0.910128977,0.054,1.001,83.803,18.23361969,12.7094202,31091.65926
SLB,Solomon Islands,2017,0.566,0.553195448,0.586252485,,0.944,71.577,10.829195,5.370520833,2205.380676
SOM,Somalia,2017,,,,,,57.809,,,
ZAF,South Africa,2017,0.725,0.716054905,0.727922402,0.414,0.984,68.43,14.73661995,10.01850986,10226.63796
SSD,South Sudan,2017,0.378,,,,,57.138,4.510310007,4.762169838,
ESP,Spain,2017,0.896,0.888720222,0.901384224,0.068,0.986,85.666,17.90936089,9.972849846,31791.36645
LKA,Sri Lanka,2017,0.77,0.753236976,0.776797562,0.361,0.97,79.317,13.84747028,10.55599022,8100.390258
SDN,Sudan,2017,0.52,0.475916338,0.548654636,0.561,0.867,68.018,7.889805987,3.266,2234.312668
SUR,Suriname,2017,0.71,0.703418932,0.712590529,0.424,0.987,75.703,11.47820543,8.335410936,11191.78141
SWE,Sweden,2017,0.941,0.92986477,0.94942401,0.034,0.979,84.114,19.91831017,12.61744022,44563.31607
CHE,Switzerland,2017,0.955,0.936489099,0.967779942,0.034,0.968,85.35,16.15349007,13.29716492,54694.38588
SYR,Syrian Arab Republic,2017,0.558,0.492840269,0.594020696,0.481,0.83,74.93,7.046262278,5.564737034,1315.947283
TJK,Tajikistan,2017,0.659,0.623022843,0.688309197,0.283,0.905,72.34,10.31048932,10.84385014,2509.694124
TZA,Tanzania (United Republic of),2017,0.517,0.499633046,0.535377661,0.527,0.933,68.207,7.990149975,4.963250001,2071.971068
THA,Thailand,2017,0.795,0.799793488,0.790940263,0.401,1.011,82.864,16.59939265,8.146104813,14516.95885
TLS,Timor-Leste,2017,0.614,0.5906075,0.63525309,0.439,0.93,69.441,13.26712217,4.792422147,3568.922664
TGO,Togo,2017,0.522,0.483111655,0.561449573,0.587,0.86,60.479,11.49271011,3.386889935,1922.721514
TON,Tonga,2017,0.734,,,,,73.58,16.92038695,10.91131234,
TTO,Trinidad and Tobago,2017,0.811,0.8043352,0.813357705,0.28,0.989,77.694,13.95802084,11.44912305,19501.90202
TUN,Tunisia,2017,0.732,0.693901058,0.753752555,0.252,0.921,79.133,15.21038557,6.661055088,5134.83028
TUR,Türkiye,2017,0.833,0.801132792,0.855321562,0.31,0.937,80.293,18.12501907,7.452020168,16656.87032
TKM,Turkmenistan,2017,0.729,,,,,72.227,11.95472832,10.67038012,
TUV,Tuvalu,2017,0.651,0.643605332,0.655314832,,0.982,68.604,11.98607993,10.07715184,4127.275414
UGA,Uganda,2017,0.534,0.503235086,0.56475835,0.534,0.891,64.028,10.95660302,4.955395693,1665.063764
UKR,Ukraine,2017,0.771,0.773548242,0.762556414,0.212,1.014,79.659,13.90826988,11.49496481,9260.713872
ARE,United Arab Emirates,2017,0.898,0.881065146,0.900858417,0.112,0.978,81.626,16.01968002,11.62022018,39557.13509
GBR,United Kingdom,2017,0.929,0.92059802,0.936216077,0.117,0.983,82.993,17.95722961,13.1552496,37277.45181
USA,United States,2017,0.928,0.923341792,0.92989037,0.21,0.993,81.358,17.34074974,13.45487022,48645.08296
URY,Uruguay,2017,0.815,0.825620566,0.80706555,0.267,1.023,81.316,18.06633682,9.089030266,16863.18119
UZB,Uzbekistan,2017,0.714,0.698969896,0.726319769,0.255,0.962,73.773,11.79386997,11.5205946,5610.725504
VUT,Vanuatu,2017,0.599,0.580875981,0.618070726,,0.94,72.254,11.31030345,6.371368125,2500.949635
VEN,Venezuela (Bolivarian Republic of),2017,0.75,0.751429418,0.738418689,0.497,1.018,76.228,14.76960216,10.53086928,8680.068129
VNM,Viet Nam,2017,0.706,0.70761706,0.704114614,0.384,1.005,78.72,13.12739019,7.83420229,7622.037418
YEM,Yemen,2017,0.432,0.232556139,0.491498725,0.809,0.473,68.962,6.706535511,1.303072808,166.0378405
ZMB,Zambia,2017,0.568,0.548628276,0.587606451,0.545,0.934,64.608,10.8462161,6.046996491,2867.102998
ZWE,Zimbabwe,2017,0.552,0.534157363,0.568283959,0.519,0.94,62.956,10.56358176,8.061880112,1787.90231
AFG,Afghanistan,2018,0.486,0.383898464,0.547874087,0.678,0.701,66.458,7.987030029,1.53004998,761.2153687
ALB,Albania,2018,0.797,0.785035347,0.80911826,0.139,0.97,81.608,15.36147022,9.717089367,10910.04366
DZA,Algeria,2018,0.74,0.673421135,0.771200597,0.405,0.873,77.205,15.73522325,6.501927419,3941.312977
AND,Andorra,2018,0.863,,,,,85.434,11.88763046,10.83456326,
AGO,Angola,2018,0.598,0.566721264,0.628470094,0.537,0.902,64.717,11.5354,4.321092221,5429.001966
ATG,Antigua and Barbuda,2018,0.828,,,,,81.0,16.67919781,,
ARG,Argentina,2018,0.852,0.84267074,0.84454992,0.303,0.998,80.329,19.31155968,11.29545975,16073.82981
ARM,Armenia,2018,0.781,0.775674162,0.780279398,0.24,0.994,79.601,14.06499004,11.22947311,9921.658249
AUS,Australia,2018,0.941,0.924958443,0.953702707,0.092,0.97,85.389,21.00312996,12.61787033,35840.01841
AUT,Austria,2018,0.917,0.898546257,0.930220941,0.061,0.966,83.991,16.37925911,11.91015005,38712.10935
AZE,Azerbaijan,2018,0.757,0.735066637,0.772444187,0.312,0.952,75.708,13.43628025,10.21189976,9010.650795
BHS,Bahamas,2018,0.814,0.816209713,0.810611451,0.332,1.007,77.32,12.07538061,12.65845653,28019.36001
BHR,Bahrain,2018,0.88,0.836430963,0.898659407,0.203,0.931,81.195,16.58230972,10.42420006,20212.63555
BGD,Bangladesh,2018,0.636,0.594480221,0.66451341,0.531,0.895,74.346,11.6511898,5.798319817,2917.318763
BRB,Barbados,2018,0.804,0.81094031,0.790217602,0.315,1.026,78.958,17.969644,10.21396059,12659.35791
BLR,Belarus,2018,0.812,0.809345525,0.810020719,0.101,0.999,79.282,14.79650021,12.04523211,14041.6714
BEL,Belgium,2018,0.933,0.917283276,0.945769747,0.053,0.97,83.682,20.55916023,12.21284008,39712.76403
BLZ,Belize,2018,0.715,0.707762548,0.720519442,0.466,0.982,77.021,13.61110973,9.002770233,6193.070018
BEN,Benin,2018,0.506,0.45850619,0.549807991,0.658,0.834,61.354,10.25421524,1.807959974,2205.022092
BTN,Bhutan,2018,0.655,0.640541833,0.667544789,0.34,0.96,72.914,13.41145039,3.800721103,8941.652416
BOL,Bolivia (Plurinational State of),2018,0.712,0.695004688,0.728417666,0.427,0.954,70.383,14.96415416,9.090279818,6654.012229
BIH,Bosnia and Herzegovina,2018,0.774,0.740701439,0.800546746,0.162,0.925,79.093,13.9541502,8.849550247,9244.796572
BWA,Botswana,2018,0.7,0.689206582,0.70810462,0.484,0.973,67.371,11.78219566,10.188,11079.71349
BRA,Brazil,2018,0.762,0.757066427,0.76290887,0.4,0.992,78.266,15.91961956,8.18391037,10806.25799
BRN,Brunei Darussalam,2018,0.826,0.816785931,0.832709221,0.283,0.981,76.956,14.36369991,9.134,45528.38502
BGR,Bulgaria,2018,0.811,0.80712015,0.813731157,0.21,0.992,78.38,14.70810986,11.39212322,17007.44021
BFA,Burkina Faso,2018,0.443,0.413979282,0.468722589,0.595,0.883,61.706,8.75150013,1.412719965,1463.429076
BDI,Burundi,2018,0.421,0.404736464,0.436781691,0.506,0.927,63.524,10.34484959,2.354719483,669.1788088
CPV,Cabo Verde,2018,0.664,0.656180516,0.667002758,0.365,0.984,79.875,12.16748047,5.714481597,5512.657745
KHM,Cambodia,2018,0.588,0.560134557,0.616714866,0.491,0.908,72.778,11.12961559,3.616019964,3312.932765
CMR,Cameroon,2018,0.581,0.546606486,0.613378862,0.565,0.891,62.783,11.9765851,5.500579834,2938.96
CAN,Canada,2018,0.93,0.922157405,0.935384815,0.079,0.986,84.095,16.43120956,13.86978616,38869.1006
CAF,Central African Republic,2018,0.386,,,,,56.587,5.826704942,2.585798218,
TCD,Chad,2018,0.393,0.344440512,0.438631626,0.698,0.785,54.317,6.490093461,1.216182017,1221.633536
CHL,Chile,2018,0.856,0.839363834,0.868748857,0.219,0.966,82.527,16.86310959,10.66036881,17175.73312
CHN,China,2018,0.766,0.745454959,0.784104526,0.19,0.951,80.637,15.08244022,6.930009842,11187.75119
COL,Colombia,2018,0.766,0.761916002,0.768632231,0.409,0.991,79.66,14.86277008,8.659779549,11517.46037
COM,Comoros,2018,0.578,0.545754902,0.605753914,,0.901,66.195,12.70769779,4.78590536,2272.308424
COG,Congo,2018,0.603,0.56722391,0.63447373,0.604,0.894,65.267,12.27648682,7.190536432,2362.100025
COD,Congo (Democratic Republic of the),2018,0.474,0.440509964,0.50843757,0.638,0.866,61.767,9.108254117,5.52271986,852.5602011
CRI,Costa Rica,2018,0.804,0.796473294,0.808154204,0.252,0.986,82.083,15.77196026,8.834739685,14559.18611
CIV,Côte d'Ivoire,2018,0.522,0.475893717,0.562866791,0.64,0.845,59.94,8.982654572,2.923485568,3552.037649
HRV,Croatia,2018,0.86,0.854259515,0.863631232,0.124,0.989,81.334,16.21973991,11.76588164,22369.87742
CUB,Cuba,2018,0.765,0.749705401,0.775603012,0.306,0.967,80.051,14.63138962,10.85536289,6039.489733
CYP,Cyprus,2018,0.896,0.881040331,0.907956458,0.23,0.97,83.058,15.78166962,12.23801994,31167.65671
CZE,Czechia,2018,0.893,0.8849163,0.898593636,0.129,0.985,81.903,16.66437912,12.6525898,29124.40095
DNK,Denmark,2018,0.942,0.932603131,0.950533074,0.022,0.981,82.955,19.3260994,13.08185005,47713.38085
DJI,Djibouti,2018,0.499,0.445022262,0.539832209,,0.824,65.583,7.372310788,2.591584647,2055.669573
DMA,Dominica,2018,0.744,,,,,77.247,14.53747546,8.87491204,
DOM,Dominican Republic,2018,0.763,0.76674863,0.756826545,0.46,1.013,76.499,15.48940627,9.264906565,12904.58295
ECU,Ecuador,2018,0.761,0.753951651,0.76611693,0.39,0.984,79.604,15.0110302,8.74224027,9549.152078
EGY,Egypt,2018,0.717,0.66273016,0.740625621,0.409,0.895,73.927,12.38980961,9.393445999,4067.05194
SLV,El Salvador,2018,0.673,0.665483759,0.676871962,0.369,0.983,77.488,11.98872377,6.624375105,6434.767055
GNQ,Equatorial Guinea,2018,0.652,,,,,63.042,11.26368242,8.2843014,
ERI,Eritrea,2018,0.482,,,,,69.115,6.732398626,3.632697448,
EST,Estonia,2018,0.89,0.898105642,0.876879361,0.103,1.024,82.124,16.55525017,14.13679981,27449.09834
SWZ,Eswatini (Kingdom of),2018,0.613,0.60551882,0.620694475,0.52,0.976,63.169,13.74848804,5.514,6359.150383
ETH,Ethiopia,2018,0.479,0.454954204,0.501550128,0.51,0.907,68.397,9.572491934,1.599239985,1589.143281
FJI,Fiji,2018,0.731,0.702484335,0.74768328,0.334,0.94,69.664,14.07034181,10.62724733,6975.049845
FIN,Finland,2018,0.936,0.929832262,0.94065063,0.037,0.988,84.305,20.31838989,12.97011995,40478.04829
FRA,France,2018,0.903,0.89563298,0.907796993,0.078,0.987,85.488,16.2020607,11.3222599,37668.78811
GAB,Gabon,2018,0.699,0.690508179,0.700863149,0.531,0.985,68.789,12.61131347,10.208,8409.12936
GMB,Gambia,2018,0.483,0.468605818,0.499750462,0.596,0.938,64.251,9.3160848,3.215150118,1813.904651
GEO,Georgia,2018,0.816,0.809661715,0.817138668,0.303,0.991,78.153,15.99837971,13.36542034,10064.39644
DEU,Germany,2018,0.946,0.924835901,0.962241494,0.083,0.961,83.596,17.03128052,13.80360031,39152.27206
GHA,Ghana,2018,0.589,0.5651942,0.615288997,0.527,0.919,66.049,10.72535992,5.293046305,4298.329761
GRC,Greece,2018,0.886,0.87217092,0.898846631,0.128,0.97,84.123,19.22050095,10.52766991,23145.30579
GRD,Grenada,2018,0.79,0.788177854,0.791985974,,0.995,77.796,17.05192947,9.67632344,11976.22978
GTM,Guatemala,2018,0.64,0.61293028,0.662696836,0.52,0.925,75.571,10.67640018,5.034997582,5571.859582
GIN,Guinea,2018,0.464,,,,,60.298,8.684965442,1.227880001,
GNB,Guinea-Bissau,2018,0.48,0.446231309,0.521390405,0.63,0.856,62.614,10.132903,2.4270744,1387.796342
GUY,Guyana,2018,0.704,0.695969406,0.707397782,0.438,0.984,72.439,13.12118601,8.499176278,8859.877022
HTI,Haiti,2018,0.559,0.535446574,0.579974574,0.626,0.923,66.919,10.97171974,4.878878626,2408.917419
HND,Honduras,2018,0.614,0.613113562,0.613799383,0.424,0.999,75.318,10.02326615,6.382420063,4573.301376
HKG,"Hong Kong, China (SAR)",2018,0.949,0.934377671,0.961768938,,0.972,88.32,16.85448074,11.81124496,52628.28539
HUN,Hungary,2018,0.85,0.841138388,0.855228855,0.243,0.984,79.527,15.48612022,11.88906479,22892.07567
ISL,Iceland,2018,0.958,0.945237048,0.964879369,0.052,0.98,84.262,19.61598015,13.7661718,46240.24932
IND,India,2018,0.636,0.556403888,0.679729804,0.503,0.819,72.142,11.49287987,5.041629791,2141.474442
IDN,Indonesia,2018,0.712,0.685589701,0.731948952,0.454,0.937,72.403,13.86205006,7.758520126,7495.903551
IRN,Iran (Islamic Republic of),2018,0.787,0.725524581,0.81360565,0.458,0.892,79.091,14.19926325,10.49334951,4950.442298
IRQ,Iraq,2018,0.673,0.566638856,0.727337679,0.574,0.779,73.293,11.28351,5.443950176,2252.042257
IRL,Ireland,2018,0.938,0.92252718,0.946063236,0.084,0.975,83.878,20.23126984,11.70640242,48449.51623
ISR,Israel,2018,0.908,0.896572244,0.915459472,0.089,0.979,84.708,15.36837006,13.27680081,30911.74278
ITA,Italy,2018,0.894,0.87605176,0.907735679,0.057,0.965,85.268,16.61315918,10.4064621,29944.9299
JAM,Jamaica,2018,0.711,0.714196361,0.704495199,0.377,1.014,73.903,13.67916947,9.63130211,7749.453592
JPN,Japan,2018,0.917,0.897777622,0.931621839,0.09,0.964,87.31,15.36061954,12.32328186,31009.80578
JOR,Jordan,2018,0.742,0.680486705,0.769646946,0.442,0.884,78.172,12.69219764,10.01119995,3477.815031
KAZ,Kazakhstan,2018,0.804,0.804591439,0.801633871,0.194,1.004,75.013,14.61266994,12.23838043,18948.71823
KEN,Kenya,2018,0.598,0.579655079,0.615621499,0.542,0.942,65.158,11.16301499,7.050961283,3674.828982
KIR,Kiribati,2018,0.629,0.589720093,0.648690776,,0.909,68.521,12.34232365,9.094189644,1946.275911
PRK,Korea (Democratic People's Rep. of),2018,,,,,,75.632,,,
KOR,Korea (Republic of),2018,0.918,0.886204557,0.940059269,0.074,0.943,86.45,15.89698982,11.74519563,27628.07228
KWT,Kuwait,2018,0.836,0.835567817,0.826495761,0.251,1.011,82.281,17.16671614,7.976140022,28533.61561
KGZ,Kyrgyzstan,2018,0.698,0.679143609,0.708291975,0.363,0.959,74.646,12.56332016,11.70635033,3301.27049
LAO,Lao People's Democratic Republic,2018,0.613,0.5847996,0.641103726,0.478,0.912,69.572,10.3980999,4.738456408,5985.995623
LVA,Latvia,2018,0.868,0.87829716,0.854729916,0.17,1.028,79.397,17.34581947,13.52007961,24345.85204
LBN,Lebanon,2018,0.764,0.716790648,0.788228554,0.412,0.909,81.455,12.88649129,8.047778166,7314.700649
LSO,Lesotho,2018,0.525,0.520251912,0.52416959,0.568,0.993,56.591,11.58082337,7.813169956,2118.351626
LBR,Liberia,2018,0.484,0.445148643,0.523835025,0.657,0.85,62.164,9.907166481,3.262747472,1208.984915
LBY,Libya,2018,0.764,0.759873048,0.763886062,0.266,0.995,75.877,14.94909057,8.450432437,16000.52136
LIE,Liechtenstein,2018,0.928,0.912635445,0.958541603,,0.952,85.516,13.88459969,11.95158306,110266.2305
LTU,Lithuania,2018,0.882,0.889185878,0.873394316,0.128,1.018,80.101,17.27770996,13.36330001,29163.29327
LUX,Luxembourg,2018,0.921,0.914314149,0.921524923,0.071,0.992,83.974,14.24567032,12.77910306,67268.92857
MDG,Madagascar,2018,0.502,0.486836721,0.515477438,0.57,0.944,67.432,9.938070297,4.849050045,1248.653073
MWI,Malawi,2018,0.509,0.490447488,0.527848535,0.599,0.929,66.96,11.27983664,4.295930004,1219.500457
MYS,Malaysia,2018,0.802,0.792986316,0.808595414,0.201,0.981,78.267,13.61396027,10.46709665,19874.19902
MDV,Maldives,2018,0.747,0.727984748,0.754359211,0.328,0.965,81.074,13.20994467,7.131444788,10856.64046
MLI,Mali,2018,0.417,0.353737003,0.461281018,0.668,0.767,60.694,6.454976148,1.235120058,960.074553
MLT,Malta,2018,0.903,0.889052916,0.913162139,0.184,0.974,85.896,16.10956955,11.57715988,30591.50724
MHL,Marshall Islands,2018,0.71,0.67234595,0.733190617,,0.917,66.355,15.80544281,12.42034873,3298.023728
MRT,Mauritania,2018,0.546,0.503896326,0.583165508,0.608,0.864,67.075,8.465129852,3.834566548,3005.08315
MUS,Mauritius,2018,0.8,0.785449547,0.808151469,0.366,0.972,77.981,15.37549019,9.583959932,15355.93084
MEX,Mexico,2018,0.779,0.763672782,0.788868811,0.363,0.968,77.286,15.19629002,8.776339531,13358.08581
FSM,Micronesia (Federated States of),2018,0.642,0.619537275,0.657843469,,0.942,74.955,12.80453733,6.9238807,2783.062529
MDA,Moldova (Republic of),2018,0.767,0.776872753,0.758209611,0.211,1.025,75.232,14.66277981,11.88535976,11696.44411
MCO,Monaco,2018,,,,,,88.727,19.28953172,,
MNG,Mongolia,2018,0.754,0.765754986,0.73973389,0.32,1.035,75.829,15.28461181,11.41786003,9000.151009
MNE,Montenegro,2018,0.838,0.818929833,0.854472554,0.128,0.958,79.936,15.20135975,11.74170971,15712.08084
MAR,Morocco,2018,0.677,0.609353234,0.720862149,0.448,0.845,76.086,12.97945976,4.836,3253.74388
MOZ,Mozambique,2018,0.458,0.436469133,0.478674858,0.505,0.912,63.234,10.02657612,2.636700074,1099.313403
MMR,Myanmar,2018,0.595,0.587844485,0.601729215,0.502,0.977,69.676,11.96912003,5.591220061,3555.536574
NAM,Namibia,2018,0.635,0.638571228,0.630396433,0.45,1.013,66.176,11.69632975,7.393399584,8913.69134
NRU,Nauru,2018,0.668,0.670734314,0.663576508,,1.011,66.989,13.37212195,8.373711333,8878.469783
NPL,Nepal,2018,0.588,0.549865731,0.622888222,0.512,0.883,70.719,13.15154505,3.031496684,2407.664767
NLD,Netherlands,2018,0.939,0.914911302,0.958136491,0.027,0.955,83.326,18.55821991,12.08117962,40413.34226
NZL,New Zealand,2018,0.936,0.921370611,0.941863566,0.102,0.978,84.171,19.33179092,13.10109472,33911.71336
NIC,Nicaragua,2018,0.658,0.63441155,0.671833202,0.411,0.944,76.681,11.94099813,7.3,3400.742165
NER,Niger,2018,0.383,0.337718911,0.42036634,0.641,0.803,63.295,5.928502491,0.865769982,816.0098727
NGA,Nigeria,2018,0.53,0.489077221,0.569746931,0.675,0.858,52.77,9.394947052,5.854159832,3832.439995
MKD,North Macedonia,2018,0.796,0.770488013,0.815931855,0.142,0.944,79.574,13.29535007,11.19892025,10393.81914
NOR,Norway,2018,0.96,0.948881364,0.962758113,0.018,0.986,84.483,18.87774086,13.091115,56351.68652
OMN,Oman,2018,0.838,0.800156048,0.848232577,0.286,0.943,79.898,14.86847019,11.59064198,12207.0088
PAK,Pakistan,2018,0.535,0.445098489,0.586849028,0.557,0.758,68.959,6.618249893,3.619910002,1461.636492
PLW,Palau,2018,0.788,0.789446849,0.793610404,,0.995,68.046,18.31806906,13.19156158,14067.96349
PSE,"Palestine, State of",2018,0.722,0.653655816,0.745621258,,0.877,77.137,14.01313019,9.418959618,2282.488912
PAN,Panama,2018,0.817,0.821635832,0.811286717,0.404,1.013,81.024,13.74003007,10.64980645,25371.45826
PNG,Papua New Guinea,2018,0.556,0.531092867,0.579978392,0.819,0.916,68.123,9.810587883,4.093589783,3164.945816
PRY,Paraguay,2018,0.742,0.734773157,0.74563329,0.438,0.985,76.342,14.4052726,8.592769623,10126.40262
PER,Peru,2018,0.77,0.749506604,0.787666836,0.379,0.952,78.293,14.63551336,9.202980042,9486.506245
PHL,Philippines,2018,0.706,0.698747678,0.71024731,0.393,0.984,73.556,13.27167988,8.979175091,7404.318235
POL,Poland,2018,0.876,0.877975008,0.871218279,0.121,1.008,81.487,16.73477936,13.23181486,23270.59435
PRT,Portugal,2018,0.858,0.854531394,0.859915729,0.08,0.994,84.313,16.6308403,9.222990036,28310.83315
QAT,Qatar,2018,0.866,0.875259926,0.864032715,0.17,1.013,82.462,14.95256042,11.44392157,41941.36096
ROU,Romania,2018,0.829,0.819409078,0.834519358,0.243,0.982,79.938,14.78752995,10.91143465,20477.93053
RUS,Russian Federation,2018,0.836,0.839615279,0.828660588,0.171,1.013,78.471,15.73215961,12.44702885,20882.43795
RWA,Rwanda,2018,0.522,0.503983581,0.539055787,0.412,0.935,68.266,10.81149006,3.922110081,1631.708392
KNA,Saint Kitts and Nevis,2018,0.835,,,,,75.085,19.72978973,11.1219032,
LCA,Saint Lucia,2018,0.744,0.74963695,0.737003448,0.346,1.017,76.968,14.57680988,8.771698157,11824.20162
VCT,Saint Vincent and the Grenadines,2018,0.793,,,,,76.863,15.99358392,10.96166547,
WSM,Samoa,2018,0.713,0.696853621,0.720287871,,0.967,75.314,12.88295002,11.77813482,3940.3437
SMR,San Marino,2018,0.859,0.845987351,0.872624134,,0.969,84.329,11.57507992,10.89807987,47029.4169
STP,Sao Tome and Principe,2018,0.607,,,,,71.445,12.59053345,5.11976426,
SAU,Saudi Arabia,2018,0.856,0.801949277,0.880742845,0.286,0.911,78.911,14.98546297,10.07704703,18687.95926
SEN,Senegal,2018,0.515,0.488009921,0.538823369,0.511,0.906,70.258,9.383413696,2.374419928,2179.622156
SRB,Serbia,2018,0.808,0.798293502,0.815995529,0.128,0.978,79.335,15.33782959,10.88692474,13189.67688
SYC,Seychelles,2018,0.804,0.83115002,0.780208247,,1.065,78.355,14.61841011,11.92747291,24569.54334
SLE,Sierra Leone,2018,0.454,0.431992391,0.476938859,0.618,0.906,61.168,9.188189068,2.353875041,1470.95523
SGP,Singapore,2018,0.942,0.937535498,0.947490152,0.049,0.989,85.623,16.93320084,11.34617043,77063.68515
SVK,Slovakia,2018,0.86,0.85682983,0.860048156,0.194,0.996,80.604,15.07122993,12.81052017,24685.38262
SVN,Slovenia,2018,0.916,0.914713828,0.914179083,0.074,1.001,84.075,18.21603012,12.77144527,32299.49734
SLB,Solomon Islands,2018,0.568,0.555603797,0.586910575,,0.947,71.737,10.90802047,5.416863747,2219.251708
SOM,Somalia,2018,,,,,,58.545,,,
ZAF,South Africa,2018,0.731,0.714131279,0.738230721,0.407,0.967,68.74,14.51226997,9.837949753,10313.30039
SSD,South Sudan,2018,0.38,,,,,57.35,4.510310007,4.762169838,
ESP,Spain,2018,0.899,0.891693743,0.903690251,0.062,0.987,85.798,17.98946953,10.04883957,32200.37354
LKA,Sri Lanka,2018,0.774,0.75565797,0.782754244,0.366,0.965,79.493,14.02978039,10.63689995,7961.32041
SDN,Sudan,2018,0.52,0.474984569,0.548381883,0.561,0.866,68.233,8.017828848,3.344,2043.329106
SUR,Suriname,2018,0.714,0.707928633,0.715294536,0.417,0.99,75.937,11.44315915,8.408180237,11867.6712
SWE,Sweden,2018,0.943,0.932091037,0.9498438,0.03,0.981,84.257,20.06899071,12.69282532,45146.64099
CHE,Switzerland,2018,0.957,0.938689199,0.970481735,0.032,0.967,85.365,16.24295998,13.39235973,54859.19688
SYR,Syrian Arab Republic,2018,0.563,0.491942129,0.602163339,0.484,0.817,75.168,7.087567307,5.515617725,1286.845749
TJK,Tajikistan,2018,0.664,0.628465571,0.692059229,0.287,0.908,72.599,10.35144512,10.86199715,2662.947693
TZA,Tanzania (United Republic of),2018,0.525,0.508288355,0.543210889,0.522,0.936,68.649,8.378189802,5.032919884,2127.199471
THA,Thailand,2018,0.796,0.800906927,0.792361942,0.387,1.011,83.149,16.36026525,8.175909996,15048.91881
TLS,Timor-Leste,2018,0.616,0.592874395,0.637747711,0.434,0.93,69.702,13.31972084,5.020374533,3431.367045
TGO,Togo,2018,0.528,0.484516263,0.573873723,0.586,0.844,60.646,11.8335332,3.63555773,1732.148244
TON,Tonga,2018,0.737,0.732885754,0.737577267,0.405,0.994,73.614,17.06520187,10.91412604,5221.413733
TTO,Trinidad and Tobago,2018,0.809,0.802759886,0.810567202,0.278,0.99,77.353,14.11237107,11.58672812,18394.09441
TUN,Tunisia,2018,0.737,0.699160463,0.757640087,0.245,0.923,79.323,15.31137753,6.86841011,5223.549552
TUR,Türkiye,2018,0.838,0.806563215,0.860791561,0.286,0.937,80.684,18.55944061,7.661180019,17023.85681
TKM,Turkmenistan,2018,0.73,,,,,72.192,12.00377903,10.7244451,
TUV,Tuvalu,2018,0.66,0.65345658,0.665167012,,0.982,68.734,11.93405008,10.20542077,4776.769688
UGA,Uganda,2018,0.539,0.513183941,0.567428369,0.527,0.904,64.744,11.01922033,5.021121621,1831.428771
UKR,Ukraine,2018,0.771,0.77426993,0.762213021,0.205,1.016,79.48,13.8677597,11.47639792,9612.664316
ARE,United Arab Emirates,2018,0.917,0.896842495,0.915552099,0.099,0.98,81.79,17.26421356,11.92582989,39110.31506
GBR,United Kingdom,2018,0.928,0.919684902,0.934511236,0.112,0.984,82.951,17.70611,13.25349967,37648.91739
USA,United States,2018,0.93,0.9262277,0.932188774,0.194,0.994,81.54,17.32986069,13.52779961,49863.00705
URY,Uruguay,2018,0.815,0.827415943,0.808437435,0.264,1.023,81.283,18.24803009,9.170760155,17185.96315
UZB,Uzbekistan,2018,0.719,0.706393893,0.730105042,0.256,0.968,73.815,12.00045013,11.59313965,6073.303782
VUT,Vanuatu,2018,0.604,0.585702809,0.621560375,,0.942,72.3,11.45401514,6.4453843,2597.598186
VEN,Venezuela (Bolivarian Republic of),2018,0.738,0.739076607,0.72832382,0.497,1.015,76.431,14.6007361,10.28272713,7402.346049
VNM,Viet Nam,2018,0.711,0.712978108,0.709549528,0.389,1.005,78.777,13.19602167,7.934256315,8076.96043
YEM,Yemen,2018,0.427,0.226087523,0.482830644,0.808,0.468,68.601,6.76492281,1.453569273,157.8320897
ZMB,Zambia,2018,0.571,0.554119358,0.589243439,0.529,0.94,64.916,10.92209752,6.151380062,2980.975164
ZWE,Zimbabwe,2018,0.564,0.544415952,0.582414008,0.521,0.935,63.594,10.60725992,8.065949917,2005.317784
AFG,Afghanistan,2019,0.492,0.38715745,0.553457617,0.676,0.7,66.677,8.020075111,1.790393313,739.77883
ALB,Albania,2019,0.8,0.78842781,0.810817838,0.131,0.972,81.666,15.43577003,9.764278793,11282.14704
DZA,Algeria,2019,0.742,0.676862242,0.771786764,0.397,0.877,77.76,15.86746224,6.496240139,3939.609086
AND,Andorra,2019,0.865,,,,,85.434,11.87524033,11.00656986,
AGO,Angola,2019,0.597,0.561023508,0.631406585,0.533,0.889,64.922,11.5354,4.391379026,4638.567914
ATG,Antigua and Barbuda,2019,0.831,,,,,81.171,16.71271014,10.3526632,
ARG,Argentina,2019,0.853,0.843581654,0.844949318,0.291,0.998,80.681,19.63068962,11.34355974,15699.07932
ARM,Armenia,2019,0.789,0.785722485,0.786866811,0.219,0.999,79.856,14.26832008,11.27549648,11136.41083
AUS,Australia,2019,0.941,0.924707337,0.953356386,0.08,0.97,85.096,22.01021004,12.70242977,36008.75257
AUT,Austria,2019,0.92,0.903286908,0.93217111,0.053,0.969,84.195,16.45075035,11.97801018,40488.36095
AZE,Azerbaijan,2019,0.762,0.740912477,0.776722013,0.317,0.954,75.832,13.6485796,10.2091198,9571.897269
BHS,Bahamas,2019,0.802,0.800194309,0.802866107,0.335,0.997,73.83,12.12004521,12.7414244,28186.33423
BHR,Bahrain,2019,0.888,0.868575096,0.901044143,0.194,0.964,81.319,16.98129082,10.60428524,33342.50064
BGD,Bangladesh,2019,0.646,0.60849742,0.670612215,0.521,0.907,75.09,12.02892971,5.977169991,3170.056918
BRB,Barbados,2019,0.806,0.813295469,0.790911723,0.309,1.028,79.123,18.1273006,10.28248279,12786.61822
BLR,Belarus,2019,0.81,0.809294609,0.806782843,0.098,1.003,79.375,14.42212963,12.15460014,14503.36216
BEL,Belgium,2019,0.936,0.921535246,0.948585021,0.048,0.971,83.997,20.61997986,12.31939983,40880.36238
BLZ,Belize,2019,0.718,0.716160454,0.718978165,0.46,0.996,77.247,13.65921974,9.022420311,6972.276205
BEN,Benin,2019,0.506,0.463140455,0.547251914,0.652,0.846,61.858,9.858342648,1.963379979,2456.178472
BTN,Bhutan,2019,0.668,0.658414591,0.676023588,0.332,0.974,73.236,13.50440243,4.450652072,10194.69825
BOL,Bolivia (Plurinational State of),2019,0.715,0.69767703,0.731674583,0.426,0.954,70.475,14.9261453,9.27369976,6726.565005
BIH,Bosnia and Herzegovina,2019,0.78,0.750666217,0.803722576,0.146,0.934,79.22,13.85529041,9.313869953,10100.59937
BWA,Botswana,2019,0.703,0.69437336,0.709801632,0.458,0.978,67.891,11.77907696,10.274,11437.27019
BRA,Brazil,2019,0.764,0.760315415,0.764857891,0.396,0.994,78.469,15.91730976,8.333614199,10925.85657
BRN,Brunei Darussalam,2019,0.827,0.815213549,0.83133878,0.285,0.981,76.986,14.23845005,9.162,44781.50553
BGR,Bulgaria,2019,0.813,0.809865214,0.814420765,0.205,0.994,78.63,14.52336979,11.44996643,17889.30741
BFA,Burkina Faso,2019,0.446,0.415816621,0.472302963,0.594,0.88,61.822,8.782970428,1.474969983,1464.290223
BDI,Burundi,2019,0.423,0.407106648,0.438197992,0.499,0.929,64.347,10.26871963,2.491789031,657.8390364
CPV,Cabo Verde,2019,0.667,0.659709394,0.669938593,0.353,0.985,80.183,11.97196932,5.760881726,5931.860868
KHM,Cambodia,2019,0.596,0.572285793,0.619805589,0.492,0.923,72.873,11.22787317,3.872849941,3774.162565
CMR,Cameroon,2019,0.586,0.55252653,0.619145455,0.564,0.892,62.996,12.32227887,5.567263892,2982.959451
CAN,Canada,2019,0.932,0.925143161,0.937356975,0.075,0.987,84.419,16.43434906,13.91497893,39505.10764
CAF,Central African Republic,2019,0.391,,,,,57.106,5.959271279,2.621220112,
TCD,Chad,2019,0.398,0.344202436,0.445708825,0.7,0.772,54.908,6.66582886,1.252910018,1087.063444
CHL,Chile,2019,0.859,0.843105789,0.871349472,0.214,0.968,82.711,16.88459969,10.84131778,17377.7308
CHN,China,2019,0.775,0.756357044,0.790336991,0.187,0.957,80.816,15.36675796,7.250152111,11861.09964
COL,Colombia,2019,0.768,0.763438719,0.770124705,0.408,0.991,79.721,14.72451973,8.809829712,11697.849
COM,Comoros,2019,0.584,0.552701225,0.610489071,,0.905,66.306,13.03610033,4.999368727,2302.486376
COG,Congo,2019,0.596,0.562149653,0.624712221,0.589,0.9,64.165,12.63224433,7.216355234,2224.358206
COD,Congo (Democratic Republic of the),2019,0.476,0.445575614,0.508229977,0.618,0.877,62.243,9.326878753,5.686046513,845.7388232
CRI,Costa Rica,2019,0.811,0.804654857,0.814700425,0.239,0.988,81.953,16.39509964,8.863564968,15169.49551
CIV,Côte d'Ivoire,2019,0.529,0.484402286,0.569284025,0.623,0.851,60.59,9.279159546,2.989513353,3633.273168
HRV,Croatia,2019,0.866,0.860173602,0.869187842,0.119,0.99,81.573,16.30281067,11.93745426,23257.21211
CUB,Cuba,2019,0.766,0.750914703,0.775357005,0.307,0.968,80.075,14.85700989,10.75032997,6059.948092
CYP,Cyprus,2019,0.901,0.88624483,0.913001983,0.235,0.971,83.27,16.07843971,12.32421494,31369.72942
CZE,Czechia,2019,0.896,0.887556461,0.900834212,0.124,0.985,82.106,16.66477966,12.71214962,29670.98624
DNK,Denmark,2019,0.946,0.935977191,0.954041742,0.016,0.981,83.423,19.21278,13.11940002,48242.45984
DJI,Djibouti,2019,0.508,0.455563263,0.545851455,,0.835,65.563,7.783506681,2.72268932,2170.888465
DMA,Dominica,2019,0.745,,,,,77.205,14.46760073,8.93359862,
DOM,Dominican Republic,2019,0.765,0.771907471,0.755966543,0.448,1.021,76.965,15.422973,9.243769646,13886.7809
ECU,Ecuador,2019,0.758,0.753284446,0.761879637,0.387,0.989,79.953,14.77847004,8.771150271,9507.478799
EGY,Egypt,2019,0.724,0.65842736,0.749135965,0.418,0.879,73.711,12.59202003,9.802207806,3465.114556
SLV,El Salvador,2019,0.676,0.666190414,0.682170841,0.358,0.977,76.776,12.04790565,6.742050171,6604.04412
GNQ,Equatorial Guinea,2019,0.653,,,,,63.54,11.60933035,8.2312418,
ERI,Eritrea,2019,0.487,,,,,69.309,6.797639122,3.804027564,
EST,Estonia,2019,0.893,0.901563081,0.881388943,0.092,1.023,82.596,16.55789948,13.95890999,29034.56588
SWZ,Eswatini (Kingdom of),2019,0.623,0.615887745,0.630187172,0.521,0.977,64.353,14.06652871,5.662,6311.676095
ETH,Ethiopia,2019,0.485,0.463209038,0.506981415,0.506,0.914,68.795,9.895815208,1.62974,1654.516445
FJI,Fiji,2019,0.73,0.701538999,0.746982913,0.337,0.939,69.728,14.17966121,10.56264496,6783.526146
FIN,Finland,2019,0.939,0.931985973,0.94354227,0.031,0.988,84.519,19.87940025,13.04683971,40659.55656
FRA,France,2019,0.905,0.898920381,0.910207636,0.086,0.988,85.612,16.23834038,11.43721962,38390.09567
GAB,Gabon,2019,0.702,0.690943986,0.704901183,0.527,0.98,68.865,12.59717093,10.314,8251.276759
GMB,Gambia,2019,0.492,0.475279139,0.511177296,0.587,0.93,65.186,9.588380272,3.443700075,1710.916696
GEO,Georgia,2019,0.816,0.812566221,0.815842252,0.3,0.996,78.429,16.39798927,12.86532021,10644.27368
DEU,Germany,2019,0.951,0.93044687,0.967269104,0.079,0.962,83.965,17.17853928,13.89695024,40205.47301
GHA,Ghana,2019,0.599,0.577265934,0.623179387,0.517,0.926,66.825,11.11997032,5.423242706,4532.239599
GRC,Greece,2019,0.89,0.875325327,0.903096943,0.122,0.969,83.864,19.76819038,10.81226492,23650.17868
GRD,Grenada,2019,0.79,0.789524091,0.791575991,,0.997,77.834,17.08854064,9.73449288,12017.98925
GTM,Guatemala,2019,0.645,0.618394046,0.667642664,0.495,0.926,75.812,10.64690018,5.235280037,5791.266153
GIN,Guinea,2019,0.47,0.423893272,0.513737265,0.628,0.825,60.817,8.904914684,1.312459531,1888.433656
GNB,Guinea-Bissau,2019,0.488,0.453838701,0.529158416,0.635,0.858,62.872,10.25525,2.470246,1507.788386
GUY,Guyana,2019,0.711,0.704857751,0.714191686,0.433,0.987,72.658,13.22147951,8.643099785,9791.704927
HTI,Haiti,2019,0.559,0.5373446,0.578985815,0.624,0.928,67.329,11.02936556,4.9862271,2336.841307
HND,Honduras,2019,0.629,0.620232472,0.637124627,0.43,0.973,75.37,10.32103672,6.756909847,4440.506739
HKG,"Hong Kong, China (SAR)",2019,0.953,0.938407969,0.967385593,,0.97,88.129,17.24150085,11.84570026,52365.51756
HUN,Hungary,2019,0.854,0.844661598,0.85951717,0.239,0.983,79.688,15.35330009,11.99302721,24175.75851
ISL,Iceland,2019,0.958,0.946657697,0.960439614,0.051,0.986,83.946,19.42679024,13.88197041,47866.67948
IND,India,2019,0.638,0.566936649,0.681848199,0.476,0.831,72.395,11.48060989,5.029699802,2527.619235
IDN,Indonesia,2019,0.718,0.692407478,0.737527522,0.45,0.939,72.597,13.96848672,7.982725143,7819.128892
IRN,Iran (Islamic Republic of),2019,0.785,0.722631499,0.810715495,0.464,0.891,79.055,14.18275674,10.61832691,4647.426042
IRQ,Iraq,2019,0.678,0.572533848,0.730006571,0.572,0.784,73.428,11.46210614,5.54605463,2335.635048
IRL,Ireland,2019,0.942,0.927606879,0.947842798,0.079,0.979,84.04,19.23660088,11.78455323,51851.53344
ISR,Israel,2019,0.909,0.90325529,0.91294202,0.098,0.989,84.662,15.3523798,13.38325237,34597.34912
ITA,Italy,2019,0.899,0.880846669,0.911757076,0.054,0.966,85.603,16.76292038,10.506036,30261.48
JAM,Jamaica,2019,0.712,0.71624626,0.704864939,0.376,1.016,73.874,13.63364717,9.744774949,7940.311379
JPN,Japan,2019,0.918,0.899583174,0.932409516,0.083,0.965,87.427,15.40705967,12.33765583,31388.47453
JOR,Jordan,2019,0.744,0.677722783,0.773359124,0.45,0.876,78.506,12.78937578,10.04138994,3201.788521
KAZ,Kazakhstan,2019,0.81,0.805954779,0.809249393,0.19,0.996,75.281,14.86221027,12.34699868,17717.45474
KEN,Kenya,2019,0.604,0.587921934,0.620974971,0.541,0.947,65.275,11.27224225,7.271910191,3964.69418
KIR,Kiribati,2019,0.636,0.616548592,0.648015219,,0.951,68.782,12.42732,9.197369231,2830.979835
PRK,Korea (Democratic People's Rep. of),2019,,,,,,75.7,,,
KOR,Korea (Republic of),2019,0.922,0.891215756,0.943150039,0.075,0.945,86.706,15.94013977,11.86020016,28724.44771
KWT,Kuwait,2019,0.838,0.838530604,0.828324858,0.225,1.012,82.266,17.50462386,8.123162299,27248.64278
KGZ,Kyrgyzstan,2019,0.699,0.682695888,0.707960532,0.354,0.964,75.356,12.57026958,11.79433672,3277.221983
LAO,Lao People's Democratic Republic,2019,0.617,0.588916547,0.642968294,0.472,0.916,70.234,10.27552986,4.866732914,6113.368214
LVA,Latvia,2019,0.873,0.880720662,0.862229383,0.166,1.021,79.737,17.19519997,13.56832981,25036.03207
LBN,Lebanon,2019,0.76,0.734705855,0.776566349,0.386,0.946,81.043,12.84107565,8.047815414,10609.70183
LSO,Lesotho,2019,0.528,0.526676803,0.525865872,0.57,1.002,57.053,11.48356028,7.998889743,2234.871776
LBR,Liberia,2019,0.485,0.44660709,0.523601912,0.653,0.853,62.298,10.02798462,3.444506206,1157.020671
LBY,Libya,2019,0.756,0.752064247,0.754540465,0.269,0.997,75.766,14.87676795,8.443192945,14069.13438
LIE,Liechtenstein,2019,0.94,0.920015705,0.974321625,,0.944,85.822,14.35348034,12.01967926,110436.4953
LTU,Lithuania,2019,0.886,0.891724606,0.87752908,0.122,1.016,80.632,16.98307037,13.47340997,29879.68859
LUX,Luxembourg,2019,0.925,0.915517742,0.925434726,0.059,0.989,84.422,14.25139046,13.02883724,61610.59448
MDG,Madagascar,2019,0.498,0.48332429,0.510768189,0.575,0.946,68.21,9.464900017,4.663483302,1268.66045
MWI,Malawi,2019,0.514,0.49664121,0.532723954,0.579,0.932,67.968,11.39413894,4.294040012,1245.615872
MYS,Malaysia,2019,0.805,0.796234795,0.811288088,0.201,0.981,78.306,13.5830698,10.56863976,20747.82236
MDV,Maldives,2019,0.753,0.753832999,0.752974003,0.336,1.001,81.162,13.27128029,7.491471703,16103.37002
MLI,Mali,2019,0.421,0.377383776,0.458012795,0.659,0.824,60.841,6.444150646,1.398460031,1449.109099
MLT,Malta,2019,0.905,0.890669266,0.914994634,0.162,0.973,85.325,16.13820076,11.78878975,31503.95126
MHL,Marshall Islands,2019,0.722,0.68432947,0.744216209,,0.92,66.608,16.09598923,12.58197265,3689.662498
MRT,Mauritania,2019,0.552,0.511690175,0.587906976,0.602,0.87,67.651,8.764989853,3.973675429,2985.799884
MUS,Mauritius,2019,0.806,0.79061596,0.814237974,0.328,0.971,78.179,15.34187031,9.72431081,16243.70965
MEX,Mexico,2019,0.781,0.767800241,0.789605509,0.36,0.972,77.574,15.26714039,8.936504841,13407.5729
FSM,Micronesia (Federated States of),2019,0.64,0.619550321,0.654949882,,0.946,74.842,12.772848,6.9075114,2826.580922
MDA,Moldova (Republic of),2019,0.773,0.78277843,0.763554093,0.185,1.025,75.617,14.69075012,11.85783958,12606.93336
MCO,Monaco,2019,,,,,,88.526,19.33890641,,
MNG,Mongolia,2019,0.749,0.763251067,0.733410959,0.311,1.041,76.645,15.28514957,10.68372488,9240.255846
MNE,Montenegro,2019,0.841,0.825857512,0.853783417,0.118,0.967,80.219,15.30405998,11.90457064,16550.67829
MAR,Morocco,2019,0.684,0.616209604,0.726287132,0.448,0.848,76.448,13.31497955,4.988,3249.592655
MOZ,Mozambique,2019,0.465,0.443891755,0.484004572,0.495,0.917,63.92,10.17467847,2.932730039,1089.987314
MMR,Myanmar,2019,0.608,0.598992193,0.613536994,0.497,0.976,69.799,12.14396084,6.094560146,3724.312864
NAM,Namibia,2019,0.638,0.638301232,0.635335364,0.454,1.005,66.637,11.71860128,7.454418013,8285.843939
NRU,Nauru,2019,0.68,0.684320764,0.671495797,,1.019,67.321,13.86662311,8.558393,9837.5616
NPL,Nepal,2019,0.598,0.560225283,0.630743313,0.502,0.888,71.351,13.32361984,3.246469975,2548.24877
NLD,Netherlands,2019,0.941,0.917969572,0.960593087,0.028,0.956,83.556,18.63189507,12.21695471,40714.46375
NZL,New Zealand,2019,0.937,0.919579904,0.950707981,0.1,0.967,84.377,20.03783989,13.01848722,32707.11112
NIC,Nicaragua,2019,0.661,0.638640004,0.674147305,0.408,0.947,77.001,12.10364836,7.42,3392.787388
NER,Niger,2019,0.39,0.357887298,0.420694891,0.626,0.851,63.939,6.204130011,0.915692986,1044.829432
NGA,Nigeria,2019,0.537,0.487702859,0.584824162,0.694,0.834,53.165,9.664731368,5.857359886,3346.054939
MKD,North Macedonia,2019,0.787,0.7637374,0.805467095,0.134,0.948,79.459,13.13638973,10.42628002,11260.10818
NOR,Norway,2019,0.961,0.950142971,0.964681033,0.016,0.985,84.694,18.96408081,13.13508034,56004.48985
OMN,Oman,2019,0.841,0.803183566,0.852421132,0.261,0.942,79.947,14.6441803,11.93107605,12450.04026
PAK,Pakistan,2019,0.537,0.466599343,0.575809846,0.542,0.81,69.096,7.063519955,3.896490097,1775.855988
PLW,Palau,2019,0.792,0.795684201,0.79330786,,1.003,68.733,18.33025948,13.26726141,14489.93338
PSE,"Palestine, State of",2019,0.739,0.669589515,0.764621715,,0.876,77.338,14.02400017,10.64332008,2368.521342
PAN,Panama,2019,0.82,0.824048417,0.81446976,0.395,1.012,80.954,13.80181941,10.79374981,25539.04379
PNG,Papua New Guinea,2019,0.562,0.53907199,0.584524831,0.816,0.922,68.671,10.15911855,4.154688138,3215.170351
PRY,Paraguay,2019,0.746,0.741677758,0.749040267,0.435,0.99,76.441,14.72476583,8.808890343,10271.35264
PER,Peru,2019,0.774,0.755325771,0.790593761,0.383,0.955,78.497,14.76015935,9.325330482,9886.737865
PHL,Philippines,2019,0.714,0.707384457,0.71770675,0.392,0.986,73.742,13.45678997,9.232720375,7835.769903
POL,Poland,2019,0.88,0.881375408,0.875066588,0.111,1.007,81.74,16.66987038,13.28592229,24220.69737
PRT,Portugal,2019,0.864,0.859554465,0.867074191,0.078,0.991,84.547,16.78882027,9.363769531,28644.11962
QAT,Qatar,2019,0.869,0.878617039,0.864454845,0.167,1.016,82.646,15.16504955,11.61881592,40405.74375
ROU,Romania,2019,0.834,0.824716493,0.839883544,0.232,0.982,80.185,14.89050007,10.98981953,21376.35367
RUS,Russian Federation,2019,0.839,0.838860255,0.834160833,0.164,1.006,78.768,15.73412991,12.45875246,19957.87188
RWA,Rwanda,2019,0.531,0.512696475,0.548322193,0.411,0.935,68.48,10.88945007,4.222090006,1721.119909
KNA,Saint Kitts and Nevis,2019,0.838,,,,,75.195,19.72978973,11.1219032,
LCA,Saint Lucia,2019,0.733,0.738609071,0.72729062,0.355,1.016,77.058,13.31602955,8.804559708,12039.02827
VCT,Saint Vincent and the Grenadines,2019,0.789,,,,,75.58,16.20681009,10.99962108,
WSM,Samoa,2019,0.712,0.696757297,0.719184934,0.432,0.969,74.805,12.93554501,11.77301979,4051.617694
SMR,San Marino,2019,0.861,0.84838406,0.874555846,,0.97,84.376,11.78252029,10.79825974,48256.71843
STP,Sao Tome and Principe,2019,0.608,,,,,71.62,12.653188,5.194839954,
SAU,Saudi Arabia,2019,0.862,0.809850682,0.886437291,0.278,0.914,78.909,15.25619182,10.40663369,19198.77901
SEN,Senegal,2019,0.514,0.475587965,0.54040099,0.51,0.88,70.954,9.362509727,2.239959955,1735.523821
SRB,Serbia,2019,0.812,0.803946896,0.818267801,0.118,0.982,79.669,15.29236984,11.01638985,13952.39831
SYC,Seychelles,2019,0.808,0.838267185,0.782013762,,1.072,78.606,14.84438038,12.03576,25804.28985
SLE,Sierra Leone,2019,0.457,0.431801862,0.483674199,0.615,0.893,61.554,9.316337325,2.394880056,1373.19765
SGP,Singapore,2019,0.945,0.940932422,0.949683889,0.05,0.991,85.909,16.91781998,11.52062988,79087.62432
SVK,Slovakia,2019,0.863,0.858859056,0.863924501,0.194,0.994,81.01,15.06499958,12.86800003,24425.16134
SVN,Slovenia,2019,0.918,0.916849749,0.916668128,0.07,1.0,84.185,18.16566086,12.83347034,32861.5118
SLB,Solomon Islands,2019,0.568,0.558182384,0.586298131,,0.952,71.9,10.98741971,5.46320666,2239.043757
SOM,Somalia,2019,,,,,,59.092,,,626.8495385
ZAF,South Africa,2019,0.741,0.719308385,0.749688961,0.408,0.959,69.107,14.65775013,9.657389641,11138.83348
SSD,South Sudan,2019,0.391,,,,,57.29,4.510310007,4.762169838,
ESP,Spain,2019,0.904,0.896887753,0.90837228,0.056,0.987,86.165,18.02186012,10.28835487,32532.57044
LKA,Sri Lanka,2019,0.775,0.75492032,0.784578116,0.369,0.962,79.743,14.07257628,10.57141972,7756.556288
SDN,Sudan,2019,0.521,0.475729863,0.549106092,0.561,0.866,68.388,8.147929054,3.422,1941.411807
SUR,Suriname,2019,0.71,0.704674632,0.711337176,0.406,0.991,75.68,11.40811288,8.482901064,11235.12742
SWE,Sweden,2019,0.947,0.936340511,0.949661501,0.023,0.986,84.731,19.78601074,12.76821041,46062.92165
CHE,Switzerland,2019,0.96,0.942195413,0.972772164,0.018,0.969,85.56,16.34181976,13.48301029,55444.97012
SYR,Syrian Arab Republic,2019,0.564,0.488627451,0.605959581,0.487,0.806,75.638,7.128872337,5.466498416,1199.558518
TJK,Tajikistan,2019,0.668,0.634111216,0.695609712,0.291,0.912,73.01,10.39256361,10.88014417,2807.456703
TZA,Tanzania (United Republic of),2019,0.533,0.51611848,0.550423389,0.52,0.938,69.117,8.76622963,5.06879588,2168.771578
THA,Thailand,2019,0.801,0.806417965,0.796516736,0.316,1.012,83.433,16.12113786,8.56564045,15604.58803
TLS,Timor-Leste,2019,0.627,0.603539687,0.648622264,0.42,0.93,69.95,13.37252804,5.259169514,3833.402624
TGO,Togo,2019,0.536,0.501118309,0.5771599,0.584,0.868,61.443,12.18446359,3.902482887,1944.724707
TON,Tonga,2019,0.74,0.731999884,0.743187457,0.43,0.985,73.669,17.21001678,10.91693974,5027.681387
TTO,Trinidad and Tobago,2019,0.813,0.806563044,0.815859679,0.269,0.989,77.697,14.26842813,11.72598705,18058.11805
TUN,Tunisia,2019,0.74,0.707920983,0.758342288,0.262,0.934,79.379,15.41304004,7.070192014,5701.247438
TUR,Türkiye,2019,0.842,0.811129577,0.863485224,0.277,0.939,80.953,18.82058907,7.87033987,17300.81609
TKM,Turkmenistan,2019,0.732,,,,,72.464,12.05282974,10.77851009,
TUV,Tuvalu,2019,0.654,0.64662474,0.658260927,,0.982,68.85,11.74725008,10.33368969,4218.470832
UGA,Uganda,2019,0.544,0.519529212,0.571256659,0.528,0.909,64.99,11.08219551,5.087719306,1957.932062
UKR,Ukraine,2019,0.774,0.777433055,0.765605087,0.158,1.015,79.587,13.95524025,11.45783104,9971.660364
ARE,United Arab Emirates,2019,0.933,0.923321908,0.927613144,0.045,0.995,81.907,18.5087471,12.52534008,49980.51718
GBR,United Kingdom,2019,0.933,0.919960619,0.942972462,0.106,0.976,83.473,17.76353073,13.35174974,34892.72421
USA,United States,2019,0.933,0.929653475,0.933378501,0.192,0.996,81.719,17.35239029,13.63281488,51002.8767
URY,Uruguay,2019,0.818,0.829296424,0.810234728,0.267,1.024,81.296,18.42972336,9.251560211,17476.49911
UZB,Uzbekistan,2019,0.725,0.698190374,0.743273779,0.251,0.939,73.883,12.28444004,11.73186016,4901.693271
VUT,Vanuatu,2019,0.614,0.595026911,0.630861397,,0.943,72.405,11.59772682,6.519400475,2899.806337
VEN,Venezuela (Bolivarian Republic of),2019,0.72,0.718321584,0.713889038,0.497,1.006,76.566,14.43187003,10.03458498,5522.715266
VNM,Viet Nam,2019,0.717,0.718720415,0.714568811,0.391,1.006,78.888,13.26501197,8.034310341,8585.46755
YEM,Yemen,2019,0.43,0.226136911,0.486902972,0.789,0.464,68.627,6.823310108,1.604065739,155.8829579
ZMB,Zambia,2019,0.574,0.552190172,0.595024564,0.521,0.928,65.409,10.99850983,6.291983035,2649.654851
ZWE,Zimbabwe,2019,0.56,0.538674789,0.580313399,0.527,0.928,63.661,10.65111868,8.070019722,1804.460974
AFG,Afghanistan,2020,0.488,0.38137318,0.548740892,0.674,0.695,65.432,8.053256911,2.050736646,670.9962486
ALB,Albania,2020,0.784,0.775403713,0.793219864,0.129,0.978,79.676,15.01955986,9.811468219,11153.64445
DZA,Algeria,2020,0.73,0.666723869,0.758643255,0.396,0.879,75.912,15.99970124,6.490567748,3709.098381
AND,Andorra,2020,0.843,,,,,83.192,11.87710953,11.17857647,
AGO,Angola,2020,0.594,0.564139616,0.622442299,0.529,0.906,64.982,11.5354,4.462809114,4823.101218
ATG,Antigua and Barbuda,2020,0.82,,,,,81.316,16.74628979,10.3442228,
ARG,Argentina,2020,0.841,0.832788419,0.833979413,0.303,0.999,79.285,20.03861046,11.39165974,14476.2118
ARM,Armenia,2020,0.769,0.769557919,0.765450692,0.223,1.005,76.996,14.40810013,11.32151985,10228.8343
AUS,Australia,2020,0.948,0.930064914,0.961623306,0.074,0.967,85.719,21.73601913,12.81058979,36766.3672
AUT,Austria,2020,0.916,0.902151972,0.926511719,0.052,0.974,83.906,16.5221405,12.04894857,39496.17292
AZE,Azerbaijan,2020,0.722,0.712016501,0.72963501,0.333,0.976,70.998,12.72764969,10.21799194,10088.08437
BHS,Bahamas,2020,0.798,0.80056505,0.795706016,0.331,1.006,76.27,12.16470981,12.82493607,21369.65342
BHR,Bahrain,2020,0.884,0.8636048,0.897164112,0.197,0.963,80.433,16.98966408,10.78437042,31548.34434
BGD,Bangladesh,2020,0.657,0.619430608,0.68291174,0.502,0.907,73.957,12.40666962,6.755380154,3272.145361
BRB,Barbados,2020,0.803,0.808905971,0.786365511,0.296,1.029,79.21,18.28634039,10.35100499,11589.20874
BLR,Belarus,2020,0.8,0.803506582,0.795407223,0.1,1.01,77.866,14.2735796,12.26702163,14931.44965
BEL,Belgium,2020,0.93,0.916491033,0.941164776,0.048,0.974,83.05,20.31361961,12.50440062,39038.49035
BLZ,Belize,2020,0.705,0.700176172,0.707172148,0.472,0.99,76.626,13.55453968,9.042070389,5600.603472
BEN,Benin,2020,0.501,0.45789616,0.542139059,0.65,0.845,61.485,9.462470055,2.059994265,2444.762911
BTN,Bhutan,2020,0.675,0.667532599,0.681308525,0.326,0.98,73.536,13.59799871,5.211722545,9443.670327
BOL,Bolivia (Plurinational State of),2020,0.691,0.679965538,0.703713995,0.428,0.966,67.841,14.87067902,9.216730118,6294.236065
BIH,Bosnia and Herzegovina,2020,0.776,0.751562612,0.797193667,0.137,0.943,78.414,13.68610001,9.778189659,10218.4967
BWA,Botswana,2020,0.701,0.696475698,0.704786327,0.488,0.988,68.051,11.77595825,10.36,11513.89001
BRA,Brazil,2020,0.758,0.754852672,0.758115943,0.409,0.996,77.375,15.93540001,8.486056479,10445.82413
BRN,Brunei Darussalam,2020,0.827,0.815776595,0.831265602,0.285,0.981,77.033,14.17733955,9.23,44890.28873
BGR,Bulgaria,2020,0.802,0.800574124,0.803120377,0.204,0.997,77.508,14.2948103,11.50780964,17096.5262
BFA,Burkina Faso,2020,0.446,0.415457663,0.472463463,0.627,0.879,61.598,8.711700439,1.634014826,1432.749847
BDI,Burundi,2020,0.419,0.41247794,0.426658789,0.501,0.967,63.675,10.19314993,2.636837474,721.8421116
CPV,Cabo Verde,2020,0.649,0.641179163,0.652923535,0.351,0.982,79.16,11.77959971,5.807281856,4670.952119
KHM,Cambodia,2020,0.596,0.573872126,0.619654434,0.489,0.926,72.724,11.32613074,4.123239994,3594.309207
CMR,Cameroon,2020,0.585,0.554424622,0.614991423,0.558,0.902,62.633,12.67795079,5.633947949,2949.015343
CAN,Canada,2020,0.928,0.92157509,0.933000011,0.075,0.988,84.104,16.47273064,13.96031896,37380.4382
CAF,Central African Republic,2020,0.389,,,,,56.757,6.094853701,2.656642005,
TCD,Chad,2020,0.396,0.343697315,0.443837735,0.697,0.774,54.396,6.846322732,1.2932629,1046.374627
CHL,Chile,2020,0.849,0.832835343,0.859809105,0.22,0.969,82.041,16.57752037,11.02533818,15478.8901
CHN,China,2020,0.781,0.76423875,0.793824029,0.19,0.963,81.058,15.65643534,7.543190438,11898.57196
COL,Colombia,2020,0.756,0.75151034,0.760390861,0.417,0.988,78.136,15.14682961,9.016329765,9473.565497
COM,Comoros,2020,0.588,0.559337207,0.613146444,,0.912,66.593,13.37298971,5.222353096,2288.196599
COG,Congo,2020,0.598,0.566446747,0.624785799,0.584,0.907,65.397,12.99831126,7.242174036,2061.778912
COD,Congo (Democratic Republic of the),2020,0.477,0.449407427,0.506391117,0.608,0.887,61.7,9.550751016,5.849373167,871.1689295
CRI,Costa Rica,2020,0.811,0.807686915,0.812472646,0.241,0.994,81.912,16.66074974,8.892390251,15240.32489
CIV,Côte d'Ivoire,2020,0.53,0.488831554,0.568654007,0.62,0.86,60.351,9.532830238,3.055541139,3740.412234
HRV,Croatia,2020,0.86,0.855719095,0.863630411,0.095,0.991,80.91,16.36845016,12.11152878,21651.8209
CUB,Cuba,2020,0.759,0.744438894,0.766465224,0.305,0.971,80.225,15.0847702,10.64826957,5317.300458
CYP,Cyprus,2020,0.9,0.887120962,0.910687317,0.235,0.974,83.448,16.38664055,12.41040993,29090.68256
CZE,Czechia,2020,0.891,0.883122226,0.895523483,0.125,0.986,81.541,16.72307968,12.77560331,28083.74439
DNK,Denmark,2020,0.946,0.935934816,0.954463666,0.013,0.981,83.502,19.25827026,13.15695,47426.03633
DJI,Djibouti,2020,0.512,0.463032213,0.548870033,,0.844,65.461,8.217637318,2.853793993,2164.345692
DMA,Dominica,2020,0.738,,,,,77.26,14.39806186,8.9922852,
DOM,Dominican Republic,2020,0.76,0.768754059,0.749707121,0.441,1.025,76.914,15.35653973,9.559819495,12408.85703
ECU,Ecuador,2020,0.734,0.738840993,0.730636851,0.375,1.011,76.056,15.3018198,8.800060272,9100.36582
EGY,Egypt,2020,0.729,0.662996276,0.753292919,0.398,0.88,73.39,12.79423046,10.22875714,3442.304715
SLV,El Salvador,2020,0.666,0.652632412,0.673506037,0.359,0.969,75.413,12.23986755,6.769279957,5440.765377
GNQ,Equatorial Guinea,2020,0.65,,,,,62.943,11.95497827,8.1781822,
ERI,Eritrea,2020,0.49,,,,,69.337,6.863511833,3.975357679,
EST,Estonia,2020,0.891,0.897849945,0.881343257,0.095,1.019,82.256,16.61120987,13.78102016,28725.70555
SWZ,Eswatini (Kingdom of),2020,0.622,0.616078311,0.627734976,0.501,0.981,63.678,14.39192655,5.81,6140.930648
ETH,Ethiopia,2020,0.489,0.468039365,0.508422694,0.499,0.921,68.426,10.23005914,1.671867083,1688.274776
FJI,Fiji,2020,0.722,0.692388513,0.738957202,0.336,0.937,69.743,14.2889806,10.49804258,5729.016748
FIN,Finland,2020,0.939,0.933105044,0.94255215,0.032,0.99,84.653,19.97109985,13.11326253,40434.64176
FRA,France,2020,0.9,0.894894526,0.90396855,0.084,0.99,85.171,16.33692932,11.53085299,35452.33169
GAB,Gabon,2020,0.704,0.694369627,0.707422333,0.532,0.982,69.116,12.5830284,10.42,8432.882447
GMB,Gambia,2020,0.492,0.477687784,0.508186734,0.589,0.94,64.235,9.860675743,3.672250032,1704.302163
GEO,Georgia,2020,0.807,0.807318025,0.805058848,0.277,1.003,77.874,16.40266037,12.83090337,10240.71155
DEU,Germany,2020,0.948,0.927015372,0.963888489,0.078,0.962,83.645,17.22356987,13.99030018,37766.05308
GHA,Ghana,2020,0.601,0.581010781,0.62298736,0.52,0.933,66.385,11.30471039,5.553439108,4713.263766
GRC,Greece,2020,0.887,0.872683168,0.89995687,0.119,0.97,83.539,19.82951927,11.09685993,21834.23707
GRD,Grenada,2020,0.786,0.784003351,0.787930884,,0.995,77.869,17.12523042,9.79266232,10658.92921
GTM,Guatemala,2020,0.638,0.605662376,0.6603835,0.482,0.917,75.545,10.64086602,5.204884199,4662.816253
GIN,Guinea,2020,0.471,0.421578423,0.516533088,0.641,0.816,60.449,9.130434204,1.402865117,1691.741893
GNB,Guinea-Bissau,2020,0.482,0.450644756,0.521879423,0.633,0.864,62.265,10.38217728,2.470246,1445.799456
GUY,Guyana,2020,0.727,0.719458004,0.730771152,0.426,0.985,72.118,13.32177301,8.703121311,13325.27604
HTI,Haiti,2020,0.557,0.535630924,0.575902841,0.624,0.93,67.118,11.08701137,5.093575575,2224.443492
HND,Honduras,2020,0.621,0.617754358,0.624720685,0.424,0.989,73.987,10.32103672,6.867461256,4566.065584
HKG,"Hong Kong, China (SAR)",2020,0.955,0.940657345,0.968925385,,0.971,88.282,17.71925926,11.8957936,49272.47295
HUN,Hungary,2020,0.849,0.840613176,0.854838103,0.247,0.983,79.027,15.3894701,12.09698963,23118.29147
ISL,Iceland,2020,0.955,0.941962597,0.958912173,0.051,0.982,84.089,19.46157074,13.86952972,43187.61872
IND,India,2020,0.638,0.569477136,0.67969685,0.453,0.838,71.824,11.73425961,5.370069981,2430.703463
IDN,Indonesia,2020,0.712,0.687696293,0.730414691,0.446,0.942,70.982,14.07574064,8.206930161,7698.689603
IRN,Iran (Islamic Republic of),2020,0.779,0.708295334,0.803982436,0.485,0.881,77.817,14.16625023,10.74479281,3954.160019
IRQ,Iraq,2020,0.661,0.557775944,0.711412215,0.569,0.784,71.185,11.6435291,5.648159084,2003.301818
IRL,Ireland,2020,0.945,0.9295348,0.950356932,0.073,0.978,84.131,19.22913933,11.86322577,52444.73115
ISR,Israel,2020,0.906,0.901975308,0.909249311,0.085,0.992,84.47,15.37782955,13.49055743,33396.99555
ITA,Italy,2020,0.892,0.876130722,0.902749207,0.055,0.971,84.691,16.9985199,10.60560989,28019.8406
JAM,Jamaica,2020,0.707,0.710791227,0.700053073,0.353,1.015,73.918,13.58827636,9.859584688,7053.855846
JPN,Japan,2020,0.917,0.897882821,0.93176217,0.085,0.964,87.724,15.42416954,12.3520298,29993.96683
JOR,Jordan,2020,0.74,0.679510507,0.767920458,0.456,0.885,77.772,12.88729797,10.07157993,3382.423083
KAZ,Kazakhstan,2020,0.806,0.805364566,0.803690695,0.185,1.002,74.18,15.02602959,12.45658094,18564.61218
KEN,Kenya,2020,0.599,0.581657855,0.616292707,0.539,0.944,65.062,11.3814695,7.109600067,3648.331894
KIR,Kiribati,2020,0.629,0.615095399,0.637671033,,0.965,68.948,12.42732,9.292067793,2689.169752
PRK,Korea (Democratic People's Rep. of),2020,,,,,,75.725,,,
KOR,Korea (Republic of),2020,0.922,0.892399967,0.943257916,0.066,0.946,86.702,15.96578979,11.97633078,28496.59531
KWT,Kuwait,2020,0.826,0.828857022,0.814742784,0.203,1.017,80.023,17.84918291,8.272894602,24981.57836
KGZ,Kyrgyzstan,2020,0.691,0.675943174,0.70038519,0.361,0.965,73.775,12.75382996,11.88298442,3162.709334
LAO,Lao People's Democratic Republic,2020,0.616,0.589595032,0.641837268,0.456,0.919,70.594,10.00139046,4.995009421,6200.320116
LVA,Latvia,2020,0.873,0.880129404,0.862909833,0.146,1.02,79.538,17.11668015,13.64862723,25165.77778
LBN,Lebanon,2020,0.742,0.706677649,0.762553252,0.388,0.927,79.895,12.79566002,8.047852662,6956.175708
LSO,Lesotho,2020,0.53,0.526571371,0.529562349,0.56,0.994,57.537,11.38711406,8.189024107,2096.807031
LBR,Liberia,2020,0.483,0.447260942,0.519899909,0.658,0.86,62.355,10.14880276,3.62626494,1100.430977
LBY,Libya,2020,0.737,0.72977355,0.738535117,0.269,0.988,75.348,14.80444533,8.435953453,9656.236293
LIE,Liechtenstein,2020,0.933,0.916897842,0.966021056,,0.949,85.006,14.34834957,12.09086443,108379.2623
LTU,Lithuania,2020,0.88,0.890109323,0.868891852,0.107,1.024,80.026,16.93457985,13.58351994,30312.55026
LUX,Luxembourg,2020,0.921,0.912349178,0.921379915,0.048,0.99,83.73,14.28886032,12.93417865,62968.28494
MDG,Madagascar,2020,0.486,0.47180441,0.498538096,0.571,0.946,67.612,9.330857735,4.477916559,1161.850091
MWI,Malawi,2020,0.512,0.495948171,0.529582396,0.58,0.936,67.597,11.5095995,4.292150021,1236.819957
MYS,Malaysia,2020,0.802,0.79504568,0.808180394,0.197,0.984,78.472,13.44344997,10.6902567,19916.50898
MDV,Maldives,2020,0.737,0.721885298,0.742107574,0.338,0.973,81.273,13.33348102,7.869674371,7772.563666
MLI,Mali,2020,0.407,0.367222245,0.440213375,0.608,0.834,59.94,6.4333433,1.135959983,1384.646672
MLT,Malta,2020,0.901,0.891084067,0.906846773,0.167,0.983,86.222,16.16621971,12.00041962,27789.75402
MHL,Marshall Islands,2020,0.727,0.696052386,0.746700382,,0.932,66.882,16.4027729,12.74359657,4100.481417
MRT,Mauritania,2020,0.539,0.501076247,0.573348475,0.605,0.874,66.335,8.160340309,4.11278431,2981.493404
MUS,Mauritius,2020,0.792,0.783825703,0.795920185,0.363,0.985,77.736,15.18282986,9.864661688,14816.18452
MEX,Mexico,2020,0.757,0.749509876,0.761367522,0.362,0.984,74.314,15.17889977,9.096670151,12446.2781
FSM,Micronesia (Federated States of),2020,0.636,0.617073515,0.649578532,,0.95,74.54,12.74115867,6.8911421,2791.069469
MDA,Moldova (Republic of),2020,0.765,0.775058455,0.755578457,0.185,1.026,74.852,14.88331985,11.87922207,11307.6315
MCO,Monaco,2020,,,,,,88.436,19.38840748,,
MNG,Mongolia,2020,0.74,0.755358975,0.723157298,0.304,1.045,77.02,15.2856874,9.949589729,8983.032947
MNE,Montenegro,2020,0.832,0.817245326,0.844056882,0.131,0.968,79.468,15.50765038,12.0696905,14102.19221
MAR,Morocco,2020,0.683,0.615093387,0.723270427,0.444,0.85,76.308,13.64076042,5.14,2943.508842
MOZ,Mozambique,2020,0.467,0.447837553,0.483233993,0.478,0.927,64.16,10.32496843,3.228760004,1050.71956
MMR,Myanmar,2020,0.615,0.598482195,0.623255514,0.471,0.96,69.959,12.32135567,6.195670039,3452.541386
NAM,Namibia,2020,0.634,0.635306577,0.630736051,0.451,1.007,66.606,11.74091522,7.515436441,7657.406272
NRU,Nauru,2020,0.689,0.701365635,0.677206974,,1.036,67.272,14.37941093,9.327438733,10648.95149
NPL,Nepal,2020,0.593,0.554199756,0.627231013,0.497,0.884,71.173,12.82380009,3.424288376,2451.573032
NLD,Netherlands,2020,0.938,0.916374003,0.95586237,0.027,0.959,83.339,18.70557022,12.3527298,39128.29932
NZL,New Zealand,2020,0.935,0.918984068,0.948663097,0.09,0.969,84.57,19.70183945,12.93587971,32311.10934
NIC,Nicaragua,2020,0.652,0.630444023,0.664100766,0.405,0.949,75.012,12.26851409,7.54,3206.341991
NER,Niger,2020,0.391,0.349455065,0.426826324,0.632,0.819,62.454,6.492571987,0.965615989,869.2860831
NGA,Nigeria,2020,0.539,0.500585821,0.577538909,0.685,0.867,53.323,9.934515684,6.206914902,3759.097727
MKD,North Macedonia,2020,0.766,0.742664772,0.783978248,0.136,0.947,77.497,13.14542961,9.653639793,10621.79622
NOR,Norway,2020,0.963,0.951397039,0.967056294,0.014,0.984,84.885,19.07895088,13.21011267,55380.33448
OMN,Oman,2020,0.823,0.786677,0.834157928,0.261,0.943,76.788,13.87254047,12.27151012,12871.69308
PAK,Pakistan,2020,0.536,0.47372939,0.570296558,0.527,0.831,68.825,7.336258257,3.928515917,1910.958039
PLW,Palau,2020,0.794,0.796912476,0.794425637,,1.003,69.591,18.34244991,13.34296124,13361.01413
PSE,"Palestine, State of",2020,0.715,0.649541193,0.737809435,,0.88,76.683,13.98742962,9.916460037,2062.639191
PAN,Panama,2020,0.809,0.819557606,0.797806601,0.386,1.027,80.034,13.86388663,10.94374988,24230.17839
PNG,Papua New Guinea,2020,0.567,0.544323402,0.589146407,0.815,0.924,68.804,10.52003111,4.215786493,3192.2698
PRY,Paraguay,2020,0.742,0.738092919,0.744678051,0.434,0.991,76.156,14.58406313,8.856229782,9994.533852
PER,Peru,2020,0.758,0.743549787,0.772073107,0.392,0.963,76.816,14.88586691,9.449307529,8740.836465
PHL,Philippines,2020,0.705,0.699506587,0.708559288,0.389,0.987,73.997,13.21805954,9.24822052,6901.317815
POL,Poland,2020,0.874,0.876559546,0.869097596,0.11,1.009,80.985,16.59943008,13.34002972,23768.1798
PRT,Portugal,2020,0.861,0.858030278,0.862849112,0.078,0.994,83.981,16.87392044,9.607560158,27145.19176
QAT,Qatar,2020,0.863,0.873809375,0.857938938,0.168,1.018,80.679,15.28956032,11.79638314,41704.72718
ROU,Romania,2020,0.828,0.812483046,0.840794077,0.229,0.966,79.366,14.12421989,11.09125994,20557.06073
RUS,Russian Federation,2020,0.826,0.830471835,0.81835244,0.187,1.015,76.387,15.84734259,12.47047606,20930.78451
RWA,Rwanda,2020,0.535,0.518829107,0.550537514,0.4,0.942,68.996,11.09107685,4.522069931,1672.695295
KNA,Saint Kitts and Nevis,2020,0.832,,,,,75.266,19.72978973,11.1219032,
LCA,Saint Lucia,2020,0.724,0.732152859,0.716226134,0.357,1.022,77.055,13.29776955,8.837794323,10587.30969
VCT,Saint Vincent and the Grenadines,2020,0.785,,,,,74.944,16.42287899,11.03757668,
WSM,Samoa,2020,0.712,0.697552286,0.719095912,0.422,0.97,75.459,12.98814,11.76791141,3894.806996
SMR,San Marino,2020,0.844,0.835199667,0.855153972,,0.977,82.431,11.85291958,10.6984396,44541.1647
STP,Sao Tome and Principe,2020,0.609,,,,,70.878,12.93469946,5.273353992,
SAU,Saudi Arabia,2020,0.861,0.81301366,0.884241067,0.249,0.919,77.992,15.52692067,10.73622036,19644.33185
SEN,Senegal,2020,0.514,0.489702887,0.536000101,0.51,0.914,70.271,9.575149536,2.344075379,2162.91381
SRB,Serbia,2020,0.806,0.799917423,0.811035859,0.118,0.986,78.614,15.07952023,11.18731102,14218.88727
SYC,Seychelles,2020,0.799,0.828232452,0.774150738,,1.07,78.05,14.47247982,12.03576,23967.02703
SLE,Sierra Leone,2020,0.453,0.428736449,0.483131093,0.615,0.887,61.116,9.446272874,2.426674879,1291.179025
SGP,Singapore,2020,0.942,0.939357534,0.945505116,0.038,0.993,85.322,16.92181015,11.62705994,75777.20441
SVK,Slovakia,2020,0.86,0.856566451,0.860485086,0.184,0.995,80.36,15.10182953,12.98776118,24059.37495
SVN,Slovenia,2020,0.91,0.91081223,0.90814006,0.069,1.003,83.306,18.13762093,12.93550703,31176.04545
SLB,Solomon Islands,2020,0.566,0.558513586,0.582710303,,0.958,71.802,11.0673969,5.509549573,2211.88307
SOM,Somalia,2020,,,,,,58.051,,,567.1518478
ZAF,South Africa,2020,0.722,0.714303258,0.725867612,0.403,0.984,67.964,14.45913982,10.47360992,9895.458726
SSD,South Sudan,2020,0.386,,,,,56.998,4.510310007,4.762169838,
ESP,Spain,2020,0.894,0.889293008,0.897252518,0.056,0.991,85.014,18.03096008,10.52787018,29561.42613
LKA,Sri Lanka,2020,0.777,0.754518434,0.786263965,0.37,0.96,80.111,14.11550272,10.83043003,7081.786381
SDN,Sudan,2020,0.518,0.474198084,0.54610866,0.552,0.868,68.208,8.280140314,3.5,1809.529347
SUR,Suriname,2020,0.702,0.696461153,0.703800278,0.406,0.99,75.981,11.3730666,8.558285912,9194.438352
SWE,Sweden,2020,0.944,0.933364072,0.945537083,0.023,0.987,84.285,20.07490921,12.84683271,44624.59288
CHE,Switzerland,2020,0.957,0.940662187,0.969006571,0.018,0.971,85.078,16.46332932,13.5494734,54274.57678
SYR,Syrian Arab Republic,2020,0.561,0.485065867,0.602497893,0.488,0.805,75.555,7.170177367,5.417379107,1144.494267
TJK,Tajikistan,2020,0.656,0.624115424,0.681784064,0.279,0.915,70.17,10.43384543,10.89829118,2878.989995
TZA,Tanzania (United Republic of),2020,0.535,0.523875775,0.546859012,0.513,0.958,68.542,9.106320381,5.104927611,2394.46879
THA,Thailand,2020,0.8,0.804573169,0.794730613,0.315,1.012,83.697,15.88201046,8.724169622,14888.87685
TLS,Timor-Leste,2020,0.633,0.609351192,0.654512219,0.415,0.931,70.279,13.4255446,5.50932282,3890.6117
TGO,Togo,2020,0.54,0.500714774,0.587675732,0.575,0.852,61.576,12.54580104,4.189005873,1698.052552
TON,Tonga,2020,0.742,0.736460882,0.743774022,0.424,0.99,73.698,17.36092949,10.95345124,5255.668493
TTO,Trinidad and Tobago,2020,0.815,0.808355301,0.816833216,0.269,0.99,77.881,14.4262109,11.8669197,17313.37382
TUN,Tunisia,2020,0.734,0.701380425,0.750777182,0.244,0.934,79.279,15.51537756,7.277901917,4852.33196
TUR,Türkiye,2020,0.835,0.803601584,0.857036113,0.277,0.938,79.061,19.07266045,8.07304427,16957.80644
TKM,Turkmenistan,2020,0.731,,,,,71.984,12.39632034,10.83326343,
TUV,Tuvalu,2020,0.655,0.647760735,0.660284076,,0.981,68.978,11.39925003,10.46696417,4385.556794
UGA,Uganda,2020,0.545,0.518153293,0.575413723,0.527,0.9,64.898,11.14553059,5.15520031,1877.794454
UKR,Ukraine,2020,0.762,0.76514463,0.75522045,0.187,1.013,77.371,13.77738953,11.43926415,9927.877004
ARE,United Arab Emirates,2020,0.93,0.914971447,0.934107359,0.03,0.98,81.112,19.75328064,12.5568552,45584.28474
GBR,United Kingdom,2020,0.92,0.914157889,0.925206109,0.1,0.988,82.448,17.77356911,13.44999981,33729.33301
USA,United States,2020,0.923,0.921611802,0.922559182,0.186,0.999,80.308,17.32646942,13.73783016,49468.06254
URY,Uruguay,2020,0.82,0.83074139,0.813191461,0.249,1.022,81.911,18.61141663,9.333094784,16725.80168
UZB,Uzbekistan,2020,0.716,0.676726699,0.739860339,0.246,0.915,72.789,12.00640011,11.70782518,3901.244776
VUT,Vanuatu,2020,0.612,0.588925151,0.630033607,,0.935,72.427,11.74143851,6.59341665,2514.479922
VEN,Venezuela (Bolivarian Republic of),2020,0.691,0.686901165,0.686123478,0.522,1.001,75.814,14.26300396,9.786442835,3737.672469
VNM,Viet Nam,2020,0.726,0.726088366,0.724034183,0.386,1.003,79.92,13.33436295,8.138282269,8740.95394
YEM,Yemen,2020,0.43,0.225837282,0.486586215,0.787,0.464,67.885,6.881697407,1.754562204,154.8755585
ZMB,Zambia,2020,0.569,0.55389385,0.586177913,0.522,0.945,65.043,11.07545672,6.432586008,2690.438836
ZWE,Zimbabwe,2020,0.554,0.535340889,0.572063928,0.52,0.936,63.862,10.69515879,8.190792855,1643.892266
AFG,Afghanistan,2021,0.473,0.379129485,0.528559011,0.653,0.717,65.279,8.053256911,2.311079979,618.8682881
ALB,Albania,2021,0.785,0.777866227,0.792941754,0.117,0.981,79.173,14.84924984,9.811468219,12550.78289
DZA,Algeria,2021,0.74,0.677675003,0.768169354,0.457,0.882,77.959,16.13194023,6.490567748,3786.828917
AND,Andorra,2021,0.855,,,,,84.324,12.00349045,11.35058308,
AGO,Angola,2021,0.59,0.557096361,0.620342003,0.529,0.898,64.307,11.5354,4.462809114,4438.483138
ATG,Antigua and Barbuda,2021,0.819,,,,,80.941,16.74628979,10.3442228,
ARG,Argentina,2021,0.844,0.832734391,0.841562592,0.296,0.99,78.647,20.91489983,11.39165974,15303.16408
ARM,Armenia,2021,0.774,0.776964338,0.76863294,0.202,1.011,77.35,14.7423296,11.32151985,10735.43075
AUS,Australia,2021,0.949,0.931899711,0.960858597,0.073,0.97,85.84,21.98143005,12.81058979,37647.30245
AUT,Austria,2021,0.92,0.908226054,0.929696551,0.052,0.977,84.084,16.83849907,12.04894857,41209.31665
AZE,Azerbaijan,2021,0.738,0.726160775,0.746644707,0.327,0.973,73.287,12.73447037,10.21799194,10696.8926
BHS,Bahamas,2021,0.799,0.801515851,0.796632119,0.335,1.006,75.096,12.16470981,12.82493607,24563.91033
BHR,Bahrain,2021,0.884,0.84256302,0.901353194,0.192,0.935,80.018,16.99803734,10.78437042,21717.93517
BGD,Bangladesh,2021,0.662,0.624948823,0.68795021,0.5,0.908,74.267,12.40666962,6.755380154,3518.545078
BRB,Barbados,2021,0.803,0.80903694,0.786891193,0.296,1.028,79.359,18.28634039,10.35100499,11472.1547
BLR,Belarus,2021,0.801,0.802012319,0.797846125,0.099,1.005,77.697,14.23575974,12.26702163,14840.45052
BEL,Belgium,2021,0.938,0.926128726,0.9480966,0.048,0.977,84.296,19.9310894,12.50440062,41705.43835
BLZ,Belize,2021,0.698,0.700386696,0.69602505,0.455,1.006,74.332,13.19169044,9.042070389,7158.687322
BEN,Benin,2021,0.502,0.459314012,0.542774951,0.644,0.846,61.445,9.462470055,2.059994265,2527.037366
BTN,Bhutan,2021,0.677,0.671331251,0.682830492,0.318,0.983,73.773,13.59799871,5.211722545,9994.606964
BOL,Bolivia (Plurinational State of),2021,0.691,0.67994778,0.702569006,0.42,0.968,66.8,15.13321182,9.216730118,6646.898023
BIH,Bosnia and Herzegovina,2021,0.776,0.75542636,0.794613833,0.131,0.951,77.53,13.76589012,9.778189659,11663.49449
BWA,Botswana,2021,0.68,0.679303741,0.680547182,0.486,0.998,63.594,11.77283955,10.36,13188.27265
BRA,Brazil,2021,0.756,0.754503911,0.753557414,0.405,1.001,76.009,16.22303963,8.486056479,11094.10847
BRN,Brunei Darussalam,2021,0.824,0.814582916,0.830527703,0.283,0.981,76.881,14.17733955,9.23,44453.68018
BGR,Bulgaria,2021,0.796,0.79387899,0.797286179,0.209,0.996,75.482,14.12744999,11.50780964,18799.98591
BFA,Burkina Faso,2021,0.445,0.415146563,0.471982279,0.627,0.88,60.99,8.751199722,1.634014826,1470.538559
BDI,Burundi,2021,0.419,0.403687174,0.435493523,0.501,0.927,63.609,10.19314993,2.636837474,639.7495802
CPV,Cabo Verde,2021,0.65,0.641171958,0.653541344,0.326,0.981,78.457,11.77959971,5.807281856,4901.415651
KHM,Cambodia,2021,0.596,0.576549498,0.616734568,0.484,0.935,72.291,11.32613074,4.373630047,3650.585638
CMR,Cameroon,2021,0.581,0.550200005,0.611157005,0.556,0.9,62.018,12.67795079,5.633947949,2875.34109
CAN,Canada,2021,0.934,0.92763031,0.937899101,0.074,0.989,84.671,16.53586006,13.96031896,39339.66934
CAF,Central African Republic,2021,0.387,,,,,56.303,6.094853701,2.656642005,
TCD,Chad,2021,0.393,0.341208869,0.439826949,0.661,0.776,54.283,6.846322732,1.2932629,1002.873273
CHL,Chile,2021,0.856,0.840088975,0.867273287,0.197,0.969,81.437,17.08077049,11.02533818,17091.91099
CHN,China,2021,0.785,0.768986354,0.798417518,0.185,0.963,81.155,15.65643534,7.543190438,12909.78784
COL,Colombia,2021,0.752,0.751060581,0.751448973,0.416,0.999,76.442,14.67448044,9.016329765,11820.31017
COM,Comoros,2021,0.585,0.55870318,0.60857634,,0.918,65.827,13.37298971,5.222353096,2392.373662
COG,Congo,2021,0.598,0.566659753,0.625921253,0.583,0.905,64.935,12.99831126,7.242174036,2138.207676
COD,Congo (Democratic Republic of the),2021,0.475,0.448542778,0.503687483,0.608,0.891,61.521,9.550751016,5.849373167,868.9089528
CRI,Costa Rica,2021,0.804,0.799070391,0.806495047,0.238,0.991,79.811,16.66074974,8.892390251,15536.92729
CIV,Côte d'Ivoire,2021,0.53,0.488879701,0.56853637,0.613,0.86,59.941,9.532830238,3.055541139,3895.953214
HRV,Croatia,2021,0.867,0.865931154,0.867027275,0.092,0.999,81.055,16.48468971,12.11152878,25413.89297
CUB,Cuba,2021,0.742,0.730351341,0.749153299,0.3,0.975,76.359,15.2621603,10.64826957,5438.573326
CYP,Cyprus,2021,0.901,0.889811161,0.909961458,0.254,0.978,83.204,16.64411926,12.41040993,29912.25263
CZE,Czechia,2021,0.891,0.885172766,0.895440801,0.119,0.989,80.888,16.93660927,12.77560331,29965.80481
DNK,Denmark,2021,0.947,0.937023461,0.956214545,0.013,0.98,83.276,19.37519073,13.15695,49585.1189
DJI,Djibouti,2021,0.512,0.463810558,0.549056798,,0.845,65.019,8.217637318,2.853793993,2269.98616
DMA,Dominica,2021,0.737,,,,,76.301,14.39806186,8.9922852,
DOM,Dominican Republic,2021,0.756,0.767338471,0.742307766,0.434,1.034,76.291,14.77552032,9.559819495,14220.9393
ECU,Ecuador,2021,0.746,0.749523165,0.744102182,0.372,1.007,77.462,15.3018198,9.141539574,9159.248375
EGY,Egypt,2021,0.726,0.664501565,0.74991805,0.391,0.886,72.608,12.79423046,10.22875714,3728.114978
SLV,El Salvador,2021,0.669,0.657492365,0.676491795,0.371,0.972,75.149,12.23986755,6.769279957,6076.077655
GNQ,Equatorial Guinea,2021,0.647,,,,,62.726,11.95497827,8.1781822,
ERI,Eritrea,2021,0.49,,,,,68.655,6.863511833,3.975357679,
EST,Estonia,2021,0.89,0.899876306,0.878238399,0.099,1.025,81.231,16.80971909,13.78102016,31853.44425
SWZ,Eswatini (Kingdom of),2021,0.612,0.608267364,0.616902839,0.499,0.986,61.248,14.39192655,5.81,6745.439504
ETH,Ethiopia,2021,0.489,0.466595314,0.508976662,0.495,0.917,68.285,10.23005914,1.671867083,1659.060241
FJI,Fiji,2021,0.715,0.685409087,0.732535261,0.329,0.936,68.877,14.3983,10.43344021,5435.53801
FIN,Finland,2021,0.941,0.934748332,0.945316923,0.033,0.989,84.718,20.25945091,13.11326253,41477.48161
FRA,France,2021,0.906,0.898374579,0.91111348,0.083,0.986,85.485,16.40241051,11.53085299,36398.89282
GAB,Gabon,2021,0.687,0.676141385,0.69000689,0.523,0.98,68.494,12.5830284,10.42,6342.957944
GMB,Gambia,2021,0.49,0.475975328,0.506430431,0.587,0.94,63.529,9.860675743,3.672250032,1735.056844
GEO,Georgia,2021,0.809,0.809017653,0.806220805,0.287,1.003,76.681,16.78897095,12.79648654,11102.15766
DEU,Germany,2021,0.948,0.929198539,0.962458216,0.074,0.965,83.222,17.36997986,13.99030018,40015.66754
GHA,Ghana,2021,0.6,0.581163466,0.622719954,0.513,0.933,66.014,11.4822998,5.553439108,4703.170464
GRC,Greece,2021,0.887,0.872923755,0.90076638,0.119,0.969,82.852,20.19031906,11.09685993,23319.65443
GRD,Grenada,2021,0.788,0.776407614,0.796247311,,0.975,77.898,17.12523042,9.79266232,9296.423835
GTM,Guatemala,2021,0.63,0.609113438,0.647918696,0.474,0.94,72.651,10.64086602,5.204884199,6241.3847
GIN,Guinea,2021,0.467,0.41802992,0.511955502,0.639,0.817,60.099,9.130434204,1.402865117,1617.056027
GNB,Guinea-Bissau,2021,0.482,0.44977223,0.521354401,0.632,0.863,61.796,10.38217728,2.470246,1469.427881
GUY,Guyana,2021,0.721,0.715801305,0.723093483,0.417,0.99,69.104,13.32177301,8.703121311,16895.37507
HTI,Haiti,2021,0.551,0.530221445,0.570781488,0.622,0.929,66.119,11.08701137,5.093575575,2171.421703
HND,Honduras,2021,0.62,0.614182055,0.626010375,0.408,0.981,72.534,10.32103672,6.867461256,4767.388779
HKG,"Hong Kong, China (SAR)",2021,0.959,0.94429192,0.97294655,,0.971,88.326,17.62775993,11.94588693,53285.81367
HUN,Hungary,2021,0.846,0.841091867,0.850204949,0.236,0.989,77.921,15.42617989,12.09698963,25839.96677
ISL,Iceland,2021,0.957,0.943064794,0.966785986,0.042,0.975,84.18,20.50425911,13.86952972,43723.93955
IND,India,2021,0.633,0.567373824,0.673183938,0.45,0.843,68.886,11.98221016,5.449754953,2692.799857
IDN,Indonesia,2021,0.707,0.684179731,0.725329257,0.443,0.943,69.744,14.07574064,8.206930161,8059.417957
IRN,Iran (Islamic Republic of),2021,0.776,0.703967969,0.801977323,0.489,0.878,76.808,14.16625023,10.74479281,3954.507012
IRQ,Iraq,2021,0.667,0.560131542,0.717140656,0.563,0.781,72.422,11.6435291,5.648159084,1930.380019
IRL,Ireland,2021,0.946,0.934972736,0.947536478,0.073,0.987,83.767,19.47579956,11.86322577,60835.53969
ISR,Israel,2021,0.911,0.900691034,0.917481723,0.083,0.982,84.295,15.58275986,13.49055743,31901.00697
ITA,Italy,2021,0.899,0.883903602,0.909846372,0.056,0.971,85.096,17.14426994,10.60560989,30531.06862
JAM,Jamaica,2021,0.704,0.707109865,0.696149384,0.352,1.016,72.543,13.58827636,9.859584688,7410.673991
JPN,Japan,2021,0.92,0.900501152,0.934151152,0.085,0.964,87.731,15.42416954,12.3520298,31533.13308
JOR,Jordan,2021,0.736,0.674014209,0.764180882,0.458,0.882,76.773,12.88729797,10.07157993,3310.473722
KAZ,Kazakhstan,2021,0.801,0.800747065,0.798865595,0.181,1.002,73.081,15.02602959,12.45658094,18981.78544
KEN,Kenya,2021,0.596,0.582361651,0.610470752,0.538,0.954,64.09,11.3814695,7.109600067,4021.720851
KIR,Kiribati,2021,0.627,0.554242529,0.652973905,,0.849,69.096,12.42732,9.292067793,1103.01855
PRK,Korea (Democratic People's Rep. of),2021,,,,,,75.743,,,
KOR,Korea (Republic of),2021,0.926,0.896841389,0.9471191,0.063,0.947,86.76,16.13555908,11.97633078,29889.98727
KWT,Kuwait,2021,0.836,0.837636885,0.825238031,0.308,1.015,81.463,17.84918291,8.272894602,25952.93086
KGZ,Kyrgyzstan,2021,0.696,0.682951426,0.702855692,0.347,0.972,74.352,13.15699005,11.88298442,3217.270833
LAO,Lao People's Democratic Republic,2021,0.615,0.588297495,0.641190864,0.468,0.918,70.078,10.00139046,4.995009421,6308.376347
LVA,Latvia,2021,0.865,0.873825812,0.854295305,0.149,1.023,77.826,17.2518692,13.64862723,25856.06584
LBN,Lebanon,2021,0.725,0.691559864,0.745514281,0.385,0.928,77.251,12.79566002,8.047852662,6456.894586
LSO,Lesotho,2021,0.522,0.519476204,0.520099904,0.558,0.999,55.927,11.38711406,8.189024107,2137.803754
LBR,Liberia,2021,0.484,0.447959155,0.521215341,0.657,0.859,62.072,10.14880276,3.62626494,1132.223156
LBY,Libya,2021,0.746,0.738217338,0.748106606,0.267,0.987,74.396,14.80444533,8.435953453,12364.93666
LIE,Liechtenstein,2021,0.936,0.920375908,0.967254738,,0.952,85.35,14.51823997,12.09086443,112746.3354
LTU,Lithuania,2021,0.875,0.887143763,0.863473371,0.105,1.027,78.775,17.05356026,13.58351994,31809.66969
LUX,Luxembourg,2021,0.927,0.918623849,0.927315592,0.042,0.991,84.805,14.31556988,12.93417865,63894.01272
MDG,Madagascar,2021,0.484,0.469690446,0.496909733,0.576,0.945,66.87,9.330857735,4.292349815,1215.906894
MWI,Malawi,2021,0.509,0.490413263,0.528504854,0.579,0.928,66.469,11.5095995,4.292150021,1211.25777
MYS,Malaysia,2021,0.798,0.784402806,0.806854518,0.202,0.972,77.362,13.39496994,10.6902567,18069.62262
MDV,Maldives,2021,0.753,0.738850026,0.757713199,0.333,0.975,81.019,13.33348102,7.869674371,10859.44063
MLI,Mali,2021,0.408,0.366148157,0.441842732,0.61,0.829,60.331,6.4333433,1.135959983,1317.225985
MLT,Malta,2021,0.912,0.901237208,0.91940508,0.166,0.98,86.109,16.6119709,12.00041962,31366.35384
MHL,Marshall Islands,2021,0.729,0.703842231,0.746195519,,0.943,67.2,16.70955658,12.74359657,4363.722537
MRT,Mauritania,2021,0.538,0.500133025,0.572537702,0.604,0.874,66.098,8.160340309,4.11278431,2979.154427
MUS,Mauritius,2021,0.79,0.778831728,0.795216316,0.37,0.979,76.826,15.18282986,9.864661688,14627.82886
MEX,Mexico,2021,0.757,0.752074932,0.758238899,0.355,0.992,74.864,14.95950031,9.096670151,12946.41493
FSM,Micronesia (Federated States of),2021,0.634,0.615025575,0.647225617,,0.95,74.608,12.74115867,6.8911421,2688.782876
MDA,Moldova (Republic of),2021,0.767,0.778329866,0.756277321,0.16,1.029,73.547,15.16405964,11.87922207,12950.67759
MCO,Monaco,2021,,,,,,87.677,19.38840748,,
MNG,Mongolia,2021,0.73,0.743645452,0.715051235,0.303,1.04,75.696,15.2856874,9.949589729,8134.678814
MNE,Montenegro,2021,0.84,0.827252295,0.85001612,0.124,0.973,79.812,15.60671043,12.0696905,16163.47956
MAR,Morocco,2021,0.688,0.622078743,0.726682899,0.439,0.856,76.398,13.88286018,5.14,3152.291904
MOZ,Mozambique,2021,0.459,0.441258312,0.474982504,0.477,0.929,62.432,10.32496843,3.228760004,1045.702735
MMR,Myanmar,2021,0.599,0.575125403,0.610661215,0.479,0.942,69.001,12.32135567,6.195670039,2472.357239
NAM,Namibia,2021,0.616,0.617340247,0.613253044,0.452,1.007,62.985,11.74091522,7.515436441,7644.206402
NRU,Nauru,2021,0.693,0.70534943,0.681016027,,1.036,67.303,14.37941093,9.327438733,11498.00037
NPL,Nepal,2021,0.591,0.55236917,0.624691781,0.496,0.884,70.362,12.82380009,3.424288376,2506.298308
NLD,Netherlands,2021,0.941,0.920595012,0.958006653,0.024,0.961,83.357,18.94418907,12.3527298,42432.97216
NZL,New Zealand,2021,0.936,0.920372358,0.948728349,0.087,0.97,84.321,20.16286087,12.93587971,33954.27616
NIC,Nicaragua,2021,0.665,0.643561953,0.678051041,0.399,0.949,76.803,12.26851409,7.54,3541.212667
NER,Niger,2021,0.389,0.348656455,0.423740436,0.61,0.823,62.794,6.492571987,0.965615989,841.1398128
NGA,Nigeria,2021,0.542,0.507156881,0.576691646,0.68,0.879,53.07,10.2043,6.556469917,3877.021689
MKD,North Macedonia,2021,0.764,0.741349331,0.781822877,0.135,0.948,76.156,13.4289999,9.653639793,11025.59103
NOR,Norway,2021,0.964,0.955123132,0.96962898,0.016,0.985,84.879,19.5213604,13.21011267,59700.99291
OMN,Oman,2021,0.81,0.771986625,0.823910984,0.268,0.937,74.716,13.46502972,12.2709651,12669.65827
PAK,Pakistan,2021,0.537,0.47670882,0.57165999,0.524,0.834,68.623,7.336258257,3.928515917,2047.83973
PLW,Palau,2021,0.802,0.810256122,0.799211775,,1.014,70.575,18.34244991,13.34296124,15441.50198
PSE,"Palestine, State of",2021,0.715,0.647108926,0.737041458,,0.878,75.939,13.90925026,9.916460037,2097.971233
PAN,Panama,2021,0.813,0.819324098,0.805369382,0.395,1.017,79.594,13.86388663,10.94374988,25158.1497
PNG,Papua New Guinea,2021,0.564,0.541870464,0.585809128,0.814,0.925,68.415,10.52003111,4.215786493,3136.377779
PRY,Paraguay,2021,0.73,0.728162734,0.73073736,0.43,0.996,73.385,14.58406313,8.856229782,10585.05121
PER,Peru,2021,0.755,0.738166609,0.770831298,0.36,0.958,74.746,14.88586691,9.449307529,9439.611372
PHL,Philippines,2021,0.692,0.688050755,0.694590432,0.387,0.991,71.482,13.21805954,9.24822052,6916.910833
POL,Poland,2021,0.876,0.878577488,0.870422341,0.109,1.009,80.389,16.7074604,13.34002972,25650.349
PRT,Portugal,2021,0.865,0.863789591,0.865696528,0.076,0.998,84.079,17.07019997,9.607560158,28977.67168
QAT,Qatar,2021,0.864,0.875835352,0.858357872,0.216,1.02,80.937,15.28956032,11.79638314,42345.1745
ROU,Romania,2021,0.825,0.816003144,0.831578513,0.236,0.981,77.89,15.04965019,11.09125994,21236.98034
RUS,Russian Federation,2021,0.818,0.822070866,0.811800327,0.186,1.013,74.773,15.84734259,12.48219967,20869.43641
RWA,Rwanda,2021,0.539,0.515914553,0.55890209,0.4,0.923,68.164,11.29270363,4.522069931,1622.036995
KNA,Saint Kitts and Nevis,2021,0.832,,,,,75.341,19.72978973,11.1219032,
LCA,Saint Lucia,2021,0.717,0.723560001,0.710182594,0.347,1.019,74.717,13.34508467,8.837794323,10909.34068
VCT,Saint Vincent and the Grenadines,2021,0.773,,,,,72.396,16.42287899,11.03757668,
WSM,Samoa,2021,0.708,0.693156614,0.714930649,0.436,0.97,75.503,12.98814,11.76791141,3625.03192
SMR,San Marino,2021,0.853,0.846501824,0.863325995,,0.981,83.495,12.08226967,10.6984396,48384.97159
STP,Sao Tome and Principe,2021,0.609,,,,,70.419,12.93469946,5.273353992,
SAU,Saudi Arabia,2021,0.867,0.820585241,0.88907068,0.23,0.923,78.771,15.52692067,10.73622036,21147.7531
SEN,Senegal,2021,0.512,0.489685921,0.533182429,0.509,0.918,69.284,9.710040092,2.344075379,2230.388852
SRB,Serbia,2021,0.804,0.797203402,0.809507732,0.118,0.985,77.178,15.13953972,11.18731102,15219.42224
SYC,Seychelles,2021,0.795,0.823353664,0.770160233,,1.069,75.65,15.57923985,12.03576,22557.92642
SLE,Sierra Leone,2021,0.456,0.430397224,0.486304925,0.615,0.885,61.354,9.446272874,2.426674879,1309.370417
SGP,Singapore,2021,0.942,0.938518859,0.947397228,0.037,0.991,84.927,17.03401947,11.62705994,82518.16772
SVK,Slovakia,2021,0.852,0.852369772,0.850906708,0.18,1.002,78.431,15.27138042,12.98776118,25944.39644
SVN,Slovenia,2021,0.916,0.917054563,0.912520303,0.072,1.005,83.837,18.34461021,12.93550703,33374.28292
SLB,Solomon Islands,2021,0.564,0.556852646,0.580609984,,0.959,71.959,11.0673969,5.509549573,2130.932254
SOM,Somalia,2021,,,,,,57.414,,,568.9855032
ZAF,South Africa,2021,0.721,0.713932687,0.725367757,0.401,0.984,64.999,14.84506989,11.4988699,10258.12176
SSD,South Sudan,2021,0.381,,,,,56.472,4.510310007,4.762169838,
ESP,Spain,2021,0.904,0.896731605,0.905232988,0.057,0.991,85.773,18.43926048,10.52787018,31831.53404
LKA,Sri Lanka,2021,0.783,0.752698948,0.798247074,0.377,0.943,79.502,14.11550272,11.12806034,6796.372828
SDN,Sudan,2021,0.516,0.471830104,0.543239371,0.55,0.869,67.879,8.280140314,3.5,1769.300169
SUR,Suriname,2021,0.689,0.68270525,0.691983969,0.406,0.987,73.551,11.33802032,8.558285912,8722.446349
SWE,Sweden,2021,0.949,0.939012002,0.952384473,0.023,0.986,84.91,20.65983009,12.84683271,46875.54139
CHE,Switzerland,2021,0.965,0.948631923,0.974924993,0.017,0.973,85.896,16.67786026,13.5494734,56295.30754
SYR,Syrian Arab Republic,2021,0.558,0.480282273,0.600226811,0.488,0.8,75.175,7.170177367,5.417379107,1083.965152
TJK,Tajikistan,2021,0.677,0.644252349,0.702529272,0.277,0.917,73.734,10.43384543,10.89829118,3114.849986
TZA,Tanzania (United Republic of),2021,0.529,0.512948955,0.545842235,0.513,0.94,68.311,8.723759651,5.104927611,2161.455935
THA,Thailand,2021,0.797,0.801822543,0.792830587,0.313,1.011,83.041,15.88201046,8.724169622,14926.44457
TLS,Timor-Leste,2021,0.574,0.5454202,0.597693224,0.419,0.913,69.544,13.4255446,5.50932282,1438.948112
TGO,Togo,2021,0.545,0.503793222,0.593140861,0.578,0.849,62.391,12.54580104,4.189005873,1687.257751
TON,Tonga,2021,0.738,0.736117729,0.738570099,0.762,0.997,73.719,17.36092949,10.95345124,5218.184472
TTO,Trinidad and Tobago,2021,0.804,0.798506893,0.806348716,0.267,0.99,76.403,14.4262109,11.8669197,16471.05956
TUN,Tunisia,2021,0.729,0.695526229,0.747640807,0.238,0.93,77.145,15.51537756,7.277901917,5108.466745
TUR,Türkiye,2021,0.841,0.809863936,0.862749605,0.27,0.939,79.121,19.56439018,8.07304427,19031.73075
TKM,Turkmenistan,2021,0.74,,,,,72.663,12.89953995,10.83326343,
TUV,Tuvalu,2021,0.653,0.644094223,0.658189252,,0.979,69.138,12.73519993,10.46696417,3340.385808
UGA,Uganda,2021,0.545,0.504991058,0.582434833,0.529,0.867,64.92,11.14553059,5.15520031,1508.067748
UKR,Ukraine,2021,0.755,0.759973596,0.74620625,0.189,1.018,76.7,13.54051018,11.43926415,9955.778929
ARE,United Arab Emirates,2021,0.931,0.915861106,0.93340875,0.042,0.981,80.937,19.75328064,12.58837032,46936.29118
GBR,United Kingdom,2021,0.931,0.918480462,0.938416098,0.097,0.979,82.772,18.20903969,13.44999981,34146.07255
USA,United States,2021,0.921,0.922756036,0.917102819,0.187,1.006,80.238,17.26275063,13.65357018,52591.53588
URY,Uruguay,2021,0.814,0.817668211,0.799957015,0.242,1.022,79.258,18.79310989,9.333094784,16563.80262
UZB,Uzbekistan,2021,0.721,0.683324218,0.743753911,0.244,0.919,73.39,12.0212698,11.68379021,4165.996443
VUT,Vanuatu,2021,0.614,0.590552027,0.631552851,,0.935,72.945,11.88515019,6.59341665,2440.286332
VEN,Venezuela (Bolivarian Republic of),2021,0.69,0.686485412,0.684798746,0.522,1.002,75.207,14.26300396,9.786442835,3871.020462
VNM,Viet Nam,2021,0.718,0.719687295,0.716529094,0.378,1.004,78.235,13.33436295,8.138282269,8867.883031
YEM,Yemen,2021,0.425,0.219881204,0.480980452,0.821,0.457,67.134,6.881697407,1.754562204,150.7629729
ZMB,Zambia,2021,0.565,0.54762053,0.583492564,0.526,0.939,63.928,11.07545672,6.432586008,2624.092212
ZWE,Zimbabwe,2021,0.549,0.538318806,0.559934151,0.519,0.961,62.045,10.69515879,8.190792855,1963.726056
AFG,Afghanistan,2022,0.462,0.332443297,0.534144723,0.665,0.622,66.213,8.053256911,1.174129963,395.9154586
ALB,Albania,2022,0.789,0.780277105,0.798432468,0.116,0.977,79.472,14.68103981,9.811468219,13198.53956
DZA,Algeria,2022,0.745,0.681844236,0.773800103,0.46,0.881,78.457,16.26417923,6.490567748,3841.656612
AND,Andorra,2022,0.884,,,,,85.838,12.76506042,11.52258968,
AGO,Angola,2022,0.591,0.560890287,0.619679764,0.52,0.905,64.541,11.5354,4.462809114,4696.356687
ATG,Antigua and Barbuda,2022,0.826,,,,,81.645,16.74628979,10.3442228,
ARG,Argentina,2022,0.849,0.841405452,0.845472815,0.292,0.995,79.277,20.91489983,11.39165974,16933.06291
ARM,Armenia,2022,0.786,0.795110468,0.774941834,0.198,1.026,78.447,14.81291008,11.32151985,13442.50133
AUS,Australia,2022,0.946,0.934601518,0.955940587,0.063,0.978,85.453,21.98143005,12.81058979,41131.47085
AUT,Austria,2022,0.926,0.911591936,0.937756448,0.048,0.972,84.6,16.83849907,12.04894857,41899.21124
AZE,Azerbaijan,2022,0.76,0.743349756,0.773371293,0.329,0.961,76.249,12.67574024,10.21799194,11526.15794
BHS,Bahamas,2022,0.82,0.822293357,0.816891253,0.333,1.007,77.843,12.16470981,12.82493607,28374.91931
BHR,Bahrain,2022,0.888,0.847333815,0.90429854,0.181,0.937,80.497,17.0064106,10.78437042,22722.17852
BGD,Bangladesh,2022,0.67,0.63460476,0.694222638,0.498,0.914,76.012,12.40666962,6.755380154,3684.291333
BRB,Barbados,2022,0.809,0.815370599,0.791955966,0.289,1.03,79.581,18.28634039,10.35100499,12594.97579
BLR,Belarus,2022,0.801,0.801134982,0.798781621,0.096,1.003,78.384,13.91798019,12.26702163,14502.49303
BEL,Belgium,2022,0.942,0.928892167,0.9522897,0.044,0.975,84.367,19.9310894,12.50440062,43720.35057
BLZ,Belize,2022,0.7,0.691356814,0.704094307,0.454,0.982,74.685,12.80862045,9.042070389,6318.806742
BEN,Benin,2022,0.504,0.461636484,0.544450366,0.649,0.848,61.676,9.462470055,2.059994265,2603.750395
BTN,Bhutan,2022,0.681,0.669679955,0.690410405,0.334,0.97,74.152,13.59799871,5.211722545,9342.861603
BOL,Bolivia (Plurinational State of),2022,0.698,0.686215519,0.71118959,0.418,0.965,67.907,15.13321182,9.216730118,6726.868071
BIH,Bosnia and Herzegovina,2022,0.779,0.758684982,0.79727976,0.148,0.952,77.498,13.77554035,9.778189659,12419.85276
BWA,Botswana,2022,0.708,0.706553532,0.70818007,0.483,0.998,68.399,11.77283955,10.36,13675.9711
BRA,Brazil,2022,0.76,0.758197177,0.758060299,0.391,1.0,76.596,16.22303963,8.486056479,11291.52637
BRN,Brunei Darussalam,2022,0.823,0.81438208,0.828827421,0.279,0.983,76.791,14.17733955,9.23,44702.92641
BGR,Bulgaria,2022,0.799,0.796689706,0.800341486,0.206,0.995,75.08,14.12744999,11.50780964,20700.00207
BFA,Burkina Faso,2022,0.438,0.408973007,0.464030731,0.577,0.881,61.505,8.18846035,1.634014826,1453.770925
BDI,Burundi,2022,0.42,0.404064715,0.436317438,0.499,0.926,63.868,10.19314993,2.636837474,635.6426737
CPV,Cabo Verde,2022,0.661,0.651791582,0.664166564,0.325,0.981,79.011,11.77959971,5.807281856,5731.943011
KHM,Cambodia,2022,0.6,0.576517877,0.622698032,0.486,0.926,72.622,11.32613074,4.373630047,3562.784253
CMR,Cameroon,2022,0.587,0.555867233,0.617803051,0.555,0.9,62.556,12.67795079,5.633947949,3048.080792
CAN,Canada,2022,0.935,0.92881357,0.93963864,0.069,0.988,84.797,16.53586006,13.96031896,39765.34331
CAF,Central African Republic,2022,0.387,,,,,56.829,6.094853701,2.656642005,
TCD,Chad,2022,0.394,0.342368178,0.44124294,0.671,0.776,54.769,6.846322732,1.2932629,991.4082556
CHL,Chile,2022,0.86,0.846799773,0.86998757,0.19,0.973,81.877,17.08077049,11.02533818,18611.52012
CHN,China,2022,0.788,0.771342655,0.802193998,0.186,0.962,81.343,15.65643534,7.543190438,13291.58537
COL,Colombia,2022,0.758,0.756184811,0.758077817,0.392,0.998,77.143,14.67448044,9.016329765,12251.92566
COM,Comoros,2022,0.586,0.558359817,0.61100987,,0.914,66.061,13.37298971,5.222353096,2338.273418
COG,Congo,2022,0.593,0.563692718,0.619818312,0.572,0.909,64.617,12.99831126,7.242174036,2085.221106
COD,Congo (Democratic Republic of the),2022,0.481,0.454266064,0.509688536,0.605,0.891,62.05,9.550751016,5.849373167,916.9209322
CRI,Costa Rica,2022,0.806,0.803380043,0.807468458,0.232,0.995,80.036,16.66074974,8.892390251,16531.18692
CIV,Côte d'Ivoire,2022,0.534,0.492226546,0.571796123,0.612,0.861,60.282,9.532830238,3.055541139,4063.05563
HRV,Croatia,2022,0.878,0.87481658,0.88084805,0.087,0.993,82.0,16.48468971,12.11152878,27572.96852
CUB,Cuba,2022,0.764,0.750389588,0.771034949,0.3,0.973,80.565,15.2621603,10.64826957,5571.103594
CYP,Cyprus,2022,0.907,0.89523945,0.916327617,0.253,0.977,83.673,16.64411926,12.41040993,31776.53303
CZE,Czechia,2022,0.895,0.888202714,0.898692097,0.113,0.988,81.22,16.93660927,12.77560331,30760.8669
DNK,Denmark,2022,0.952,0.941874137,0.959920139,0.009,0.981,83.802,19.37519073,13.15695,51753.40967
DJI,Djibouti,2022,0.515,0.466363074,0.552363049,,0.844,65.503,8.217637318,2.853793993,2306.84942
DMA,Dominica,2022,0.74,,,,,76.451,14.39806186,8.9922852,
DOM,Dominican Republic,2022,0.766,0.775189681,0.753078886,0.433,1.029,77.536,14.77552032,9.559819495,14773.33355
ECU,Ecuador,2022,0.765,0.760348324,0.768269604,0.371,0.99,80.481,15.3018198,8.920129776,9147.245608
EGY,Egypt,2022,0.728,0.664446666,0.752029092,0.389,0.884,72.557,12.79423046,10.22875714,3738.527047
SLV,El Salvador,2022,0.674,0.661702566,0.680679223,0.369,0.972,75.813,12.23986755,6.769279957,6244.001459
GNQ,Equatorial Guinea,2022,0.65,,,,,63.261,11.95497827,8.1781822,
ERI,Eritrea,2022,0.493,,,,,68.678,6.863511833,3.975357679,
EST,Estonia,2022,0.899,0.907665242,0.888320068,0.093,1.022,82.987,16.80971909,13.78102016,31199.43533
SWZ,Eswatini (Kingdom of),2022,0.61,0.606335376,0.614108904,0.491,0.987,60.599,14.39192655,5.81,6958.217818
ETH,Ethiopia,2022,0.492,0.472012672,0.512007837,0.494,0.922,68.903,10.23005914,1.671867083,1762.089313
FJI,Fiji,2022,0.729,0.700314627,0.744878562,0.332,0.94,70.239,14.3983,10.43344021,6282.37104
FIN,Finland,2022,0.942,0.936606231,0.946922104,0.032,0.989,84.886,20.25945091,13.11326253,42302.02889
FRA,France,2022,0.91,0.903026661,0.915940604,0.084,0.986,85.967,16.40241051,11.53085299,38135.29845
GAB,Gabon,2022,0.693,0.682986627,0.695840439,0.524,0.982,68.359,12.5830284,10.42,7295.504913
GMB,Gambia,2022,0.495,0.480911138,0.511417074,0.585,0.94,64.344,9.860675743,3.672250032,1792.142484
GEO,Georgia,2022,0.814,0.814951713,0.811037536,0.283,1.005,76.461,17.00892067,12.7620697,12236.81376
DEU,Germany,2022,0.95,0.931832488,0.964414308,0.071,0.966,83.487,17.36997986,13.99030018,41022.15306
GHA,Ghana,2022,0.602,0.582637204,0.624513381,0.512,0.933,66.13,11.4822998,5.553439108,4793.640168
GRC,Greece,2022,0.893,0.878485673,0.906792282,0.12,0.969,83.317,20.19031906,11.09685993,24820.92808
GRD,Grenada,2022,0.793,0.781133019,0.800655201,,0.976,78.298,17.12523042,9.79266232,9774.724657
GTM,Guatemala,2022,0.629,0.604452189,0.649278859,0.474,0.931,71.754,10.64086602,5.204884199,6114.072504
GIN,Guinea,2022,0.471,0.421592477,0.515327208,0.609,0.818,60.238,9.130434204,1.402865117,1719.196362
GNB,Guinea-Bissau,2022,0.483,0.450957711,0.523302804,0.631,0.862,61.929,10.38217728,2.470246,1487.419019
GUY,Guyana,2022,0.742,0.737710942,0.743418187,0.416,0.992,69.399,13.32177301,8.703121311,26504.52076
HTI,Haiti,2022,0.552,0.530890335,0.571422628,0.621,0.929,66.695,11.08701137,5.093575575,2110.190095
HND,Honduras,2022,0.624,0.615904261,0.632366731,0.413,0.974,73.157,10.32103672,6.867461256,4694.873933
HKG,"Hong Kong, China (SAR)",2022,0.956,0.942671483,0.96951481,,0.972,86.893,17.87204933,11.99598026,51562.96012
HUN,Hungary,2022,0.851,0.845642227,0.854651999,0.23,0.989,78.309,15.42617989,12.09698963,27202.66704
ISL,Iceland,2022,0.959,0.945677273,0.969440078,0.039,0.975,84.288,20.50425911,13.86952972,45506.33897
IND,India,2022,0.644,0.582116956,0.683509529,0.437,0.852,69.384,12.60725021,5.529439926,2957.853786
IDN,Indonesia,2022,0.713,0.68784301,0.731616717,0.439,0.94,70.437,14.07574064,8.206930161,8111.198281
IRN,Iran (Islamic Republic of),2022,0.78,0.709665743,0.806166235,0.484,0.88,77.453,14.16625023,10.74479281,4139.827814
IRQ,Iraq,2022,0.673,0.568529848,0.723617504,0.562,0.786,73.362,11.6435291,5.648159084,2086.880407
IRL,Ireland,2022,0.95,0.94283834,0.951391575,0.072,0.991,84.412,19.47579956,11.86322577,66876.42142
ISR,Israel,2022,0.915,0.909960997,0.917964595,0.092,0.991,84.508,15.58275986,13.49055743,37414.65081
ITA,Italy,2022,0.906,0.889609164,0.918484781,0.057,0.969,86.0,17.14426994,10.60560989,31412.84197
JAM,Jamaica,2022,0.706,0.709739831,0.698557952,0.35,1.016,72.737,13.58827636,9.859584688,7647.112734
JPN,Japan,2022,0.92,0.903613096,0.933381383,0.078,0.968,87.832,15.42416954,12.3520298,33478.22333
JOR,Jordan,2022,0.736,0.661558113,0.766688653,0.449,0.863,76.675,12.88729797,10.07157993,2752.787924
KAZ,Kazakhstan,2022,0.802,0.799245143,0.801206388,0.177,0.998,72.995,15.02602959,12.45658094,18595.14333
KEN,Kenya,2022,0.601,0.584533654,0.616722811,0.533,0.948,64.686,11.3814695,7.109600067,3976.574003
KIR,Kiribati,2022,0.628,0.555173243,0.653814373,,0.849,69.386,12.42732,9.292067793,1099.924275
PRK,Korea (Democratic People's Rep. of),2022,,,,,,76.146,,,
KOR,Korea (Republic of),2022,0.929,0.900442755,0.949875454,0.062,0.948,87.101,16.13555908,11.97633078,31062.94566
KWT,Kuwait,2022,0.847,0.847552134,0.835979298,0.199,1.014,82.752,17.84918291,8.272894602,28017.72588
KGZ,Kyrgyzstan,2022,0.701,0.689893361,0.707296353,0.345,0.975,74.929,13.15699005,11.88298442,3442.104307
LAO,Lao People's Democratic Republic,2022,0.62,0.593276278,0.64528511,0.467,0.919,71.164,10.00139046,4.995009421,6379.81054
LVA,Latvia,2022,0.879,0.88656922,0.867729074,0.142,1.022,80.088,17.2518692,13.64862723,26344.50355
LBN,Lebanon,2022,0.723,0.689545665,0.743431443,0.365,0.928,76.597,12.79566002,8.047852662,6545.545361
LSO,Lesotho,2022,0.521,0.519217112,0.519562728,0.552,0.999,55.923,11.38711406,8.189024107,2128.814223
LBR,Liberia,2022,0.487,0.450796583,0.524471625,0.656,0.86,62.392,10.14880276,3.62626494,1162.707312
LBY,Libya,2022,0.746,0.738708929,0.747568012,0.266,0.988,74.759,14.80444533,8.435953453,12072.92702
LIE,Liechtenstein,2022,0.942,0.924162866,0.97429544,,0.949,86.129,14.51823997,12.09086443,114828.8343
LTU,Lithuania,2022,0.879,0.89090865,0.866628773,0.098,1.028,79.13,17.05356026,13.58351994,33011.65837
LUX,Luxembourg,2022,0.927,0.920482138,0.927310681,0.043,0.993,84.77,14.31556988,12.93417865,66697.04897
MDG,Madagascar,2022,0.487,0.472722095,0.499980323,0.574,0.945,67.617,9.330857735,4.292349815,1223.858425
MWI,Malawi,2022,0.508,0.488791013,0.527854022,0.579,0.926,66.326,11.5095995,4.292150021,1191.301915
MYS,Malaysia,2022,0.807,0.79442232,0.816079158,0.202,0.973,78.799,13.39496994,10.6902567,19262.03981
MDV,Maldives,2022,0.762,0.748232807,0.767000753,0.328,0.976,81.844,13.33348102,7.869674371,12160.7956
MLI,Mali,2022,0.41,0.368306614,0.444000261,0.607,0.83,60.832,6.4333433,1.135959983,1332.552257
MLT,Malta,2022,0.915,0.903457283,0.922135095,0.117,0.98,85.703,16.6119709,12.00041962,33971.44852
MHL,Marshall Islands,2022,0.731,0.707670091,0.74847358,,0.945,67.092,17.01634026,12.74359657,4517.831534
MRT,Mauritania,2022,0.54,0.502660511,0.574914848,0.603,0.874,66.447,8.160340309,4.11278431,3052.60059
MUS,Mauritius,2022,0.796,0.783594284,0.802880193,0.369,0.976,77.128,15.18282986,9.864661688,15593.82944
MEX,Mexico,2022,0.781,0.769920342,0.786801205,0.352,0.979,78.161,14.95950031,9.096670151,13547.80665
FSM,Micronesia (Federated States of),2022,0.634,0.614999084,0.647233381,,0.95,74.823,12.74115867,6.8911421,2651.536437
MDA,Moldova (Republic of),2022,0.763,0.776246379,0.751398863,0.156,1.033,73.32,15.38689041,11.87922207,12271.91157
MCO,Monaco,2022,,,,,,88.881,19.38840748,,
MNG,Mongolia,2022,0.741,0.751138056,0.727754095,0.297,1.032,77.375,15.2856874,9.949589729,8099.013995
MNE,Montenegro,2022,0.844,0.833396974,0.852441413,0.114,0.978,80.262,15.55858994,12.0696905,17543.32196
MAR,Morocco,2022,0.698,0.62769515,0.73722659,0.44,0.851,77.177,14.49855042,5.14,2967.813616
MOZ,Mozambique,2022,0.461,0.443026083,0.477108277,0.477,0.929,62.688,10.32496843,3.228760004,1059.588454
MMR,Myanmar,2022,0.608,0.582895575,0.619449409,0.479,0.941,70.478,12.32135567,6.195670039,2545.032167
NAM,Namibia,2022,0.61,0.61186765,0.608128294,0.45,1.006,61.704,11.74091522,7.515436441,7827.178397
NRU,Nauru,2022,0.696,0.708418745,0.683031041,,1.037,67.841,14.37941093,9.327438733,11557.62601
NPL,Nepal,2022,0.601,0.56228259,0.635119215,0.495,0.885,72.364,12.82380009,3.424288376,2608.972525
NLD,Netherlands,2022,0.946,0.925345508,0.964330297,0.025,0.96,83.904,18.94418907,12.3527298,44138.75911
NZL,New Zealand,2022,0.939,0.923885929,0.952721713,0.082,0.97,84.726,20.16286087,12.93587971,34940.48724
NIC,Nicaragua,2022,0.669,0.647449551,0.6821586,0.397,0.949,77.556,12.26851409,7.54,3596.019567
NER,Niger,2022,0.394,0.353647715,0.428138733,0.609,0.826,63.401,6.492571987,0.965615989,892.9687724
NGA,Nigeria,2022,0.548,0.514786405,0.580873335,0.677,0.886,53.968,10.2043,6.556469917,4110.221793
MKD,North Macedonia,2022,0.765,0.74369174,0.783022218,0.134,0.95,76.16,13.4289999,9.653639793,11525.75224
NOR,Norway,2022,0.966,0.957147512,0.970415403,0.012,0.986,85.055,19.5213604,13.21011267,61067.47743
OMN,Oman,2022,0.819,0.780083394,0.832785671,0.267,0.937,76.046,13.46502972,12.27042007,13055.18531
PAK,Pakistan,2022,0.54,0.479544875,0.574877828,0.522,0.834,68.918,7.336258257,3.928515917,2120.097428
PLW,Palau,2022,0.797,0.802126774,0.796834796,,1.007,69.314,18.34244991,13.34296124,15158.95089
PSE,"Palestine, State of",2022,0.716,0.648750215,0.73707141,,0.88,75.948,13.95713997,9.916460037,2133.98822
PAN,Panama,2022,0.82,0.826278511,0.812639239,0.392,1.017,80.091,13.86388663,10.94374988,27610.88808
PNG,Papua New Guinea,2022,0.568,0.54619893,0.589011335,0.604,0.927,69.172,10.52003111,4.215786493,3218.98017
PRY,Paraguay,2022,0.731,0.727869625,0.732240438,0.429,0.994,73.571,14.58406313,8.856229782,10348.65536
PER,Peru,2022,0.762,0.742111156,0.779496671,0.36,0.952,75.495,14.88586691,9.449307529,9515.281407
PHL,Philippines,2022,0.71,0.694156215,0.718281318,0.388,0.966,74.174,13.21805954,9.24822052,6178.765308
POL,Poland,2022,0.881,0.884045116,0.875937118,0.105,1.009,80.796,16.7074604,13.34002972,27366.28107
PRT,Portugal,2022,0.874,0.872538804,0.874035328,0.076,0.998,84.93,17.07019997,9.607560158,31845.37525
QAT,Qatar,2022,0.875,0.892561376,0.869100423,0.212,1.027,83.101,15.28956032,11.79638314,47963.67663
ROU,Romania,2022,0.827,0.817798791,0.833503726,0.23,0.981,77.619,15.04965019,11.09125994,22594.6875
RUS,Russian Federation,2022,0.821,0.829113224,0.811700148,0.178,1.021,75.702,15.84734259,12.48219967,21781.1736
RWA,Rwanda,2022,0.548,0.523555778,0.568669607,0.4,0.921,69.244,11.49433041,4.522069931,1662.218331
KNA,Saint Kitts and Nevis,2022,0.838,,,,,75.666,19.72978973,11.1219032,
LCA,Saint Lucia,2022,0.725,0.728905001,0.719471901,0.347,1.013,74.887,13.39239979,8.837794323,11815.12887
VCT,Saint Vincent and the Grenadines,2022,0.772,,,,,71.731,16.42287899,11.03757668,
WSM,Samoa,2022,0.702,0.686605036,0.709133201,0.406,0.968,75.333,12.98814,11.76791141,3314.285804
SMR,San Marino,2022,0.867,0.852912779,0.883209541,,0.966,84.733,11.98106003,10.6984396,50410.10236
STP,Sao Tome and Principe,2022,0.613,,,,,71.938,12.93469946,5.273353992,
SAU,Saudi Arabia,2022,0.875,0.832017761,0.896577417,0.229,0.928,79.525,15.52692067,10.73622036,24647.00035
SEN,Senegal,2022,0.517,0.495771393,0.5361777,0.505,0.925,70.2,9.885959625,2.344075379,2256.290564
SRB,Serbia,2022,0.805,0.799076289,0.810054566,0.119,0.986,76.975,15.19604015,11.18731102,15909.29829
SYC,Seychelles,2022,0.802,0.828841854,0.778751744,,1.064,76.042,15.44649982,12.03576,24755.95126
SLE,Sierra Leone,2022,0.458,0.432336767,0.488413833,0.613,0.885,61.693,9.446272874,2.426674879,1325.681618
SGP,Singapore,2022,0.949,0.945324824,0.95407755,0.036,0.991,86.295,17.03401947,11.62705994,76610.8678
SVK,Slovakia,2022,0.855,0.855647033,0.853861092,0.184,1.002,78.813,15.27138042,12.98776118,26633.64435
SVN,Slovenia,2022,0.926,0.923820774,0.924914759,0.049,0.999,84.616,18.34461021,12.93550703,35263.69953
SLB,Solomon Islands,2022,0.562,0.554388815,0.57817317,,0.959,72.358,11.0673969,5.509549573,1997.656674
SOM,Somalia,2022,0.38,0.327082937,0.425210819,0.674,0.769,58.233,7.5813078,0.885770023,578.2964179
ZAF,South Africa,2022,0.717,0.710137452,0.720676609,0.401,0.985,64.181,14.84506989,11.4988699,10423.35232
SSD,South Sudan,2022,0.381,,,,,57.047,4.510310007,4.762169838,
ESP,Spain,2022,0.911,0.901995576,0.913042885,0.059,0.988,86.549,18.43926048,10.52787018,32834.64684
LKA,Sri Lanka,2022,0.78,0.750765016,0.792700012,0.376,0.947,80.23,14.11550272,11.12806034,6241.114077
SDN,Sudan,2022,0.516,0.472282386,0.543959635,0.548,0.868,68.184,8.280140314,3.5,1750.002217
SUR,Suriname,2022,0.69,0.68338723,0.692380914,0.405,0.987,73.577,11.33802032,8.558285912,8820.008976
SWE,Sweden,2022,0.952,0.940947399,0.957393264,0.023,0.983,85.092,20.65983009,12.84683271,47827.87972
CHE,Switzerland,2022,0.967,0.949369073,0.977382747,0.018,0.971,85.932,16.67786026,13.5494734,56927.80503
SYR,Syrian Arab Republic,2022,0.557,0.480880713,0.597196215,0.487,0.805,76.117,7.170177367,5.417379107,1048.66503
TJK,Tajikistan,2022,0.679,0.646830216,0.704031627,0.269,0.919,73.518,10.43384543,10.89829118,3294.847257
TZA,Tanzania (United Republic of),2022,0.532,0.516106183,0.548772873,0.513,0.94,68.93,8.723759651,5.104927611,2194.923507
THA,Thailand,2022,0.803,0.807009612,0.798492422,0.31,1.011,83.929,15.88201046,8.724169622,15289.05253
TLS,Timor-Leste,2022,0.566,0.534121006,0.590660294,0.415,0.904,70.815,13.4255446,5.50932282,1145.36569
TGO,Togo,2022,0.547,0.505056237,0.595597935,0.578,0.848,62.227,12.54580104,4.189005873,1743.967858
TON,Tonga,2022,0.739,0.736014254,0.738976359,0.462,0.996,74.123,17.36092949,10.95345124,5050.794003
TTO,Trinidad and Tobago,2022,0.814,0.808990149,0.81528778,0.264,0.992,78.153,14.4262109,11.8669197,17088.10549
TUN,Tunisia,2022,0.732,0.697668769,0.751413753,0.237,0.928,77.408,15.51537756,7.277901917,5198.379008
TUR,Türkiye,2022,0.855,0.824979289,0.876372827,0.259,0.941,81.495,19.56439018,8.07304427,20537.51796
TKM,Turkmenistan,2022,0.744,,,,,72.916,13.24944973,10.83326343,
TUV,Tuvalu,2022,0.653,0.643276599,0.659490041,,0.975,69.391,12.42263985,10.46696417,3378.31189
UGA,Uganda,2022,0.55,0.521807851,0.580322356,0.527,0.899,65.703,11.14553059,5.15520031,1890.385283
UKR,Ukraine,2022,0.734,0.741323069,0.726191704,0.188,1.021,73.904,13.54051018,11.43926415,9024.546023
ARE,United Arab Emirates,2022,0.937,0.922939594,0.936027371,0.035,0.986,81.412,19.75328064,12.58837032,51509.56703
GBR,United Kingdom,2022,0.94,0.926495468,0.948877869,0.094,0.976,83.834,18.20903969,13.44999981,35910.26203
USA,United States,2022,0.927,0.927692516,0.923404861,0.18,1.005,81.015,17.26275063,13.65357018,53469.38514
URY,Uruguay,2022,0.83,0.831896781,0.815519884,0.24,1.02,81.685,18.79310989,9.333094784,17426.18154
UZB,Uzbekistan,2022,0.727,0.69122666,0.748479369,0.242,0.924,74.293,12.0212698,11.74777031,4390.288212
VUT,Vanuatu,2022,0.614,0.591156966,0.631348601,,0.936,73.067,11.88515019,6.59341665,2445.40719
VEN,Venezuela (Bolivarian Republic of),2022,0.699,0.694737413,0.693063804,0.521,1.002,75.655,14.26300396,9.786442835,4284.554861
VNM,Viet Nam,2022,0.726,0.728526748,0.723329688,0.378,1.007,79.29,13.33436295,8.138282269,9614.831954
YEM,Yemen,2022,0.424,0.219081434,0.480185337,0.82,0.456,67.222,6.881697407,1.754562204,149.9716669
ZMB,Zambia,2022,0.569,0.548135168,0.589347481,0.526,0.93,64.51,11.07545672,6.432586008,2530.868643
ZWE,Zimbabwe,2022,0.55,0.531924151,0.56831468,0.519,0.936,62.094,10.69515879,8.190792855,1761.97986
